customer_id,geography,balance,total_txn_value,txn_count,exited,value_quartile,value_tier,rank_in_geography
15716431,France,191091.74,2675568.02,170,0,1,Platinum,1
15699461,Spain,176273.95,2545939.03,156,0,1,Platinum,1
15747265,Germany,171283.91,2456852.6,166,0,1,Platinum,1
15690589,France,212314.03,2489637.79,156,0,1,Platinum,2
15795298,Germany,206868.78,2311140.02,135,0,1,Platinum,2
15641004,Spain,150315.92,2124111.17,171,0,1,Platinum,2
15607230,Germany,150186.22,2118113.22,155,0,1,Platinum,3
15664506,Spain,197436.82,2099963.45,124,0,1,Platinum,3
15577700,France,185063.7,1992157.93,153,0,1,Platinum,3
15727819,Spain,171671.9,2070035.2,162,0,1,Platinum,4
15747174,Germany,190298.89,2023707.65,153,0,1,Platinum,4
15722364,France,189026.53,1986034.49,145,0,1,Platinum,4
15741633,Spain,147511.26,2031635.45,162,0,1,Platinum,5
15597983,France,154953.94,1950798.37,166,0,1,Platinum,5
15795246,Germany,155903.82,1916300.04,149,0,1,Platinum,5
15702499,Spain,190678.02,2010640.44,143,0,1,Platinum,6
15758362,France,152243.57,1928879.58,146,0,1,Platinum,6
15708917,Germany,167772.96,1904725.66,174,0,1,Platinum,6
15799211,Spain,187487.63,1984758.12,137,0,1,Platinum,7
15708608,France,174185.98,1915469.8699999999,144,0,1,Platinum,7
15693322,Germany,146748.07,1864401.8,149,0,1,Platinum,7
15614818,Spain,168964.77,1931842.39,159,0,1,Platinum,8
15644501,France,162482.76,1892962.37,149,0,1,Platinum,8
15573893,Germany,173459.45,1858272.82,147,0,1,Platinum,8
15774133,France,178032.53,1879170.19,138,0,1,Platinum,9
15651103,Spain,183744.98,1875107.3900000001,131,0,1,Platinum,9
15723053,Germany,170291.22,1847315.96,128,0,1,Platinum,9
15644132,France,142475.87,1869561.94,163,0,1,Platinum,10
15628697,Spain,160736.63,1855959.7,148,0,1,Platinum,10
15794868,Germany,137456.28,1829702.24,155,0,1,Platinum,10
15743051,France,144684.03,1855259.47,154,0,1,Platinum,11
15764491,Spain,159693.9,1845621.32,154,0,1,Platinum,11
15738501,Germany,163630.76,1825035.46,137,1,1,Platinum,11
15646566,France,187911.55,1841773.37,136,0,1,Platinum,12
15787168,Spain,168253.21,1832452.25,141,0,1,Platinum,12
15701376,Germany,152958.29,1810320.23,163,0,1,Platinum,12
15713346,France,146126.75,1839945.75,158,0,1,Platinum,13
15770516,Spain,193213.02,1831698.82,118,0,1,Platinum,13
15631721,Germany,163965.69,1791774.28,151,0,1,Platinum,13
15770309,France,151762.74,1830946.93,150,0,1,Platinum,14
15759298,Spain,134169.62,1818647.16,155,0,1,Platinum,14
15677610,Germany,153895.65,1785039.56,138,0,1,Platinum,14
15653253,Spain,167997.6,1810157.96,133,0,1,Platinum,15
15704315,France,163757.06,1806177.89,126,0,1,Platinum,15
15638494,Germany,129845.26,1784344.46,165,0,1,Platinum,15
15724150,France,136596.85,1793688.33,164,0,1,Platinum,16
15734058,Germany,170661.47,1778519.19,152,0,1,Platinum,16
15754713,Spain,135213.71,1743752.05,156,0,1,Platinum,16
15596136,France,166939.88,1792773.1300000001,140,0,1,Platinum,17
15812720,Germany,130110.45,1763225.76,143,0,1,Platinum,17
15701318,Spain,148564.66,1633046.74,146,0,1,Platinum,17
15643294,France,190566.65,1790830.19,132,0,1,Platinum,18
15712409,Germany,182532.23,1733197.45,107,0,1,Platinum,18
15625941,Spain,128039.01,1621098.74,170,0,1,Platinum,18
15793688,France,201009.64,1770241.84,97,1,1,Platinum,19
15788723,Germany,143888.22,1732381.72,170,1,1,Platinum,19
15794479,Spain,149083.7,1620997.26,140,0,1,Platinum,19
15625035,France,160139.59,1763817.91,137,0,1,Platinum,20
15754747,Germany,141918.09,1721249.69,163,0,1,Platinum,20
15751710,Spain,164870.81,1618781.02,130,0,1,Platinum,20
15594270,France,198338.77,1759378.56,122,0,1,Platinum,21
15593470,Germany,166287.85,1710620.83,142,0,1,Platinum,21
15777772,Spain,119618.42,1618550.97,153,0,1,Platinum,21
15636700,France,140236.98,1746128.87,163,0,1,Platinum,22
15566633,Germany,155059.1,1708854.68,144,0,1,Platinum,22
15739046,Spain,143054.85,1591864.28,149,0,1,Platinum,22
15696637,France,151097.28,1742509.47,158,0,1,Platinum,23
15666559,Germany,197715.93,1705260.47,124,0,1,Platinum,23
15799720,Spain,161546.68,1576186.54,134,0,1,Platinum,23
15791925,France,147737.63,1739159.74,158,0,1,Platinum,24
15765487,Germany,151766.71,1704245.6,154,0,1,Platinum,24
15746704,Spain,136808.53,1572150.41,159,0,1,Platinum,24
15710928,France,136354.16,1732149.85,147,0,1,Platinum,25
15735346,Germany,136733.24,1702925.04,169,0,1,Platinum,25
15596060,Spain,127864.26,1565619.12,142,0,1,Platinum,25
15709737,France,161064.64,1715393.8800000001,136,0,1,Platinum,26
15748986,Germany,166685.92,1699682.77,128,0,1,Platinum,26
15660571,Spain,113034.31,1545753.89,176,0,1,Platinum,26
15790750,Germany,123187.51,1699620.93,165,0,1,Platinum,27
15594450,France,159458.53,1690098.83,108,0,1,Platinum,27
15590078,Spain,139834.93,1543780.01,145,0,1,Platinum,27
15595037,France,152347.01,1685392.81,141,0,1,Platinum,28
15781914,Germany,169947.41,1683563.07,131,0,1,Platinum,28
15683276,Spain,140363.95,1531889.46,158,0,1,Platinum,28
15581286,France,176914.8,1675248.5,148,0,1,Platinum,29
15649668,Germany,145750.45,1672643.48,160,0,1,Platinum,29
15590011,Spain,129378.32,1529802.34,143,0,1,Platinum,29
15748360,Germany,122196.99,1671751.74,156,0,1,Platinum,30
15805955,France,138333.03,1666104.28,161,0,1,Platinum,30
15665678,Spain,158261.68,1529517.71,141,0,1,Platinum,30
15658504,Germany,137727.34,1669876.74,157,0,1,Platinum,31
15672692,France,145988.65,1665984.94,143,0,1,Platinum,31
15797389,Spain,124577.33,1525712.41,139,0,1,Platinum,31
15691011,France,161651.37,1655005.15,151,0,1,Platinum,32
15713604,Germany,166776.6,1651784.51,139,0,1,Platinum,32
15588839,Spain,180307.73,1523721.55,129,0,1,Platinum,32
15620103,France,167181.01,1654624.68,134,0,1,Platinum,33
15715208,Germany,138335.96,1641514.02,165,0,1,Platinum,33
15813741,Spain,193858.2,1517680.59,100,0,1,Platinum,33
15759480,France,139180.97,1649043.12,164,0,1,Platinum,34
15659305,Germany,166133.28,1638791.96,117,0,1,Platinum,34
15605036,Spain,155619.58,1516581.47,141,0,1,Platinum,34
15609286,France,150525.8,1648961.13,158,0,1,Platinum,35
15615020,Germany,150463.11,1637679.78,157,0,1,Platinum,35
15741652,Spain,177657.35,1507884.52,126,0,1,Platinum,35
15588350,France,147832.15,1648220.11,148,0,1,Platinum,36
15604782,Germany,187257.94,1627583.58,126,0,1,Platinum,36
15770041,Spain,128412.61,1506196.17,130,0,1,Platinum,36
15748034,France,174851.9,1643673.68,113,0,1,Platinum,37
15806796,Germany,138847.9,1625474.16,149,0,1,Platinum,37
15603134,Spain,167878.5,1501857.51,143,0,1,Platinum,37
15716835,France,156325.38,1637947.93,129,0,1,Platinum,38
15700511,Germany,176702.36,1620955.04,145,0,1,Platinum,38
15775131,Spain,142188.2,1491690.57,144,0,1,Platinum,38
15600462,France,145618.37,1625885.38,133,0,1,Platinum,39
15761775,Germany,180293.84,1618915.82,111,0,1,Platinum,39
15575445,Spain,150148.51,1490130.21,115,0,1,Platinum,39
15815645,France,152303.66,1622289.6,129,0,1,Platinum,40
15656592,Germany,169023.33,1618044.72,127,0,1,Platinum,40
15762708,Spain,119658.49,1484705.26,171,0,1,Platinum,40
15748381,France,185709.28,1613929.83,111,0,1,Platinum,41
15649618,Germany,167395.6,1605586.88,115,0,1,Platinum,41
15686137,Spain,147506.25,1472380.92,135,0,1,Platinum,41
15649418,France,178171.04,1604896.28,115,0,1,Platinum,42
15729087,Germany,156367.6,1589866.65,152,0,1,Platinum,42
15631739,Spain,122109.78,1464052.89,160,0,1,Platinum,42
15797595,France,131569.63,1598665.64,163,0,1,Platinum,43
15611191,Germany,122453.97,1578102.28,167,0,1,Platinum,43
15795747,Spain,171646.76,1461074.41,108,0,1,Platinum,43
15652615,France,140004.96,1596046.5,142,0,1,Platinum,44
15720941,Germany,147833.3,1576509.06,131,0,1,Platinum,44
15684395,Spain,125191.69,1456247.78,144,1,1,Platinum,44
15593622,France,122198.21,1593950.95,158,0,1,Platinum,45
15681446,Germany,157098.52,1575770.47,128,0,1,Platinum,45
15792922,Spain,130233.14,1447237.28,149,0,1,Platinum,45
15704597,France,174571.36,1593089.44,130,0,1,Platinum,46
15784130,Germany,154870.28,1568036.58,122,0,1,Platinum,46
15702566,Spain,149134.46,1441332.78,148,0,1,Platinum,46
15801548,France,144162.3,1591605.99,123,0,1,Platinum,47
15657747,Germany,127216.31,1565850.37,154,0,1,Platinum,47
15581551,Spain,132838.07,1432825.98,138,0,1,Platinum,47
15647890,France,149405.18,1587679.25,159,0,1,Platinum,48
15585734,Germany,137742.9,1565441.39,144,0,1,Platinum,48
15626385,Spain,103121.33,1416359.12,165,0,1,Platinum,48
15625494,France,125321.84,1586618.5,160,0,1,Platinum,49
15662532,Germany,149085.9,1564503.49,130,0,1,Platinum,49
15615832,Spain,155621.08,1405961.44,123,0,1,Platinum,49
15595071,France,149777.0,1586173.1300000001,145,0,1,Platinum,50
15740411,Germany,141787.31,1558699.14,134,0,1,Platinum,50
15761706,Spain,144102.32,1398217.42,138,0,1,Platinum,50
15696852,France,192122.84,1575310.66,129,1,1,Platinum,51
15762048,Germany,154969.79,1556573.27,110,0,1,Platinum,51
15585284,Spain,147285.52,1395090.6400000001,117,0,1,Platinum,51
15671766,France,118577.24,1574946.69,153,0,1,Platinum,52
15613180,Germany,153344.72,1555262.96,126,0,1,Platinum,52
15619935,Spain,126224.87,1389223.47,138,0,1,Platinum,52
15716324,France,143672.9,1572072.33,143,0,1,Platinum,53
15598695,Germany,130169.27,1554481.48,144,0,1,Platinum,53
15732740,Spain,178095.55,1380591.61,92,0,1,Platinum,53
15573045,France,127738.75,1563928.8699999999,162,0,1,Platinum,54
15567919,Germany,167735.69,1551432.48,133,0,1,Platinum,54
15611759,Spain,126776.3,1373784.06,139,0,1,Platinum,54
15672826,France,112536.57,1563022.82,162,0,1,Platinum,55
15713621,Germany,134318.21,1547383.58,149,0,1,Platinum,55
15792916,Spain,144470.77,1372037.85,117,0,1,Platinum,55
15576077,France,159561.93,1561528.26,145,0,1,Platinum,56
15807709,Germany,180075.22,1544162.02,128,0,1,Platinum,56
15815420,Spain,139196.0,1370939.87,123,0,1,Platinum,56
15785831,France,183027.25,1555034.79,110,0,1,Platinum,57
15694859,Germany,132932.14,1541829.49,157,0,1,Platinum,57
15612465,Spain,100628.0,1364697.97,156,0,1,Platinum,57
15608166,France,127637.92,1542857.15,154,0,1,Platinum,58
15663939,Germany,138782.76,1540508.81,130,0,1,Platinum,58
15647266,Spain,135923.16,1364286.45,104,0,1,Platinum,58
15669957,Germany,144696.75,1538569.1,144,0,1,Platinum,59
15607691,France,174060.46,1537472.0,131,0,1,Platinum,59
15727556,Spain,166297.89,1362944.72,100,0,1,Platinum,59
15704081,Germany,130682.11,1536847.18,143,0,1,Platinum,60
15682322,France,148466.93,1536363.87,139,0,1,Platinum,60
15567328,Spain,177997.07,1362708.88,88,0,1,Platinum,60
15633531,France,138489.66,1529799.73,147,0,1,Platinum,61
15809347,Germany,160680.41,1529070.57,107,0,1,Platinum,61
15671804,Spain,146943.38,1355407.08,132,0,1,Platinum,61
15753874,France,143835.47,1525092.38,155,0,1,Platinum,62
15688689,Germany,149000.91,1524901.08,147,0,1,Platinum,62
15717700,Spain,114609.55,1353612.03,146,0,1,Platinum,62
15716781,France,171922.72,1524957.8800000001,120,0,1,Platinum,63
15741643,Germany,122917.69,1521937.72,121,0,1,Platinum,63
15579559,Spain,145241.63,1347815.6199999999,127,0,1,Platinum,63
15710404,France,124525.52,1524489.05,165,0,1,Platinum,64
15760514,Germany,116644.29,1517983.06,148,0,1,Platinum,64
15763111,Spain,124577.15,1347096.88,159,0,1,Platinum,64
15662294,France,118327.17,1518936.17,165,0,1,Platinum,65
15665766,Germany,133191.19,1513650.81,150,0,1,Platinum,65
15593897,Spain,160599.06,1343894.15,116,0,1,Platinum,65
15571081,France,190238.93,1514926.01,111,0,1,Platinum,66
15623972,Germany,123575.51,1512963.01,156,0,1,Platinum,66
15612050,Spain,168522.37,1340794.62,117,0,1,Platinum,66
15721921,France,165326.2,1512110.47,123,0,1,Platinum,67
15803682,Germany,117791.06,1511484.48,166,0,1,Platinum,67
15607301,Spain,129968.67,1340119.94,148,0,1,Platinum,67
15660101,France,157120.86,1510873.49,99,0,1,Platinum,68
15605926,Germany,116854.71,1503028.46,144,0,1,Platinum,68
15737169,Spain,144238.7,1340034.99,123,0,1,Platinum,68
15604196,France,185714.28,1509487.6199999999,98,0,1,Platinum,69
15713374,Germany,157094.78,1499197.39,140,0,1,Platinum,69
15664521,Spain,149620.88,1339048.47,111,0,1,Platinum,69
15724307,France,121313.88,1507568.45,170,0,1,Platinum,70
15800412,Germany,146780.52,1494334.54,154,0,1,Platinum,70
15794278,Spain,151858.98,1335904.92,86,0,1,Platinum,70
15729975,France,167795.6,1501857.07,122,0,1,Platinum,71
15586752,Germany,152143.89,1493002.35,117,0,1,Platinum,71
15746664,Spain,204223.03,1335617.55,90,0,1,Platinum,71
15574608,France,133889.35,1495281.76,123,0,1,Platinum,72
15608109,Germany,170113.0,1492976.79,103,0,1,Platinum,72
15594594,Spain,139070.51,1334271.4,119,0,1,Platinum,72
15807003,France,191775.65,1495122.1,99,0,1,Platinum,73
15778489,Germany,142550.25,1484892.48,141,0,1,Platinum,73
15566958,Spain,167557.12,1333360.68,114,0,1,Platinum,73
15670481,France,122550.05,1491637.35,152,0,1,Platinum,74
15691871,Germany,153279.39,1471272.45,138,0,1,Platinum,74
15651389,Spain,143656.55,1332163.73,131,0,1,Platinum,74
15599084,France,191523.09,1481208.91,118,0,1,Platinum,75
15566843,Germany,134874.4,1461568.94,140,0,1,Platinum,75
15678129,Spain,150840.03,1326375.04,98,0,1,Platinum,75
15683195,France,146605.27,1477398.62,144,0,1,Platinum,76
15579109,Germany,163856.76,1452182.05,95,0,1,Platinum,76
15741429,Spain,119825.75,1321445.56,152,0,1,Platinum,76
15589666,France,136422.41,1476943.04,144,0,1,Platinum,77
15660602,Germany,164284.72,1446766.6199999999,137,0,1,Platinum,77
15578462,Spain,134208.25,1320753.66,139,0,1,Platinum,77
15653773,France,164496.99,1476035.53,126,0,1,Platinum,78
15584229,Germany,123943.18,1445549.93,148,0,1,Platinum,78
15598948,Spain,172231.93,1313661.25,101,0,1,Platinum,78
15778915,France,128551.36,1475988.48,128,0,1,Platinum,79
15634141,Germany,192390.52,1444985.84,102,0,1,Platinum,79
15781574,Spain,126534.6,1310863.03,143,0,1,Platinum,79
15637993,France,137688.71,1472250.35,149,0,1,Platinum,80
15675522,Germany,132351.29,1443771.9,149,0,1,Platinum,80
15758081,Spain,138160.0,1309177.49,122,0,1,Platinum,80
15765093,France,166594.78,1463579.31,102,0,1,Platinum,81
15683841,Germany,113270.2,1439031.78,166,0,1,Platinum,81
15568449,Spain,143006.7,1305528.48,112,0,1,Platinum,81
15750497,France,153147.75,1462855.3599999999,121,0,1,Platinum,82
15604073,Germany,135161.67,1438233.57,140,0,1,Platinum,82
15654959,Spain,158719.57,1301750.31,107,0,1,Platinum,82
15753229,France,127414.55,1458305.74,149,0,1,Platinum,83
15624180,Germany,134171.8,1438157.81,142,1,1,Platinum,83
15691170,Spain,99250.08,1298957.91,152,0,1,Platinum,83
15607986,France,139930.18,1456683.15,143,0,1,Platinum,84
15647546,Germany,150679.71,1438123.42,134,0,1,Platinum,84
15597610,Spain,144974.55,1291435.91,95,0,1,Platinum,84
15634936,France,179904.0,1455599.7,115,0,1,Platinum,85
15703923,Germany,190409.34,1431870.97,107,0,1,Platinum,85
15717962,Spain,111179.83,1285077.74,149,0,1,Platinum,85
15797900,France,142147.32,1455181.41,118,1,1,Platinum,86
15793135,Germany,147687.24,1427729.81,118,0,1,Platinum,86
15646310,Spain,143582.89,1283246.63,123,0,1,Platinum,86
15609510,France,149364.58,1452204.82,126,0,1,Platinum,87
15776725,Germany,172192.49,1423100.23,114,0,1,Platinum,87
15572792,Spain,118989.92,1282348.23,145,0,1,Platinum,87
15667938,France,149136.31,1450921.85,140,0,1,Platinum,88
15804009,Germany,167983.17,1419783.58,131,0,1,Platinum,88
15744913,Spain,109632.85,1277604.42,158,0,1,Platinum,88
15624936,France,129205.49,1448228.92,140,0,1,Platinum,89
15621227,Germany,161806.09,1416241.86,121,0,1,Platinum,89
15614361,Spain,121490.05,1274832.43,156,0,1,Platinum,89
15736717,France,155271.83,1448140.8,108,0,1,Platinum,90
15716347,Germany,143625.83,1415888.01,126,0,1,Platinum,90
15770576,Spain,128061.0,1274385.66,115,0,1,Platinum,90
15720509,France,150856.79,1442268.86,134,0,1,Platinum,91
15694829,Germany,175454.0,1415233.52,119,0,1,Platinum,91
15750055,Spain,100262.88,1274160.2,154,0,1,Platinum,91
15748696,France,150507.21,1442040.28,147,0,1,Platinum,92
15694453,Germany,131519.49,1409439.96,136,0,1,Platinum,92
15738721,Spain,102827.44,1272809.53,154,0,1,Platinum,92
15767794,France,120718.28,1441703.43,146,0,1,Platinum,93
15714920,Germany,163867.86,1407106.25,127,0,1,Platinum,93
15722532,Spain,91760.11,1269995.83,166,0,1,Platinum,93
15654106,France,149542.52,1438951.56,133,0,1,Platinum,94
15788068,Germany,144677.19,1403878.54,109,1,1,Platinum,94
15659807,Spain,109402.13,1269756.1,135,0,1,Platinum,94
15759684,France,176227.07,1431339.29,112,0,1,Platinum,95
15727021,Germany,119027.28,1398156.7,140,0,1,Platinum,95
15802857,Spain,115409.6,1265243.17,137,0,1,Platinum,95
15665416,France,119096.55,1430909.46,169,0,1,Platinum,96
15705174,Germany,153545.11,1389252.09,120,0,1,Platinum,96
15641250,Spain,179581.31,1264367.1199999999,91,0,1,Platinum,96
15782993,France,123401.43,1430470.83,159,0,1,Platinum,97
15634949,Germany,161434.36,1388954.66,84,0,1,Platinum,97
15790489,Spain,170600.78,1264286.6400000001,97,0,1,Platinum,97
15679587,France,115897.12,1428613.22,153,0,1,Platinum,98
15673908,Germany,158414.85,1385055.27,106,0,1,Platinum,98
15681115,Spain,108935.39,1261950.43,156,0,1,Platinum,98
15684769,France,129431.36,1424876.22,156,0,1,Platinum,99
15693018,Germany,115563.71,1384506.19,162,0,1,Platinum,99
15761654,Spain,134152.29,1260362.23,126,0,1,Platinum,99
15642636,France,117035.89,1423181.26,154,0,1,Platinum,100
15746065,Germany,136281.41,1377644.42,145,0,1,Platinum,100
15733169,Spain,125265.61,1256588.08,112,0,1,Platinum,100
15577913,France,144581.96,1421423.49,135,0,1,Platinum,101
15588560,Germany,145330.43,1372892.51,134,0,1,Platinum,101
15743818,Spain,122330.7,1256298.28,144,0,1,Platinum,101
15694253,France,152105.57,1420688.98,117,0,1,Platinum,102
15811486,Germany,130036.21,1369141.01,126,0,1,Platinum,102
15765732,Spain,149592.14,1255979.2,96,0,1,Platinum,102
15688337,France,118129.87,1416938.56,143,0,1,Platinum,103
15754820,Germany,147127.81,1364204.69,137,0,1,Platinum,103
15632538,Spain,145553.07,1255565.23,95,0,1,Platinum,103
15652192,France,160541.36,1413183.27,100,0,1,Platinum,104
15612358,Germany,134498.54,1362413.17,145,0,1,Platinum,104
15794874,Spain,127523.75,1254356.09,150,0,1,Platinum,104
15769402,France,156811.74,1412462.26,113,0,1,Platinum,105
15718572,Germany,138456.03,1362354.73,160,0,1,Platinum,105
15649992,Spain,134714.7,1245301.86,118,0,1,Platinum,105
15771154,France,137732.23,1410139.62,141,0,1,Platinum,106
15795166,Germany,153572.31,1361427.01,122,0,1,Platinum,106
15813451,Spain,134796.87,1242108.81,126,0,1,Platinum,106
15763460,France,183768.47,1409469.4,105,0,1,Platinum,107
15742204,Germany,139729.54,1360205.79,110,0,1,Platinum,107
15589147,Spain,125921.37,1241445.28,130,0,1,Platinum,107
15734246,France,166883.07,1408231.07,124,0,1,Platinum,108
15761241,Germany,129745.1,1354906.39,128,0,1,Platinum,108
15815443,Spain,131414.76,1238678.42,110,0,1,Platinum,108
15633194,France,108309.0,1408116.8800000001,166,1,1,Platinum,109
15618401,Germany,113220.2,1343846.95,172,0,1,Platinum,109
15760749,Spain,126683.8,1237502.6,105,0,1,Platinum,109
15733904,France,147493.89,1403053.77,104,0,1,Platinum,110
15792729,Germany,176311.36,1343552.47,101,0,1,Platinum,110
15684921,Spain,142862.21,1236414.77,116,0,1,Platinum,110
15654489,France,134887.53,1402195.68,129,0,1,Platinum,111
15595537,Germany,171787.84,1340537.49,89,0,1,Platinum,111
15671987,Spain,153137.74,1232180.42,88,0,1,Platinum,111
15757473,France,158786.67,1401348.69,110,0,1,Platinum,112
15704378,Germany,121342.24,1339719.77,150,0,1,Platinum,112
15678173,Spain,174588.8,1226593.19,71,0,1,Platinum,112
15659677,France,142382.03,1398753.73,134,0,1,Platinum,113
15599301,Germany,164365.44,1335527.06,97,0,1,Platinum,113
15624695,Spain,140301.72,1222411.61,109,0,1,Platinum,113
15571121,France,138340.06,1389718.97,127,0,1,Platinum,114
15705777,Germany,129164.88,1335007.86,157,0,1,Platinum,114
15680141,Spain,147936.42,1215379.11,119,0,1,Platinum,114
15742229,France,127450.14,1385225.14,122,0,1,Platinum,115
15759067,Germany,158411.95,1333436.85,108,1,1,Platinum,115
15712319,Spain,150900.29,1211192.6,122,0,1,Platinum,115
15757628,France,112896.86,1384253.84,182,0,1,Platinum,116
15677324,Germany,124730.26,1331208.97,152,0,1,Platinum,116
15642824,Spain,174506.1,1210097.64,108,1,1,Platinum,116
15719898,France,154872.08,1378542.54,108,0,1,Platinum,117
15657829,Germany,168078.83,1330885.75,90,1,1,Platinum,117
15596405,Spain,127728.24,1207543.29,128,0,1,Platinum,117
15642725,France,114084.6,1371214.21,159,0,1,Platinum,118
15576706,Germany,114453.58,1330648.63,152,0,1,Platinum,118
15677249,Spain,101043.63,1200281.94,147,0,1,Platinum,118
15677871,France,122570.87,1369876.6,168,0,1,Platinum,119
15718369,Germany,130862.43,1328476.66,128,0,1,Platinum,119
15752488,Spain,102289.85,1198630.91,148,0,1,Platinum,119
15639669,France,127157.04,1367858.49,130,0,1,Platinum,120
15627395,Germany,154902.66,1318599.93,124,0,1,Platinum,120
15753831,Spain,100433.8,1193023.83,131,0,1,Platinum,120
15735400,France,179960.2,1367728.79,78,0,1,Platinum,121
15685150,Germany,167658.33,1317203.91,115,0,1,Platinum,121
15731543,Spain,109327.65,1187611.57,137,0,1,Platinum,121
15785547,France,191402.82,1367556.46,98,0,1,Platinum,122
15760085,Germany,126384.42,1309771.33,160,0,1,Platinum,122
15567860,Spain,189318.16,1187428.51,68,1,1,Platinum,122
15582180,France,120268.13,1365574.99,149,0,1,Platinum,123
15598940,Germany,181804.34,1309719.59,82,0,1,Platinum,123
15588341,Spain,99835.17,1184267.64,153,0,1,Platinum,123
15617705,France,141675.23,1364803.11,126,0,1,Platinum,124
15585748,Germany,135337.49,1307970.55,135,0,1,Platinum,124
15760550,Spain,143637.58,1183573.93,117,0,1,Platinum,124
15784597,France,162923.85,1361923.17,100,0,1,Platinum,125
15567367,Germany,133636.16,1305943.77,150,0,1,Platinum,125
15737509,Spain,199229.14,1181737.51,69,0,1,Platinum,125
15601351,France,127806.91,1358703.96,146,0,1,Platinum,126
15643361,Germany,139959.55,1304252.0,120,0,1,Platinum,126
15741417,Spain,119656.45,1180153.29,137,0,1,Platinum,126
15699047,France,120150.39,1355425.19,154,0,1,Platinum,127
15583049,Germany,160426.07,1303360.4,131,0,1,Platinum,127
15660679,Spain,149571.94,1171197.2,102,0,1,Platinum,127
15725639,France,116270.72,1350413.4,156,0,1,Platinum,128
15693893,Germany,122471.09,1298401.74,144,0,1,Platinum,128
15685357,Spain,112940.07,1169132.16,135,0,1,Platinum,128
15633729,France,112751.13,1350173.71,169,0,1,Platinum,129
15721469,Germany,170295.04,1295484.13,79,0,1,Platinum,129
15609254,Spain,107135.04,1167290.65,140,0,1,Platinum,129
15772650,France,136576.02,1349071.92,128,1,1,Platinum,130
15663883,Germany,141827.33,1295420.37,139,0,1,Platinum,130
15813862,Spain,132044.6,1167089.1,127,0,1,Platinum,130
15640769,France,137841.53,1347285.61,135,0,1,Platinum,131
15648136,Germany,152812.58,1294785.48,106,0,1,Platinum,131
15656522,Spain,158537.42,1162410.67,110,0,1,Platinum,131
15750049,France,163823.37,1346706.72,106,0,1,Platinum,132
15629551,Germany,126104.98,1293965.8,140,0,1,Platinum,132
15722583,Spain,157576.47,1161441.33,100,0,1,Platinum,132
15630328,France,130796.33,1346203.02,139,0,1,Platinum,133
15722350,Germany,147361.57,1292524.71,106,0,1,Platinum,133
15684211,Spain,153656.85,1159506.54,94,0,1,Platinum,133
15699532,France,120124.35,1344768.53,140,0,1,Platinum,134
15714355,Germany,121669.23,1286207.83,147,0,1,Platinum,134
15747677,Spain,163975.09,1157921.11,95,0,1,Platinum,134
15596713,France,165896.22,1343308.04,115,0,1,Platinum,135
15685226,Germany,147199.07,1286092.45,115,0,1,Platinum,135
15624611,Spain,128650.11,1154579.72,134,0,1,Platinum,135
15617934,France,129829.59,1336278.67,145,0,1,Platinum,136
15640260,Germany,131081.66,1285932.29,140,0,1,Platinum,136
15688128,Spain,108653.93,1152792.71,131,0,1,Platinum,136
15666675,France,155062.8,1331497.6199999999,110,0,1,Platinum,137
15663808,Germany,152614.51,1285804.36,122,0,1,Platinum,137
15781127,Spain,96769.04,1149921.4,126,0,1,Platinum,137
15678910,France,141441.75,1329706.97,132,0,1,Platinum,138
15598782,Germany,154221.37,1283336.9,114,0,1,Platinum,138
15713912,Spain,109044.3,1144197.61,128,0,1,Platinum,138
15662063,France,142400.77,1328193.08,125,0,1,Platinum,139
15740868,Germany,134562.8,1283315.46,145,0,1,Platinum,139
15805909,Spain,159900.38,1136575.09,87,0,1,Platinum,139
15624850,France,153972.89,1323559.6199999999,123,0,1,Platinum,140
15772262,Germany,110483.86,1276337.06,150,0,1,Platinum,140
15607278,Spain,134593.79,1135080.06,119,0,1,Platinum,140
15687607,France,135422.31,1320781.33,143,0,1,Platinum,141
15729771,Germany,154586.92,1275866.8,112,1,1,Platinum,141
15716420,Spain,170288.38,1130579.08,92,0,1,Platinum,141
15671800,France,137624.4,1320566.95,118,0,1,Platinum,142
15614878,Germany,180520.29,1273716.61,94,0,1,Platinum,142
15658532,Spain,162278.32,1127625.5,85,0,1,Platinum,142
15811036,France,135369.71,1319832.66,120,0,1,Platinum,143
15789484,Germany,169831.46,1271472.9,102,0,1,Platinum,143
15611682,Spain,169902.92,1125409.58,91,0,1,Platinum,143
15809654,France,127476.73,1318384.05,126,0,1,Platinum,144
15766378,Germany,106431.97,1271309.98,140,0,1,Platinum,144
15761132,Spain,128029.72,1125281.58,105,0,1,Platinum,144
15703778,France,129907.63,1314560.35,131,0,1,Platinum,145
15585388,Germany,125189.75,1267841.14,132,0,1,Platinum,145
15764343,Spain,155681.72,1121174.81,97,0,1,Platinum,145
15804104,France,114731.76,1310766.44,141,0,1,Platinum,146
15794236,Germany,111812.52,1265252.32,153,0,1,Platinum,146
15586674,Spain,216109.88,1120971.4,70,1,1,Platinum,146
15695499,France,103821.47,1310243.98,162,0,1,Platinum,147
15582714,Germany,110022.74,1264933.3,126,1,1,Platinum,147
15650933,Spain,155413.06,1115561.02,88,0,1,Platinum,147
15592765,France,125470.81,1310241.23,132,0,1,Platinum,148
15795990,Germany,138311.76,1264859.36,126,1,1,Platinum,148
15684995,Spain,116622.73,1113733.5,128,0,1,Platinum,148
15669262,France,157960.49,1309682.6099999999,113,0,1,Platinum,149
15684512,Germany,135290.42,1264547.94,132,0,1,Platinum,149
15815131,Spain,115617.24,1110866.16,111,0,1,Platinum,149
15631848,France,121508.28,1309605.43,153,0,1,Platinum,150
15597033,Germany,153366.13,1264294.29,116,0,1,Platinum,150
15757385,Spain,161592.76,1110043.15,88,0,1,Platinum,150
15752137,France,134944.0,1307683.99,115,0,1,Platinum,151
15751022,Germany,121532.17,1264035.69,161,0,1,Platinum,151
15662494,Spain,138150.57,1107768.24,112,0,1,Platinum,151
15667896,France,151226.18,1300929.16,135,0,1,Platinum,152
15790379,Germany,108601.0,1263230.6199999999,132,0,1,Platinum,152
15803886,Spain,132876.55,1105066.34,98,0,1,Platinum,152
15758755,France,132121.71,1300815.72,143,0,1,Platinum,153
15738042,Germany,140894.06,1261089.61,112,0,1,Platinum,153
15568849,Spain,118158.74,1104139.02,142,0,1,Platinum,153
15588235,France,145081.73,1298827.24,123,0,1,Platinum,154
15677135,Germany,133802.29,1260627.52,145,0,1,Platinum,154
15600734,Spain,174397.21,1103755.08,84,0,1,Platinum,154
15570134,France,187530.66,1298423.83,104,0,1,Platinum,155
15768465,Germany,121309.17,1254535.25,128,0,1,Platinum,155
15570947,Spain,143330.56,1102354.98,118,0,1,Platinum,155
15726267,France,117337.54,1297613.7,139,0,1,Platinum,156
15665087,Germany,118547.72,1252114.33,137,0,1,Platinum,156
15598894,Spain,122267.85,1096041.52,122,0,1,Platinum,156
15566790,France,129991.76,1297416.8800000001,129,0,1,Platinum,157
15686718,Germany,115569.21,1248666.85,139,0,1,Platinum,157
15715920,Spain,98052.66,1094326.9,166,0,1,Platinum,157
15627971,France,206663.75,1296732.57,84,0,1,Platinum,158
15638463,Germany,139480.18,1245316.27,126,0,1,Platinum,158
15624995,Spain,152926.6,1093727.44,97,0,1,Platinum,158
15761692,France,122417.17,1289757.98,146,0,1,Platinum,159
15739502,Germany,135020.21,1239347.82,131,0,1,Platinum,159
15801431,Spain,101198.01,1092438.93,135,0,1,Platinum,159
15790267,France,141267.67,1287762.33,109,0,1,Platinum,160
15706036,Germany,132271.12,1238787.94,149,0,1,Platinum,160
15755209,Spain,133868.21,1092284.46,111,0,1,Platinum,160
15726494,France,175303.06,1286931.0,99,1,1,Platinum,161
15711299,Germany,145262.54,1236730.09,121,0,1,Platinum,161
15780088,Spain,132439.99,1091220.69,100,0,1,Platinum,161
15676353,France,114212.6,1280999.1,131,0,1,Platinum,162
15742126,Germany,132767.66,1235167.12,109,0,1,Platinum,162
15648461,Spain,138162.41,1090487.6,98,0,1,Platinum,162
15713599,France,114835.43,1280904.9,165,0,1,Platinum,163
15699325,Germany,114822.64,1235109.79,152,0,1,Platinum,163
15707441,Spain,116318.23,1090458.28,123,0,1,Platinum,163
15664668,France,144801.97,1278771.29,104,1,1,Platinum,164
15781702,Germany,111347.37,1232801.61,152,0,1,Platinum,164
15802560,Spain,140576.11,1090160.21,112,0,1,Platinum,164
15699619,France,155978.17,1278521.1,110,0,1,Platinum,165
15579808,Germany,129401.87,1231768.69,125,0,1,Platinum,165
15672598,Spain,111927.45,1088782.14,144,0,1,Platinum,165
15761149,France,133444.97,1276084.77,133,0,1,Platinum,166
15583718,Germany,142316.14,1225910.22,99,0,1,Platinum,166
15642448,Spain,120047.77,1087424.06,129,0,1,Platinum,166
15567839,France,114631.23,1275492.8,149,0,1,Platinum,167
15591995,Germany,121581.56,1225700.8,139,0,1,Platinum,167
15648898,Spain,124995.98,1085949.91,113,0,1,Platinum,167
15604818,France,154495.79,1273678.69,98,0,1,Platinum,168
15757310,Germany,148363.38,1224707.39,91,0,1,Platinum,168
15719352,Spain,170184.99,1084043.53,78,0,1,Platinum,168
15625716,France,113913.53,1273342.45,151,0,1,Platinum,169
15815560,Germany,105102.5,1220180.05,112,0,1,Platinum,169
15679801,Spain,163097.55,1080659.4,83,0,1,Platinum,169
15780770,France,145056.59,1273132.46,114,0,1,Platinum,170
15658614,Germany,145400.69,1220100.13,120,0,1,Platinum,170
15773071,Spain,145580.61,1078355.57,104,0,1,Platinum,170
15728078,France,126392.18,1273008.49,140,0,1,Platinum,171
15781884,Germany,94667.29,1219739.46,145,0,1,Platinum,171
15773273,Spain,118866.36,1078159.03,94,0,1,Platinum,171
15621546,France,127638.35,1272952.54,144,0,1,Platinum,172
15574554,Germany,103291.25,1217370.98,141,0,1,Platinum,172
15614936,Spain,82321.88,1077467.52,179,0,1,Platinum,172
15814275,France,174912.72,1272757.14,103,0,1,Platinum,173
15641582,Germany,123180.01,1213598.98,157,0,1,Platinum,173
15726695,Spain,122446.61,1077418.18,86,0,1,Platinum,173
15570895,France,163548.07,1272124.7,119,0,1,Platinum,174
15810457,Germany,150412.14,1212353.05,106,0,1,Platinum,174
15667392,Spain,123081.84,1076968.24,99,0,1,Platinum,174
15725311,France,114722.05,1270099.48,142,0,1,Platinum,175
15680767,Germany,98362.35,1211476.97,149,0,1,Platinum,175
15753955,Spain,149940.04,1073731.96,70,0,1,Platinum,175
15662152,France,134105.01,1269753.53,115,0,1,Platinum,176
15728963,Germany,167273.71,1211327.21,97,1,1,Platinum,176
15576615,Spain,145382.61,1073028.6300000001,98,0,1,Platinum,176
15769191,France,132387.91,1269006.13,130,0,1,Platinum,177
15593280,Germany,140733.74,1210831.99,144,0,1,Platinum,177
15695585,Spain,156478.62,1071558.12,87,0,1,Platinum,177
15639049,France,139395.08,1266233.65,124,0,1,Platinum,178
15771573,Germany,137843.8,1209995.56,127,1,1,Platinum,178
15612071,Spain,95153.77,1071063.65,167,0,1,Platinum,178
15682839,France,137936.94,1260311.65,127,0,1,Platinum,179
15707291,Germany,129250.0,1208946.63,108,0,1,Platinum,179
15800517,Spain,163340.12,1068810.97,73,0,1,Platinum,179
15568595,France,113829.45,1260237.26,144,0,1,Platinum,180
15609643,Germany,115587.49,1208745.83,155,0,1,Platinum,180
15788126,Spain,121021.05,1068761.03,101,0,1,Platinum,180
15632793,France,103417.74,1257624.86,167,0,1,Platinum,181
15741385,Germany,108231.37,1208300.4,144,0,1,Platinum,181
15758775,Spain,97208.46,1067903.27,153,0,1,Platinum,181
15798532,France,120879.73,1256584.62,129,0,1,Platinum,182
15688059,Germany,105356.09,1207932.18,153,0,1,Platinum,182
15795881,Spain,106365.29,1067209.91,136,0,1,Platinum,182
15799534,France,183135.39,1254427.74,90,0,1,Platinum,183
15811032,Germany,145984.92,1207173.1,127,0,1,Platinum,183
15642248,Spain,123935.35,1064971.56,129,0,1,Platinum,183
15751084,France,140170.61,1254284.46,122,0,1,Platinum,184
15692926,Germany,121702.73,1207171.83,139,0,1,Platinum,184
15800773,Spain,102282.61,1063506.21,146,0,1,Platinum,184
15780124,France,108131.53,1244219.42,158,0,1,Platinum,185
15617432,Germany,109003.26,1203386.42,156,0,1,Platinum,185
15615177,Spain,123692.0,1063114.15,101,0,1,Platinum,185
15744614,France,118636.92,1241659.24,132,0,1,Platinum,186
15703068,Germany,126145.54,1202739.62,139,0,1,Platinum,186
15762615,Spain,101993.12,1060960.72,138,0,1,Platinum,186
15738411,France,104498.79,1241083.24,151,0,1,Platinum,187
15654625,Germany,120252.02,1201843.18,117,0,1,Platinum,187
15751788,Spain,97408.03,1059045.36,157,0,1,Platinum,187
15659031,France,126598.99,1240414.54,136,0,1,Platinum,188
15569410,Germany,114430.18,1200387.8,126,0,1,Platinum,188
15684171,Spain,155931.11,1055243.89,91,0,1,Platinum,188
15659501,France,142263.45,1240127.57,107,0,1,Platinum,189
15664754,Germany,131607.28,1193755.77,108,1,1,Platinum,189
15666141,Spain,101440.36,1053645.33,131,0,1,Platinum,189
15762268,France,141162.08,1238970.21,105,0,1,Platinum,190
15606149,Germany,111577.01,1193547.48,139,0,1,Platinum,190
15790235,Spain,104291.41,1051998.28,132,0,1,Platinum,190
15625151,France,116037.76,1235080.81,147,0,1,Platinum,191
15720134,Germany,115479.48,1192801.13,142,0,1,Platinum,191
15599074,Spain,136093.74,1045045.55,97,0,1,Platinum,191
15598586,France,113292.17,1233473.71,160,0,1,Platinum,192
15770974,Germany,170840.08,1192681.89,102,0,1,Platinum,192
15628904,Spain,102918.38,1043324.96,138,0,1,Platinum,192
15808849,France,145536.9,1231925.01,111,0,1,Platinum,193
15600103,Germany,104944.1,1191638.04,138,0,1,Platinum,193
15689953,Spain,128226.37,1042776.03,120,0,1,Platinum,193
15763327,France,124993.29,1230463.55,134,0,1,Platinum,194
15660271,Germany,146133.39,1188480.45,139,0,1,Platinum,194
15649858,Spain,96776.49,1040587.25,145,0,1,Platinum,194
15599403,France,125389.7,1228014.26,151,0,1,Platinum,195
15654096,Germany,122200.31,1186884.61,112,0,1,Platinum,195
15607990,Spain,175735.5,1040178.55,101,0,1,Platinum,195
15803337,France,168372.52,1227509.3800000001,98,0,1,Platinum,196
15587266,Germany,172310.33,1184995.0,106,0,1,Platinum,196
15671014,Spain,98765.84,1039373.73,123,0,1,Platinum,196
15636478,France,136658.61,1226328.4,112,0,1,Platinum,197
15771139,Germany,147487.23,1184070.69,94,0,1,Platinum,197
15692631,Spain,115557.0,1035247.05,127,0,1,Platinum,197
15649101,France,127847.86,1226319.91,110,0,1,Platinum,198
15621064,Germany,186101.18,1182445.71,84,0,1,Platinum,198
15730810,Spain,100524.69,1026265.99,138,0,1,Platinum,198
15605130,France,177729.13,1223460.41,106,0,1,Platinum,199
15770159,Germany,172812.72,1181138.77,95,0,1,Platinum,199
15783522,Spain,100565.94,1025652.48,135,0,1,Platinum,199
15587133,France,151027.05,1223047.44,85,0,1,Platinum,200
15770406,Germany,121355.19,1179846.19,147,0,1,Platinum,200
15800845,Spain,111379.55,1024912.36,126,0,1,Platinum,200
15610379,France,105443.68,1222541.27,145,0,1,Platinum,201
15610454,Germany,119278.44,1179698.2,157,0,1,Platinum,201
15710450,Spain,120811.89,1024272.97,111,0,1,Platinum,201
15726487,France,160982.89,1220004.33,114,0,1,Platinum,202
15702442,Germany,100781.75,1176395.82,140,0,1,Platinum,202
15732704,Spain,148042.97,1023886.54,81,0,1,Platinum,202
15637354,France,148167.83,1219285.54,121,0,1,Platinum,203
15788775,Germany,152576.25,1175828.06,97,0,1,Platinum,203
15618703,Spain,150200.23,1021919.89,93,1,1,Platinum,203
15759140,France,128306.7,1218030.43,142,0,1,Platinum,204
15644297,Germany,178787.54,1175005.4,85,0,1,Platinum,204
15679299,Spain,123826.07,1019487.65,113,0,1,Platinum,204
15741865,France,153166.17,1216230.37,128,0,1,Platinum,205
15698932,Germany,137452.09,1174480.98,111,0,1,Platinum,205
15814923,Spain,128578.52,1015444.27,109,0,1,Platinum,205
15600174,France,165358.77,1216133.65,116,0,1,Platinum,206
15567446,Germany,111574.41,1174457.95,135,0,1,Platinum,206
15714241,Spain,222267.63,1010987.59,72,1,1,Platinum,206
15773591,France,117685.31,1212702.22,123,0,1,Platinum,207
15657228,Germany,95829.13,1173703.11,160,0,1,Platinum,207
15800806,Spain,122449.31,1008958.07,117,0,1,Platinum,207
15661412,France,175307.32,1212592.27,93,0,1,Platinum,208
15806134,Germany,162691.16,1170339.46,94,0,1,Platinum,208
15756875,Spain,147422.44,1006932.03,98,0,1,Platinum,208
15726484,France,141546.35,1210105.03,113,0,1,Platinum,209
15638424,Germany,150725.53,1169023.01,95,0,1,Platinum,209
15700696,Spain,79019.8,1006900.09,144,0,1,Platinum,209
15683993,France,142987.46,1207191.34,90,0,1,Platinum,210
15673790,Germany,109200.74,1168684.35,106,0,1,Platinum,210
15718921,Spain,106957.28,1006115.6900000001,112,0,1,Platinum,210
15796496,France,137687.72,1205704.73,98,0,1,Platinum,211
15739292,Germany,103837.75,1166349.49,148,0,1,Platinum,211
15732199,Spain,104678.62,1006062.97,148,0,1,Platinum,211
15602554,France,114519.57,1204693.55,147,0,1,Platinum,212
15650442,Germany,141528.88,1164466.21,114,1,1,Platinum,212
15733661,Spain,133806.54,1002748.46,86,0,1,Platinum,212
15812750,France,147360.0,1204533.8,97,0,1,Platinum,213
15739972,Germany,152367.21,1163658.96,86,1,1,Platinum,213
15573741,Spain,95010.92,999953.95,162,0,1,Platinum,213
15622585,France,153644.39,1203791.38,119,0,1,Platinum,214
15706217,Germany,117466.03,1163057.66,110,0,1,Platinum,214
15745621,Spain,118879.35,996507.84,94,0,1,Platinum,214
15794916,France,113980.21,1203722.86,111,0,1,Platinum,215
15604146,Germany,103653.51,1158585.52,131,0,1,Platinum,215
15665402,Spain,137761.55,990451.94,89,0,1,Platinum,215
15721715,France,133871.05,1203376.4,134,0,1,Platinum,216
15790564,Germany,107648.94,1155671.65,144,0,1,Platinum,216
15770631,Spain,167385.81,989963.6,90,0,1,Platinum,216
15790019,France,105387.89,1199525.39,146,0,1,Platinum,217
15573319,Germany,178317.6,1155461.43,84,0,1,Platinum,217
15699637,Spain,116326.07,988747.09,120,0,1,Platinum,217
15781987,France,112494.99,1198933.81,155,0,1,Platinum,218
15809143,Germany,133060.63,1149613.19,139,0,1,Platinum,218
15799128,Spain,102406.76,987847.01,134,0,1,Platinum,218
15630195,France,131184.67,1196378.86,110,0,1,Platinum,219
15645896,Germany,121681.91,1144488.62,106,0,1,Platinum,219
15572777,Spain,86006.21,986844.0,128,0,1,Platinum,219
15738166,France,86546.29,1195427.67,178,0,1,Platinum,220
15650432,Germany,84622.13,1143199.61,169,0,1,Platinum,220
15770984,Spain,130334.35,986043.14,120,0,1,Platinum,220
15663234,France,143262.04,1193863.61,117,0,1,Platinum,221
15759244,Germany,95368.14,1140289.15,136,0,1,Platinum,221
15622470,Spain,96032.22,984850.18,154,0,1,Platinum,221
15589869,France,111634.29,1193835.39,146,0,1,Platinum,222
15795124,Germany,94504.35,1138576.96,152,0,1,Platinum,222
15659355,Spain,123912.78,984064.09,101,0,1,Platinum,222
15590683,France,172325.67,1191035.27,93,0,1,Platinum,223
15679062,Germany,91522.04,1138249.79,154,0,1,Platinum,223
15664793,Spain,146777.44,983341.92,122,0,1,Platinum,223
15761374,France,117444.51,1190214.46,136,0,1,Platinum,224
15788683,Germany,129417.82,1136718.64,94,0,1,Platinum,224
15794253,Spain,138190.13,977695.6,97,0,1,Platinum,224
15612109,France,122334.26,1186772.05,148,0,1,Platinum,225
15608804,Germany,133231.48,1135068.48,121,0,1,Platinum,225
15778190,Spain,97840.72,975558.39,129,0,1,Platinum,225
15792726,France,127974.06,1186077.2,137,0,1,Platinum,226
15765520,Germany,188614.07,1132974.07,72,0,1,Platinum,226
15644356,Spain,134032.01,968783.25,113,0,1,Platinum,226
15795963,France,129895.19,1186066.36,104,0,1,Platinum,227
15791304,Germany,165413.43,1130306.03,113,0,1,Platinum,227
15578374,Spain,169312.72,965944.24,77,0,1,Platinum,227
15798615,France,137301.87,1184447.35,107,0,1,Platinum,228
15617419,Germany,100315.1,1129751.74,152,0,1,Platinum,228
15713370,Spain,188241.05,965309.42,79,1,1,Platinum,228
15768495,France,110923.15,1183989.64,141,1,1,Platinum,229
15738662,Germany,159434.03,1127989.19,85,0,1,Platinum,229
15645569,Spain,123709.46,963489.99,121,0,1,Platinum,229
15771668,France,185966.64,1181246.1,102,1,1,Platinum,230
15571752,Germany,92041.87,1127033.21,173,0,1,Platinum,230
15585067,Spain,108632.48,959177.98,120,1,1,Platinum,230
15586243,France,122277.87,1180097.51,144,0,1,Platinum,231
15612187,Germany,155726.85,1124443.02,96,0,1,Platinum,231
15699486,Spain,132944.53,956507.2,102,0,1,Platinum,231
15794159,France,124281.84,1179472.19,129,0,1,Platinum,232
15692918,Germany,113546.3,1123831.51,149,0,1,Platinum,232
15796370,Spain,155455.43,955384.65,75,0,1,Platinum,232
15604804,France,127305.5,1176041.8,115,0,1,Platinum,233
15701074,Germany,112330.83,1123323.8699999999,127,0,1,Platinum,233
15592877,Spain,132657.55,955355.8,87,0,1,Platinum,233
15808023,France,133681.78,1174139.18,135,0,1,Platinum,234
15631070,Germany,154393.43,1118856.4,83,1,1,Platinum,234
15602497,Spain,133214.13,954720.62,93,0,1,Platinum,234
15777784,France,168165.84,1173943.65,89,0,1,Platinum,235
15615444,Germany,123674.28,1116633.54,128,0,1,Platinum,235
15771323,Spain,121626.9,952496.3,86,0,1,Platinum,235
15700946,France,152992.91,1173329.23,100,0,1,Platinum,236
15729970,Germany,127269.75,1115385.59,130,0,1,Platinum,236
15763063,Spain,128509.63,948062.95,89,0,1,Platinum,236
15665221,France,129837.72,1173322.75,123,0,1,Platinum,237
15714832,Germany,150956.71,1112463.77,98,0,1,Platinum,237
15574369,Spain,167259.44,948043.84,76,0,1,Platinum,237
15805025,France,139859.23,1169903.93,122,0,1,Platinum,238
15575417,Germany,143452.74,1110231.13,104,0,1,Platinum,238
15793317,Spain,141287.15,947968.98,87,0,1,Platinum,238
15805312,France,123859.6,1169155.4,107,0,1,Platinum,239
15733429,Germany,120018.86,1110205.95,123,0,1,Platinum,239
15612140,Spain,137933.39,946783.71,95,0,1,Platinum,239
15665811,France,141234.98,1166325.91,103,0,1,Platinum,240
15681554,Germany,120599.38,1109355.02,109,0,1,Platinum,240
15658360,Spain,122929.42,946599.4,86,0,1,Platinum,240
15675422,France,110728.39,1161798.83,131,0,1,Platinum,241
15783477,Germany,112889.91,1108234.26,128,0,1,Platinum,241
15811236,Spain,133261.13,943395.51,95,0,1,Platinum,241
15602994,France,89550.85,1159943.52,162,0,1,Platinum,242
15586970,Germany,103023.26,1108129.36,130,0,1,Platinum,242
15565701,Spain,161993.89,943266.2,87,0,1,Platinum,242
15641114,France,130091.5,1154519.02,123,0,1,Platinum,243
15698703,Germany,181768.32,1107105.91,71,0,1,Platinum,243
15581388,Spain,145729.71,941913.31,102,0,1,Platinum,243
15571873,France,107065.31,1154399.3,145,0,1,Platinum,244
15650437,Germany,124450.36,1105407.31,119,0,1,Platinum,244
15634564,Spain,112713.34,941840.69,117,0,1,Platinum,244
15644400,France,128601.98,1154151.16,100,0,1,Platinum,245
15615753,Germany,131101.04,1104755.2,138,0,1,Platinum,245
15693468,Spain,140553.46,939372.92,88,0,1,Platinum,245
15717498,France,133970.22,1151519.65,99,0,1,Platinum,246
15698510,Germany,181627.14,1104341.43,94,0,1,Platinum,246
15712960,Spain,171653.17,939316.96,63,0,1,Platinum,246
15593601,France,133598.4,1149333.89,102,0,1,Platinum,247
15632365,Germany,142871.27,1104289.19,88,0,1,Platinum,247
15591100,Spain,106190.55,937017.72,142,0,1,Platinum,247
15752294,France,135979.01,1149036.48,124,1,1,Platinum,248
15731463,Germany,105301.5,1103759.77,148,0,1,Platinum,248
15685279,Spain,122950.31,935421.14,122,0,1,Platinum,248
15649414,France,142105.35,1148560.37,110,0,1,Platinum,249
15717736,Germany,110031.09,1101571.31,146,0,1,Platinum,249
15679668,Spain,115378.94,928101.76,96,0,1,Platinum,249
15724099,France,166257.96,1147764.48,93,0,1,Platinum,250
15569438,Germany,106702.94,1101309.48,130,0,1,Platinum,250
15712568,Spain,121355.99,927763.87,108,0,1,Platinum,250
15748856,France,107209.73,1147095.18,157,0,1,Platinum,251
15662908,Germany,125903.22,1100064.2,112,0,1,Platinum,251
15777576,Spain,139129.44,925149.68,98,0,1,Platinum,251
15668747,France,98444.19,1146096.78,153,0,1,Platinum,252
15809777,Germany,131778.66,1098937.52,103,0,1,Platinum,252
15716449,Spain,132168.28,923127.29,90,0,1,Platinum,252
15647099,France,156091.97,1145817.73,104,0,1,Platinum,253
15593331,Germany,146580.69,1098509.36,100,0,1,Platinum,253
15663249,Spain,133292.45,922499.02,103,0,1,Platinum,253
15776404,France,123374.46,1145736.22,126,0,1,Platinum,254
15742172,Germany,123938.6,1097708.03,101,0,1,Platinum,254
15760177,Spain,100252.18,922196.4400000001,134,0,1,Platinum,254
15632609,France,160132.75,1142873.36,89,0,1,Platinum,255
15653222,Germany,131938.92,1097600.24,90,0,1,Platinum,255
15744606,Spain,93833.86,921308.01,124,0,1,Platinum,255
15697606,France,125712.2,1142381.39,135,0,1,Platinum,256
15611794,Germany,133845.28,1096901.73,106,0,1,Platinum,256
15625916,Spain,161628.66,920921.71,79,0,1,Platinum,256
15741181,France,135071.12,1141408.34,99,0,1,Platinum,257
15581871,Germany,131287.36,1096070.32,120,0,1,Platinum,257
15591969,Spain,75263.16,920288.15,148,0,1,Platinum,257
15752984,France,87542.89,1139781.53,157,0,1,Platinum,258
15595831,Germany,145215.43,1095715.55,96,0,1,Platinum,258
15767757,Spain,120307.58,919661.88,134,0,1,Platinum,258
15715541,France,113311.11,1139683.5,142,0,1,Platinum,259
15620507,Germany,156771.68,1093276.41,90,0,1,Platinum,259
15618950,Spain,96659.64,916332.38,130,0,1,Platinum,259
15682369,France,146034.74,1139336.25,95,0,1,Platinum,260
15589195,Germany,130933.74,1089833.01,116,0,1,Platinum,260
15708265,Spain,159203.71,911359.96,74,1,1,Platinum,260
15722599,France,183613.66,1138237.19,88,0,1,Platinum,261
15789557,Germany,129810.6,1085060.57,112,0,1,Platinum,261
15608114,Spain,121286.27,911140.18,108,0,1,Platinum,261
15715078,France,161613.94,1136245.52,94,0,1,Platinum,262
15749489,Germany,115743.6,1083597.17,114,0,1,Platinum,262
15790689,Spain,80958.36,907676.94,138,0,1,Platinum,262
15654901,France,141556.96,1136117.49,111,0,1,Platinum,263
15679453,Germany,125997.22,1083567.42,108,1,1,Platinum,263
15687079,Spain,115462.44,907601.46,104,0,1,Platinum,263
15797194,France,129674.89,1134719.66,100,0,1,Platinum,264
15779052,Germany,157780.84,1081581.46,79,0,1,Platinum,264
15613880,Spain,128468.69,904576.05,90,0,1,Platinum,264
15750772,France,132129.72,1134407.29,100,0,1,Platinum,265
15594720,Germany,102742.91,1080735.98,138,0,1,Platinum,265
15746451,Spain,102749.72,900707.39,104,0,1,Platinum,265
15578435,France,110340.68,1134315.12,126,0,1,Platinum,266
15646366,Germany,120586.54,1077849.24,135,0,1,Platinum,266
15802118,Spain,123428.69,900545.89,107,0,1,Platinum,266
15758035,France,155973.13,1132606.71,107,0,1,Platinum,267
15770375,Germany,123126.29,1077446.6300000001,94,0,1,Platinum,267
15685997,Spain,166733.92,900107.63,66,0,1,Platinum,267
15684865,France,143773.07,1129534.8,125,0,1,Platinum,268
15570912,Germany,127772.1,1077312.49,127,0,1,Platinum,268
15619529,Spain,132576.25,899675.82,85,0,1,Platinum,268
15574584,France,126679.69,1127417.17,121,0,1,Platinum,269
15603454,Germany,160454.15,1076949.9,79,0,1,Platinum,269
15631333,Spain,130866.19,898353.37,93,0,1,Platinum,269
15697497,France,105525.65,1126788.47,143,0,1,Platinum,270
15594786,Germany,111565.91,1076592.78,125,0,1,Platinum,270
15580043,Spain,105229.34,895873.83,126,0,1,Platinum,270
15730705,France,165252.52,1126707.58,87,0,1,Platinum,271
15787825,Germany,152496.82,1074902.29,96,0,1,Platinum,271
15584776,Spain,112712.17,895266.55,97,0,1,Platinum,271
15637414,France,128736.39,1123515.69,105,0,1,Platinum,272
15800229,Germany,139022.24,1073381.85,117,0,1,Platinum,272
15730059,Spain,77637.35,894865.39,151,0,1,Platinum,272
15764409,France,108286.5,1122275.74,145,0,1,Platinum,273
15619494,Germany,117153.0,1069386.4,143,0,1,Platinum,273
15788676,Spain,71460.67,894848.97,141,0,1,Platinum,273
15722535,France,127837.54,1121969.97,127,0,1,Platinum,274
15629002,Germany,102603.3,1067422.02,134,0,1,Platinum,274
15722409,Spain,107604.66,890349.12,126,0,1,Platinum,274
15741745,France,120911.75,1120833.54,124,0,1,Platinum,275
15633650,Germany,146720.98,1066829.57,131,0,1,Platinum,275
15585192,Spain,136258.06,889796.13,91,0,1,Platinum,275
15767129,France,121730.49,1120074.39,99,0,1,Platinum,276
15667971,Germany,102143.93,1066453.06,105,0,1,Platinum,276
15764892,Spain,84474.62,886508.68,156,0,1,Platinum,276
15677184,France,115576.44,1119182.53,114,0,1,Platinum,277
15777599,Germany,141806.0,1066113.54,94,0,1,Platinum,277
15761525,Spain,96997.09,884491.27,120,0,1,Platinum,277
15699284,France,172713.44,1118431.46,96,0,1,Platinum,278
15773469,Germany,152328.88,1064401.06,91,0,1,Platinum,278
15774285,Spain,110783.28,883307.94,126,0,1,Platinum,278
15800805,France,140931.82,1115965.88,106,0,1,Platinum,279
15575146,Germany,117808.74,1064080.27,138,0,1,Platinum,279
15720745,Spain,140197.18,881534.78,75,0,1,Platinum,279
15662397,France,176099.13,1115854.15,90,0,1,Platinum,280
15642530,Germany,144090.42,1063661.67,79,1,1,Platinum,280
15660980,Spain,115702.67,880466.38,105,0,1,Platinum,280
15811415,France,134066.1,1114669.31,103,0,1,Platinum,281
15650591,Germany,118098.62,1062125.35,136,1,1,Platinum,281
15741728,Spain,135216.8,878973.14,100,0,1,Platinum,281
15789753,France,148790.61,1113843.98,99,0,1,Platinum,282
15774336,Germany,111369.79,1059015.39,132,0,1,Platinum,282
15769974,Spain,119182.73,878520.61,88,0,1,Platinum,282
15639576,France,136623.19,1113318.04,98,0,1,Platinum,283
15691840,Germany,159863.9,1058296.56,97,0,1,Platinum,283
15810167,Spain,126273.95,877508.38,103,0,1,Platinum,283
15802106,France,155973.88,1111675.22,85,0,1,Platinum,284
15578369,Germany,145219.3,1057056.63,107,0,1,Platinum,284
15689031,Spain,168066.87,875577.88,76,0,1,Platinum,284
15771477,France,106160.37,1110363.21,106,0,1,Platinum,285
15587210,Germany,113581.98,1056314.75,121,0,1,Platinum,285
15733387,Spain,109663.47,875429.13,103,0,1,Platinum,285
15672798,France,145933.27,1109800.74,101,0,1,Platinum,286
15624528,Germany,116244.14,1056011.06,129,0,1,Platinum,286
15639252,Spain,129548.5,875174.41,95,0,1,Platinum,286
15706365,France,102535.57,1104343.39,152,0,1,Platinum,287
15583394,Germany,106259.63,1055751.37,127,0,1,Platinum,287
15628298,Spain,128486.11,874125.22,82,0,1,Platinum,287
15681550,France,121558.46,1103791.11,143,0,1,Platinum,288
15752375,Germany,149564.61,1055182.85,92,0,1,Platinum,288
15662091,Spain,116099.82,873537.21,111,0,1,Platinum,288
15767818,France,132436.34,1102898.61,95,0,1,Platinum,289
15797733,Germany,136622.55,1052265.17,100,0,1,Platinum,289
15751131,Spain,150302.84,873457.82,100,0,1,Platinum,289
15607786,France,156551.63,1102313.26,104,0,1,Platinum,290
15587978,Germany,170057.62,1051647.53,84,0,1,Platinum,290
15744843,Spain,144855.34,872750.68,73,0,1,Platinum,290
15720671,France,129735.3,1100821.21,110,0,1,Platinum,291
15733491,Germany,153537.57,1051182.27,90,0,1,Platinum,291
15746035,Spain,74237.2,872624.46,168,0,1,Platinum,291
15678057,France,118569.03,1100273.5,111,0,1,Platinum,292
15624703,Germany,129847.75,1049737.8800000001,99,0,1,Platinum,292
15813503,Spain,154712.58,872077.94,76,0,1,Platinum,292
15616451,France,128252.66,1097959.29,104,0,1,Platinum,293
15754526,Germany,147137.74,1049310.58,105,0,1,Platinum,293
15705352,Spain,111484.88,869674.17,98,0,1,Platinum,293
15797686,France,113000.92,1097915.4,134,0,1,Platinum,294
15631871,Germany,116936.81,1049168.08,115,0,1,Platinum,294
15629793,Spain,156823.7,867736.99,74,0,1,Platinum,294
15782456,France,143267.14,1096725.69,87,0,1,Platinum,295
15778025,Germany,108589.47,1046464.7,136,0,1,Platinum,295
15606232,Spain,116338.68,867674.92,108,0,1,Platinum,295
15611800,France,125163.62,1095658.07,116,0,1,Platinum,296
15623450,Germany,135842.89,1045886.17,112,0,1,Platinum,296
15713347,Spain,179852.26,866122.93,71,0,1,Platinum,296
15614520,France,148580.12,1095302.81,93,0,1,Platinum,297
15618203,Germany,116197.65,1045461.53,130,0,1,Platinum,297
15587535,Spain,177619.71,865890.12,61,0,1,Platinum,297
15614827,France,104430.08,1094553.95,128,0,1,Platinum,298
15748608,Germany,141927.1,1043278.17,94,0,1,Platinum,298
15612633,Spain,78022.61,865041.98,144,0,1,Platinum,298
15794792,France,117989.76,1092675.12,117,0,1,Platinum,299
15673074,Germany,126663.51,1039603.83,86,0,1,Platinum,299
15599535,Spain,138668.18,860681.26,82,0,1,Platinum,299
15772559,France,148636.21,1091121.43,99,1,1,Platinum,300
15721569,Germany,119327.93,1038856.36,128,0,1,Platinum,300
15624595,Spain,124580.69,860147.39,86,0,1,Platinum,300
15630244,France,134320.23,1091041.25,111,0,1,Platinum,301
15577514,Germany,121263.62,1033747.84,107,0,1,Platinum,301
15671582,Spain,109869.32,858359.42,101,0,1,Platinum,301
15719624,France,121858.98,1090237.15,97,0,1,Platinum,302
15618363,Germany,82916.48,1031106.75,153,0,1,Platinum,302
15675888,Spain,72788.03,855730.49,151,0,1,Platinum,302
15640491,France,147493.7,1086043.63,114,0,1,Platinum,303
15567897,Germany,132725.1,1030997.5800000001,82,0,1,Platinum,303
15623521,Spain,123105.88,854912.43,74,0,1,Platinum,303
15612108,France,164978.01,1085597.54,85,0,1,Platinum,304
15774262,Germany,83693.34,1029460.01,135,0,1,Platinum,304
15809309,Spain,154251.67,853581.39,80,0,1,Platinum,304
15606552,France,105261.76,1085497.5,145,0,1,Platinum,305
15631392,Germany,84673.17,1027717.55,159,0,1,Platinum,305
15609823,Spain,127095.14,853446.6,88,0,1,Platinum,305
15726631,France,127357.76,1085233.57,112,0,1,Platinum,306
15607381,Germany,148913.72,1026102.36,80,0,1,Platinum,306
15610557,Spain,79858.13,852328.21,124,0,1,Platinum,306
15761763,France,164385.53,1084196.4,87,0,1,Platinum,307
15706185,Germany,140187.1,1023837.72,87,0,1,Platinum,307
15655903,Spain,107980.37,850768.65,104,0,1,Platinum,307
15795429,France,133628.09,1084032.55,104,0,1,Platinum,308
15684011,Germany,130575.26,1023184.61,111,0,1,Platinum,308
15715199,Spain,126815.97,849509.21,93,0,1,Platinum,308
15636872,France,144705.87,1082586.65,101,0,1,Platinum,309
15813917,Germany,143321.97,1022833.8,86,0,1,Platinum,309
15613787,Spain,116932.59,849271.01,86,0,1,Platinum,309
15703292,France,86270.93,1078380.53,142,0,1,Platinum,310
15649280,Germany,134504.78,1022687.28,110,0,1,Platinum,310
15675256,Spain,127343.4,848767.8,79,0,1,Platinum,310
15568487,France,124616.23,1078024.75,118,0,1,Platinum,311
15680736,Germany,124978.19,1020474.48,93,0,1,Platinum,311
15607275,Spain,206014.94,848224.9299999999,64,1,1,Platinum,311
15611371,France,176134.54,1076945.83,76,0,1,Platinum,312
15621644,Germany,123356.63,1017973.58,101,0,1,Platinum,312
15787848,Spain,113672.18,847540.5599999999,84,0,1,Platinum,312
15638788,France,97514.07,1074674.21,137,0,1,Platinum,313
15670080,Germany,105204.01,1015959.5,119,0,1,Platinum,313
15779711,Spain,97257.41,846788.04,119,0,1,Platinum,313
15717527,France,145359.99,1074618.39,102,0,1,Platinum,314
15599081,Germany,102785.16,1015240.57,129,0,1,Platinum,314
15740458,Spain,135095.47,844410.81,74,0,1,Platinum,314
15611365,France,127661.69,1074114.33,103,0,1,Platinum,315
15765902,Germany,163034.82,1012629.31,77,0,1,Platinum,315
15743016,Spain,141604.76,840537.22,81,0,1,Platinum,315
15628155,France,117183.74,1066509.34,130,0,1,Platinum,316
15692142,Germany,105086.74,1010741.66,127,1,1,Platinum,316
15752193,Spain,90723.36,836162.96,98,0,1,Platinum,316
15727197,France,170228.59,1065890.7,92,1,1,Platinum,317
15742358,Germany,101160.99,1010154.19,122,0,1,Platinum,317
15626322,Spain,127570.93,833384.14,91,0,1,Platinum,317
15699797,France,174356.13,1065801.24,88,0,1,Platinum,318
15758939,Germany,127801.88,1009969.38,115,0,1,Platinum,318
15704844,Spain,80927.56,833065.09,106,0,1,Platinum,318
15637650,France,94748.76,1064650.37,145,0,1,Platinum,319
15607988,Germany,155303.71,1009393.9,97,0,1,Platinum,319
15797149,Spain,143680.47,832568.13,71,0,1,Platinum,319
15689594,France,179539.2,1064173.1300000001,74,0,1,Platinum,320
15604544,Germany,166082.15,1009051.86,84,0,1,Platinum,320
15626383,Spain,121907.97,831196.55,106,0,1,Platinum,320
15650351,France,102133.38,1062887.64,150,0,1,Platinum,321
15655232,Germany,126803.34,1008559.13,107,0,1,Platinum,321
15690079,Spain,124857.69,829377.57,90,0,1,Platinum,321
15594349,France,122486.47,1061581.42,89,0,1,Platinum,322
15706706,Germany,135310.41,1008547.0,106,0,1,Platinum,322
15653404,Spain,79263.9,829201.48,139,0,1,Platinum,322
15573348,France,102050.47,1060941.82,132,0,1,Platinum,323
15787014,Germany,90371.09,1007963.81,154,0,1,Platinum,323
15633877,Spain,95386.82,828941.02,125,0,1,Platinum,323
15687540,France,100249.41,1060657.09,145,0,1,Platinum,324
15626008,Germany,111973.97,1005833.17,124,1,1,Platinum,324
15614923,Spain,107511.52,827499.2,107,0,1,Platinum,324
15725036,France,118546.71,1060624.86,124,0,1,Platinum,325
15764226,Germany,106425.75,1005200.45,134,0,1,Platinum,325
15589949,Spain,152806.74,826946.87,91,0,1,Platinum,325
15677395,France,129189.15,1058276.54,104,0,1,Platinum,326
15607748,Germany,108432.88,1002641.46,136,0,1,Platinum,326
15779414,Spain,153639.11,825369.75,65,0,1,Platinum,326
15674727,France,147531.82,1058084.6,93,0,1,Platinum,327
15750181,Germany,110112.54,1000605.36,106,0,1,Platinum,327
15682541,Spain,132311.71,824024.13,67,0,1,Platinum,327
15700209,France,97009.15,1055616.65,153,0,1,Platinum,328
15726058,Germany,117578.35,998464.14,118,0,1,Platinum,328
15680683,Spain,197200.04,823376.65,47,0,1,Platinum,328
15768295,France,109564.1,1054524.76,113,0,1,Platinum,329
15799964,Germany,139872.81,996096.86,82,0,1,Platinum,329
15630167,Spain,139723.9,822148.62,80,0,1,Platinum,329
15605672,France,195926.39,1053825.85,85,0,1,Platinum,330
15761286,Germany,119499.42,995063.2999999999,116,0,1,Platinum,330
15756167,Spain,134204.67,822086.45,80,0,1,Platinum,330
15674442,France,157761.56,1052107.49,67,0,1,Platinum,331
15696361,Germany,125681.51,993515.3099999999,128,0,1,Platinum,331
15710316,Spain,144837.79,820717.0700000001,76,0,1,Platinum,331
15583137,France,130806.99,1049590.65,87,1,1,Platinum,332
15576517,Germany,131082.17,993361.25,110,0,1,Platinum,332
15583278,Spain,92716.96,820428.56,130,0,1,Platinum,332
15672145,France,121551.58,1049430.08,115,0,1,Platinum,333
15684318,Germany,96486.57,991703.3,118,0,1,Platinum,333
15567993,Spain,134766.85,820288.75,81,0,1,Platinum,333
15784092,France,126195.81,1047796.77,111,0,1,Platinum,334
15702789,Germany,175214.71,991177.64,79,0,1,Platinum,334
15579892,Spain,112615.86,816948.34,103,0,1,Platinum,334
15641877,France,97023.21,1045754.94,145,0,1,Platinum,335
15719508,Germany,121205.15,990934.99,113,1,1,Platinum,335
15705707,Spain,138296.94,815738.34,86,0,1,Platinum,335
15801395,France,135120.72,1044717.03,101,0,1,Platinum,336
15660301,Germany,148745.92,990857.36,103,0,1,Platinum,336
15668104,Spain,118433.94,813984.57,101,0,1,Platinum,336
15815552,France,112333.63,1043944.54,101,0,1,Platinum,337
15590094,Germany,126265.88,990755.58,81,0,1,Platinum,337
15680918,Spain,117300.02,809789.84,83,0,1,Platinum,337
15589805,France,139810.34,1042887.37,106,0,1,Platinum,338
15703059,Germany,124829.16,988514.11,106,0,1,Platinum,338
15673599,Spain,133476.09,807734.47,84,0,1,Platinum,338
15713594,France,147256.86,1042786.76,77,0,1,Platinum,339
15770101,Germany,112088.04,987623.3099999999,103,0,1,Platinum,339
15777639,Spain,101126.66,805748.38,111,0,1,Platinum,339
15596811,France,139753.35,1041091.65,89,0,1,Platinum,340
15687688,Germany,139875.2,987137.12,100,0,1,Platinum,340
15771857,Spain,89039.9,805471.35,121,0,1,Platinum,340
15664639,France,128514.84,1040510.05,98,0,1,Platinum,341
15764444,Germany,125850.53,986119.8200000001,115,0,1,Platinum,341
15744368,Spain,98308.51,802656.71,103,0,1,Platinum,341
15600813,France,90305.76,1039520.64,145,0,1,Platinum,342
15630580,Germany,108513.25,985158.89,137,0,1,Platinum,342
15708196,Spain,88786.81,802391.44,132,0,1,Platinum,342
15614740,France,135203.81,1035557.29,109,0,1,Platinum,343
15782802,Germany,114450.32,984047.27,95,0,1,Platinum,343
15612193,Spain,115545.33,800635.44,97,0,1,Platinum,343
15685706,France,118991.79,1035502.22,116,0,1,Platinum,344
15649078,Germany,111837.78,982373.92,124,0,1,Platinum,344
15593178,Spain,153610.61,799361.71,82,1,1,Platinum,344
15784700,France,117799.28,1034743.03,118,0,1,Platinum,345
15638047,Germany,142765.24,979266.9400000001,96,0,1,Platinum,345
15570908,Spain,93617.07,798418.01,130,0,1,Platinum,345
15719426,France,103101.56,1033861.17,131,1,1,Platinum,346
15635034,Germany,101191.83,978914.11,125,1,1,Platinum,346
15648272,Spain,71829.34,798314.49,139,0,1,Platinum,346
15683213,France,74988.59,1033607.81,159,0,1,Platinum,347
15781465,Germany,121326.42,976351.34,88,0,1,Platinum,347
15741092,Spain,153360.02,797470.14,96,0,1,Platinum,347
15728523,France,144147.68,1033341.97,87,0,1,Platinum,348
15610056,Germany,125227.82,974228.3,101,0,1,Platinum,348
15733974,Spain,125822.21,796983.04,89,0,1,Platinum,348
15570769,France,93320.8,1032069.47,158,0,1,Platinum,349
15664752,Germany,136000.45,973835.66,96,0,1,Platinum,349
15784361,Spain,140355.6,796623.38,86,0,1,Platinum,349
15770719,France,151553.19,1031976.59,98,0,1,Platinum,350
15646859,Germany,107363.29,973788.55,105,0,1,Platinum,350
15618258,Spain,158024.38,794923.0,53,0,1,Platinum,350
15722611,France,114233.18,1031421.76,123,0,1,Platinum,351
15756475,Germany,82293.82,972114.66,151,0,1,Platinum,351
15757188,Spain,153455.72,790021.42,70,0,1,Platinum,351
15778589,France,113014.7,1028958.54,112,0,1,Platinum,352
15742116,Germany,116711.06,971678.68,99,0,1,Platinum,352
15636069,Spain,155519.59,789454.14,79,0,1,Platinum,352
15778936,France,147510.34,1028650.07,93,0,1,Platinum,353
15761950,Germany,110827.49,969819.24,105,1,1,Platinum,353
15746490,Spain,111201.41,788948.67,91,0,1,Platinum,353
15711457,France,124540.28,1028003.84,112,0,1,Platinum,354
15658675,Germany,135795.63,969517.35,94,0,1,Platinum,354
15759456,Spain,140694.78,787358.38,71,0,1,Platinum,354
15730579,France,169445.4,1027042.11,82,0,1,Platinum,355
15814772,Germany,160133.88,969135.17,69,0,1,Platinum,355
15749123,Spain,157332.26,786938.15,85,0,1,Platinum,355
15723169,France,138857.59,1026110.4,100,0,1,Platinum,356
15803685,Germany,76510.52,969108.67,144,0,1,Platinum,356
15751208,Spain,78707.16,785843.14,134,0,1,Platinum,356
15615670,France,119547.46,1025757.97,83,0,1,Platinum,357
15677049,Germany,106570.34,968837.7,110,0,1,Platinum,357
15623102,Spain,116980.78,785788.63,100,0,1,Platinum,357
15618314,France,114005.78,1025071.12,121,0,1,Platinum,358
15722037,Germany,115462.02,968679.72,111,0,1,Platinum,358
15589348,Spain,137204.77,785591.95,73,0,1,Platinum,358
15750803,France,127992.25,1022787.98,105,0,1,Platinum,359
15695280,Germany,142755.25,968497.79,97,0,1,Platinum,359
15806688,Spain,123110.9,783902.21,84,1,1,Platinum,359
15707120,France,117640.39,1021919.67,96,0,1,Platinum,360
15724145,Germany,149318.55,967834.19,86,0,1,Platinum,360
15800703,Spain,113157.22,783889.96,86,0,1,Platinum,360
15623196,France,149238.97,1020639.38,93,0,1,Platinum,361
15762169,Germany,145018.64,967492.51,64,1,1,Platinum,361
15627517,Spain,149400.27,783822.78,51,0,1,Platinum,361
15775949,France,110615.47,1019470.37,135,0,1,Platinum,362
15707681,Germany,88977.39,967475.0,142,0,1,Platinum,362
15810878,Spain,141786.78,783535.47,89,0,1,Platinum,362
15741078,France,111729.47,1018404.08,106,0,1,Platinum,363
15685844,Germany,141665.63,967009.0599999999,123,0,1,Platinum,363
15731330,Spain,100471.34,781920.95,99,0,1,Platinum,363
15760244,France,160979.68,1018189.5,90,0,1,Platinum,364
15762134,Germany,119152.1,965796.65,123,0,1,Platinum,364
15632899,Spain,104508.77,779939.03,101,0,1,Platinum,364
15801817,France,123544.21,1016916.82,111,0,1,Platinum,365
15604792,Germany,140752.06,965313.0,101,0,1,Platinum,365
15602312,Spain,150092.8,779881.21,62,0,1,Platinum,365
15582960,France,125827.43,1016584.2,95,0,1,Platinum,366
15666982,Germany,123948.85,964475.49,107,0,1,Platinum,366
15692132,Spain,101060.25,779753.66,103,0,1,Platinum,366
15641474,France,139859.54,1016280.49,74,0,1,Platinum,367
15793723,Germany,144272.07,962984.83,81,0,1,Platinum,367
15724181,Spain,105603.21,779479.37,88,0,1,Platinum,367
15785865,France,91285.13,1015843.23,130,0,1,Platinum,368
15728608,Germany,91025.58,962809.34,151,0,1,Platinum,368
15592379,Spain,121056.63,779276.24,100,0,1,Platinum,368
15733705,France,92472.1,1015654.01,132,0,1,Platinum,369
15709232,Germany,157099.47,962095.63,87,0,1,Platinum,369
15603925,Spain,174318.13,779217.19,61,0,1,Platinum,369
15808905,France,164858.18,1015509.68,80,0,1,Platinum,370
15610711,Germany,128644.46,962022.7,92,0,1,Platinum,370
15633666,Spain,123870.07,778807.7,68,0,1,Platinum,370
15750056,France,149218.39,1014258.91,93,0,1,Platinum,371
15718280,Germany,139822.11,959517.26,92,0,1,Platinum,371
15668472,Spain,177799.83,778069.85,60,0,1,Platinum,371
15657085,France,88980.32,1013759.28,138,0,1,Platinum,372
15770420,Germany,78136.36,958043.2,167,0,1,Platinum,372
15602479,Spain,129312.79,777523.83,78,0,1,Platinum,372
15676576,France,143061.88,1011149.08,81,0,1,Platinum,373
15762091,Germany,139129.92,957104.08,102,0,1,Platinum,373
15607753,Spain,70417.79,774743.2,155,0,1,Platinum,373
15631267,France,153590.73,1011095.05,88,0,1,Platinum,374
15771750,Germany,122314.39,956646.06,93,0,1,Platinum,374
15599860,Spain,109958.15,773575.16,86,1,1,Platinum,374
15632069,France,125211.55,1009379.6,98,0,1,Platinum,375
15636541,Germany,144961.97,956138.51,74,0,1,Platinum,375
15613923,Spain,170172.9,770161.03,56,0,1,Platinum,375
15778752,France,86614.06,1008981.21,159,0,1,Platinum,376
15579781,Germany,138653.51,954540.01,99,0,1,Platinum,376
15591766,Spain,121166.89,769769.0700000001,57,0,1,Platinum,376
15771540,France,148912.44,1008842.74,103,0,1,Platinum,377
15567437,Germany,123040.38,954305.26,112,0,1,Platinum,377
15768104,Spain,141541.25,763976.21,77,0,1,Platinum,377
15606601,France,186788.96,1008533.36,63,0,1,Platinum,378
15620000,Germany,121303.77,953509.65,95,0,1,Platinum,378
15603741,Spain,128389.12,763367.38,73,0,1,Platinum,378
15673619,France,162560.32,1006358.2,96,0,1,Platinum,379
15579074,Germany,84651.79,953386.44,156,0,1,Platinum,379
15752650,Spain,121231.39,762452.35,94,0,1,Platinum,379
15726796,France,111501.66,1006331.55,123,0,1,Platinum,380
15670602,Germany,107418.27,953080.54,110,0,1,Platinum,380
15615322,Spain,97473.87,761307.34,112,0,1,Platinum,380
15605263,France,140931.57,1005022.55,82,0,1,Platinum,381
15742824,Germany,162318.61,952498.11,83,0,1,Platinum,381
15722090,Spain,81818.49,760568.24,105,0,1,Platinum,381
15675176,France,144953.31,1004766.8099999999,96,0,1,Platinum,382
15732020,Germany,106938.11,952293.84,110,0,1,Platinum,382
15710421,Spain,117152.3,760323.83,90,0,1,Platinum,382
15690130,France,137649.47,1004678.3,78,0,1,Platinum,383
15613463,Germany,132598.38,951357.06,100,0,1,Platinum,383
15658169,Spain,127299.34,756913.15,71,0,1,Platinum,383
15608916,France,147754.68,998852.67,97,0,1,Platinum,384
15581323,Germany,139246.22,951099.28,69,0,1,Platinum,384
15655341,Spain,166492.48,756437.39,45,0,1,Platinum,384
15694530,France,167268.98,998542.0,73,0,1,Platinum,385
15576676,Germany,124923.35,950557.96,95,0,1,Platinum,385
15725076,Spain,107751.68,752487.5,93,0,1,Platinum,385
15633274,France,160515.37,997363.21,82,0,1,Platinum,386
15732563,Germany,99046.31,950478.47,112,0,1,Platinum,386
15604119,Spain,110349.82,751991.5,77,0,1,Platinum,386
15631217,France,156218.19,995014.62,94,0,1,Platinum,387
15775663,Germany,134729.99,950447.81,105,0,1,Platinum,387
15600510,Spain,124140.57,751059.96,64,0,1,Platinum,387
15788494,France,145875.74,994368.33,91,0,1,Platinum,388
15611669,Germany,126608.37,949249.43,97,1,1,Platinum,388
15664720,Spain,122017.19,749975.3099999999,84,0,1,Platinum,388
15588456,France,143566.12,993064.23,81,0,1,Platinum,389
15602280,Germany,112045.67,949031.98,101,1,1,Platinum,389
15812917,Spain,116662.96,748505.16,86,0,1,Platinum,389
15622801,France,102000.17,992904.63,132,0,1,Platinum,390
15677387,Germany,76692.22,949004.77,165,0,1,Platinum,390
15721251,Spain,112152.89,746879.36,78,0,1,Platinum,390
15739850,France,155417.61,992797.28,102,0,1,Platinum,391
15775756,Germany,148055.74,947990.4,81,0,1,Platinum,391
15723373,Spain,117451.47,744330.73,80,0,1,Platinum,391
15623744,France,105302.66,992566.73,138,0,1,Platinum,392
15621818,Germany,117726.33,947366.52,101,0,1,Platinum,392
15609475,Spain,98544.11,743054.63,102,0,1,Platinum,392
15771270,France,127471.56,991567.4,102,1,1,Platinum,393
15748639,Germany,110053.62,947159.21,106,0,1,Platinum,393
15750299,Spain,68781.82,742617.93,160,0,1,Platinum,393
15686611,France,129755.99,989340.99,109,0,1,Platinum,394
15614302,Germany,125837.86,947146.8,110,0,1,Platinum,394
15718153,Spain,128917.84,741925.03,85,0,1,Platinum,394
15660608,France,158697.61,988873.96,76,0,1,Platinum,395
15785576,Germany,119496.87,946837.33,91,0,1,Platinum,395
15761606,Spain,101707.8,740802.05,89,0,1,Platinum,395
15635256,France,117687.35,988784.55,115,0,1,Platinum,396
15755225,Germany,134464.58,944676.4,103,0,1,Platinum,396
15660155,Spain,92140.15,736532.33,97,0,1,Platinum,396
15653547,France,131317.48,988530.87,117,0,1,Platinum,397
15799815,Germany,163549.63,943532.32,72,0,1,Platinum,397
15588566,Spain,116474.28,734676.6,89,0,1,Platinum,397
15621653,France,87946.39,988530.14,142,0,1,Platinum,398
15703482,Germany,134260.36,942839.63,93,0,1,Platinum,398
15691723,Spain,99685.06,734228.04,102,0,1,Platinum,398
15779913,France,130231.8,987553.29,98,0,1,Platinum,399
15590327,Germany,166031.45,942725.2,91,0,1,Platinum,399
15790782,Spain,132628.98,733926.72,66,0,1,Platinum,399
15667216,France,73194.52,986591.39,168,0,1,Platinum,400
15573280,Germany,145295.31,940106.92,85,0,1,Platinum,400
15712068,Spain,84692.5,732988.7,126,0,1,Platinum,400
15615820,France,103302.37,985961.86,122,0,1,Platinum,401
15730353,Germany,145294.08,940075.07,83,0,1,Platinum,401
15717164,Spain,102238.01,732805.53,91,0,1,Platinum,401
15631912,France,136291.71,985035.14,100,0,1,Platinum,402
15655252,Germany,79857.64,938383.41,161,0,1,Platinum,402
15635277,Spain,142643.54,732614.8,70,0,1,Platinum,402
15653110,France,133767.19,983683.14,100,0,1,Platinum,403
15573628,Germany,148074.79,938024.4400000001,63,1,1,Platinum,403
15752097,Spain,99640.89,731220.64,92,0,1,Platinum,403
15583499,France,103324.78,980762.6900000001,137,0,1,Platinum,404
15622833,Germany,130420.2,937624.59,96,0,1,Platinum,404
15597239,Spain,131468.44,729880.73,79,0,1,Platinum,404
15577905,France,106486.66,980543.16,139,0,1,Platinum,405
15770091,Germany,160858.13,937259.2,81,0,1,Platinum,405
15811594,Spain,128929.88,728506.42,63,0,1,Platinum,405
15721917,France,95139.41,980205.31,138,0,1,Platinum,406
15789201,Germany,145623.36,937164.06,96,0,1,Platinum,406
15578156,Spain,138521.83,728461.97,79,0,1,Platinum,406
15602084,France,124626.07,980050.85,80,0,1,Platinum,407
15652048,Germany,105007.31,936063.41,107,0,1,Platinum,407
15590097,Spain,136082.0,726693.41,79,0,1,Platinum,407
15691952,France,106242.67,979617.29,146,0,1,Platinum,408
15655229,Germany,114285.2,934332.4,116,0,1,Platinum,408
15776096,Spain,161572.24,726640.21,46,0,1,Platinum,408
15694296,France,112392.45,977371.16,100,0,1,Platinum,409
15785611,Germany,183102.29,934107.8,57,0,1,Platinum,409
15806922,Spain,126605.14,726304.03,81,0,1,Platinum,409
15642468,France,132739.26,976246.48,95,0,1,Platinum,410
15786153,Germany,137774.11,934026.01,95,0,1,Platinum,410
15752463,Spain,129938.07,725742.78,68,0,1,Platinum,410
15601627,France,148163.57,976245.52,87,0,1,Platinum,411
15665238,Germany,145071.24,931887.4,82,0,1,Platinum,411
15641285,Spain,163085.79,723352.45,54,0,1,Platinum,411
15633640,France,161209.66,975601.61,77,0,1,Platinum,412
15722061,Germany,142015.76,931873.32,86,0,1,Platinum,412
15587596,Spain,107553.33,722778.91,88,0,1,Platinum,412
15678034,France,180226.24,975460.0599999999,62,1,1,Platinum,413
15606076,Germany,123204.88,931514.64,111,0,1,Platinum,413
15697270,Spain,153325.1,722397.66,61,0,1,Platinum,413
15597131,France,145807.59,975144.15,93,0,1,Platinum,414
15664150,Germany,170214.23,931025.18,90,0,1,Platinum,414
15807335,Spain,116954.32,722255.46,77,0,1,Platinum,414
15630641,France,127103.97,974318.61,102,0,1,Platinum,415
15606944,Germany,140121.17,930853.22,78,1,1,Platinum,415
15593973,Spain,122528.18,722126.39,80,0,1,Platinum,415
15737310,France,130206.28,974102.74,101,0,1,Platinum,416
15746995,Germany,138166.3,929504.26,86,0,1,Platinum,416
15624343,Spain,129667.77,721649.9,80,0,1,Platinum,416
15583462,France,171069.39,973829.39,71,0,1,Platinum,417
15611058,Germany,138597.54,925441.84,87,1,1,Platinum,417
15595447,Spain,118201.41,721405.05,90,0,1,Platinum,417
15690731,France,131411.24,973210.03,92,0,1,Platinum,418
15786905,Germany,141782.57,925403.12,88,0,1,Platinum,418
15665222,Spain,121161.57,720466.45,84,0,1,Platinum,418
15665784,France,128940.24,971804.37,99,0,1,Platinum,419
15763683,Germany,139626.01,925175.65,80,1,1,Platinum,419
15720338,Spain,85845.43,720112.22,132,0,1,Platinum,419
15615219,France,138772.15,971759.11,76,0,1,Platinum,420
15713559,Germany,146602.25,924968.56,89,0,1,Platinum,420
15733111,Spain,124179.3,718966.84,87,0,1,Platinum,420
15699389,France,118274.71,971452.46,111,0,1,Platinum,421
15729689,Germany,98585.94,921817.28,90,0,1,Platinum,421
15604130,Spain,142319.03,718197.2,65,0,1,Platinum,421
15569266,France,155060.41,970345.14,84,0,1,Platinum,422
15616550,Germany,116363.37,921522.87,95,0,1,Platinum,422
15667742,Spain,100880.76,717991.55,82,0,1,Platinum,422
15771966,France,146200.01,968633.74,80,0,1,Platinum,423
15705448,Germany,130013.12,920486.6900000001,85,1,1,Platinum,423
15688007,Spain,165260.98,717677.11,60,0,1,Platinum,423
15628272,France,114997.42,966052.66,93,0,1,Platinum,424
15600700,Germany,116227.27,920378.31,101,0,1,Platinum,424
15600720,Spain,115144.68,717374.23,82,0,1,Platinum,424
15782875,France,157274.36,965978.04,86,0,1,Platinum,425
15760568,Germany,142658.04,920088.35,90,0,1,Platinum,425
15759381,Spain,91070.43,717273.41,110,0,1,Platinum,425
15772383,France,131307.11,965133.34,100,0,1,Platinum,426
15596761,Germany,113715.36,918412.01,105,1,1,Platinum,426
15590888,Spain,107556.06,717152.54,98,0,1,Platinum,426
15624667,France,135871.5,964340.19,102,0,1,Platinum,427
15566253,Germany,143391.07,916816.26,82,1,1,Platinum,427
15713160,Spain,157228.61,716240.9400000001,68,0,1,Platinum,427
15629787,France,107303.72,962621.12,125,0,1,Platinum,428
15725221,Germany,83008.31,916113.07,160,0,1,Platinum,428
15715394,Spain,123557.65,713849.4,72,0,1,Platinum,428
15750447,France,117738.81,960254.6799999999,102,1,1,Platinum,429
15604536,Germany,164672.66,911824.38,65,0,1,Platinum,429
15590993,Spain,152212.88,712733.45,59,0,1,Platinum,429
15571281,France,79562.98,959680.15,162,0,1,Platinum,430
15708610,Germany,100368.63,908839.66,115,0,1,Platinum,430
15671104,Spain,172196.23,712499.86,53,0,1,Platinum,430
15793813,France,103688.19,959618.9,123,0,1,Platinum,431
15800268,Germany,118050.79,908010.46,99,0,1,Platinum,431
15601045,Spain,163708.58,710867.85,78,0,1,Platinum,431
15619932,France,123760.68,959563.86,112,0,1,Platinum,432
15700476,Germany,103522.75,906068.96,132,0,1,Platinum,432
15784286,Spain,102145.13,708252.94,88,0,1,Platinum,432
15774931,France,112935.87,958468.47,111,0,1,Platinum,433
15693233,Germany,99812.88,903669.1,109,0,1,Platinum,433
15595162,Spain,122570.69,708030.4400000001,84,0,1,Platinum,433
15659194,France,89182.09,958186.74,130,0,1,Platinum,434
15622993,Germany,124695.72,903562.8,88,0,1,Platinum,434
15735106,Spain,149594.02,707902.07,70,0,1,Platinum,434
15739160,France,115465.28,956892.79,106,0,1,Platinum,435
15805565,Germany,116927.89,902116.38,92,0,1,Platinum,435
15790658,Spain,68683.68,707420.37,142,0,1,Platinum,435
15709639,France,112465.06,954304.13,92,0,1,Platinum,436
15772148,Germany,151242.48,901842.84,88,0,1,Platinum,436
15801247,Spain,105317.73,706728.1900000001,91,0,1,Platinum,436
15767231,France,144852.06,952835.65,85,0,1,Platinum,437
15713853,Germany,108748.08,901232.28,123,0,1,Platinum,437
15645600,Spain,98926.4,704631.37,108,0,1,Platinum,437
15704509,France,121063.49,952575.48,95,0,1,Platinum,438
15769389,Germany,124723.92,899626.94,75,0,1,Platinum,438
15716082,Spain,152685.4,700316.14,59,0,1,Platinum,438
15763895,France,178011.5,952137.9,79,0,1,Platinum,439
15645637,Germany,119787.76,899107.2,101,0,1,Platinum,439
15725039,Spain,71667.74,700008.02,123,0,1,Platinum,439
15585533,France,147733.64,951865.07,96,0,1,Platinum,440
15663888,Germany,204017.4,898512.82,72,0,1,Platinum,440
15636024,Spain,109699.08,699321.47,73,0,1,Platinum,440
15600086,France,123764.95,951683.22,121,0,1,Platinum,441
15743817,Germany,174126.75,898007.52,61,1,1,Platinum,441
15788930,Spain,132730.17,699249.04,70,0,1,Platinum,441
15715745,France,157624.84,951578.18,76,0,1,Platinum,442
15712543,Germany,124828.46,897940.72,106,0,1,Platinum,442
15592578,Spain,146997.64,698582.51,80,0,1,Platinum,442
15610727,France,128829.25,951336.72,90,0,1,Platinum,443
15811314,Germany,140355.56,897901.11,98,0,1,Platinum,443
15569626,Spain,110080.3,696521.49,88,0,1,Platinum,443
15701175,France,90791.69,950364.04,143,0,1,Platinum,444
15686983,Germany,76968.12,897235.03,156,0,1,Platinum,444
15647111,Spain,114440.24,694912.38,68,0,1,Platinum,444
15799515,France,133297.24,948491.73,97,0,1,Platinum,445
15650889,Germany,133537.1,896649.77,96,0,1,Platinum,445
15767729,Spain,182876.88,694705.67,73,1,1,Platinum,445
15569222,France,147107.91,947159.38,81,0,1,Platinum,446
15655574,Germany,150777.1,896615.5,71,0,1,Platinum,446
15717879,Spain,108078.56,694535.72,79,0,1,Platinum,446
15687431,France,115171.71,945537.4,119,0,1,Platinum,447
15683524,Germany,166070.48,896080.67,67,0,1,Platinum,447
15659364,Spain,164902.43,694491.41,59,0,1,Platinum,447
15681180,France,156123.73,945040.47,83,0,1,Platinum,448
15656121,Germany,157791.07,894727.18,72,0,1,Platinum,448
15625713,Spain,91187.9,693962.06,103,0,1,Platinum,448
15658475,France,142882.49,944725.84,79,1,1,Platinum,449
15571261,Germany,126077.43,894673.22,106,0,1,Platinum,449
15693690,Spain,115532.52,693471.45,77,0,1,Platinum,449
15809279,France,96877.21,942849.83,121,0,1,Platinum,450
15621611,Germany,155196.17,894526.87,69,1,1,Platinum,450
15749851,Spain,135219.57,691736.3,66,0,1,Platinum,450
15794266,France,145303.52,941808.84,81,0,1,Platinum,451
15644621,Germany,106756.01,892935.77,109,0,1,Platinum,451
15707505,Spain,125927.51,690884.24,77,0,1,Platinum,451
15585047,France,160376.61,941137.07,80,0,1,Platinum,452
15693683,Germany,97086.4,891848.27,138,0,1,Platinum,452
15708791,Spain,85534.83,688839.5,104,0,1,Platinum,452
15761713,France,178074.33,939921.28,75,0,1,Platinum,453
15657566,Germany,103097.85,891633.12,117,0,1,Platinum,453
15769412,Spain,207034.96,687930.71,42,1,1,Platinum,453
15611024,France,93522.2,938962.21,137,0,1,Platinum,454
15720820,Germany,69881.09,886702.41,156,0,1,Platinum,454
15774151,Spain,179915.85,687036.96,54,1,1,Platinum,454
15782758,France,147650.68,938937.33,86,0,1,Platinum,455
15810716,Germany,151836.36,886663.68,88,0,1,Platinum,455
15571958,Spain,221532.8,683674.72,41,0,1,Platinum,455
15669293,France,113308.84,936634.83,101,0,1,Platinum,456
15670943,Germany,182275.23,886327.72,78,0,1,Platinum,456
15588537,Spain,109013.23,681918.83,94,0,1,Platinum,456
15578307,France,121685.31,935508.15,97,0,1,Platinum,457
15588622,Germany,108380.72,885905.48,113,0,1,Platinum,457
15617866,Spain,119785.47,681522.3099999999,77,0,1,Platinum,457
15789560,France,187534.79,935388.49,74,1,1,Platinum,458
15762937,Germany,140348.56,885769.95,97,0,1,Platinum,458
15716357,Spain,122486.11,678594.87,75,0,1,Platinum,458
15675501,France,153861.1,934643.3,86,0,1,Platinum,459
15721740,Germany,88302.65,884969.02,122,0,1,Platinum,459
15695301,Spain,113522.64,678034.54,82,0,1,Platinum,459
15626684,France,167539.97,934456.27,77,0,1,Platinum,460
15719579,Germany,84521.48,882807.82,138,0,1,Platinum,460
15777352,Spain,169399.6,675502.88,70,0,1,Platinum,460
15785339,France,117565.03,934270.49,104,0,1,Platinum,461
15605791,Germany,144287.6,882682.83,81,0,1,Platinum,461
15643426,Spain,113680.54,670902.59,79,0,1,Platinum,461
15627190,France,146606.6,932946.99,95,0,1,Platinum,462
15616666,Germany,111739.4,882673.1,109,0,1,Platinum,462
15798348,Spain,94684.27,670863.43,100,0,1,Platinum,462
15802483,France,146178.13,931888.5,91,0,1,Platinum,463
15580487,Germany,106922.92,880344.84,128,0,1,Platinum,463
15601550,Spain,85768.42,669986.28,104,0,1,Platinum,463
15573086,France,99824.45,931196.05,125,0,1,Platinum,464
15569670,Germany,112372.96,879511.79,101,0,1,Platinum,464
15775892,Spain,85600.08,669969.89,97,0,1,Platinum,464
15783659,France,145981.87,930928.75,73,0,1,Platinum,465
15640865,Germany,80844.69,879282.95,146,0,1,Platinum,465
15815690,Spain,113348.5,669176.27,68,0,1,Platinum,465
15649124,France,121535.18,930617.39,106,0,1,Platinum,466
15629846,Germany,143001.5,879115.94,83,0,1,Platinum,466
15809991,Spain,130274.22,663810.98,66,0,1,Platinum,466
15595440,France,122451.46,929690.01,119,0,1,Platinum,467
15567399,Germany,144164.29,878530.87,57,0,1,Platinum,467
15812766,Spain,156111.08,662587.73,59,0,1,Platinum,467
15814267,France,154377.3,928966.62,104,0,1,Platinum,468
15591628,Germany,164046.1,877812.93,81,0,1,Platinum,468
15653572,Spain,127132.96,662119.11,79,1,1,Platinum,468
15691823,France,153195.59,928750.77,79,0,1,Platinum,469
15653521,Germany,104449.8,877678.8099999999,120,0,1,Platinum,469
15611579,Spain,141947.67,659186.5,68,0,1,Platinum,469
15595991,France,87105.32,927530.33,130,0,1,Platinum,470
15811343,Germany,161591.11,876254.29,76,0,1,Platinum,470
15619953,Spain,105021.28,656165.57,62,0,1,Platinum,470
15646817,France,156773.78,927389.66,98,0,1,Platinum,471
15725429,Germany,96759.42,875921.19,136,0,1,Platinum,471
15764195,Spain,111900.14,655369.18,65,0,1,Platinum,471
15742285,France,118756.62,926853.38,104,0,1,Platinum,472
15654654,Germany,115182.84,875350.41,106,0,1,Platinum,472
15696506,Spain,101352.78,654766.89,82,0,1,Platinum,472
15615828,France,122359.5,926815.07,98,0,1,Platinum,473
15656865,Germany,78778.49,873110.9299999999,154,0,1,Platinum,473
15632010,Spain,121260.19,651650.67,83,0,1,Platinum,473
15616088,France,97072.42,926504.8,128,0,1,Platinum,474
15645371,Germany,147262.11,872739.0,78,1,1,Platinum,474
15771674,Spain,162390.52,651104.08,49,0,1,Platinum,474
15670822,France,114415.84,925154.68,106,0,1,Platinum,475
15654300,Germany,75242.28,872687.28,146,0,1,Platinum,475
15600379,Spain,86656.13,650708.8,109,0,1,Platinum,475
15679743,France,91301.72,923248.83,127,0,1,Platinum,476
15570086,Germany,90544.0,871752.83,121,0,1,Platinum,476
15763055,Spain,98108.79,646379.65,89,0,1,Platinum,476
15695632,France,89588.35,922296.04,135,0,1,Platinum,477
15609521,Germany,142929.16,871446.18,68,0,1,Platinum,477
15712121,Spain,154983.98,645099.75,57,0,1,Platinum,477
15777046,France,128362.59,921065.69,91,0,1,Platinum,478
15651063,Germany,127480.58,871384.48,88,0,1,Platinum,478
15689616,Spain,168094.01,644451.34,55,0,1,Platinum,478
15647474,France,95624.36,920764.05,132,0,1,Platinum,479
15602405,Germany,99167.54,871287.75,97,0,1,Platinum,479
15579433,Spain,96674.55,644301.81,79,0,1,Platinum,479
15638963,France,174852.89,919918.27,73,0,1,Platinum,480
15804256,Germany,92310.54,870805.98,132,0,1,Platinum,480
15590213,Spain,125920.98,640954.07,72,0,1,Platinum,480
15665110,France,79543.59,919837.16,117,0,1,Platinum,481
15755239,Germany,162657.64,870499.5700000001,77,0,1,Platinum,481
15630113,Spain,161637.75,637537.22,59,0,1,Platinum,481
15663478,France,93694.42,919383.97,111,0,1,Platinum,482
15737542,Germany,103294.56,870482.53,116,0,1,Platinum,482
15566380,Spain,66948.67,636928.46,145,0,1,Platinum,482
15569264,France,179305.09,919326.85,76,0,1,Platinum,483
15660211,Germany,156847.29,870111.76,73,0,1,Platinum,483
15729019,Spain,98382.72,634864.74,83,0,1,Platinum,483
15758073,France,134397.61,918217.22,85,0,1,Platinum,484
15673333,Germany,96781.39,869451.19,131,0,1,Platinum,484
15640266,Spain,104631.67,633310.26,86,0,1,Platinum,484
15813844,France,105961.68,917831.97,133,0,1,Platinum,485
15694039,Germany,149003.76,868660.22,84,0,1,Platinum,485
15762716,Spain,168920.75,632068.5599999999,52,1,1,Platinum,485
15574004,France,117307.44,916388.75,91,0,1,Platinum,486
15667424,Germany,111094.05,868368.48,102,0,1,Platinum,486
15762455,Spain,66220.17,630798.34,107,0,1,Platinum,486
15582335,France,129860.37,915430.78,94,0,1,Platinum,487
15757829,Germany,137389.77,868147.87,93,0,1,Platinum,487
15710825,Spain,110071.1,630185.34,76,0,1,Platinum,487
15582951,France,126442.59,913490.84,93,0,1,Platinum,488
15733872,Germany,130229.71,867740.83,86,1,1,Platinum,488
15583681,Spain,76665.71,628283.65,107,0,1,Platinum,488
15795738,France,175477.15,911129.22,72,0,1,Platinum,489
15599251,Germany,184715.86,865779.37,56,0,1,Platinum,489
15624391,Spain,100683.54,625740.89,81,0,1,Platinum,489
15615991,France,99263.09,911111.32,128,0,1,Platinum,490
15668058,Germany,124098.54,865311.42,87,0,1,Platinum,490
15688085,Spain,157597.61,625734.8200000001,48,0,1,Platinum,490
15792720,France,171490.78,911106.7999999999,70,0,1,Platinum,491
15690456,Germany,79523.13,864267.3,123,0,1,Platinum,491
15668830,Spain,108881.73,625318.23,82,0,1,Platinum,491
15788118,France,138705.02,911058.25,77,0,1,Platinum,492
15662100,Germany,128605.32,863889.04,92,0,1,Platinum,492
15572728,Spain,127397.34,623949.79,76,0,1,Platinum,492
15701932,France,140900.97,909636.53,90,0,1,Platinum,493
15756539,Germany,165610.41,862409.13,68,0,1,Platinum,493
15590268,Spain,95772.97,623138.5599999999,88,0,1,Platinum,493
15575438,France,115076.06,909229.47,129,0,1,Platinum,494
15717893,Germany,143421.74,860579.07,91,0,1,Platinum,494
15793896,Spain,95312.8,622750.51,113,0,1,Platinum,494
15599660,France,116229.85,908622.14,99,0,1,Platinum,495
15727703,Germany,126979.75,858727.38,99,0,1,Platinum,495
15784761,Spain,87603.35,622334.87,109,1,1,Platinum,495
15566378,France,129387.94,907042.84,74,1,1,Platinum,496
15706537,Germany,111396.97,858619.79,101,0,1,Platinum,496
15729599,Spain,76548.6,620483.26,113,0,1,Platinum,496
15793881,France,118273.83,906916.76,114,0,1,Platinum,497
15787189,Germany,134250.17,856940.53,78,1,1,Platinum,497
15616929,Spain,112181.08,616934.71,76,0,1,Platinum,497
15691703,France,105792.49,906771.1,114,1,1,Platinum,498
15617301,Germany,130809.77,856756.97,89,0,1,Platinum,498
15785350,Spain,104744.89,616220.05,84,0,1,Platinum,498
15671917,France,123873.19,906394.72,81,0,1,Platinum,499
15580935,Germany,135962.4,855747.77,100,0,1,Platinum,499
15685564,Spain,105492.53,616118.92,82,0,1,Platinum,499
15700223,France,164701.68,906024.38,63,0,1,Platinum,500
15803136,Germany,122189.66,855308.73,90,0,1,Platinum,500
15747980,Spain,146282.79,614349.03,59,0,1,Platinum,500
15716926,France,101952.97,905960.04,118,0,1,Platinum,501
15632079,Germany,156282.79,854463.59,87,0,1,Platinum,501
15687171,Spain,146679.77,614306.46,59,0,1,Platinum,501
15589296,France,110054.45,905010.75,97,0,1,Platinum,502
15721793,Germany,123936.54,854407.25,101,0,1,Platinum,502
15679961,Spain,68799.72,613651.35,124,0,1,Platinum,502
15746258,France,101486.96,904589.21,116,0,1,Platinum,503
15801788,Germany,185544.36,852150.75,66,0,1,Platinum,503
15697042,Spain,127290.61,612516.24,79,0,1,Platinum,503
15706904,France,113882.31,904552.0599999999,110,0,1,Platinum,504
15576641,Germany,125725.02,850986.3,91,0,1,Platinum,504
15725698,Spain,115680.81,610470.42,71,0,1,Platinum,504
15756820,France,106198.5,902653.89,116,0,1,Platinum,505
15787830,Germany,153663.27,850593.16,64,0,1,Platinum,505
15626787,Spain,185078.26,610126.56,48,1,1,Platinum,505
15568106,France,119278.01,902311.38,120,0,1,Platinum,506
15727391,Germany,144553.5,850334.79,84,0,1,Platinum,506
15807194,Spain,113922.44,605526.24,56,0,1,Platinum,506
15803941,France,95502.21,901173.0599999999,110,0,1,Platinum,507
15635776,Germany,154846.24,850015.91,72,0,1,Platinum,507
15787051,Spain,119565.92,602776.3,76,0,1,Platinum,507
15738634,France,83347.25,899887.81,143,0,1,Platinum,508
15808851,Germany,105609.17,849963.27,124,0,1,Platinum,508
15612931,Spain,132088.59,599824.81,71,0,1,Platinum,508
15709780,France,71786.9,899853.19,144,0,1,Platinum,509
15659557,Germany,167738.82,849723.66,68,0,1,Platinum,509
15685346,Spain,135889.13,599473.13,69,0,1,Platinum,509
15619537,France,142200.19,897971.71,81,0,1,Platinum,510
15595158,Germany,150593.59,849411.5,79,0,1,Platinum,510
15737571,Spain,84121.04,599241.3,97,0,1,Platinum,510
15613844,France,146445.24,897007.6,79,0,1,Platinum,511
15571529,Germany,138232.24,843750.97,75,0,1,Platinum,511
15762228,Spain,110046.93,599153.5,62,0,1,Platinum,511
15698792,France,119769.77,896436.01,111,0,1,Platinum,512
15682600,Germany,159492.79,843256.1799999999,68,1,1,Platinum,512
15626882,Spain,94901.09,597913.49,90,0,1,Platinum,512
15641794,France,135658.73,895034.38,85,0,1,Platinum,513
15772341,Germany,122029.15,842754.68,102,0,1,Platinum,513
15762993,Spain,102773.15,596473.31,79,0,1,Platinum,513
15664498,France,205962.0,894798.56,66,0,1,Platinum,514
15568240,Germany,77168.87,841598.81,156,0,1,Platinum,514
15621768,Spain,112994.65,591920.22,70,0,1,Platinum,514
15735782,France,120962.59,893389.86,98,0,1,Platinum,515
15687913,Germany,93244.42,840901.1799999999,109,0,1,Platinum,515
15580203,Spain,120193.42,591519.16,61,0,1,Platinum,515
15658195,France,118838.75,891544.1,96,0,1,Platinum,516
15620341,Germany,160838.13,839166.14,82,0,1,Platinum,516
15663421,Spain,128396.33,589365.55,62,0,1,Platinum,516
15675650,France,97819.36,890459.0,126,0,1,Platinum,517
15660524,Germany,97382.53,838835.65,124,0,1,Platinum,517
15578761,Spain,129634.25,586997.19,69,1,1,Platinum,517
15670103,France,126645.13,889971.89,90,0,1,Platinum,518
15595135,Germany,123229.46,838502.28,92,0,1,Platinum,518
15756125,Spain,140856.16,585079.73,59,0,1,Platinum,518
15586870,France,193125.85,889695.7,77,0,1,Platinum,519
15687477,Germany,185013.02,838216.6799999999,53,0,1,Platinum,519
15730540,Spain,88656.37,584919.04,85,0,1,Platinum,519
15696231,France,105405.97,887894.44,128,0,1,Platinum,520
15782418,Germany,83495.11,837852.18,123,1,1,Platinum,520
15572801,Spain,139393.19,584322.54,58,0,1,Platinum,520
15594404,France,160602.25,887862.39,71,0,1,Platinum,521
15607634,Germany,95293.86,837758.68,120,0,1,Platinum,521
15570990,Spain,145222.99,582319.25,43,0,1,Platinum,521
15633612,France,172646.82,887498.6,70,0,1,Platinum,522
15639278,Germany,145387.32,837684.05,81,1,1,Platinum,522
15810834,Spain,145965.33,582097.78,39,0,1,Platinum,522
15757541,France,151772.63,886764.44,78,1,1,Platinum,523
15756272,Germany,118536.4,837514.09,78,1,1,Platinum,523
15568834,Spain,125427.37,581351.06,65,0,1,Platinum,523
15704771,France,133489.12,884586.93,98,0,1,Platinum,524
15634245,Germany,95523.16,836529.86,106,0,1,Platinum,524
15678146,Spain,173962.32,580890.95,40,1,1,Platinum,524
15730796,France,98993.02,883768.93,119,0,1,Platinum,525
15648178,Germany,137964.51,836215.78,77,0,1,Platinum,525
15796838,Spain,92930.92,580146.96,74,0,1,Platinum,525
15715079,France,117221.15,883768.6799999999,96,0,1,Platinum,526
15568819,Germany,132796.04,836079.32,99,1,1,Platinum,526
15637169,Spain,103267.8,579245.07,69,0,1,Platinum,526
15672144,France,144432.04,883549.88,75,1,1,Platinum,527
15762045,Germany,142688.57,834760.3,83,0,1,Platinum,527
15695474,France,122531.86,883033.28,72,0,1,Platinum,528
15654495,Germany,120621.89,832388.72,105,0,1,Platinum,528
15628034,France,129101.3,881907.92,96,0,1,Platinum,529
15760988,Germany,124573.33,832005.01,92,0,1,Platinum,529
15733297,France,84764.79,881460.3,146,0,1,Platinum,530
15674720,Germany,123067.63,831858.82,88,1,1,Platinum,530
15757434,France,119706.22,881078.25,73,0,1,Platinum,531
15785705,Germany,106731.58,831411.74,92,1,1,Platinum,531
15628824,France,160389.82,880647.78,86,0,1,Platinum,532
15698522,Germany,134599.33,829859.35,84,0,1,Platinum,532
15686776,France,184686.41,880487.48,65,0,1,Platinum,533
15671655,Germany,143966.3,828836.24,66,1,1,Platinum,533
15770435,France,115335.32,879803.53,111,0,1,Platinum,534
15723263,Germany,117160.32,828832.21,88,1,1,Platinum,534
15675787,France,112972.57,879017.59,94,0,1,Platinum,535
15759741,Germany,150635.3,828662.83,75,0,1,Platinum,535
15730688,France,116755.5,878880.47,94,1,1,Platinum,536
15670587,Germany,111363.1,828263.1,95,0,1,Platinum,536
15810732,France,148749.29,876012.68,74,0,1,Platinum,537
15776827,Germany,141547.26,828203.91,81,0,1,Platinum,537
15716501,France,95377.13,875711.35,138,0,1,Platinum,538
15592846,Germany,128173.9,825608.44,95,0,1,Platinum,538
15764654,France,87374.88,874870.16,140,0,1,Platinum,539
15611223,Germany,101648.5,825123.86,99,0,1,Platinum,539
15707011,France,137682.68,874819.89,99,0,1,Platinum,540
15652883,Germany,124576.65,823962.98,103,0,1,Platinum,540
15706269,France,103894.38,874518.86,128,0,1,Platinum,541
15750264,Germany,105128.85,823302.88,92,0,1,Platinum,541
15706762,France,145809.53,873083.7,74,0,1,Platinum,542
15580845,Germany,101868.51,821507.91,112,0,1,Platinum,542
15624633,France,74989.58,873007.77,143,0,1,Platinum,543
15812272,Germany,124601.58,820664.99,70,1,1,Platinum,543
15665064,France,158351.02,870298.4,78,0,1,Platinum,544
15589488,Germany,111642.08,820318.65,97,0,1,Platinum,544
15815628,France,113899.92,868691.87,83,0,1,Platinum,545
15578186,Germany,115217.99,820056.79,104,0,1,Platinum,545
15628145,France,125851.93,868654.25,92,0,1,Platinum,546
15700964,Germany,104848.68,818017.63,105,0,1,Platinum,546
15605968,France,97460.1,866243.75,129,0,1,Platinum,547
15742607,Germany,102800.72,817431.72,104,0,1,Platinum,547
15654878,France,117199.8,866058.6,113,0,1,Platinum,548
15625311,Germany,92618.62,814443.39,122,0,1,Platinum,548
15761886,France,172381.8,865192.47,61,0,1,Platinum,549
15764351,Germany,120170.07,812743.78,86,0,1,Platinum,549
15572093,France,140453.91,864229.5,76,0,1,Platinum,550
15609928,Germany,129305.09,810405.71,91,0,1,Platinum,550
15691874,France,125474.44,863479.82,80,0,1,Platinum,551
15565796,Germany,96048.55,809650.92,116,0,1,Platinum,551
15783865,France,119380.37,863000.2,91,0,1,Platinum,552
15710053,Germany,140406.68,809324.42,77,0,1,Platinum,552
15618750,France,112211.61,862990.18,91,0,1,Platinum,553
15755018,Germany,109819.16,808404.75,88,0,1,Platinum,553
15631512,France,149989.39,861390.28,86,0,1,Platinum,554
15637476,Germany,162448.69,807800.89,34,1,1,Platinum,554
15672756,France,112808.18,860569.98,125,0,1,Platinum,555
15736078,Germany,130367.87,807142.57,75,1,1,Platinum,555
15737071,France,162039.78,860147.3200000001,63,1,1,Platinum,556
15672027,Germany,102185.42,806679.88,90,0,1,Platinum,556
15743760,France,131996.66,859125.36,93,0,1,Platinum,557
15764335,Germany,123151.51,806573.77,77,0,1,Platinum,557
15605341,France,93173.88,858669.13,130,0,1,Platinum,558
15755649,Germany,130538.77,806304.75,75,0,1,Platinum,558
15696539,France,105627.95,858259.5,116,0,1,Platinum,559
15752300,Germany,148826.32,806033.0,62,0,1,Platinum,559
15775662,France,121911.59,857863.91,90,0,1,Platinum,560
15670859,Germany,93148.74,804934.77,107,0,1,Platinum,560
15724924,France,138497.84,857536.51,93,0,1,Platinum,561
15647782,Germany,152899.24,804820.95,79,0,1,Platinum,561
15772618,France,90920.75,857180.05,111,0,1,Platinum,562
15769254,Germany,101861.36,804014.63,107,0,1,Platinum,562
15700383,France,115651.6,856581.26,104,0,1,Platinum,563
15770255,Germany,83555.58,803780.54,122,0,1,Platinum,563
15574947,France,97786.08,856425.74,114,0,1,Platinum,564
15768120,Germany,90560.48,803567.08,104,0,1,Platinum,564
15765643,France,124348.38,856169.37,104,0,1,Platinum,565
15624793,Germany,184244.86,803323.26,52,0,1,Platinum,565
15718852,France,96951.21,856089.66,138,0,1,Platinum,566
15802060,Germany,100548.67,801036.46,105,0,1,Platinum,566
15574352,France,161256.53,855857.53,65,0,1,Platinum,567
15629739,Germany,100375.39,799402.47,109,0,1,Platinum,567
15589204,France,131765.72,854427.25,89,0,1,Platinum,568
15595609,Germany,135870.01,798610.37,79,0,1,Platinum,568
15702175,France,148654.84,854064.32,73,0,1,Platinum,569
15794396,Germany,174937.64,798220.4,65,0,1,Platinum,569
15662403,France,169089.38,853320.73,68,0,1,Platinum,570
15765532,Germany,96166.88,797653.41,105,0,1,Platinum,570
15662955,France,141223.68,853079.68,91,0,1,Platinum,571
15801169,Germany,138341.51,797517.7,53,1,1,Platinum,571
15656100,France,167962.7,852597.12,64,0,1,Platinum,572
15774164,Germany,174673.65,795897.29,48,0,1,Platinum,572
15801462,France,109578.04,850405.18,121,0,1,Platinum,573
15755330,Germany,122403.24,795051.37,78,1,1,Platinum,573
15694200,France,178111.82,850146.86,69,1,1,Platinum,574
15604515,Germany,111543.26,794481.28,96,0,1,Platinum,574
15606310,France,149105.08,850048.04,87,0,1,Platinum,575
15775238,Germany,133432.59,794105.2,63,0,1,Platinum,575
15572657,France,102490.27,849531.5,123,0,1,Platinum,576
15601719,Germany,156007.09,793083.79,64,0,1,Platinum,576
15568046,France,109558.36,849514.74,91,0,1,Platinum,577
15571302,Germany,94216.05,792082.39,98,0,1,Platinum,577
15587013,France,102575.04,848767.96,119,0,1,Platinum,578
15612455,Germany,124240.93,791240.99,86,0,1,Platinum,578
15594815,France,174790.15,848707.58,57,0,1,Platinum,579
15720637,Germany,120530.34,789878.75,97,1,1,Platinum,579
15815615,France,141952.07,847782.08,94,0,1,Platinum,580
15651022,Germany,129608.57,789686.48,93,1,1,Platinum,580
15719950,France,73688.2,846828.38,159,0,1,Platinum,581
15728043,Germany,138503.51,788634.72,67,0,1,Platinum,581
15671124,France,120383.41,846711.61,93,0,1,Platinum,582
15800295,Germany,112746.54,787682.63,87,0,1,Platinum,582
15570932,France,137780.74,846404.48,87,1,1,Platinum,583
15798024,Germany,92242.34,787189.68,120,0,1,Platinum,583
15672467,France,92510.9,845205.7,111,0,1,Platinum,584
15593345,Germany,125241.17,787121.36,89,0,1,Platinum,584
15756196,France,121818.84,845154.59,101,0,1,Platinum,585
15705663,Germany,144550.83,786713.17,74,0,1,Platinum,585
15621205,France,175111.11,845107.4,64,0,1,Platinum,586
15732791,Germany,122947.92,786515.14,85,0,1,Platinum,586
15776518,France,175739.36,844193.65,67,0,1,Platinum,587
15568506,Germany,67238.98,786395.93,161,0,1,Platinum,587
15679531,France,134954.53,843189.93,93,0,1,Platinum,588
15683416,Germany,97750.07,783402.46,94,1,1,Platinum,588
15717225,France,161525.96,842862.74,91,0,1,Platinum,589
15595153,Germany,106022.73,782484.75,97,0,1,Platinum,589
15736495,France,114088.32,842826.37,78,0,1,Platinum,590
15809178,Germany,146100.75,782325.31,73,1,1,Platinum,590
15568562,France,160272.27,842263.27,72,0,1,Platinum,591
15657321,Germany,113174.21,782275.78,87,0,1,Platinum,591
15576000,France,138033.55,842116.35,92,0,1,Platinum,592
15658935,Germany,106937.05,779984.74,101,0,1,Platinum,592
15809124,France,151532.4,842056.17,78,0,1,Platinum,593
15766374,Germany,119624.6,779700.36,71,0,1,Platinum,593
15659567,France,117103.26,840158.69,104,1,1,Platinum,594
15774382,Germany,169377.31,779616.14,70,0,1,Platinum,594
15707551,France,73054.37,839325.85,122,0,1,Platinum,595
15568885,Germany,102251.57,778820.41,104,0,1,Platinum,595
15568915,France,153722.47,837897.31,73,0,1,Platinum,596
15639552,Germany,148897.02,778360.9,76,0,1,Platinum,596
15703707,France,143571.52,836555.07,107,0,1,Platinum,597
15735909,Germany,105103.33,777767.78,86,1,1,Platinum,597
15625395,France,105795.9,835880.24,106,0,1,Platinum,598
15666197,Germany,153058.64,777640.51,89,0,1,Platinum,598
15730735,France,72286.84,835807.01,149,0,1,Platinum,599
15586174,Germany,116377.48,777125.14,76,0,1,Platinum,599
15630419,France,149961.11,835410.77,84,0,1,Platinum,600
15671322,Germany,115315.04,776680.01,80,0,1,Platinum,600
15659100,France,128152.82,835349.71,96,0,1,Platinum,601
15793366,Germany,92526.15,776493.86,102,0,1,Platinum,601
15674343,France,78128.13,835316.4,145,0,1,Platinum,602
15591698,Germany,132934.89,775501.33,83,1,1,Platinum,602
15762331,France,178755.84,834396.32,74,0,1,Platinum,603
15630617,Germany,140418.81,774818.83,88,1,1,Platinum,603
15657881,France,136712.91,834095.8,79,0,1,Platinum,604
15706116,Germany,154159.51,773974.59,66,0,1,Platinum,604
15716134,France,190008.32,834069.34,67,0,1,Platinum,605
15581280,Germany,92887.13,772600.61,92,0,1,Platinum,605
15637646,France,122647.32,834029.11,95,0,1,Platinum,606
15587573,Germany,115084.53,769948.15,69,0,1,Platinum,606
15790744,France,92899.27,833800.84,108,0,1,Platinum,607
15691396,Germany,133299.67,768817.74,86,0,1,Platinum,607
15659475,France,135703.59,833530.55,72,0,1,Platinum,608
15659399,Germany,139675.07,768073.3,73,0,1,Platinum,608
15669282,France,124266.86,833329.04,93,0,1,Platinum,609
15783752,Germany,129514.99,767855.71,75,0,1,Platinum,609
15747345,France,118064.93,832694.08,94,0,1,Platinum,610
15653050,Germany,95052.29,767551.74,107,0,1,Platinum,610
15671165,France,149950.19,832592.46,88,0,1,Platinum,611
15621629,Germany,81844.91,767069.76,131,0,1,Platinum,611
15796114,France,141525.55,831275.25,77,0,1,Platinum,612
15569678,Germany,166824.59,765661.15,64,0,1,Platinum,612
15620756,France,202904.64,829522.09,49,1,1,Platinum,613
15790599,Germany,149363.12,764568.72,74,0,1,Platinum,613
15768367,France,186558.55,827713.7,62,1,1,Platinum,614
15595221,Germany,134678.13,764034.09,78,0,1,Platinum,614
15790324,France,167685.56,827021.23,54,0,1,Platinum,615
15720187,Germany,143964.36,763681.0599999999,77,0,1,Platinum,615
15792365,France,142051.07,826742.5700000001,76,0,1,Platinum,616
15649450,Germany,143221.35,763482.34,71,0,1,Platinum,616
15777553,France,123785.24,826714.17,86,1,1,Platinum,617
15570629,Germany,138089.97,763097.85,88,0,1,Platinum,617
15640106,France,124339.9,826307.88,85,0,1,Platinum,618
15658158,Germany,110741.56,762789.36,101,0,1,Platinum,618
15730272,France,152199.33,825087.64,77,0,1,Platinum,619
15573730,Germany,126704.49,762339.34,58,0,1,Platinum,619
15660871,France,137300.23,822677.22,90,0,1,Platinum,620
15691504,Germany,124099.13,760751.34,85,0,1,Platinum,620
15776824,France,122724.37,821789.73,86,0,1,Platinum,621
15690330,Germany,77701.64,760141.98,133,0,1,Platinum,621
15680243,France,143390.51,821132.44,71,0,1,Platinum,622
15792180,Germany,144954.75,759092.91,78,0,1,Platinum,622
15621815,France,165526.71,820729.72,63,0,1,Platinum,623
15596575,Germany,113193.51,758738.84,88,0,1,Platinum,623
15727350,France,113143.12,819695.05,91,0,1,Platinum,624
15705512,Germany,167864.4,758508.38,63,0,1,Platinum,624
15686461,France,121235.05,819345.24,103,0,1,Platinum,625
15610801,Germany,123049.21,757534.14,95,0,1,Platinum,625
15723894,France,137555.44,818892.47,86,0,1,Platinum,626
15592078,Germany,123599.49,756363.85,88,0,1,Platinum,626
15766746,France,127120.07,817887.07,82,0,1,Platinum,627
15584518,Germany,144895.05,755257.93,82,0,1,Platinum,627
15677062,France,127043.09,817808.97,93,0,1,Platinum,628
15611756,Germany,124192.28,755159.55,66,0,1,Platinum,628
15573242,France,136953.47,817179.48,93,0,1,Platinum,629
15658980,Germany,128793.63,752696.1,87,0,1,Platinum,629
15619407,France,133707.09,812984.62,67,0,1,Platinum,630
15687558,Germany,118613.34,752539.55,97,0,1,Platinum,630
15575748,France,68881.59,812286.5,138,0,1,Platinum,631
15807989,Germany,73179.34,752069.71,121,0,1,Platinum,631
15714256,France,109805.3,811072.32,111,0,1,Platinum,632
15687634,Germany,94754.0,750551.82,95,0,1,Platinum,632
15769548,France,128645.67,810813.82,79,0,1,Platinum,633
15571666,Germany,134497.27,750450.28,89,0,1,Platinum,633
15650018,France,154100.3,809836.09,76,0,1,Platinum,634
15617518,Germany,89409.95,747768.17,122,0,1,Platinum,634
15591248,France,71996.29,809222.65,151,0,1,Platinum,635
15598521,Germany,131647.01,747189.64,77,0,1,Platinum,635
15650391,France,169988.35,807281.49,62,0,1,Platinum,636
15648702,Germany,119684.88,746653.62,86,0,1,Platinum,636
15591577,France,146311.58,806827.99,63,0,1,Platinum,637
15667458,Germany,124023.18,746191.14,94,0,1,Platinum,637
15580912,France,154737.88,806450.1,79,0,1,Platinum,638
15777616,Germany,113690.83,745669.93,98,0,1,Platinum,638
15584190,France,120026.98,805069.53,107,0,1,Platinum,639
15668894,Germany,122552.48,745131.02,85,0,1,Platinum,639
15684147,France,102338.19,804706.5,89,0,1,Platinum,640
15699515,Germany,98630.31,744411.92,115,0,1,Platinum,640
15646756,France,74963.5,804222.86,139,0,1,Platinum,641
15659094,Germany,136729.51,743251.28,73,0,1,Platinum,641
15609299,France,150685.79,804069.17,58,0,1,Platinum,642
15802625,Germany,85915.52,742393.54,116,0,1,Platinum,642
15763798,France,140007.19,803721.71,85,0,1,Platinum,643
15590810,Germany,144326.09,737318.85,78,1,1,Platinum,643
15786215,France,119496.25,803002.92,83,0,1,Platinum,644
15778049,Germany,117412.35,736804.84,81,0,1,Platinum,644
15628123,France,118890.81,800605.27,88,0,1,Platinum,645
15685500,Germany,152400.51,735059.53,62,0,1,Platinum,645
15620123,France,111169.91,799950.39,73,0,1,Platinum,646
15632051,Germany,128707.31,734846.71,96,1,1,Platinum,646
15794204,France,108116.66,799687.14,108,0,1,Platinum,647
15658548,Germany,144773.29,734003.39,62,0,1,Platinum,647
15682585,France,114193.24,799497.39,86,0,1,Platinum,648
15808674,Germany,128352.59,733671.18,78,1,1,Platinum,648
15622578,France,113958.55,799322.76,88,0,1,Platinum,649
15701319,Germany,96340.81,733280.7,97,1,1,Platinum,649
15738291,France,115713.84,799099.46,85,0,1,Platinum,650
15734917,Germany,133974.36,732788.25,84,0,1,Platinum,650
15627699,France,105000.23,798202.81,108,0,1,Platinum,651
15711572,Germany,110941.93,732489.47,104,0,1,Platinum,651
15745355,France,153198.23,798006.23,76,0,1,Platinum,652
15809263,Germany,109676.52,732421.01,79,0,1,Platinum,652
15688612,France,140956.99,797722.17,70,0,1,Platinum,653
15622083,Germany,143138.91,732339.47,62,0,1,Platinum,653
15725094,France,140211.88,796755.46,69,0,1,Platinum,654
15714939,Germany,148249.54,731935.08,80,0,1,Platinum,654
15613518,France,112668.7,795515.39,108,0,1,Platinum,655
15757895,Germany,106629.49,731919.45,96,0,1,Platinum,655
15781989,France,120094.93,795307.79,97,0,1,Platinum,656
15724282,Germany,164113.04,731511.79,62,0,1,Platinum,656
15679804,France,117559.05,794391.57,83,0,1,Platinum,657
15640161,Germany,157955.83,731008.25,62,0,1,Platinum,657
15694852,France,121823.4,794302.37,82,0,1,Platinum,658
15642996,Germany,86351.85,730930.7,94,0,1,Platinum,658
15736043,France,114543.27,793491.6900000001,96,0,1,Platinum,659
15636820,Germany,104149.66,729443.04,91,0,1,Platinum,659
15771211,France,86977.96,793097.01,139,0,1,Platinum,660
15704014,Germany,140950.92,727873.41,72,0,1,Platinum,660
15812071,France,93806.31,792416.82,100,0,1,Platinum,661
15792305,Germany,123571.77,727110.62,90,1,1,Platinum,661
15585427,France,102073.67,791928.38,111,0,1,Platinum,662
15628963,Germany,141859.12,727007.6,62,0,1,Platinum,662
15801188,France,94722.88,791328.76,101,0,1,Platinum,663
15801296,Germany,143258.85,726699.38,75,0,1,Platinum,663
15638513,France,142856.95,790482.73,78,0,1,Platinum,664
15650313,Germany,129472.33,726304.52,95,0,1,Platinum,664
15727251,France,117494.27,790097.9,89,0,1,Platinum,665
15637366,Germany,114268.85,722115.06,90,0,1,Platinum,665
15607065,France,91835.16,789569.69,102,0,1,Platinum,666
15726855,Germany,116585.97,720818.43,86,1,1,Platinum,666
15730639,France,139224.92,788522.96,74,0,1,Platinum,667
15689526,Germany,127543.11,720147.46,66,1,1,Platinum,667
15658485,France,70302.48,787752.2,141,0,1,Platinum,668
15752508,Germany,99462.8,718586.55,95,0,1,Platinum,668
15776494,France,146622.35,787304.5,77,1,1,Platinum,669
15636982,Germany,79974.55,718525.3,116,0,1,Platinum,669
15630698,France,110123.59,786443.8,100,1,1,Platinum,670
15587451,Germany,139706.31,717773.16,72,0,1,Platinum,670
15760873,France,81310.34,786228.19,111,0,1,Platinum,671
15599090,Germany,108407.34,717527.16,103,0,1,Platinum,671
15644296,France,105209.54,785791.5,84,0,1,Platinum,672
15635660,Germany,142910.15,717042.37,55,1,1,Platinum,672
15722072,France,138053.67,785000.2,75,0,1,Platinum,673
15696388,Germany,111096.91,716908.03,72,0,1,Platinum,673
15669656,France,111589.33,784079.32,94,0,1,Platinum,674
15803947,Germany,161378.02,716669.22,47,1,1,Platinum,674
15694404,France,156555.54,781015.71,58,0,1,Platinum,675
15721426,Germany,126306.64,716480.82,82,1,1,Platinum,675
15703763,France,85304.27,779687.21,116,0,1,Platinum,676
15775809,Germany,98723.67,716307.55,91,0,1,Platinum,676
15758692,France,146011.4,779045.59,70,0,1,Platinum,677
15774586,Germany,118588.83,716074.24,87,1,1,Platinum,677
15609458,France,69413.44,778417.62,145,0,1,Platinum,678
15747821,Germany,135470.9,715907.8,61,0,1,Platinum,678
15733014,France,64667.95,778313.44,156,0,1,Platinum,679
15688951,Germany,119654.44,715638.71,56,1,1,Platinum,679
15690898,France,161889.79,777411.91,69,0,1,Platinum,680
15639303,Germany,126111.61,715616.64,73,0,1,Platinum,680
15684296,France,141173.03,776587.53,92,0,1,Platinum,681
15747358,Germany,170331.37,713550.57,58,0,1,Platinum,681
15625964,France,153313.67,775912.78,66,0,1,Platinum,682
15618410,Germany,147527.03,713487.25,74,0,1,Platinum,682
15593128,France,129255.2,775676.69,82,1,1,Platinum,683
15745088,Germany,99027.61,712307.73,90,0,1,Platinum,683
15604345,France,65763.57,773528.93,147,0,1,Platinum,684
15597909,Germany,128135.99,711805.93,84,0,1,Platinum,684
15807837,France,107499.7,773142.68,91,0,1,Platinum,685
15588580,Germany,109646.83,709734.35,79,0,1,Platinum,685
15619972,France,167664.83,772661.13,59,1,1,Platinum,686
15796834,Germany,104015.54,708902.43,110,0,1,Platinum,686
15724161,France,137285.26,772424.5599999999,67,1,1,Platinum,687
15631882,Germany,103399.87,707199.83,95,0,1,Platinum,687
15677305,France,107749.03,770987.33,104,0,1,Platinum,688
15664523,Germany,122021.92,706631.81,97,0,1,Platinum,688
15734765,France,133800.98,770922.97,83,0,1,Platinum,689
15596863,Germany,158373.23,706301.04,51,0,1,Platinum,689
15631639,France,95452.89,770191.08,107,0,1,Platinum,690
15624186,Germany,123616.43,705388.45,79,0,1,Platinum,690
15618661,France,103804.97,769535.5599999999,99,0,1,Platinum,691
15628274,Germany,149995.72,705137.8099999999,72,0,1,Platinum,691
15679294,France,107238.85,769212.37,111,0,1,Platinum,692
15677796,Germany,129289.98,704923.14,60,1,1,Platinum,692
15679029,France,102874.28,768603.4400000001,88,0,1,Platinum,693
15590344,Germany,151691.44,703799.13,57,0,1,Platinum,693
15769005,France,154344.49,768375.86,80,0,1,Platinum,694
15665790,Germany,108055.1,703114.11,69,0,1,Platinum,694
15804211,France,155423.17,767914.7000000001,52,0,1,Platinum,695
15617206,Germany,120822.86,701309.09,97,0,1,Platinum,695
15682618,France,111855.04,767677.79,102,0,1,Platinum,696
15637977,Germany,139330.1,700838.03,75,0,1,Platinum,696
15717065,France,105419.73,767545.88,94,0,1,Platinum,697
15747757,Germany,118723.11,700307.35,92,1,1,Platinum,697
15678206,France,161798.53,767222.77,70,0,1,Platinum,698
15571917,Germany,137657.71,699330.78,57,0,1,Platinum,698
15652527,France,108724.98,766296.96,97,0,1,Platinum,699
15752801,Germany,125961.74,696308.26,47,1,1,Platinum,699
15750248,France,132292.63,765923.73,79,0,1,Platinum,700
15570051,Germany,179886.41,696273.58,57,0,1,Platinum,700
15776631,France,119540.15,765770.39,86,0,1,Platinum,701
15636388,Germany,98775.23,693846.14,78,0,1,Platinum,701
15612832,France,125540.05,765724.84,76,0,1,Platinum,702
15665521,Germany,111183.53,693173.3,79,0,1,Platinum,702
15572956,France,115350.63,765722.68,100,0,1,Platinum,703
15795370,Germany,131753.41,692315.66,65,0,1,Platinum,703
15624397,France,71240.3,765466.6,131,0,1,Platinum,704
15800116,Germany,145605.44,692020.76,67,0,1,Platinum,704
15794323,France,121240.76,765035.46,80,0,1,Platinum,705
15755223,Germany,150926.99,689903.0,60,0,1,Platinum,705
15717643,France,90425.15,764782.06,104,0,1,Platinum,706
15691111,Germany,121980.56,689888.93,87,0,1,Platinum,706
15715907,France,113109.52,764514.13,76,1,1,Platinum,707
15738828,Germany,152880.97,689582.46,68,0,1,Platinum,707
15779497,France,127823.93,763322.23,89,0,1,Platinum,708
15573452,Germany,115930.87,689517.96,72,0,1,Platinum,708
15702788,France,126212.64,762144.0599999999,89,0,1,Platinum,709
15796111,Germany,145151.4,689292.98,66,1,1,Platinum,709
15589437,France,156815.71,761829.83,55,0,1,Platinum,710
15739068,Germany,148045.45,688602.7,69,0,1,Platinum,710
15648681,France,139914.6,760943.75,69,1,1,Platinum,711
15792818,Germany,148051.52,688502.67,61,0,1,Platinum,711
15753161,France,180169.44,760632.57,53,0,1,Platinum,712
15771749,Germany,114268.22,687203.01,82,0,1,Platinum,712
15704769,France,113978.97,760339.72,92,0,1,Platinum,713
15799653,Germany,94753.55,687202.37,108,0,1,Platinum,713
15768201,France,148586.64,759683.49,42,0,1,Platinum,714
15688880,Germany,102980.44,686609.49,92,1,1,Platinum,714
15810454,France,147307.91,758797.18,65,0,1,Platinum,715
15661734,Germany,131390.75,686478.28,73,0,1,Platinum,715
15682472,France,129433.34,758572.68,88,0,1,Platinum,716
15755731,Germany,117005.55,684626.23,64,1,1,Platinum,716
15569446,France,122338.43,757965.02,80,0,1,Platinum,717
15634262,Germany,148375.19,684020.2,75,0,1,Platinum,717
15792388,France,90612.34,756961.74,123,0,1,Platinum,718
15764294,Germany,98899.91,683676.42,82,0,1,Platinum,718
15810075,France,130694.89,756688.15,91,1,1,Platinum,719
15792077,Germany,119859.52,683395.36,84,0,1,Platinum,719
15799925,France,88541.57,756389.26,92,0,1,Platinum,720
15587581,Germany,136624.6,682745.97,82,0,1,Platinum,720
15703264,France,120681.63,755574.16,82,0,1,Platinum,721
15657468,Germany,123805.03,682050.4,65,0,1,Platinum,721
15615140,France,111168.97,755573.74,93,0,1,Platinum,722
15711219,Germany,93716.72,681403.46,102,1,1,Platinum,722
15600392,France,123845.36,755234.41,69,1,1,Platinum,723
15781307,Germany,120092.52,680784.64,79,0,1,Platinum,723
15795224,France,178585.46,755075.66,52,1,1,Platinum,724
15785899,Germany,151607.56,680549.8,80,0,1,Platinum,724
15613282,France,130306.49,754912.11,76,0,1,Platinum,725
15792250,Germany,122793.96,680392.48,77,0,1,Platinum,725
15653762,France,117301.66,754046.04,102,0,1,Platinum,726
15627262,Germany,92366.72,680354.11,72,0,1,Platinum,726
15784676,France,125268.03,753290.49,70,0,1,Platinum,727
15573520,Germany,110540.43,680258.8,91,0,1,Platinum,727
15779809,France,87471.63,753271.1,130,0,1,Platinum,728
15784161,Germany,102945.01,680112.14,82,0,1,Platinum,728
15638983,France,133189.4,752682.79,70,0,1,Platinum,729
15795564,Germany,121192.22,679884.9,74,0,1,Platinum,729
15769818,France,212778.2,751770.71,57,0,1,Platinum,730
15635396,Germany,139106.19,679824.27,82,1,1,Platinum,730
15603170,France,121455.65,751575.67,86,1,1,Platinum,731
15737265,Germany,152182.83,678702.97,62,0,1,Platinum,731
15773146,France,137998.2,750946.5599999999,54,0,1,Platinum,732
15742613,Germany,152324.66,678532.42,82,0,1,Platinum,732
15618213,France,85757.93,750093.43,121,0,1,Platinum,733
15715709,Germany,114091.38,676846.74,70,0,1,Platinum,733
15569526,France,98627.13,750030.42,96,0,1,Platinum,734
15813132,Germany,114027.7,676461.69,81,0,1,Platinum,734
15745417,France,89685.92,748916.62,107,0,1,Platinum,735
15652266,Germany,63227.0,676291.3,136,0,1,Platinum,735
15762198,France,103818.43,748184.51,80,0,1,Platinum,736
15636444,Germany,141616.55,676278.35,79,0,1,Platinum,736
15665759,France,117866.92,747492.63,85,0,1,Platinum,737
15589698,Germany,107104.5,675427.27,89,1,1,Platinum,737
15756680,France,165798.1,747106.63,66,0,1,Platinum,738
15737521,Germany,103604.31,675271.67,86,0,1,Platinum,738
15747867,France,135125.28,746928.6,85,0,1,Platinum,739
15772381,Germany,92219.21,672979.86,82,0,1,Platinum,739
15644962,France,137910.45,746482.9,67,0,1,Platinum,740
15808846,Germany,165878.76,670906.46,56,0,1,Platinum,740
15742210,France,65962.63,746282.43,155,0,1,Platinum,741
15745107,Germany,112281.7,668907.97,82,0,1,Platinum,741
15603246,France,170241.7,744796.78,48,0,1,Platinum,742
15701160,Germany,125890.72,668055.45,74,0,1,Platinum,742
15780514,France,136678.52,743670.61,75,0,1,Platinum,743
15725776,Germany,101195.23,667035.64,91,0,1,Platinum,743
15776128,France,155114.9,743642.27,63,0,1,Platinum,744
15706199,Germany,96643.32,666443.85,81,0,1,Platinum,744
15780212,France,212692.97,743625.14,50,0,1,Platinum,745
15802617,Germany,115371.94,666193.61,77,0,1,Platinum,745
15702277,France,106005.54,743391.6,82,0,1,Platinum,746
15577587,Germany,121016.23,665604.24,75,1,1,Platinum,746
15619304,France,159660.8,741615.74,64,1,1,Platinum,747
15654156,Germany,106807.64,665469.74,93,0,1,Platinum,747
15672894,France,129944.39,741587.4400000001,84,0,1,Platinum,748
15686909,Germany,150795.81,664497.03,53,0,1,Platinum,748
15726153,France,106260.67,741062.79,89,0,1,Platinum,749
15695197,Germany,128524.19,664456.3099999999,71,0,1,Platinum,749
15802585,France,68213.99,740986.0,143,0,1,Platinum,750
15763093,Germany,128369.75,663996.54,78,0,1,Platinum,750
15584505,France,113923.81,740689.49,73,0,1,Platinum,751
15726556,Germany,135067.52,663695.84,77,0,1,Platinum,751
15796790,France,154543.98,739066.37,75,0,1,Platinum,752
15707473,Germany,111962.99,663387.38,72,0,1,Platinum,752
15704340,France,104255.03,738324.35,97,0,1,Platinum,753
15598259,Germany,98612.1,663234.05,91,0,1,Platinum,753
15696047,France,99760.84,738213.22,103,0,1,Platinum,754
15701936,Germany,126315.26,662939.95,66,1,1,Platinum,754
15636812,France,112701.04,737686.2,81,0,1,Platinum,755
15723013,Germany,76656.4,662742.27,117,0,1,Platinum,755
15645496,France,139972.18,737643.34,75,0,1,Platinum,756
15803352,Germany,155736.42,660984.0,58,0,1,Platinum,756
15755084,France,121854.45,737367.48,63,0,1,Platinum,757
15766683,Germany,139422.37,660096.15,52,1,1,Platinum,757
15625929,France,159316.64,737023.37,74,0,1,Platinum,758
15576044,Germany,150329.15,659414.46,54,0,1,Platinum,758
15622003,France,92566.53,735899.49,97,0,1,Platinum,759
15683930,Germany,134096.53,659387.34,49,1,1,Platinum,759
15621083,France,136325.48,735798.04,64,1,1,Platinum,760
15657957,Germany,113674.2,658989.18,69,1,1,Platinum,760
15710390,France,94631.26,735735.7,103,0,1,Platinum,761
15590828,Germany,126428.38,658778.72,75,0,1,Platinum,761
15591724,France,143244.97,735032.64,68,0,1,Platinum,762
15722578,Germany,97956.5,658751.09,87,0,1,Platinum,762
15617078,France,148481.09,734403.49,73,0,1,Platinum,763
15725509,Germany,115286.68,658106.91,78,0,1,Platinum,763
15707479,France,125608.72,733274.1,74,0,1,Platinum,764
15585100,Germany,124401.6,656260.93,85,1,1,Platinum,764
15591607,France,101827.07,732332.39,92,0,1,Platinum,765
15634281,Germany,110822.9,656197.05,99,0,1,Platinum,765
15607395,France,112528.65,731637.35,98,0,1,Platinum,766
15630704,Germany,106520.73,655588.75,94,0,1,Platinum,766
15631838,France,108166.09,730381.72,90,0,1,Platinum,767
15814331,Germany,119127.46,655538.01,76,0,1,Platinum,767
15626485,France,78892.23,730279.13,115,0,1,Platinum,768
15719940,Germany,115280.49,655411.27,67,1,1,Platinum,768
15756472,France,108396.67,729865.48,83,0,1,Platinum,769
15768282,Germany,94615.11,655363.52,102,0,1,Platinum,769
15728005,France,111359.55,728582.01,89,0,1,Platinum,770
15802351,Germany,90560.3,655325.76,90,0,1,Platinum,770
15587712,France,114435.47,728008.57,84,0,1,Platinum,771
15734942,Germany,82407.51,655096.45,91,0,1,Platinum,771
15658240,France,135814.7,727331.4,86,0,1,Platinum,772
15720155,Germany,131354.39,654952.5599999999,60,1,1,Platinum,772
15778290,France,70416.75,727216.82,143,0,1,Platinum,773
15654292,Germany,130368.31,654773.2,74,0,1,Platinum,773
15590228,France,76467.16,727098.21,104,0,1,Platinum,774
15583392,Germany,135776.36,654169.99,59,1,1,Platinum,774
15567834,France,105918.1,726590.0,90,0,1,Platinum,775
15656005,Germany,124593.23,654037.4,75,0,1,Platinum,775
15796721,France,145018.49,726587.86,65,0,1,Platinum,776
15738448,Germany,174330.35,653824.59,46,0,1,Platinum,776
15604044,France,134811.3,726247.91,75,0,1,Platinum,777
15737647,Germany,135120.56,653477.97,57,0,1,Platinum,777
15799710,France,104960.46,725796.83,99,0,1,Platinum,778
15786433,Germany,165982.43,653270.91,57,0,1,Platinum,778
15726250,France,166328.65,725281.06,58,0,1,Platinum,779
15800793,Germany,182491.57,653172.27,49,0,1,Platinum,779
15775750,France,134560.62,725232.71,86,0,1,Platinum,780
15584620,Germany,143644.16,653141.75,62,1,1,Platinum,780
15566295,France,138053.79,724603.28,51,0,1,Platinum,781
15748499,Germany,118400.91,653115.39,67,1,1,Platinum,781
15764253,France,160485.16,723769.38,67,0,1,Platinum,782
15599452,Germany,125338.8,652698.53,82,0,1,Platinum,782
15658409,France,128876.71,722964.05,73,1,1,Platinum,783
15728224,Germany,149155.53,648909.77,65,1,1,Platinum,783
15628999,France,61811.23,722057.63,165,0,1,Platinum,784
15602735,Germany,152296.83,647165.89,61,1,1,Platinum,784
15761720,France,153238.88,719896.77,49,0,1,Platinum,785
15674620,Germany,77373.87,646999.72,119,0,1,Platinum,785
15705890,France,142072.02,719774.27,83,0,1,Platinum,786
15580366,Germany,118614.6,646277.82,60,0,1,Platinum,786
15588450,France,69365.25,718470.4,138,0,1,Platinum,787
15731412,Germany,95900.04,646147.16,97,0,1,Platinum,787
15690743,France,65190.29,718289.49,123,1,1,Platinum,788
15612627,Germany,139541.58,645121.15,59,0,1,Platinum,788
15703563,France,93017.47,717943.21,92,0,1,Platinum,789
15658890,Germany,98899.76,644821.78,67,0,1,Platinum,789
15685476,France,100082.14,717518.31,78,0,1,Platinum,790
15583456,Germany,117231.63,644056.97,72,1,1,Platinum,790
15575623,France,110635.32,717353.9,85,0,1,Platinum,791
15737910,Germany,140691.08,643254.3099999999,58,0,1,Platinum,791
15619616,France,102017.25,716891.78,90,0,1,Platinum,792
15773456,Germany,145747.67,641723.9400000001,53,0,1,Platinum,792
15814022,France,89928.99,716435.67,99,0,1,Platinum,793
15745455,Germany,108716.59,641641.39,71,0,1,Platinum,793
15603794,France,118469.38,715954.58,74,0,1,Platinum,794
15674331,Germany,132174.41,640818.84,67,0,1,Platinum,794
15736299,France,109106.8,715326.03,85,0,1,Platinum,795
15687153,Germany,98649.55,640517.67,87,1,1,Platinum,795
15712303,France,159732.02,715106.0599999999,65,0,1,Platinum,796
15588372,Germany,105489.31,640472.3,91,1,1,Platinum,796
15589589,France,144094.2,714806.88,56,0,1,Platinum,797
15602647,Germany,127415.85,640447.85,78,1,1,Platinum,797
15776985,France,112518.71,714546.46,92,0,1,Platinum,798
15592461,Germany,109166.37,639061.47,69,0,1,Platinum,798
15793197,France,100359.54,714390.25,87,0,1,Platinum,799
15624866,Germany,168735.74,638317.21,34,0,1,Platinum,799
15605835,France,69143.91,714048.77,135,0,1,Platinum,800
15624892,Germany,93978.96,637660.09,81,0,1,Platinum,800
15625445,France,68348.18,713621.68,132,0,1,Platinum,801
15724623,Germany,113034.22,636368.01,63,1,1,Platinum,801
15629885,France,118004.26,713572.64,87,0,1,Platinum,802
15785485,Germany,138878.81,636141.51,50,0,1,Platinum,802
15703399,France,101641.14,713536.82,93,0,1,Platinum,803
15607827,Germany,133467.77,636086.04,61,0,1,Platinum,803
15642063,France,163505.16,712900.84,62,0,1,Platinum,804
15693267,Germany,121063.85,635831.92,70,0,1,Platinum,804
15680901,France,97435.85,711728.59,110,0,1,Platinum,805
15651450,Germany,123212.08,634293.74,61,0,1,Platinum,805
15812040,France,153880.15,711010.57,71,0,1,Platinum,806
15598744,Germany,140273.47,633951.55,68,1,1,Platinum,806
15748649,France,93183.19,710410.21,84,0,1,Platinum,807
15814930,Germany,125534.51,633416.4400000001,79,1,1,Platinum,807
15682868,France,99816.46,709339.81,114,1,1,Platinum,808
15613048,Germany,139973.65,632560.34,60,1,1,Platinum,808
15677173,France,124969.13,708739.47,89,0,1,Platinum,809
15570192,Germany,121729.42,632509.78,77,0,1,Platinum,809
15690678,France,129307.32,706366.89,60,0,1,Platinum,810
15759913,Germany,85200.82,631887.43,101,0,1,Platinum,810
15775709,France,98590.25,704609.22,93,0,1,Platinum,811
15763414,Germany,113447.01,631846.2,79,0,1,Platinum,811
15786014,France,145105.64,704303.78,69,0,1,Platinum,812
15572038,Germany,113948.58,631040.51,69,1,1,Platinum,812
15789865,France,71902.52,704243.31,144,0,1,Platinum,813
15617136,Germany,61482.47,629767.97,139,0,1,Platinum,813
15738954,France,129717.3,703999.64,79,0,1,Platinum,814
15696175,Germany,90602.42,628488.06,104,0,1,Platinum,814
15689412,France,127849.38,702754.01,76,0,1,Platinum,815
15728693,Germany,141349.43,628252.75,54,0,1,Platinum,815
15619343,France,152759.0,702278.72,53,1,1,Platinum,816
15770424,Germany,95710.11,628245.95,92,0,1,Platinum,816
15783029,France,106603.74,701894.11,90,0,1,Platinum,817
15695819,Germany,134740.19,628209.4,65,0,1,Platinum,817
15716822,France,98014.74,701879.08,82,0,1,Platinum,818
15676958,Germany,86055.17,627530.85,84,0,1,Platinum,818
15736228,France,129596.77,701561.87,60,0,1,Platinum,819
15799494,Germany,140393.65,627368.93,48,0,1,Platinum,819
15748947,France,95858.37,700980.93,97,0,1,Platinum,820
15797710,Germany,98955.87,627155.42,72,0,1,Platinum,820
15586517,France,97041.16,700873.54,93,0,1,Platinum,821
15783097,Germany,111348.15,627069.98,77,0,1,Platinum,821
15657139,France,84390.8,700716.67,126,0,1,Platinum,822
15617603,Germany,123210.56,625712.25,79,0,1,Platinum,822
15673020,France,204510.94,700713.02,45,1,1,Platinum,823
15681410,Germany,98088.09,625549.02,73,1,1,Platinum,823
15588933,France,146053.66,700218.4500000001,57,0,1,Platinum,824
15810660,Germany,120875.23,625143.94,71,0,1,Platinum,824
15788189,France,96147.55,700031.76,81,0,1,Platinum,825
15709474,Germany,113386.36,625106.54,49,1,1,Platinum,825
15620570,France,202443.47,699861.82,47,0,1,Platinum,826
15595303,Germany,130812.91,625103.38,71,1,1,Platinum,826
15740846,France,125909.85,699686.92,84,0,1,Platinum,827
15629010,Germany,111743.43,624961.21,74,0,1,Platinum,827
15801658,France,104305.74,698939.38,104,0,1,Platinum,828
15716605,Germany,103099.17,624853.07,77,0,1,Platinum,828
15574372,France,161274.05,698177.33,56,0,1,Platinum,829
15595883,Germany,127278.31,624261.0,63,0,1,Platinum,829
15791279,France,169742.64,697744.88,65,1,1,Platinum,830
15648047,Germany,190125.43,624224.09,61,0,1,Platinum,830
15698786,France,133102.92,696902.65,63,1,1,Platinum,831
15585287,Germany,119948.09,623737.5,84,1,1,Platinum,831
15721719,France,77002.2,696608.48,115,0,1,Platinum,832
15672152,Germany,122506.38,623298.41,75,1,1,Platinum,832
15625944,France,98668.18,695717.77,84,0,1,Platinum,833
15810995,Germany,122726.56,623199.09,58,0,1,Platinum,833
15658972,France,122038.34,694896.36,75,0,1,Platinum,834
15672516,Germany,90373.28,622875.1,83,0,1,Platinum,834
15574886,France,94486.47,694388.14,111,0,1,Platinum,835
15697678,Germany,92340.69,622429.34,89,0,1,Platinum,835
15666012,France,102833.46,694143.38,75,0,1,Platinum,836
15638028,Germany,127237.25,621507.8,58,0,1,Platinum,836
15624423,France,99986.98,694129.51,97,0,1,Platinum,837
15710553,Germany,142055.41,621247.82,46,0,1,Platinum,837
15741180,France,102141.9,693542.59,97,0,1,Platinum,838
15648367,Germany,74430.1,619855.57,102,0,1,Platinum,838
15731511,France,118626.55,693299.55,82,0,1,Platinum,839
15722902,Germany,125437.64,619698.93,66,1,1,Platinum,839
15706552,France,85311.7,693081.45,111,0,1,Platinum,840
15627859,Germany,102609.0,619399.67,87,0,1,Platinum,840
15631481,France,79563.36,691727.88,116,0,1,Platinum,841
15724321,Germany,128298.74,618840.29,65,1,1,Platinum,841
15769272,France,136214.08,691664.82,71,0,1,Platinum,842
15756535,Germany,91538.51,618355.01,88,0,1,Platinum,842
15677317,France,153040.03,691497.33,66,1,1,Platinum,843
15675896,Germany,105722.69,618304.72,67,1,1,Platinum,843
15610226,France,106414.57,691054.75,83,0,1,Platinum,844
15717056,Germany,144351.86,617839.02,71,0,1,Platinum,844
15752502,France,130385.82,690572.72,70,0,1,Platinum,845
15641298,Germany,93955.83,617771.5,92,0,1,Platinum,845
15692002,France,93791.38,689597.39,103,0,1,Platinum,846
15583863,Germany,142946.18,617051.75,55,1,1,Platinum,846
15723339,France,137654.05,688555.93,70,0,1,Platinum,847
15633461,Germany,130170.82,614215.5,69,0,1,Platinum,847
15723604,France,150555.83,687414.08,65,0,1,Platinum,848
15710295,Germany,119413.62,614162.29,69,0,1,Platinum,848
15740442,France,186825.57,687310.2,57,1,1,Platinum,849
15776733,Germany,124513.66,613903.3099999999,71,0,1,Platinum,849
15770185,France,80728.15,686785.68,94,0,1,Platinum,850
15626044,Germany,125155.83,613463.17,58,0,1,Platinum,850
15766064,France,111060.05,686695.07,98,0,1,Platinum,851
15709004,Germany,93547.23,612974.36,94,0,1,Platinum,851
15591509,France,101583.11,686147.96,71,0,1,Platinum,852
15791053,Germany,122917.71,612299.87,59,1,1,Platinum,852
15777211,France,92113.61,686005.2,99,0,1,Platinum,853
15598162,Germany,160761.41,611781.32,57,0,1,Platinum,853
15806945,France,88594.14,685952.84,97,0,1,Platinum,854
15588986,Germany,99097.36,611563.79,64,0,1,Platinum,854
15609187,France,155879.09,685687.07,56,0,1,Platinum,855
15691543,Germany,142537.18,610428.39,55,0,1,Platinum,855
15739548,France,111167.7,685682.62,109,0,1,Platinum,856
15705991,Germany,113599.42,610251.25,82,0,1,Platinum,856
15801915,France,152310.55,685638.53,75,0,1,Platinum,857
15654611,Germany,81732.88,609880.85,107,0,1,Platinum,857
15632050,France,99786.2,685247.3,90,0,1,Platinum,858
15771569,Germany,137367.94,609704.65,62,0,1,Platinum,858
15647807,France,109219.83,684636.62,80,0,1,Platinum,859
15657284,Germany,106901.94,609043.71,69,1,1,Platinum,859
15597951,France,114713.57,683833.62,77,0,1,Platinum,860
15738884,Germany,157777.58,608844.57,51,0,1,Platinum,860
15620111,France,133436.52,683113.18,70,0,1,Platinum,861
15715532,Germany,117633.28,607952.38,74,0,1,Platinum,861
15586310,France,169462.09,682985.7,48,0,1,Platinum,862
15598510,Germany,105907.42,607580.65,67,0,1,Platinum,862
15568025,France,81710.46,682486.55,122,0,1,Platinum,863
15644882,Germany,78249.53,607424.42,104,0,1,Platinum,863
15567078,France,66201.96,681811.52,137,0,1,Platinum,864
15614687,Germany,148770.61,606872.67,53,0,1,Platinum,864
15683157,France,100446.57,681321.77,72,0,1,Platinum,865
15714087,Germany,151855.33,606808.29,61,0,1,Platinum,865
15669410,France,110829.52,681303.35,95,0,1,Platinum,866
15766185,Germany,146587.3,606784.02,56,0,1,Platinum,866
15580629,France,134837.58,680580.11,58,0,1,Platinum,867
15602043,Germany,141788.63,606307.1900000001,53,0,1,Platinum,867
15617082,France,115195.58,680032.32,96,0,1,Platinum,868
15584113,Germany,124954.94,605975.63,61,1,1,Platinum,868
15790678,France,119023.28,679792.11,83,0,1,Platinum,869
15803032,Germany,89111.63,605141.05,107,0,1,Platinum,869
15640464,France,91612.91,679791.34,77,0,1,Platinum,870
15576990,Germany,152885.77,605008.51,47,0,1,Platinum,870
15701096,France,123863.64,678815.71,79,0,1,Platinum,871
15623202,Germany,102556.18,604625.52,82,1,1,Platinum,871
15732774,France,112291.34,678481.29,79,0,1,Platinum,872
15642202,Germany,106453.53,602482.0,82,0,1,Platinum,872
15730287,France,147726.98,678125.41,80,1,1,Platinum,873
15746737,Germany,69129.59,602368.92,144,0,1,Platinum,873
15732884,France,131959.86,677762.83,78,0,1,Platinum,874
15807595,Germany,144244.59,602043.03,59,0,1,Platinum,874
15723671,France,100107.99,677304.8200000001,97,0,1,Platinum,875
15606274,Germany,63176.44,601694.42,108,0,1,Platinum,875
15606915,France,98148.61,677031.97,72,0,1,Platinum,876
15627185,Germany,123737.04,600211.73,65,0,1,Platinum,876
15701166,France,131754.11,676999.57,78,0,1,Platinum,877
15740356,Germany,115021.76,599977.94,73,0,1,Platinum,877
15606115,France,191665.21,675972.4,44,1,1,Platinum,878
15723907,Germany,154776.42,599734.12,62,0,1,Platinum,878
15591980,France,122568.05,675060.12,79,0,1,Platinum,879
15691875,Germany,114491.82,599213.15,55,0,1,Platinum,879
15605666,France,110717.38,674684.74,103,0,1,Platinum,880
15760865,Germany,141819.02,599040.36,47,1,1,Platinum,880
15641733,France,164757.56,674553.31,54,0,1,Platinum,881
15709252,Germany,105173.99,598589.64,55,1,1,Platinum,881
15725664,France,107283.4,673475.32,83,0,1,Platinum,882
15692577,Germany,83727.68,598527.76,76,0,1,Platinum,882
15658258,France,128760.32,673263.55,50,0,1,Platinum,883
15730673,Germany,122265.24,598028.47,70,0,1,Platinum,883
15624623,France,104088.59,672984.71,99,0,1,Platinum,884
15683027,Germany,122028.65,597105.63,66,0,1,Platinum,884
15739168,France,137411.29,672390.53,74,0,1,Platinum,885
15732307,Germany,124067.32,596469.43,71,0,1,Platinum,885
15745201,France,139496.35,670956.08,68,0,1,Platinum,886
15793478,Germany,151391.68,596309.59,53,1,1,Platinum,886
15583212,France,134022.06,670014.46,46,0,1,Platinum,887
15653952,Germany,135157.05,595158.88,55,0,1,Platinum,887
15756425,France,146301.31,669889.38,70,0,1,Platinum,888
15631406,Germany,109387.9,595020.05,49,0,1,Platinum,888
15576162,France,92199.84,668487.76,114,0,1,Platinum,889
15733138,Germany,90248.79,594509.14,94,0,1,Platinum,889
15592854,France,113736.27,668396.61,64,0,1,Platinum,890
15579996,Germany,131402.21,593768.64,87,0,1,Platinum,890
15693704,France,114948.76,668265.62,92,0,1,Platinum,891
15778418,Germany,154309.67,592538.75,67,1,1,Platinum,891
15702741,France,93012.89,668218.84,95,0,1,Platinum,892
15642001,Germany,119530.52,592353.58,80,1,1,Platinum,892
15679075,France,107798.85,667309.95,78,0,1,Platinum,893
15804201,Germany,126772.57,591998.76,60,0,1,Platinum,893
15765952,France,145471.37,666817.37,47,0,1,Platinum,894
15669175,Germany,107637.97,591813.32,92,0,1,Platinum,894
15589975,France,97259.25,666675.62,104,0,1,Platinum,895
15683183,Germany,97652.96,591628.12,74,0,1,Platinum,895
15774847,France,171740.69,665318.38,60,0,1,Platinum,896
15749103,Germany,118907.6,590747.31,61,1,1,Platinum,896
15670172,France,107879.04,664824.35,68,0,1,Platinum,897
15578865,Germany,107959.39,590056.58,63,1,1,Platinum,897
15666043,France,156297.58,664626.93,64,0,1,Platinum,898
15778320,Germany,148495.64,589110.42,53,0,1,Platinum,898
15765402,France,145644.05,663669.72,56,0,1,Platinum,899
15807340,Germany,131023.76,588943.22,43,0,1,Platinum,899
15694601,France,158978.79,663140.4299999999,57,0,1,Platinum,900
15803005,Germany,86568.75,588482.96,95,0,1,Platinum,900
15760121,France,100606.02,662073.67,86,0,1,Platinum,901
15599433,Germany,58641.43,588215.28,150,0,1,Platinum,901
15628292,France,156001.68,661658.6900000001,62,0,1,Platinum,902
15651075,Germany,142296.13,588158.27,59,0,1,Platinum,902
15757617,France,134140.68,660876.17,61,0,1,Platinum,903
15619608,Germany,92895.56,588065.83,77,1,1,Platinum,903
15623560,France,102482.76,660393.65,94,0,1,Platinum,904
15670345,Germany,127211.45,587600.46,61,0,1,Platinum,904
15714680,France,121206.96,660363.63,89,0,1,Platinum,905
15664311,Germany,123675.69,585688.27,58,0,1,Platinum,905
15654074,France,119315.75,660189.84,80,0,1,Platinum,906
15635197,Germany,90402.77,585441.48,87,0,1,Platinum,906
15589793,France,144453.75,659768.02,71,1,1,Platinum,907
15733476,Germany,73481.05,585068.34,100,0,1,Platinum,907
15648320,France,123974.96,658661.64,71,0,1,Platinum,908
15789425,Germany,98218.04,584304.96,90,1,1,Platinum,908
15797219,France,123497.58,658570.62,74,1,1,Platinum,909
15721007,Germany,115130.34,583313.58,56,1,1,Platinum,909
15695492,France,156569.43,657265.06,60,0,1,Platinum,910
15724336,Germany,171601.27,583169.43,51,0,1,Platinum,910
15691150,France,110559.46,656204.34,74,0,1,Platinum,911
15647570,Germany,120591.19,581858.91,76,0,1,Platinum,911
15682356,France,111852.84,656175.8,81,0,1,Platinum,912
15776233,Germany,125397.21,581601.0,59,1,1,Platinum,912
15681991,France,107871.72,654912.12,81,0,1,Platinum,913
15738835,Germany,101985.81,581260.47,76,0,1,Platinum,913
15711759,France,108541.04,654307.33,81,0,1,Platinum,914
15687094,Germany,82498.14,580806.42,87,0,1,Platinum,914
15586680,France,176913.52,654228.73,51,0,1,Platinum,915
15815656,Germany,100116.67,579411.35,77,1,1,Platinum,915
15616168,France,81905.95,654172.11,108,0,1,Platinum,916
15800251,Germany,72835.56,579253.48,100,0,1,Platinum,916
15682533,France,79259.99,653000.8,121,0,1,Platinum,917
15774098,Germany,125385.49,578988.5,59,0,1,Platinum,917
15656840,France,104450.86,652355.05,102,0,1,Platinum,918
15799998,France,85859.76,651531.17,84,0,1,Platinum,919
15751628,France,78391.17,650767.91,117,0,1,Platinum,920
15705301,France,95696.52,650336.64,99,0,1,Platinum,921
15663312,France,112727.06,649878.8,91,0,1,Platinum,922
15632256,France,127504.57,649736.1799999999,74,0,1,Platinum,923
15694098,France,68332.96,648650.25,146,0,1,Platinum,924
15796434,France,97612.12,648138.42,90,0,1,Platinum,925
15663168,France,110934.54,647512.15,80,0,1,Platinum,926
15650545,France,71996.09,646665.97,104,0,1,Platinum,927
15579994,France,73112.95,646370.23,138,0,1,Platinum,928
15658233,France,109798.25,646280.22,80,0,1,Platinum,929
15613734,France,84719.13,645735.11,101,0,1,Platinum,930
15594651,France,115221.36,644390.2,78,0,1,Platinum,931
15585823,France,128131.73,643582.33,73,0,1,Platinum,932
15708236,France,91285.22,643557.76,103,0,1,Platinum,933
15646784,France,164003.05,643260.74,52,0,1,Platinum,934
15734987,France,140260.36,640851.44,69,0,1,Platinum,935
15572547,France,104930.38,640300.08,71,1,1,Platinum,936
15654341,France,101116.06,639764.8,88,0,1,Platinum,937
15672132,France,121453.63,639665.55,69,0,1,Platinum,938
15587835,France,136416.82,638351.37,57,0,1,Platinum,939
15641835,France,140997.26,637999.74,61,0,1,Platinum,940
15615012,France,156267.59,636279.55,49,0,1,Platinum,941
15602030,France,128206.79,634453.84,69,0,1,Platinum,942
15726557,France,165679.92,633888.43,67,0,1,Platinum,943
15612043,France,90145.04,633073.43,111,0,1,Platinum,944
15649024,France,132865.56,632976.62,71,1,1,Platinum,945
15777826,France,94443.77,632899.59,95,0,1,Platinum,946
15806941,France,76961.6,632488.04,102,0,1,Platinum,947
15780362,France,119960.29,632120.24,73,0,1,Platinum,948
15758136,France,141803.77,631867.03,47,0,1,Platinum,949
15686964,France,84944.58,631296.76,98,0,1,Platinum,950
15678210,France,105069.98,630656.82,90,0,1,Platinum,951
15747807,France,137824.03,629931.4,73,0,1,Platinum,952
15631457,France,98186.7,629782.14,82,0,1,Platinum,953
15669290,France,59360.77,629406.02,131,0,1,Platinum,954
15712903,France,176511.08,629293.8,41,0,1,Platinum,955
15691808,France,134919.85,628976.8,59,0,1,Platinum,956
15591489,France,142662.68,628742.12,60,0,1,Platinum,957
15621893,France,133550.67,628602.07,66,0,1,Platinum,958
15630053,France,127864.4,628504.04,63,0,1,Platinum,959
15585249,France,106036.52,628260.45,68,1,1,Platinum,960
15737408,France,109941.51,627790.34,69,0,1,Platinum,961
15649297,France,111065.93,627363.07,69,0,1,Platinum,962
15575679,France,126431.54,627107.88,82,0,1,Platinum,963
15639265,France,126113.28,626866.62,66,0,1,Platinum,964
15571778,France,117561.49,625827.97,81,1,1,Platinum,965
15775339,France,95947.76,625635.58,83,0,1,Platinum,966
15605684,France,104158.84,625400.39,73,0,1,Platinum,967
15683758,France,111833.47,625170.37,85,0,1,Platinum,968
15689061,France,82547.11,623880.9,106,0,1,Platinum,969
15577398,France,86449.39,622966.6,93,0,1,Platinum,970
15757537,France,107784.65,622512.76,99,0,1,Platinum,971
15789014,France,108909.12,622232.2,64,0,1,Platinum,972
15735572,France,113657.83,621753.73,74,1,1,Platinum,973
15778838,France,114135.17,621388.14,86,0,1,Platinum,974
15612771,France,148172.44,621330.38,62,0,1,Platinum,975
15627251,France,134007.9,621080.61,64,0,1,Platinum,976
15641604,France,98488.08,619874.73,87,1,1,Platinum,977
15749093,France,158713.08,619520.37,51,0,1,Platinum,978
15771997,France,75499.24,619459.07,118,0,1,Platinum,979
15726354,France,123157.95,619218.0,57,0,1,Platinum,980
15687363,France,155047.56,618724.18,57,0,1,Platinum,981
15569892,France,57369.61,618723.54,141,0,1,Platinum,982
15575002,France,140720.93,618309.78,46,0,1,Platinum,983
15620750,France,141099.43,618056.31,49,0,1,Platinum,984
15782159,France,67639.56,617953.48,129,0,1,Platinum,985
15780804,France,97318.25,617911.07,80,0,1,Platinum,986
15636016,France,120777.88,616301.04,64,0,1,Platinum,987
15747762,France,118520.41,615754.66,73,0,1,Platinum,988
15784099,France,126875.62,615466.73,46,0,1,Platinum,989
15815530,France,75497.51,614931.57,111,0,1,Platinum,990
15659098,France,95128.86,614407.09,72,0,1,Platinum,991
15809006,France,113758.48,613731.8099999999,68,0,1,Platinum,992
15633586,France,120962.13,613497.02,84,0,1,Platinum,993
15567832,France,114354.95,613058.74,74,0,1,Platinum,994
15593954,France,109387.33,612381.14,67,0,1,Platinum,995
15596962,France,137295.19,611874.83,61,0,1,Platinum,996
15766289,France,142669.93,611763.81,57,0,1,Platinum,997
15690153,France,116121.84,610968.12,72,0,1,Platinum,998
15794257,France,91562.99,608864.13,78,0,1,Platinum,999
15794939,France,121215.9,608756.99,74,0,1,Platinum,1000
15602934,France,131698.57,608756.38,62,0,1,Platinum,1001
15584580,France,161111.45,608411.08,54,0,1,Platinum,1002
15779481,France,158741.43,608130.43,63,0,1,Platinum,1003
15616931,France,102768.42,607709.35,78,0,1,Platinum,1004
15639357,France,134950.19,606781.82,65,1,1,Platinum,1005
15711521,France,121778.71,606568.81,60,0,1,Platinum,1006
15797736,France,80262.6,606118.32,73,0,1,Platinum,1007
15590876,France,106234.02,605758.21,67,0,1,Platinum,1008
15703413,France,125328.56,605295.86,64,0,1,Platinum,1009
15747927,France,155739.76,605254.09,47,0,1,Platinum,1010
15581115,France,76769.68,605044.69,99,0,1,Platinum,1011
15640442,France,129722.57,604502.09,51,0,1,Platinum,1012
15575498,France,149379.66,603530.3099999999,57,0,1,Platinum,1013
15801316,France,66250.71,603504.86,112,0,1,Platinum,1014
15746564,France,108010.78,603092.77,61,0,1,Platinum,1015
15766649,France,89416.99,602733.17,100,0,1,Platinum,1016
15754599,France,123311.39,601944.31,62,0,1,Platinum,1017
15634591,France,73059.38,601637.0,132,0,1,Platinum,1018
15665634,France,59568.57,601470.49,123,0,1,Platinum,1019
15744622,France,116358.0,601268.21,83,0,1,Platinum,1020
15737556,France,81076.8,601194.1,77,1,1,Platinum,1021
15771702,France,166118.45,601142.74,56,0,1,Platinum,1022
15579166,France,70729.17,598840.59,105,0,1,Platinum,1023
15791769,France,116536.43,597276.42,76,0,1,Platinum,1024
15812365,France,102800.65,596912.36,89,0,1,Platinum,1025
15809722,France,100812.33,596767.54,83,0,1,Platinum,1026
15631756,France,147813.05,596746.49,53,0,1,Platinum,1027
15776156,France,121325.84,596487.62,55,1,1,Platinum,1028
15715888,France,142289.28,596368.93,46,0,1,Platinum,1029
15779059,France,119624.54,596218.0,60,0,1,Platinum,1030
15715160,France,165536.28,595898.5,46,0,1,Platinum,1031
15759499,France,111156.52,595556.76,71,0,1,Platinum,1032
15612494,France,128747.69,595469.64,59,1,1,Platinum,1033
15578738,France,71872.19,594963.9,111,0,1,Platinum,1034
15593501,France,148667.81,594860.19,54,0,1,Platinum,1035
15633574,France,167545.32,594014.24,50,0,1,Platinum,1036
15735388,France,108664.85,589958.78,84,0,1,Platinum,1037
15582276,France,133501.36,589519.59,70,0,1,Platinum,1038
15587735,France,96863.13,589376.12,87,0,1,Platinum,1039
15711977,France,161533.0,588562.92,43,0,1,Platinum,1040
15726747,France,138082.16,587659.34,69,0,1,Platinum,1041
15696301,France,101455.7,587086.6799999999,72,1,1,Platinum,1042
15622631,France,154409.74,586978.24,46,1,1,Platinum,1043
15803654,France,151290.16,586086.6799999999,42,0,1,Platinum,1044
15570508,France,90218.9,584822.33,80,0,1,Platinum,1045
15674840,France,101430.3,584609.16,70,0,1,Platinum,1046
15724719,France,139096.85,584064.85,52,0,1,Platinum,1047
15783444,France,135139.33,584002.52,56,0,1,Platinum,1048
15738224,France,99162.29,582421.76,74,0,1,Platinum,1049
15809509,France,125689.29,582368.77,64,0,1,Platinum,1050
15652808,France,126670.37,581984.66,64,0,1,Platinum,1051
15741719,France,165298.12,581161.0,51,0,1,Platinum,1052
15705544,France,157201.48,580695.99,46,0,1,Platinum,1053
15610781,France,88378.6,579932.88,97,0,1,Platinum,1054
15736008,France,95441.27,579234.74,89,1,1,Platinum,1055
15736990,France,157842.07,578667.56,42,0,1,Platinum,1056
15749638,France,104760.82,578478.61,92,1,1,Platinum,1057
15595766,Spain,93722.73,574734.85,88,0,2,Gold,527
15641640,Spain,173331.52,570290.09,62,0,2,Gold,528
15686302,Spain,124328.84,569384.47,61,0,2,Gold,529
15571940,Spain,118680.57,568908.54,65,0,2,Gold,530
15678572,Spain,99842.5,567306.64,77,1,2,Gold,531
15661723,Spain,137260.78,567292.45,45,1,2,Gold,532
15735025,Spain,175534.78,567119.0,47,0,2,Gold,533
15639322,Spain,137847.41,565643.57,42,0,2,Gold,534
15695932,Spain,78381.13,565186.98,93,0,2,Gold,535
15806210,Spain,115654.47,565081.84,79,0,2,Gold,536
15723411,Spain,98266.3,564692.44,61,0,2,Gold,537
15654408,Spain,165445.04,564685.3,63,0,2,Gold,538
15813163,Spain,99240.51,564248.32,88,0,2,Gold,539
15687828,Spain,86006.3,563868.48,85,0,2,Gold,540
15706131,Spain,83061.26,563293.57,88,0,2,Gold,541
15747458,Spain,133214.88,562875.71,57,0,2,Gold,542
15623502,Spain,98365.33,561698.89,82,0,2,Gold,543
15704746,Spain,167455.66,561502.62,44,0,2,Gold,544
15761986,Spain,138901.61,561450.29,34,0,2,Gold,545
15673481,Spain,99906.19,561312.35,63,0,2,Gold,546
15773789,Spain,96858.35,560809.8,80,0,2,Gold,547
15655859,Spain,120046.74,560666.46,55,0,2,Gold,548
15780870,Spain,153946.14,559695.39,47,0,2,Gold,549
15714046,Spain,123783.91,558153.07,56,0,2,Gold,550
15595426,Spain,105000.85,557322.15,72,1,2,Gold,551
15673995,Spain,102541.1,554021.7,90,0,2,Gold,552
15574115,Spain,101179.23,553170.08,84,0,2,Gold,553
15630661,Spain,75212.28,550004.63,111,0,2,Gold,554
15753969,Spain,83888.54,548601.57,74,0,2,Gold,555
15808228,Spain,60603.4,548498.29,106,0,2,Gold,556
15715184,Spain,144637.86,547469.04,39,0,2,Gold,557
15638272,Spain,99883.16,546798.45,70,0,2,Gold,558
15683483,Spain,127117.8,544536.4,63,0,2,Gold,559
15573112,Spain,103907.28,544278.48,54,0,2,Gold,560
15783398,Spain,115309.75,544179.44,67,0,2,Gold,561
15588186,Spain,107023.03,544104.83,67,0,2,Gold,562
15718673,Spain,75592.43,544008.81,102,0,2,Gold,563
15641183,Spain,96950.21,543955.59,75,0,2,Gold,564
15810385,Spain,164557.95,543604.56,41,0,2,Gold,565
15689425,Spain,100988.39,543026.12,74,0,2,Gold,566
15649112,Spain,122134.4,542013.19,59,0,2,Gold,567
15657565,Spain,125512.98,541788.24,60,0,2,Gold,568
15768137,Spain,136100.69,541673.78,52,1,2,Gold,569
15778157,Spain,90721.52,541336.42,81,0,2,Gold,570
15792627,Spain,84557.82,540861.16,80,0,2,Gold,571
15611905,Spain,174853.46,540567.99,48,0,2,Gold,572
15702145,Spain,68423.89,540555.37,125,0,2,Gold,573
15794414,Spain,92783.68,540091.11,97,0,2,Gold,574
15599722,Spain,86053.52,538514.25,87,1,2,Gold,575
15605424,Spain,123906.55,538132.68,70,0,2,Gold,576
15778696,Spain,174180.39,537761.4,49,0,2,Gold,577
15628008,Spain,98759.89,533848.06,69,0,2,Gold,578
15653997,Spain,114493.68,533151.14,60,0,2,Gold,579
15658486,Spain,148021.12,532627.93,54,0,2,Gold,580
15737133,Spain,114386.85,532173.72,69,0,2,Gold,581
15578878,Spain,139528.23,531464.29,49,0,2,Gold,582
15614834,Spain,141751.82,529791.42,43,0,2,Gold,583
15779390,Spain,91292.7,528368.41,77,0,2,Gold,584
15653753,Spain,113567.94,527216.3,64,0,2,Gold,585
15629545,Spain,109508.68,526539.99,72,0,2,Gold,586
15643635,Spain,133705.74,526310.68,60,0,2,Gold,587
15627801,Spain,176666.62,526257.5,34,0,2,Gold,588
15568360,Spain,139840.36,526218.81,62,0,2,Gold,589
15777459,Spain,175406.13,524976.04,44,1,2,Gold,590
15580134,Spain,172463.45,524607.85,35,0,2,Gold,591
15672912,Spain,130051.66,524535.6,48,1,2,Gold,592
15796071,Spain,83889.03,523839.75,83,0,2,Gold,593
15708003,Spain,85109.21,523767.32,91,0,2,Gold,594
15720838,Spain,139799.63,521385.63,61,0,2,Gold,595
15626608,Spain,87070.23,520755.7,85,0,2,Gold,596
15812706,Spain,111087.5,520336.85,67,0,2,Gold,597
15800736,Spain,96763.89,518422.99,80,0,2,Gold,598
15643487,Spain,105473.74,517429.08999999997,55,1,2,Gold,599
15654222,Spain,145396.49,517208.29,57,0,2,Gold,600
15581252,Spain,80922.75,512455.62,80,0,2,Gold,601
15732674,Spain,70438.01,511393.71,96,0,2,Gold,602
15753888,Spain,108004.64,510041.41,54,1,2,Gold,603
15648030,Spain,137388.01,509590.07,40,0,2,Gold,604
15594812,Spain,137794.18,507131.39,41,0,2,Gold,605
15662698,Spain,81153.82,505694.29,71,1,2,Gold,606
15802220,Spain,137102.65,503626.04,52,0,2,Gold,607
15742442,Spain,89364.91,503275.94,77,0,2,Gold,608
15682563,Spain,126473.99,500901.52,61,0,2,Gold,609
15641595,Spain,97392.18,499925.95,50,0,2,Gold,610
15603683,Spain,146584.19,499678.13,40,0,2,Gold,611
15627876,Spain,116393.59,497654.83,56,1,2,Gold,612
15734970,Spain,86824.09,496624.34,68,0,2,Gold,613
15573926,Spain,86131.71,496040.94,79,0,2,Gold,614
15582591,Spain,155766.05,495535.81,53,0,2,Gold,615
15757408,Spain,250898.09,494628.51,23,1,2,Gold,616
15759966,Spain,119799.27,490311.51,47,0,2,Gold,617
15652835,Spain,121580.42,487387.54,46,0,2,Gold,618
15570485,Spain,161766.87,486599.19,46,0,2,Gold,619
15668575,Spain,148610.41,485321.83,36,1,2,Gold,620
15659420,Spain,107594.11,484538.45,59,0,2,Gold,621
15659568,Spain,121237.65,483962.17,57,0,2,Gold,622
15672610,Spain,118628.8,482097.84,47,0,2,Gold,623
15815125,Spain,102486.21,481611.04,71,0,2,Gold,624
15732672,Spain,79388.33,480999.97,91,0,2,Gold,625
15616525,Spain,141356.47,479022.53,49,0,2,Gold,626
15741875,Spain,104833.79,477385.22000000003,45,0,2,Gold,627
15620557,Spain,101470.29,476983.95,73,0,2,Gold,628
15607098,Spain,94521.17,475599.32,57,0,2,Gold,629
15753102,Spain,83870.33,474380.57,69,0,2,Gold,630
15734634,Spain,100912.19,474014.7,63,0,2,Gold,631
15618695,Spain,108117.1,473431.59,50,0,2,Gold,632
15677785,Spain,136963.12,473336.21,47,0,2,Gold,633
15632263,Spain,120355.0,470090.17,54,0,2,Gold,634
15788442,Spain,173306.13,469242.44,39,0,2,Gold,635
15610912,Spain,112119.48,467849.47,59,0,2,Gold,636
15589572,Spain,129855.72,467800.75,37,1,2,Gold,637
15757811,Spain,137453.43,462643.14,53,1,2,Gold,638
15582797,Spain,137948.51,462640.25,45,0,2,Gold,639
15732430,Spain,120952.74,462606.18,51,0,2,Gold,640
15649211,Spain,83015.71,462223.56,79,0,2,Gold,641
15730469,Spain,103430.11,461404.37,57,0,2,Gold,642
15664539,Spain,61172.04,461290.28,88,0,2,Gold,643
15570414,Spain,115251.64,460789.85000000003,51,0,2,Gold,644
15640507,Spain,119349.69,460720.75,44,1,2,Gold,645
15788448,Spain,145260.23,458961.12,42,0,2,Gold,646
15616270,Spain,106920.91,458547.86,67,0,2,Gold,647
15718780,Spain,79450.09,457460.5,72,0,2,Gold,648
15644686,Spain,53299.96,457150.59,129,0,2,Gold,649
15785980,Spain,121132.26,456296.08,58,0,2,Gold,650
15797204,Spain,113811.85,452473.69,60,0,2,Gold,651
15692463,Spain,142253.65,452047.52,41,0,2,Gold,652
15773723,Spain,67178.19,451373.7,87,1,2,Gold,653
15701962,Spain,166930.76,449719.17,29,0,2,Gold,654
15711571,Spain,120233.83,448005.43,59,0,2,Gold,655
15579583,Spain,101090.27,445100.7,69,0,2,Gold,656
15717898,Spain,131945.94,444739.24,42,0,2,Gold,657
15715047,Spain,172478.15,444480.35,31,1,2,Gold,658
15644103,Spain,151675.65,443322.31,38,0,2,Gold,659
15596671,Spain,91611.12,442017.86,71,1,2,Gold,660
15636624,Spain,165272.13,441047.35000000003,21,1,2,Gold,661
15596414,Spain,107525.07,439376.03,66,0,2,Gold,662
15728012,Spain,128398.38,438782.07,31,0,2,Gold,663
15722813,Spain,125385.01,438558.75,49,0,2,Gold,664
15688619,Spain,105266.32,437619.0,54,0,2,Gold,665
15726186,Spain,133434.57,437232.89,35,0,2,Gold,666
15650244,Spain,80895.44,436472.85000000003,80,0,2,Gold,667
15711287,Spain,128415.45,436053.3,55,0,2,Gold,668
15793856,Spain,121542.57,434457.98,45,0,2,Gold,669
15575694,Spain,91091.06,433891.51,68,0,2,Gold,670
15679200,Spain,61710.44,433578.93,92,0,2,Gold,671
15660147,Spain,46161.18,433574.73,126,0,2,Gold,672
15582016,Spain,99208.46,432417.57,61,0,2,Gold,673
15775307,Spain,97266.1,431960.27,51,0,2,Gold,674
15704819,Spain,92126.26,430863.2,62,0,2,Gold,675
15773276,Spain,114552.6,428466.65,40,1,2,Gold,676
15644878,Spain,117302.62,427882.14,44,0,2,Gold,677
15702462,Spain,52831.13,427074.19,93,1,2,Gold,678
15685628,Spain,124268.64,426967.04,42,0,2,Gold,679
15689322,Spain,153316.14,426520.56,39,0,2,Gold,680
15788215,Spain,122924.75,425854.86,59,1,2,Gold,681
15778861,Spain,97188.62,425840.55,60,0,2,Gold,682
15635388,Spain,89047.14,425523.1,70,0,2,Gold,683
15781129,Spain,69434.4,424592.8,81,1,2,Gold,684
15629617,Spain,126873.52,423465.3,47,0,2,Gold,685
15724684,Spain,91897.8,421523.03,56,0,2,Gold,686
15577598,Spain,115636.05,421057.09,54,0,2,Gold,687
15668818,Spain,200322.45,420814.43,33,0,2,Gold,688
15594762,Spain,183276.32,420792.93,21,0,2,Gold,689
15575185,Spain,77253.22,420652.27999999997,77,0,2,Gold,690
15764431,Spain,130929.02,419752.18,49,1,2,Gold,691
15651802,Spain,97854.37,419544.3,49,0,2,Gold,692
15779247,Spain,98567.1,419526.16,74,0,2,Gold,693
15721779,Spain,146466.46,419039.54,41,0,2,Gold,694
15597536,Spain,133618.01,418811.2,48,0,2,Gold,695
15593496,Spain,91132.18,418386.82,53,0,2,Gold,696
15590623,Spain,85141.79,417404.07,64,0,2,Gold,697
15709295,Spain,82931.85,416775.96,84,0,2,Gold,698
15569209,Spain,76001.57,414462.1,88,0,2,Gold,699
15712807,Spain,131764.96,414422.72,42,1,2,Gold,700
15781875,Spain,100476.46,414087.93,45,0,2,Gold,701
15608653,Spain,70731.07,413763.43,80,1,2,Gold,702
15717138,Spain,82613.56,413128.92,72,0,2,Gold,703
15752809,Spain,116121.67,412585.87,62,0,2,Gold,704
15794841,Spain,89750.21,411677.01,60,0,2,Gold,705
15773221,Spain,79757.21,411566.18,75,1,2,Gold,706
15773869,Spain,129321.44,411307.89,52,0,2,Gold,707
15672983,Spain,87099.85,410840.98,62,0,2,Gold,708
15785326,Spain,136526.26,409993.65,40,0,2,Gold,709
15667046,Spain,121527.4,409072.2,57,0,2,Gold,710
15592300,Spain,59408.63,407425.31,93,0,2,Gold,711
15720774,Spain,89118.26,406101.85,60,1,2,Gold,712
15737748,Spain,151233.62,405196.09,38,0,2,Gold,713
15679284,Spain,79259.75,404346.29,67,0,2,Gold,714
15640825,Spain,122549.64,403323.76,45,0,2,Gold,715
15672640,Spain,114347.85,402931.43,59,0,2,Gold,716
15759991,Spain,141573.55,402450.47,45,0,2,Gold,717
15737888,Spain,125510.82,402202.38,47,0,2,Gold,718
15665963,Spain,128393.29,401539.77999999997,43,0,2,Gold,719
15744789,Spain,114512.59,401467.32,51,0,2,Gold,720
15713632,Spain,95679.29,401122.74,50,0,2,Gold,721
15665861,Spain,106070.89,400025.54,53,0,2,Gold,722
15810775,Spain,100549.43,399180.33999999997,40,0,2,Gold,723
15592091,Spain,166833.86,397345.01,31,0,2,Gold,724
15603436,Spain,126615.94,397118.27,46,0,2,Gold,725
15788367,Spain,61691.45,396576.76,97,0,2,Gold,726
15807593,Spain,85660.96,396018.16,70,0,2,Gold,727
15782364,Spain,146408.68,393814.95,39,0,2,Gold,728
15646490,Spain,190569.23,391975.27,26,0,2,Gold,729
15745307,Spain,129120.64,391140.88,48,0,2,Gold,730
15690647,Spain,67563.31,386917.56,81,1,2,Gold,731
15705403,Spain,106521.49,386681.19,47,0,2,Gold,732
15583857,Spain,123536.52,385479.97000000003,45,0,2,Gold,733
15714586,Spain,99836.47,385042.26,46,0,2,Gold,734
15689614,Spain,137715.66,384764.99,24,0,2,Gold,735
15798709,Spain,109109.33,383843.8,51,0,2,Gold,736
15742809,Spain,77919.78,382671.52999999997,68,0,2,Gold,737
15775318,Spain,154962.99,382579.35,45,1,2,Gold,738
15656707,Spain,123200.78,380952.86,36,0,2,Gold,739
15601383,Spain,120654.68,380809.03,40,0,2,Gold,740
15667871,Spain,152390.26,380204.83,47,0,2,Gold,741
15789714,Spain,103000.94,379424.33,50,0,2,Gold,742
15665053,Spain,111284.53,379160.37,59,1,2,Gold,743
15765415,Spain,89122.3,378795.28,55,0,2,Gold,744
15617320,Spain,151709.33,378090.99,33,0,2,Gold,745
15581548,Spain,98800.0,377489.07,55,0,2,Gold,746
15668444,Spain,139432.37,377325.57,44,0,2,Gold,747
15633546,Spain,124832.51,376599.76,37,0,2,Gold,748
15579820,Spain,106687.76,375814.93,58,0,2,Gold,749
15650924,Spain,103515.39,375748.66,57,0,2,Gold,750
15790067,Spain,151914.93,375107.88,39,0,2,Gold,751
15716334,Spain,122311.21,374707.04,43,0,2,Gold,752
15661629,Spain,126436.29,374500.05,22,1,2,Gold,753
15737489,Spain,116886.59,374403.45,48,0,2,Gold,754
15591822,Spain,76226.9,374262.48,81,0,2,Gold,755
15590434,Spain,89015.61,374200.42,68,0,2,Gold,756
15787693,Spain,145874.35,374125.67,39,1,2,Gold,757
15791533,Spain,93608.28,372224.72,60,1,2,Gold,758
15775153,Spain,82034.0,371771.55,50,0,2,Gold,759
15652400,Spain,168883.08,371571.04,33,0,2,Gold,760
15633944,Spain,136659.74,371401.75,47,0,2,Gold,761
15638159,Spain,86607.39,370021.12,63,0,2,Gold,762
15747323,Spain,109472.47,369390.94,55,1,2,Gold,763
15738497,Spain,107726.93,369208.86,44,0,2,Gold,764
15590820,Spain,79932.41,369195.24,66,0,2,Gold,765
15761102,Spain,132835.56,368532.1,39,0,2,Gold,766
15670427,Spain,155187.3,366660.01,40,0,2,Gold,767
15578045,Spain,141434.04,364696.15,45,1,2,Gold,768
15772573,Spain,103176.62,362482.37,40,0,2,Gold,769
15805676,Spain,151012.55,362323.46,41,0,2,Gold,770
15661528,Spain,102562.23,359464.89,55,0,2,Gold,771
15705113,Spain,83264.28,358602.62,69,0,2,Gold,772
15689980,Spain,118520.26,358340.77999999997,40,1,2,Gold,773
15636912,Spain,124483.53,357467.75,42,0,2,Gold,774
15705458,Spain,116120.19,357141.47000000003,31,0,2,Gold,775
15675252,Spain,92636.96,357095.37,55,0,2,Gold,776
15589019,Spain,92855.02,356856.29,68,0,2,Gold,777
15613816,Spain,62052.28,355536.37,92,0,2,Gold,778
15632472,Spain,159397.75,355450.7,23,0,2,Gold,779
15576935,Spain,161807.18,355205.14,28,1,2,Gold,780
15776596,Spain,140094.59,353401.26,45,1,2,Gold,781
15665524,Spain,103154.66,352946.66,54,0,2,Gold,782
15774551,Spain,112029.83,351803.13,47,0,2,Gold,783
15698664,Spain,115643.58,350432.87,25,0,2,Gold,784
15636595,Spain,107592.89,349472.04,51,0,2,Gold,785
15698442,Spain,122964.88,349344.65,45,0,2,Gold,786
15735687,Spain,157084.99,347940.54,25,0,2,Gold,787
15741554,Spain,113836.27,347780.24,41,0,2,Gold,788
15803750,Spain,161801.47,346406.6,28,1,2,Gold,789
15790809,Spain,74896.92,345668.0,79,0,2,Gold,790
15654964,Spain,75801.74,345630.02999999997,70,0,2,Gold,791
15689152,Spain,126152.84,345113.83,42,0,2,Gold,792
15611580,Spain,79281.61,344936.75,47,0,2,Gold,793
15644753,Spain,110929.96,342146.09,39,0,2,Gold,794
15797502,Spain,141078.57,341591.15,36,0,2,Gold,795
15750808,Spain,131365.37,341311.05,39,0,2,Gold,796
15673837,Spain,113858.95,338241.56,47,0,2,Gold,797
15666095,Spain,79811.72,337962.36,46,1,2,Gold,798
15578671,Spain,209490.21,337898.07,17,1,2,Gold,799
15677141,Spain,132450.24,337410.95,37,0,2,Gold,800
15717286,Spain,79035.95,337379.91,63,1,2,Gold,801
15610903,Spain,125341.69,336739.61,44,0,2,Gold,802
15578835,Spain,133204.91,336094.4,29,0,2,Gold,803
15616745,Spain,174894.53,335970.77,33,0,2,Gold,804
15722845,Spain,182781.74,335600.11,24,0,2,Gold,805
15608226,Spain,98903.06,333289.73,50,0,2,Gold,806
15604482,Spain,141040.01,333095.39,37,0,2,Gold,807
15665158,Spain,137275.36,332645.59,26,0,2,Gold,808
15756560,Spain,81742.84,331942.57,63,0,2,Gold,809
15566740,Spain,83739.32,331910.96,47,0,2,Gold,810
15583548,Spain,118560.0,330348.89,33,1,2,Gold,811
15581237,Spain,160777.9,329453.54,26,0,2,Gold,812
15677783,Spain,113607.47,328673.01,36,0,2,Gold,813
15780989,Spain,145843.82,328274.25,34,1,2,Gold,814
15742668,Spain,108269.37,327295.88,52,0,2,Gold,815
15694188,Spain,56580.95,326757.19,88,0,2,Gold,816
15671345,Spain,75302.85,326170.7,61,0,2,Gold,817
15646196,Spain,155180.56,326040.52999999997,21,0,2,Gold,818
15766166,Spain,145081.72,325076.8,33,0,2,Gold,819
15588449,Spain,107812.67,324709.44,36,1,2,Gold,820
15813422,Spain,80790.74,324638.77,43,0,2,Gold,821
15674541,Spain,123925.23,324094.61,32,1,2,Gold,822
15602797,Spain,110132.55,323265.72000000003,36,1,2,Gold,823
15731586,Spain,121691.54,323072.51,27,0,2,Gold,824
15642821,Spain,95808.19,322270.37,51,1,2,Gold,825
15703614,Spain,132876.23,321968.3,42,0,2,Gold,826
15601977,Spain,121250.04,321586.46,40,0,2,Gold,827
15681274,Spain,105473.74,320127.72,37,0,2,Gold,828
15660429,Spain,156371.61,320056.35,42,1,2,Gold,829
15600337,Spain,178820.91,319669.26,22,1,2,Gold,830
15675320,Spain,93499.82,318850.27,43,0,2,Gold,831
15596808,Spain,96110.22,318797.63,49,0,2,Gold,832
15768574,Spain,178713.98,317562.41,24,0,2,Gold,833
15782899,Spain,95357.49,317240.93,64,0,2,Gold,834
15679551,Spain,163764.84,316963.3,25,1,2,Gold,835
15656096,Spain,76554.06,316309.87,61,0,2,Gold,836
15757759,Spain,165969.26,315642.96,21,1,2,Gold,837
15789055,Spain,113635.16,314707.71,35,0,2,Gold,838
15675380,Spain,154669.77,313446.89,33,1,2,Gold,839
15793424,Spain,61274.7,312890.7,73,0,2,Gold,840
15670753,Spain,127283.78,312011.3,41,0,2,Gold,841
15747288,Spain,61671.19,311731.68,86,1,2,Gold,842
15731117,Spain,109161.25,310290.58,28,0,2,Gold,843
15692416,Spain,143542.36,309632.05,28,1,2,Gold,844
15589563,Spain,118899.45,309033.82,29,0,2,Gold,845
15782641,Spain,119670.18,308027.38,35,0,2,Gold,846
15608845,Spain,124197.22,307518.37,34,0,2,Gold,847
15623791,Spain,109740.62,307345.77,41,0,2,Gold,848
15689168,Spain,143407.29,307344.72000000003,25,0,2,Gold,849
15580462,Spain,112544.45,305744.93,28,0,2,Gold,850
15707968,Spain,73211.12,303030.13,54,1,2,Gold,851
15620398,Spain,98683.47,302234.92,54,0,2,Gold,852
15773779,Spain,76597.79,301102.21,43,0,2,Gold,853
15600708,Spain,77826.8,299827.78,51,0,2,Gold,854
15578747,Spain,83600.24,299753.75,74,0,2,Gold,855
15633930,Spain,157559.59,298988.88,21,1,2,Gold,856
15698816,Spain,72535.45,295619.67,62,0,2,Gold,857
15754261,Spain,98795.61,294890.42,29,0,2,Gold,858
15756148,Spain,91549.78,293953.15,36,0,2,Gold,859
15631868,Spain,153804.44,292506.68,30,0,2,Gold,860
15765857,Spain,142412.13,291096.45,34,0,2,Gold,861
15569430,Spain,175509.8,289735.89999999997,23,0,2,Gold,862
15589948,Spain,135936.1,288274.46,32,0,2,Gold,863
15732987,Spain,88798.34,288036.46,44,0,2,Gold,864
15706464,Spain,97585.32,287496.99,41,0,2,Gold,865
15576196,Spain,118207.69,287235.31,37,1,2,Gold,866
15709476,Spain,99945.93,286742.28,43,0,2,Gold,867
15610337,Spain,104832.49,286457.8,31,0,2,Gold,868
15669281,Spain,128718.78,286029.34,30,0,2,Gold,869
15800856,Spain,83132.09,285502.43,54,0,2,Gold,870
15800440,Spain,152968.73,285450.72,21,0,2,Gold,871
15674671,Spain,128410.71,284621.21,29,0,2,Gold,872
15782181,Spain,80285.16,283803.51,51,1,2,Gold,873
15777922,Spain,161757.87,282964.0,26,0,2,Gold,874
15733964,Spain,109330.06,282130.14,33,0,2,Gold,875
15772412,Spain,135370.12,281578.55,32,1,2,Gold,876
15766887,Spain,122773.5,281543.72,31,0,2,Gold,877
15795737,Spain,72664.0,280691.51,58,0,2,Gold,878
15813660,Spain,160625.17,279942.33,30,0,2,Gold,879
15792453,Spain,138912.17,279102.39,20,0,2,Gold,880
15783349,Spain,111233.09,276813.44,34,0,2,Gold,881
15635125,Spain,120787.18,276287.66,34,0,2,Gold,882
15584477,Spain,106405.03,273963.97,30,0,2,Gold,883
15780386,Spain,105683.63,272636.37,52,0,2,Gold,884
15736112,Spain,119035.35,272287.98,43,0,2,Gold,885
15623053,Spain,123177.01,271568.01,27,0,2,Gold,886
15693381,Spain,135289.33,270422.16,25,0,2,Gold,887
15641934,Spain,66582.81,270013.02,45,1,2,Gold,888
15603111,Spain,69608.14,269737.08,40,1,2,Gold,889
15607040,Spain,88736.44,268414.11,48,0,2,Gold,890
15726791,Spain,157929.45,267610.91,29,1,2,Gold,891
15687421,Spain,125919.35,266828.68,36,1,2,Gold,892
15684696,Spain,116576.45,266298.92,35,0,2,Gold,893
15615457,Spain,112652.08,266266.38,29,0,2,Gold,894
15719276,Spain,74371.49,266038.22,58,0,2,Gold,895
15670039,Spain,108738.71,265283.7,29,0,2,Gold,896
15742879,Spain,147904.31,264833.54,21,0,2,Gold,897
15610271,Spain,103210.27,264466.52,37,0,2,Gold,898
15598485,Spain,28649.64,262695.87,135,0,2,Gold,899
15706223,Spain,96798.79,261275.52,41,0,2,Gold,900
15644551,Spain,99773.85,260454.13999999998,39,0,2,Gold,901
15656086,Spain,105770.14,259897.47,40,1,2,Gold,902
15797276,Spain,90350.77,259791.89,29,1,2,Gold,903
15803365,Spain,70263.83,259674.63,45,0,2,Gold,904
15675842,Spain,139584.57,259485.63999999998,31,0,2,Gold,905
15740104,Spain,169649.73,259350.12,19,1,2,Gold,906
15782100,Spain,66483.32,259233.37,52,0,2,Gold,907
15764922,Spain,187294.46,258390.93,26,0,2,Gold,908
15701352,Spain,96381.68,255094.63,40,0,2,Gold,909
15602500,Spain,146343.98,254665.21,22,0,2,Gold,910
15644295,Spain,126816.18,254499.32,33,0,2,Gold,911
15748414,Spain,114634.63,253190.06,31,1,2,Gold,912
15647898,Spain,130554.51,252555.23,32,1,2,Gold,913
15716994,Spain,114739.92,252279.25,25,1,2,Gold,914
15572356,Spain,108555.07,252140.44,28,0,2,Gold,915
15692106,Spain,147386.72,252035.59,26,1,2,Gold,916
15699257,Spain,143145.87,251156.24,27,0,2,Gold,917
15673367,Germany,132603.36,578110.63,54,0,2,Gold,918
15746662,Spain,116320.68,250526.99,24,0,2,Gold,918
15723685,Germany,105514.69,577404.92,77,0,2,Gold,919
15795527,Spain,136487.86,250196.69,24,0,2,Gold,919
15614034,Germany,164523.5,576849.62,44,0,2,Gold,920
15643916,Spain,62400.48,249931.6,44,1,2,Gold,920
15673578,Germany,128486.91,576149.62,64,0,2,Gold,921
15743673,Spain,113873.22,249916.92,25,1,2,Gold,921
15661670,Germany,107818.63,574266.05,62,1,2,Gold,922
15749482,Spain,78653.05,249479.48,46,0,2,Gold,922
15680112,Germany,131504.73,573027.21,77,0,2,Gold,923
15703199,Spain,96143.47,249224.79,35,0,2,Gold,923
15647975,Germany,147037.32,572786.8,51,0,2,Gold,924
15645778,Spain,81589.04,247829.11,36,0,2,Gold,924
15585580,Germany,167194.36,572310.45,49,1,2,Gold,925
15811327,Spain,79415.67,247799.47,29,0,2,Gold,925
15604304,Germany,91622.42,572116.43,69,0,2,Gold,926
15720706,Spain,82766.43,247571.12,39,0,2,Gold,926
15697460,Germany,99441.21,571193.1,73,0,2,Gold,927
15744983,Spain,139887.01,246594.65,21,0,2,Gold,927
15751445,Germany,71283.09,570181.95,105,0,2,Gold,928
15812351,Spain,135277.96,246457.39,21,0,2,Gold,928
15747795,Germany,129499.42,570016.29,58,0,2,Gold,929
15655123,Spain,131355.3,246278.99,22,1,2,Gold,929
15651280,Germany,136857.0,569832.58,57,0,2,Gold,930
15815095,Spain,108185.81,246028.06,39,1,2,Gold,930
15621210,Germany,123444.72,569613.84,86,1,2,Gold,931
15777586,Spain,109052.04,245283.06,21,0,2,Gold,931
15731281,Germany,154206.07,569345.54,51,0,2,Gold,932
15782530,Spain,111093.01,244786.56,26,0,2,Gold,932
15681439,Germany,60205.2,567853.81,105,0,2,Gold,933
15793307,Spain,142880.28,244603.0,20,1,2,Gold,933
15812920,Germany,90594.55,567095.1,78,0,2,Gold,934
15758031,Spain,91241.85,244501.85,45,0,2,Gold,934
15686870,Germany,108239.11,567046.62,84,0,2,Gold,935
15679297,Spain,184926.61,243931.19,28,0,2,Gold,935
15719958,Germany,124548.99,565511.27,63,0,2,Gold,936
15612505,Spain,100212.13,242435.54,38,0,2,Gold,936
15633141,Germany,174902.26,563676.35,48,0,2,Gold,937
15807294,Spain,88243.29,242155.73,39,0,2,Gold,937
15697789,Germany,122717.53,563602.35,55,0,2,Gold,938
15808223,Spain,126773.43,242082.50999999998,16,0,2,Gold,938
15677307,Germany,137326.65,563350.81,65,0,2,Gold,939
15694237,Spain,95161.75,241783.17,40,0,2,Gold,939
15808960,Germany,108197.11,562398.21,57,0,2,Gold,940
15723064,Spain,165149.13,241468.13,23,0,2,Gold,940
15661821,Germany,132571.67,561699.55,68,1,2,Gold,941
15623107,Spain,74274.87,241366.84,35,1,2,Gold,941
15596379,Germany,119695.75,561453.59,49,0,2,Gold,942
15754084,Spain,106518.52,240940.0,21,0,2,Gold,942
15703588,Germany,153611.83,559783.83,51,0,2,Gold,943
15648766,Spain,116969.35,240160.66,27,0,2,Gold,943
15739847,Germany,146756.68,559560.42,51,0,2,Gold,944
15724890,Spain,82696.09,239627.06,43,0,2,Gold,944
15740602,Germany,111568.01,559317.04,70,0,2,Gold,945
15747591,Spain,173432.55,239571.57,24,0,2,Gold,945
15589754,Germany,151421.44,559237.08,49,0,2,Gold,946
15646558,Spain,122874.74,237784.68,21,0,2,Gold,946
15572021,Germany,80204.11,558517.07,79,0,2,Gold,947
15814236,Spain,96939.06,236830.78,21,0,2,Gold,947
15806929,Germany,73194.99,558513.74,81,0,2,Gold,948
15645956,Spain,88915.85,236497.69,31,0,2,Gold,948
15742681,Germany,121365.39,557823.77,61,0,2,Gold,949
15677382,Spain,107569.96,236440.93,33,0,2,Gold,949
15619016,Germany,109019.65,557702.45,78,0,2,Gold,950
15664339,Spain,178144.91,233875.01,26,1,2,Gold,950
15709135,Germany,101231.77,557355.85,78,0,2,Gold,951
15585835,Spain,109783.69,232176.93,40,0,2,Gold,951
15569079,Germany,126066.26,557125.65,64,1,2,Gold,952
15614962,Spain,87116.71,230729.61,38,0,2,Gold,952
15806049,Germany,140510.89,556951.84,46,0,2,Gold,953
15758836,Spain,54098.18,228367.34,49,0,2,Gold,953
15638882,Germany,148214.36,556607.76,51,1,2,Gold,954
15795275,Spain,82940.25,227985.13999999998,33,1,2,Gold,954
15576111,Germany,121898.58,556523.34,58,0,2,Gold,955
15730397,Spain,109681.61,227563.25,27,0,2,Gold,955
15769308,Germany,81231.85,556511.94,100,0,2,Gold,956
15739357,Spain,145127.85,227169.37,22,0,2,Gold,956
15794356,Germany,121765.37,555816.2,60,0,2,Gold,957
15715003,Spain,80816.45,226775.4,35,0,2,Gold,957
15768193,Germany,146050.97,554710.17,66,0,2,Gold,958
15776850,Spain,124209.02,226501.78,28,0,2,Gold,958
15711635,Germany,138650.49,554376.93,64,0,2,Gold,959
15737605,Spain,126495.57,226352.7,26,0,2,Gold,959
15723488,Germany,106854.21,553945.85,47,1,2,Gold,960
15702377,Spain,132759.8,225803.58,23,0,2,Gold,960
15804862,Germany,127146.68,553865.0,66,0,2,Gold,961
15627439,Spain,0.0,225650.56,163,0,2,Gold,961
15582168,Germany,149525.34,553797.72,58,0,2,Gold,962
15682928,Spain,65521.2,224511.98,64,0,2,Gold,962
15654230,Germany,145537.21,553714.41,55,0,2,Gold,963
15800061,Spain,89158.94,224113.22,38,1,2,Gold,963
15770968,Germany,108711.57,552924.73,63,0,2,Gold,964
15664432,Spain,96296.78,223013.68,30,1,2,Gold,964
15749019,Germany,93796.42,552869.48,98,0,2,Gold,965
15620323,Spain,83492.07,222785.12,36,0,2,Gold,965
15723886,Germany,119714.25,551816.97,58,0,2,Gold,966
15683339,Spain,59877.33,221293.05,58,1,2,Gold,966
15812356,Germany,89175.06,551553.29,90,0,2,Gold,967
15570379,Spain,88827.53,220776.82,34,1,2,Gold,967
15599131,Germany,214346.96,549918.55,43,0,2,Gold,968
15642579,Spain,128932.4,219762.32,28,0,2,Gold,968
15733966,Germany,125292.53,549750.93,53,1,2,Gold,969
15700083,Spain,139443.75,219135.4,23,0,2,Gold,969
15595324,Germany,117833.3,548983.87,47,1,2,Gold,970
15673529,Spain,59893.85,218714.05,49,0,2,Gold,970
15648800,Germany,132312.06,548702.8,37,1,2,Gold,971
15710689,Spain,63609.92,218004.24,53,1,2,Gold,971
15684645,Germany,62078.21,548185.67,113,0,2,Gold,972
15722010,Spain,170491.84,216400.16,16,1,2,Gold,972
15756277,Germany,92244.83,547795.0,79,0,2,Gold,973
15741403,Spain,171848.38,216023.24,15,0,2,Gold,973
15707567,Germany,145338.76,547373.81,57,1,2,Gold,974
15760924,Spain,100062.39,215759.66,28,0,2,Gold,974
15571221,Germany,116313.57,546961.72,64,1,2,Gold,975
15721383,Spain,0.0,214883.15,176,0,2,Gold,975
15633537,Germany,87271.41,546870.7,86,0,2,Gold,976
15583597,Spain,106758.6,214811.85,30,0,2,Gold,976
15623062,Germany,85089.3,546499.98,81,0,2,Gold,977
15724296,Spain,119782.72,214119.5,21,0,2,Gold,977
15734085,Germany,117154.9,546375.71,80,0,2,Gold,978
15646091,Spain,95140.44,213581.09,34,1,2,Gold,978
15662854,Germany,139714.4,546055.98,50,0,2,Gold,979
15780954,Spain,65848.36,213556.88999999998,34,0,2,Gold,979
15740476,Germany,150923.74,545810.86,60,0,2,Gold,980
15721303,Spain,137523.02,212898.24,16,0,2,Gold,980
15619130,Germany,113291.05,545597.3099999999,72,0,2,Gold,981
15686743,Spain,46057.96,211070.48,52,0,2,Gold,981
15664615,Germany,136650.89,545468.75,59,1,2,Gold,982
15682834,Spain,40169.88,211027.32,72,0,2,Gold,982
15654574,Germany,131142.53,544761.5599999999,52,0,2,Gold,983
15591047,Spain,157296.02,210465.28,23,1,2,Gold,983
15787699,Germany,142393.11,543557.79,62,0,2,Gold,984
15781678,Spain,55732.92,209845.75,60,0,2,Gold,984
15579223,Germany,127406.5,543401.84,68,0,2,Gold,985
15689633,Spain,112803.92,207999.66,21,0,2,Gold,985
15569682,Germany,108308.11,543176.27,69,1,2,Gold,986
15724863,Spain,91893.32,207939.34,30,1,2,Gold,986
15690007,Germany,125801.03,542710.14,54,1,2,Gold,987
15679611,Spain,130404.92,207912.55,21,0,2,Gold,987
15604497,Germany,84386.57,542069.05,71,0,2,Gold,988
15632118,Spain,164450.94,206816.86000000002,13,1,2,Gold,988
15569452,Germany,116353.2,541720.42,56,0,2,Gold,989
15748691,Spain,154970.54,206722.02,14,0,2,Gold,989
15690332,Germany,192407.97,541456.75,48,0,2,Gold,990
15708289,Spain,100913.57,206555.38999999998,33,0,2,Gold,990
15580956,Germany,115888.04,541455.87,66,1,2,Gold,991
15658589,Spain,94652.04,206195.11000000002,36,0,2,Gold,991
15655213,Germany,132508.3,540157.68,53,1,2,Gold,992
15727489,Spain,157320.51,206148.02,19,0,2,Gold,992
15577831,Germany,152532.3,539812.7,42,0,2,Gold,993
15765257,Spain,121461.87,205770.59,23,1,2,Gold,993
15623478,Germany,102954.68,539724.12,60,0,2,Gold,994
15788946,Spain,116805.82,203426.35,23,0,2,Gold,994
15815070,Germany,141428.99,539030.79,47,0,2,Gold,995
15628767,Spain,139529.93,200350.15,18,1,2,Gold,995
15586039,Germany,90063.74,538876.43,95,0,2,Gold,996
15591150,Spain,0.0,199803.04,157,0,2,Gold,996
15582149,Germany,129668.43,538662.15,62,0,2,Gold,997
15627203,Spain,0.0,198815.27,166,0,2,Gold,997
15736069,Germany,132253.22,537772.55,54,1,2,Gold,998
15723872,Spain,0.0,197976.55,162,0,2,Gold,998
15712199,Germany,183997.7,537407.77,41,0,2,Gold,999
15625824,Spain,121345.88,197199.2,24,1,2,Gold,999
15625881,Germany,111432.77,536426.23,57,0,2,Gold,1000
15791040,Spain,79954.61,195985.69,28,0,2,Gold,1000
15712551,Germany,116922.25,536348.11,57,1,2,Gold,1001
15628420,Spain,80462.24,194752.75,32,0,2,Gold,1001
15802909,Germany,139603.22,536290.91,58,0,2,Gold,1002
15730339,Spain,133446.34,193061.15,23,0,2,Gold,1002
15662263,Germany,94762.16,535080.99,60,0,2,Gold,1003
15737735,Spain,95053.1,192952.83,37,1,2,Gold,1003
15790355,Germany,190479.48,534957.17,46,0,2,Gold,1004
15748532,Spain,0.0,192172.36000000002,179,0,2,Gold,1004
15725024,Germany,105663.56,534892.0,61,0,2,Gold,1005
15812518,Spain,163607.18,191528.97,10,0,2,Gold,1005
15743490,Germany,94348.94,534245.52,66,1,2,Gold,1006
15811565,Spain,63488.7,189404.87,40,1,2,Gold,1006
15679963,Germany,96353.8,534145.32,83,0,2,Gold,1007
15593365,Spain,81273.13,189368.12,32,0,2,Gold,1007
15797190,Germany,96202.32,533735.88,72,0,2,Gold,1008
15772604,Spain,157267.95,188772.79,25,0,2,Gold,1008
15783629,Germany,117899.95,533676.6,60,0,2,Gold,1009
15594408,Spain,213146.2,188419.7,10,1,2,Gold,1009
15728709,Germany,106901.42,533072.8099999999,68,0,2,Gold,1010
15804131,Spain,65407.16,188023.66,48,1,2,Gold,1010
15569641,Germany,130701.29,532812.41,70,1,2,Gold,1011
15663410,Spain,135506.58,187952.71,20,1,2,Gold,1011
15711062,Germany,86172.81,530929.13,90,0,2,Gold,1012
15631709,Spain,101675.22,187596.6,19,0,2,Gold,1012
15613427,Germany,108797.63,530299.59,74,0,2,Gold,1013
15754177,Spain,111061.01,187071.74,31,0,2,Gold,1013
15698839,Germany,127559.97,530029.07,64,0,2,Gold,1014
15808182,Spain,92363.3,186722.19,30,0,2,Gold,1014
15627352,Germany,110356.42,529813.43,53,1,2,Gold,1015
15790596,Spain,141829.67,186184.35,15,0,2,Gold,1015
15606435,Germany,187013.13,529482.41,44,0,2,Gold,1016
15756321,Spain,144772.69,185941.65,30,1,2,Gold,1016
15757648,Germany,95698.79,528999.45,84,0,2,Gold,1017
15668853,Spain,157622.58,185641.83,11,0,2,Gold,1017
15641773,Germany,179334.83,528912.71,41,0,2,Gold,1018
15586522,Spain,130461.02,185096.91,22,0,2,Gold,1018
15775888,Germany,85626.6,528473.51,83,0,2,Gold,1019
15701555,Spain,84903.33,184839.91999999998,29,0,2,Gold,1019
15570859,Germany,181671.16,528433.79,37,0,2,Gold,1020
15762392,Spain,113257.2,184747.58,24,0,2,Gold,1020
15647301,Germany,143734.01,528402.72,55,0,2,Gold,1021
15593454,Spain,113794.22,184694.78,25,0,2,Gold,1021
15600781,Germany,185173.81,528333.89,41,0,2,Gold,1022
15635097,Germany,188976.89,528180.64,37,0,2,Gold,1023
15719090,Germany,89437.03,527997.49,67,0,2,Gold,1024
15806709,Germany,94126.67,527896.48,63,0,2,Gold,1025
15709861,Germany,127786.28,527889.31,55,0,2,Gold,1026
15602456,Germany,99219.47,527868.52,68,0,2,Gold,1027
15584928,Germany,120074.97,527608.12,61,0,2,Gold,1028
15627162,Germany,125552.96,527584.11,67,0,2,Gold,1029
15810711,Germany,138476.41,527519.89,58,0,2,Gold,1030
15616213,Germany,138214.5,525824.36,43,1,2,Gold,1031
15659486,Germany,74309.81,525401.6,94,0,2,Gold,1032
15686060,Germany,111677.88,523117.74,59,1,2,Gold,1033
15774936,Germany,143350.41,522588.8,60,1,2,Gold,1034
15796167,Germany,98556.89,521734.68,82,0,2,Gold,1035
15762762,Germany,118886.55,521690.94,56,0,2,Gold,1036
15696355,Germany,125489.4,521413.2,55,0,2,Gold,1037
15627232,Germany,114203.47,520682.61,68,1,2,Gold,1038
15708505,Germany,62974.64,520106.53,123,0,2,Gold,1039
15700813,Germany,94049.92,519207.86,58,0,2,Gold,1040
15754849,Germany,109421.13,519051.31,66,0,2,Gold,1041
15807889,Germany,108891.7,518612.41000000003,57,0,2,Gold,1042
15729489,Germany,98592.88,517311.69,74,1,2,Gold,1043
15775430,Germany,138008.06,514146.82,67,0,2,Gold,1044
15811026,Germany,136855.94,513903.08,66,0,2,Gold,1045
15657449,Germany,136202.78,513533.64,45,0,2,Gold,1046
15570943,Germany,133607.75,513103.34,38,0,2,Gold,1047
15592707,Germany,175754.87,512480.95,42,0,2,Gold,1048
15574842,Germany,158266.42,511703.91,44,0,2,Gold,1049
15738936,Germany,103607.24,511617.85,80,0,2,Gold,1050
15579334,Germany,126674.81,511238.96,61,1,2,Gold,1051
15612092,Germany,105397.8,511208.06,75,1,2,Gold,1052
15800524,Germany,185379.02,510683.81,38,0,2,Gold,1053
15649536,Germany,128015.83,510417.77,47,0,2,Gold,1054
15680517,Germany,137239.17,509691.79,55,1,2,Gold,1055
15779973,Germany,99967.76,509680.64,61,0,2,Gold,1056
15698031,Germany,101851.8,509235.86,65,0,2,Gold,1057
15767781,France,82697.28,578436.6,97,0,2,Gold,1058
15628170,Germany,68067.24,508744.64,96,0,2,Gold,1058
15781326,France,95478.17,578389.31,88,0,2,Gold,1059
15618225,Germany,116993.43,508310.56,61,0,2,Gold,1059
15714993,France,124349.34,578211.9400000001,81,0,2,Gold,1060
15699335,Germany,137657.25,508186.61,49,0,2,Gold,1060
15741275,France,71481.79,577824.29,113,0,2,Gold,1061
15789371,Germany,119703.1,508175.14,66,0,2,Gold,1061
15602844,France,97459.06,577496.29,82,0,2,Gold,1062
15694366,Germany,177640.09,507111.83,36,0,2,Gold,1062
15606273,France,144235.73,577052.08,60,1,2,Gold,1063
15629273,Germany,145177.84,506754.57,53,1,2,Gold,1063
15764726,France,137583.04,576815.79,64,0,2,Gold,1064
15663164,Germany,116150.65,506569.37,51,1,2,Gold,1064
15617648,France,95671.75,575709.65,75,0,2,Gold,1065
15744273,Germany,122641.56,506440.2,58,0,2,Gold,1065
15800746,France,144889.18,575065.97,47,1,2,Gold,1066
15616555,Germany,60880.68,506192.04,106,0,2,Gold,1066
15623566,France,46520.69,574695.15,147,0,2,Gold,1067
15664083,Germany,158468.76,505274.88,38,0,2,Gold,1067
15705676,France,107944.33,574387.09,83,0,2,Gold,1068
15670668,Germany,75395.53,505268.43,98,0,2,Gold,1068
15610042,France,100267.03,574201.05,77,0,2,Gold,1069
15728474,Germany,108235.91,505161.43,71,0,2,Gold,1069
15572291,France,132308.22,573610.1900000001,53,0,2,Gold,1070
15801559,Germany,181461.48,505005.27,40,1,2,Gold,1070
15667265,France,121404.64,573148.8099999999,58,0,2,Gold,1071
15696900,Germany,145541.56,504591.35,55,0,2,Gold,1071
15684722,France,122952.9,573086.83,52,0,2,Gold,1072
15724851,Germany,111589.67,504498.07,82,0,2,Gold,1072
15668235,France,123475.04,572740.83,57,0,2,Gold,1073
15616454,Germany,111905.43,503728.27,64,1,2,Gold,1073
15791535,France,137222.77,572077.88,55,0,2,Gold,1074
15773487,Germany,76798.92,503620.05,84,0,2,Gold,1074
15568120,France,69609.85,572074.58,110,0,2,Gold,1075
15598338,Germany,168560.46,503305.17,38,0,2,Gold,1075
15692226,France,142905.51,571884.81,48,0,2,Gold,1076
15575409,Germany,116891.72,502902.86,66,0,2,Gold,1076
15761024,France,167733.51,571678.05,50,0,2,Gold,1077
15731327,Germany,166527.88,502091.81,44,0,2,Gold,1077
15726032,France,89968.69,571653.85,96,0,2,Gold,1078
15600912,Germany,88348.43,502027.5,80,0,2,Gold,1078
15678412,France,85325.93,571469.83,89,0,2,Gold,1079
15571571,Germany,127331.46,501242.26,50,0,2,Gold,1079
15704209,France,120145.96,571183.69,80,1,2,Gold,1080
15584114,Germany,153393.18,501202.51,47,0,2,Gold,1080
15654238,France,137494.28,570879.71,55,0,2,Gold,1081
15759250,Germany,99183.9,501200.37,55,0,2,Gold,1081
15780498,France,145030.92,570571.23,47,0,2,Gold,1082
15692750,Germany,129818.39,499859.12,54,1,2,Gold,1082
15789379,France,130428.78,570500.65,66,0,2,Gold,1083
15634968,Germany,110689.07,499812.29,50,1,2,Gold,1083
15593295,France,76165.65,570102.73,90,0,2,Gold,1084
15674678,Germany,79120.27,499771.96,72,1,2,Gold,1084
15755648,France,98373.26,570082.92,80,0,2,Gold,1085
15692929,Germany,113657.41,499218.58,53,1,2,Gold,1085
15608595,France,157371.54,569974.27,53,0,2,Gold,1086
15605918,Germany,78992.75,499002.09,67,0,2,Gold,1086
15804787,France,87140.85,569080.13,92,0,2,Gold,1087
15600724,Germany,129750.68,497509.48,58,0,2,Gold,1087
15775235,France,110480.48,568877.44,67,0,2,Gold,1088
15635870,Germany,117721.02,497365.88,54,1,2,Gold,1088
15589496,France,139064.06,567460.66,52,0,2,Gold,1089
15694628,Germany,157731.6,497112.85,41,0,2,Gold,1089
15576304,France,95167.55,566946.09,90,0,2,Gold,1090
15772941,Germany,110153.27,496648.82,62,0,2,Gold,1090
15785042,France,97588.6,566212.06,80,0,2,Gold,1091
15700255,Germany,95488.82,496607.14,78,0,2,Gold,1091
15638989,France,190066.54,565575.78,40,1,2,Gold,1092
15596165,Germany,98141.57,495683.33999999997,63,0,2,Gold,1092
15641585,France,97339.99,565433.43,92,0,2,Gold,1093
15674149,Germany,128960.21,494686.82,51,0,2,Gold,1093
15705639,France,95059.02,564851.65,83,0,2,Gold,1094
15779103,Germany,96748.89,494336.49,77,0,2,Gold,1094
15647800,France,101266.51,564815.41,73,0,2,Gold,1095
15770711,Germany,90696.78,494244.05,67,0,2,Gold,1095
15594502,France,109093.41,564681.24,74,0,2,Gold,1096
15797751,Germany,102085.72,493441.04,76,1,2,Gold,1096
15644934,France,105522.06,564228.13,82,0,2,Gold,1097
15793116,Germany,117304.29,493198.86,71,0,2,Gold,1097
15701972,France,137179.39,563663.59,59,0,2,Gold,1098
15703541,Germany,143930.92,492785.66000000003,53,1,2,Gold,1098
15585777,France,130588.82,563607.58,63,0,2,Gold,1099
15814237,Germany,128770.88,492157.74,49,0,2,Gold,1099
15756743,France,115895.42,562791.68,72,0,2,Gold,1100
15685290,Germany,142360.62,492100.84,56,1,2,Gold,1100
15724127,France,141581.71,562610.76,52,0,2,Gold,1101
15594928,Germany,129055.13,491916.72,48,0,2,Gold,1101
15633227,France,85146.36,562377.37,96,0,2,Gold,1102
15754796,Germany,135070.58,491394.41000000003,50,1,2,Gold,1102
15598331,France,100480.53,562365.71,79,0,2,Gold,1103
15606097,Germany,104469.58,490838.99,71,1,2,Gold,1103
15601417,France,148884.47,562363.15,50,0,2,Gold,1104
15768600,Germany,130023.38,490428.4,44,1,2,Gold,1104
15663263,France,156265.31,562331.23,46,0,2,Gold,1105
15574142,Germany,171932.26,490384.15,33,0,2,Gold,1105
15813144,France,92606.86,562037.4400000001,74,0,2,Gold,1106
15771728,Germany,104405.54,490145.54,64,0,2,Gold,1106
15806132,France,146798.81,561796.54,61,0,2,Gold,1107
15705515,Germany,138241.9,489962.32,54,0,2,Gold,1107
15610900,France,110738.89,560996.91,62,1,2,Gold,1108
15812628,Germany,120623.21,489348.29,63,0,2,Gold,1108
15629390,France,135847.47,560302.06,66,0,2,Gold,1109
15733581,Germany,80262.66,488970.96,91,0,2,Gold,1109
15741693,France,130661.96,560178.64,65,0,2,Gold,1110
15740406,Germany,113525.84,488969.33,57,1,2,Gold,1110
15732903,France,82255.51,560172.29,79,0,2,Gold,1111
15803804,Germany,103214.71,488559.16,65,0,2,Gold,1111
15782591,France,112689.95,560147.2,60,0,2,Gold,1112
15570299,Germany,152622.34,488195.45,56,0,2,Gold,1112
15783859,France,161884.99,559146.61,50,0,2,Gold,1113
15611544,Germany,95448.32,488038.06,78,0,2,Gold,1113
15722993,France,137963.07,558199.52,59,0,2,Gold,1114
15637599,Germany,123070.89,487927.42,45,1,2,Gold,1114
15764927,France,121513.31,557863.85,47,0,2,Gold,1115
15572408,Germany,149887.49,487742.04,42,0,2,Gold,1115
15773520,France,92599.55,557611.14,78,0,2,Gold,1116
15647842,Germany,120782.7,487073.55,52,1,2,Gold,1116
15780561,France,83456.79,556932.65,92,0,2,Gold,1117
15595036,Germany,92847.59,486955.89,84,0,2,Gold,1117
15698285,France,101457.14,556890.85,63,0,2,Gold,1118
15731790,Germany,132591.36,486932.52,48,1,2,Gold,1118
15622911,France,105420.18,555648.31,67,0,2,Gold,1119
15746726,Germany,78398.69,486768.41,80,0,2,Gold,1119
15766826,France,146266.0,554677.54,47,1,2,Gold,1120
15599386,Germany,71097.23,486315.39,80,0,2,Gold,1120
15679283,France,129731.64,554287.26,52,0,2,Gold,1121
15625740,Germany,143426.34,485813.31,57,0,2,Gold,1121
15583364,France,111871.93,554161.74,65,0,2,Gold,1122
15812241,Germany,127197.14,485163.46,53,1,2,Gold,1122
15624596,France,104822.45,554100.85,72,0,2,Gold,1123
15589018,Germany,106070.29,484884.83,57,0,2,Gold,1123
15597709,France,154121.32,553224.86,42,1,2,Gold,1124
15661198,Germany,146407.11,484673.95999999996,37,0,2,Gold,1124
15766906,France,132116.13,553061.05,44,0,2,Gold,1125
15576313,Germany,71340.09,484001.18,95,0,2,Gold,1125
15746802,France,131286.46,551880.99,65,0,2,Gold,1126
15769980,Germany,92889.91,483541.44,65,0,2,Gold,1126
15670702,France,168178.21,551880.62,33,0,2,Gold,1127
15725818,Germany,107041.3,483051.1,60,0,2,Gold,1127
15705383,France,125476.31,551736.6900000001,66,0,2,Gold,1128
15669490,Germany,94001.61,482657.77,77,0,2,Gold,1128
15684669,France,137891.35,550932.41,68,1,2,Gold,1129
15585768,Germany,70349.48,482329.41,100,0,2,Gold,1129
15674573,France,121172.97,550792.96,58,0,2,Gold,1130
15774224,Germany,131563.88,482199.86,57,0,2,Gold,1130
15627484,France,113328.93,550575.59,63,0,2,Gold,1131
15668248,Germany,133201.17,481406.09,52,1,2,Gold,1131
15813159,France,93590.47,549828.81,84,1,2,Gold,1132
15804394,Germany,130627.66,481402.5,52,1,2,Gold,1132
15693326,France,125437.14,549204.07,78,0,2,Gold,1133
15661290,Germany,107199.75,480850.85,69,0,2,Gold,1133
15626144,France,113208.86,548753.98,53,0,2,Gold,1134
15611029,Germany,140002.35,480656.05,40,0,2,Gold,1134
15640280,France,127771.35,546938.2,68,0,2,Gold,1135
15593736,Germany,131769.04,479824.45,53,1,2,Gold,1135
15626243,France,133844.22,546661.46,69,0,2,Gold,1136
15756471,Germany,118627.16,478806.01,54,0,2,Gold,1136
15672499,France,134692.4,546579.32,49,0,2,Gold,1137
15756824,Germany,101242.98,478237.6,53,0,2,Gold,1137
15763148,France,84719.98,546312.6900000001,74,0,2,Gold,1138
15682021,Germany,104592.55,478188.37,60,0,2,Gold,1138
15774510,France,125169.26,546209.26,64,0,2,Gold,1139
15637891,Germany,140681.68,476841.49,52,0,2,Gold,1139
15707962,France,119501.88,546197.35,58,0,2,Gold,1140
15658982,Germany,122034.4,476571.68,49,1,2,Gold,1140
15638871,France,80926.02,545879.86,92,0,2,Gold,1141
15777892,Germany,107720.64,476500.49,62,0,2,Gold,1141
15765322,France,84284.48,545444.26,84,0,2,Gold,1142
15758451,Germany,102708.77,476338.84,59,0,2,Gold,1142
15695034,France,123322.15,545184.71,52,0,2,Gold,1143
15611848,Germany,137714.25,475342.15,57,0,2,Gold,1143
15767908,France,127678.8,543590.66,64,0,2,Gold,1144
15803842,Germany,105426.5,474788.8,57,0,2,Gold,1144
15729832,France,145512.84,542141.4400000001,46,0,2,Gold,1145
15736533,Germany,124053.03,473792.82,45,0,2,Gold,1145
15754494,France,152805.05,542132.0599999999,53,0,2,Gold,1146
15787161,Germany,129269.27,473699.67,50,0,2,Gold,1146
15646302,France,100169.51,541977.89,77,0,2,Gold,1147
15785542,Germany,118287.01,472973.82,42,0,2,Gold,1147
15724423,France,107193.82,541772.76,65,0,2,Gold,1148
15729054,Germany,96106.83,472854.2,66,0,2,Gold,1148
15789941,France,125130.28,541424.7,62,0,2,Gold,1149
15781298,Germany,124216.93,472645.72000000003,51,0,2,Gold,1149
15718667,France,87619.29,540761.93,81,0,2,Gold,1150
15660417,Germany,120481.69,472429.98,58,1,2,Gold,1150
15580146,France,82674.15,540310.07,87,0,2,Gold,1151
15583076,Germany,106116.56,471373.86,58,0,2,Gold,1151
15788556,France,148283.94,540292.6,40,1,2,Gold,1152
15813697,Germany,120702.67,470944.15,34,0,2,Gold,1152
15695174,France,132954.64,540218.8,65,0,2,Gold,1153
15620735,Germany,127076.68,470306.98,53,0,2,Gold,1153
15630551,France,163139.27,540152.21,37,0,2,Gold,1154
15589431,Germany,171937.27,470120.09,29,0,2,Gold,1154
15599329,France,195238.29,539636.07,30,1,2,Gold,1155
15735878,Germany,134381.52,470084.57,37,1,2,Gold,1155
15778884,France,154763.21,539350.12,47,0,2,Gold,1156
15646936,Germany,146810.99,469895.84,44,0,2,Gold,1156
15773934,France,88294.6,538589.74,79,0,2,Gold,1157
15677586,Germany,125445.04,469673.22,56,0,2,Gold,1157
15791842,France,71187.24,538428.28,107,0,2,Gold,1158
15729557,Germany,119984.07,469356.76,48,1,2,Gold,1158
15743582,France,107375.82,537498.52,52,0,2,Gold,1159
15614187,Germany,126935.98,469338.58,64,0,2,Gold,1159
15688210,France,101928.51,537247.04,73,0,2,Gold,1160
15677764,Germany,186445.31,468354.24,25,0,2,Gold,1160
15735688,France,106596.29,537155.5,61,0,2,Gold,1161
15815040,Germany,103362.14,467231.21,65,1,2,Gold,1161
15633922,France,123217.66,537088.51,70,0,2,Gold,1162
15610643,Germany,151739.65,467058.44,47,0,2,Gold,1162
15699029,France,170557.91,536306.82,46,0,2,Gold,1163
15751137,Germany,169025.83,466906.15,40,0,2,Gold,1163
15615245,France,127649.64,536231.72,76,0,2,Gold,1164
15730044,Germany,64497.94,466661.54,91,1,2,Gold,1164
15805413,France,117852.26,536070.2,63,0,2,Gold,1165
15754267,Germany,108805.42,466377.18,54,0,2,Gold,1165
15791674,France,142388.61,535929.37,57,1,2,Gold,1166
15627995,Germany,155143.52,466281.97,34,1,2,Gold,1166
15610090,France,72945.29,535814.61,75,0,2,Gold,1167
15648455,Germany,131156.76,466148.47,41,0,2,Gold,1167
15596647,France,69712.74,535578.22,107,0,2,Gold,1168
15743478,Germany,52106.33,466098.18,122,0,2,Gold,1168
15770498,France,111723.08,535183.64,70,0,2,Gold,1169
15640855,Germany,113574.61,465944.96,48,0,2,Gold,1169
15728006,France,180516.9,534937.66,28,0,2,Gold,1170
15748552,Germany,155994.15,465184.36,45,0,2,Gold,1170
15619674,France,108306.44,534870.74,66,0,2,Gold,1171
15596552,Germany,134542.73,463999.26,50,1,2,Gold,1171
15657540,France,151215.34,534156.57,51,0,2,Gold,1172
15761294,Germany,137464.04,463598.04,45,1,2,Gold,1172
15770174,France,141389.06,533962.36,57,0,2,Gold,1173
15718507,Germany,116509.99,462870.9,44,1,2,Gold,1173
15586914,France,123841.49,533821.32,66,0,2,Gold,1174
15802207,Germany,110182.54,462766.41000000003,68,0,2,Gold,1174
15681697,France,72541.48,533023.53,86,0,2,Gold,1175
15734008,Germany,152581.06,462756.9,51,1,2,Gold,1175
15729412,France,107192.38,532854.13,66,0,2,Gold,1176
15614934,Germany,142711.81,462424.83,50,0,2,Gold,1176
15702416,France,107805.67,532836.9,63,0,2,Gold,1177
15812513,Germany,103583.05,462368.14,59,1,2,Gold,1177
15761600,France,86394.14,532227.03,79,0,2,Gold,1178
15789563,Germany,111288.18,462158.19,62,1,2,Gold,1178
15715707,France,118829.03,531847.99,57,0,2,Gold,1179
15634146,Germany,142872.36,461626.46,41,0,2,Gold,1179
15765014,France,179380.74,531617.84,28,0,2,Gold,1180
15621116,Germany,138664.24,461116.58,45,0,2,Gold,1180
15812647,France,133936.04,531138.58,73,0,2,Gold,1181
15600997,Germany,67495.04,460366.36,90,0,2,Gold,1181
15654025,France,101629.3,530526.53,54,0,2,Gold,1182
15568088,Germany,163714.52,459440.75,33,0,2,Gold,1182
15745623,France,112079.58,529366.62,52,0,2,Gold,1183
15645544,Germany,129753.69,459356.64,40,0,2,Gold,1183
15578799,France,53772.73,529276.77,133,1,2,Gold,1184
15696703,Germany,160358.68,458966.06,34,0,2,Gold,1184
15800811,France,148556.74,528985.51,49,0,2,Gold,1185
15796015,Germany,126041.02,458174.34,47,0,2,Gold,1185
15610753,France,104367.5,528960.7,54,0,2,Gold,1186
15614365,Germany,150604.52,457919.54,30,0,2,Gold,1186
15692599,France,128270.56,528800.6,62,0,2,Gold,1187
15636407,Germany,127758.09,457314.52,52,0,2,Gold,1187
15609669,France,109949.39,528678.77,62,0,2,Gold,1188
15664227,Germany,53053.76,456962.91,122,0,2,Gold,1188
15589257,France,103465.02,528338.22,58,0,2,Gold,1189
15601030,Germany,96693.66,456195.61,71,0,2,Gold,1189
15605872,France,66573.17,527177.21,104,0,2,Gold,1190
15686885,Germany,124655.59,455119.37,57,0,2,Gold,1190
15756901,France,91547.84,527148.14,76,0,2,Gold,1191
15627637,Germany,73314.04,454962.01999999996,77,0,2,Gold,1191
15587562,France,130114.39,526913.58,46,0,2,Gold,1192
15666884,Germany,82161.7,454094.95,71,0,2,Gold,1192
15579891,France,100755.66,526165.16,65,0,2,Gold,1193
15631685,Germany,163894.35,453532.05,31,0,2,Gold,1193
15731989,France,120165.4,525902.96,55,0,2,Gold,1194
15705739,Germany,159904.79,453505.9,44,0,2,Gold,1194
15630910,France,108007.36,525633.52,68,0,2,Gold,1195
15780654,Germany,100488.92,453159.23,57,0,2,Gold,1195
15750921,France,105843.26,525282.4,75,0,2,Gold,1196
15717629,Germany,59972.26,452993.19,97,0,2,Gold,1196
15644280,France,138825.19,525185.39,46,0,2,Gold,1197
15758023,Germany,105245.21,452146.81,48,1,2,Gold,1197
15656062,France,103377.81,525155.93,82,0,2,Gold,1198
15759537,Germany,58469.37,451916.5,123,0,2,Gold,1198
15658449,France,43134.65,525141.44,150,0,2,Gold,1199
15700300,Germany,131593.85,450655.34,38,1,2,Gold,1199
15777315,France,93616.35,524887.75,74,0,2,Gold,1200
15683007,Germany,113113.12,449384.15,51,0,2,Gold,1200
15767821,France,102016.72,523909.02,64,0,2,Gold,1201
15790336,Germany,71142.77,448340.52,59,0,2,Gold,1201
15749300,France,139914.27,523167.6,34,0,2,Gold,1202
15623063,Germany,110067.71,446990.17,51,1,2,Gold,1202
15797692,France,89939.62,522469.56,70,0,2,Gold,1203
15632816,Germany,127948.57,446959.67,42,0,2,Gold,1203
15736371,France,123034.43,522310.98,57,0,2,Gold,1204
15591433,Germany,85957.88,446176.98,85,0,2,Gold,1204
15610686,France,169832.57,522207.19,44,1,2,Gold,1205
15739123,Germany,127552.85,445901.54,45,0,2,Gold,1205
15792722,France,64897.75,521390.42,99,0,2,Gold,1206
15601659,Germany,91680.1,445893.52999999997,60,1,2,Gold,1206
15629750,France,133087.76,521149.55,57,0,2,Gold,1207
15738672,Germany,162485.8,445285.4,39,0,2,Gold,1207
15750602,France,147092.65,520966.1,51,0,2,Gold,1208
15613172,Germany,95826.49,443856.12,63,0,2,Gold,1208
15749068,France,139625.34,520945.38,49,1,2,Gold,1209
15637717,Germany,109026.8,443113.41,66,0,2,Gold,1209
15567431,France,145578.28,520842.19,42,0,2,Gold,1210
15644453,Germany,132670.53,443068.89,43,1,2,Gold,1210
15599289,France,68598.56,520671.49,89,0,2,Gold,1211
15598175,Germany,105082.07,441722.02,48,0,2,Gold,1211
15674637,France,107571.61,520397.6,66,0,2,Gold,1212
15681990,Germany,111769.14,439196.67,66,0,2,Gold,1212
15685300,France,128993.76,519853.65,57,0,2,Gold,1213
15744689,Germany,92833.89,438958.28,62,1,2,Gold,1213
15624013,France,109844.81,519655.74,75,0,2,Gold,1214
15665008,Germany,42712.87,438114.07,131,0,2,Gold,1214
15813327,France,109130.96,519051.89,69,0,2,Gold,1215
15605826,Germany,121063.8,436850.67,63,1,2,Gold,1215
15742798,France,150126.44,518284.46,53,1,2,Gold,1216
15665376,Germany,166518.63,436676.96,30,0,2,Gold,1216
15784180,France,206329.65,517568.85,32,1,2,Gold,1217
15650266,Germany,146186.28,436091.54,40,0,2,Gold,1217
15751774,France,112510.89,517114.87,67,0,2,Gold,1218
15623499,Germany,108437.89,435920.93,50,1,2,Gold,1218
15588019,France,98738.92,516522.67,72,0,2,Gold,1219
15788291,Germany,144606.22,435689.47,35,1,2,Gold,1219
15634491,France,176166.56,515387.2,40,0,2,Gold,1220
15644765,Germany,120727.97,435305.21,51,0,2,Gold,1220
15622461,France,122822.0,515214.11,51,0,2,Gold,1221
15662203,Germany,137560.38,435268.59,43,0,2,Gold,1221
15629187,France,85982.07,514633.5,75,0,2,Gold,1222
15678882,Germany,129965.18,434727.22,45,0,2,Gold,1222
15651020,France,110666.42,512139.72,79,0,2,Gold,1223
15754952,Germany,76595.08,434550.91,67,0,2,Gold,1223
15752694,France,83772.95,512042.99,65,0,2,Gold,1224
15718912,Germany,126147.84,434491.21,55,1,2,Gold,1224
15813439,France,100116.82,511995.57,64,0,2,Gold,1225
15790282,Germany,114327.59,434380.49,57,0,2,Gold,1225
15676526,France,88772.87,511379.04,74,0,2,Gold,1226
15724443,Germany,122084.63,434333.13,54,0,2,Gold,1226
15716155,France,156021.31,510930.28,47,0,2,Gold,1227
15788022,Germany,90757.64,434294.64,67,0,2,Gold,1227
15609545,France,83442.98,510766.56,78,0,2,Gold,1228
15761043,Germany,86569.76,433929.56,70,0,2,Gold,1228
15670266,France,141792.61,510758.91000000003,55,0,2,Gold,1229
15608968,Germany,86402.52,433618.42,68,0,2,Gold,1229
15701333,France,96558.66,510596.04,75,0,2,Gold,1230
15774744,Germany,97286.16,433562.21,65,0,2,Gold,1230
15693162,France,99713.87,510539.18,61,0,2,Gold,1231
15623630,Germany,116251.24,433420.1,43,1,2,Gold,1231
15696605,France,180614.04,510378.31,45,0,2,Gold,1232
15756610,Germany,123770.46,433233.5,45,1,2,Gold,1232
15641091,France,106089.2,509842.58,67,0,2,Gold,1233
15753719,Germany,72392.41,433153.24,95,0,2,Gold,1233
15633108,France,139848.17,509665.26,44,0,2,Gold,1234
15693904,Germany,84958.6,432563.32,71,0,2,Gold,1234
15708362,France,103729.79,509476.85,63,0,2,Gold,1235
15686255,Germany,101744.84,432471.16,54,0,2,Gold,1235
15705009,France,156974.26,509369.88,35,1,2,Gold,1236
15749951,Germany,126285.73,431829.77,40,1,2,Gold,1236
15566563,France,137851.31,509105.78,43,1,2,Gold,1237
15802381,Germany,63663.93,431071.86,91,0,2,Gold,1237
15709994,France,140596.95,509058.05,49,1,2,Gold,1238
15812607,Germany,95439.4,430409.26,67,1,2,Gold,1238
15584704,France,71083.98,508872.93,101,0,2,Gold,1239
15732917,Germany,117837.43,430220.92,42,1,2,Gold,1239
15597591,France,107000.49,508718.35,75,0,2,Gold,1240
15735799,Germany,137318.42,429785.68,43,0,2,Gold,1240
15802256,France,110976.23,508024.85,73,0,2,Gold,1241
15814675,Germany,128264.03,429545.34,37,1,2,Gold,1241
15770567,France,123502.53,507419.32,47,0,2,Gold,1242
15632210,Germany,171770.55,429113.73,33,0,2,Gold,1242
15751412,France,114370.41,507271.97,54,0,2,Gold,1243
15720284,Germany,135927.06,428830.87,40,0,2,Gold,1243
15651713,France,148071.39,506727.91000000003,45,0,2,Gold,1244
15609558,Germany,108289.28,426892.29,60,1,2,Gold,1244
15755798,France,111582.11,506394.09,52,0,2,Gold,1245
15704168,Germany,127475.24,426840.86,59,1,2,Gold,1245
15723818,France,131834.76,505959.77,42,0,2,Gold,1246
15774192,Germany,105435.74,424621.09,49,1,2,Gold,1246
15784526,France,102016.38,505662.89,70,1,2,Gold,1247
15644896,Germany,108586.86,424064.48,44,0,2,Gold,1247
15804295,France,100254.76,505591.8,47,0,2,Gold,1248
15569624,Germany,105864.6,423775.45,54,0,2,Gold,1248
15580252,France,112610.77,504363.76,61,0,2,Gold,1249
15767891,Germany,99152.73,423705.89,56,0,2,Gold,1249
15644572,France,125832.2,503656.52999999997,64,0,2,Gold,1250
15621974,Germany,111063.73,423464.03,41,0,2,Gold,1250
15735849,France,165947.99,503507.98,40,0,2,Gold,1251
15641662,Germany,117469.91,423128.76,56,0,2,Gold,1251
15577985,France,112324.45,502582.83,80,0,2,Gold,1252
15745844,Germany,129502.49,423027.12,43,1,2,Gold,1252
15748069,France,134467.26,502489.79000000004,50,0,2,Gold,1253
15595657,Germany,95001.33,422995.24,64,0,2,Gold,1253
15737705,France,152309.37,502481.69,42,0,2,Gold,1254
15735549,Germany,96814.46,422963.75,55,0,2,Gold,1254
15626491,France,57327.04,501869.3,116,0,2,Gold,1255
15769504,Germany,131736.88,422334.18,24,0,2,Gold,1255
15685640,France,130931.83,500836.02,54,0,2,Gold,1256
15784918,Germany,121968.11,422265.42,42,0,2,Gold,1256
15740470,France,160652.45,500257.94,44,0,2,Gold,1257
15629985,Germany,90450.0,421668.58,67,1,2,Gold,1257
15744041,France,140356.7,499361.71,43,0,2,Gold,1258
15685653,Germany,162261.01,420890.08,36,0,2,Gold,1258
15723989,France,93680.43,498922.78,76,0,2,Gold,1259
15567246,Germany,102630.13,420725.31,41,0,2,Gold,1259
15649744,France,123981.31,498369.48,51,0,2,Gold,1260
15731555,Germany,106000.12,419876.87,41,1,2,Gold,1260
15603378,France,141334.95,497579.01,52,0,2,Gold,1261
15574868,Germany,115725.24,419872.54,46,0,2,Gold,1261
15592222,France,80001.23,497430.81,77,0,2,Gold,1262
15796764,Germany,127585.98,419561.32,38,1,2,Gold,1262
15739931,France,161588.89,497122.47,39,0,2,Gold,1263
15812497,Germany,112146.12,419406.02999999997,53,0,2,Gold,1263
15680855,France,145731.83,496955.11,39,0,2,Gold,1264
15743976,Germany,37702.79,419302.58,134,0,2,Gold,1264
15729362,France,67226.37,496849.49,95,0,2,Gold,1265
15603550,Germany,70258.88,419111.94,76,0,2,Gold,1265
15628558,France,89188.83,496717.32,73,0,2,Gold,1266
15804602,Germany,99785.28,416898.91,59,0,2,Gold,1266
15652626,France,115285.85,496218.75,59,0,2,Gold,1267
15794849,Germany,91560.58,416673.49,74,0,2,Gold,1267
15768342,France,79475.3,495505.26,83,1,2,Gold,1268
15603221,Germany,84421.62,415918.19,75,0,2,Gold,1268
15800784,France,98298.18,495232.1,73,0,2,Gold,1269
15684868,Germany,110993.79,415671.51,55,1,2,Gold,1269
15789339,France,122781.51,495108.63,71,0,2,Gold,1270
15724764,Germany,64404.26,415669.94,94,0,2,Gold,1270
15615352,France,99607.37,494621.56,66,0,2,Gold,1271
15665129,Germany,132527.9,415289.39,33,0,2,Gold,1271
15717706,France,106045.92,493758.11,61,0,2,Gold,1272
15621075,Germany,162150.42,415202.58999999997,19,0,2,Gold,1272
15711687,France,108128.52,491990.08999999997,71,0,2,Gold,1273
15761047,Germany,160997.54,414925.06,45,0,2,Gold,1273
15775293,France,143292.95,491952.99,42,0,2,Gold,1274
15658339,Germany,139265.63,414563.72000000003,31,0,2,Gold,1274
15621409,France,127845.83,491905.07,50,0,2,Gold,1275
15644174,Germany,135096.05,414458.94,35,1,2,Gold,1275
15764708,France,117696.67,491717.67,70,0,2,Gold,1276
15567893,Germany,124213.36,414348.58,29,0,2,Gold,1276
15703820,France,133701.07,491280.79,42,1,2,Gold,1277
15702968,Germany,106545.53,414326.71,54,0,2,Gold,1277
15656613,France,131283.11,491191.96,42,0,2,Gold,1278
15743040,Germany,127892.57,414078.67,35,0,2,Gold,1278
15750410,France,123816.5,491118.73,55,0,2,Gold,1279
15688563,Germany,141989.27,413920.31,43,0,2,Gold,1279
15683124,France,115029.4,489507.4,53,1,2,Gold,1280
15666453,Germany,78885.88,413851.77,67,0,2,Gold,1280
15808044,France,106804.26,489001.4,70,1,2,Gold,1281
15717937,Germany,99906.89,413037.67,52,0,2,Gold,1281
15740043,France,83161.65,488784.09,70,0,2,Gold,1282
15706186,Germany,81677.22,412368.02,82,0,2,Gold,1282
15678058,France,104584.16,488347.5,86,0,2,Gold,1283
15605461,Germany,130830.22,411561.61,38,0,2,Gold,1283
15619626,France,137492.35,488049.79,48,0,2,Gold,1284
15792473,Germany,88379.81,411157.82,64,1,2,Gold,1284
15660541,France,127900.03,487332.23,50,0,2,Gold,1285
15742238,Germany,136496.12,410294.61,47,0,2,Gold,1285
15804864,France,79336.61,487276.89,80,0,2,Gold,1286
15773322,Germany,121898.82,409804.63,40,0,2,Gold,1286
15646535,France,113226.47,486818.37,53,0,2,Gold,1287
15757837,Germany,88311.48,409082.63,54,0,2,Gold,1287
15617991,France,128744.04,486167.98,66,0,2,Gold,1288
15736146,Germany,96679.71,409024.0,67,0,2,Gold,1288
15666916,France,99610.92,485741.38,75,0,2,Gold,1289
15624677,Germany,122304.65,408442.68,34,0,2,Gold,1289
15783305,France,98752.51,484917.73,71,0,2,Gold,1290
15639946,Germany,162532.14,408210.19,39,1,2,Gold,1290
15807239,France,93920.47,483346.76,64,0,2,Gold,1291
15570289,Germany,103409.16,408183.29,54,1,2,Gold,1291
15572174,France,148874.01,483190.58,49,0,2,Gold,1292
15636061,Germany,68345.86,408165.71,67,0,2,Gold,1292
15690337,France,102258.11,482739.81,61,0,2,Gold,1293
15657349,Germany,98173.02,408012.72000000003,44,1,2,Gold,1293
15591552,France,98877.95,482408.87,77,0,2,Gold,1294
15713532,Germany,105957.44,407802.02999999997,47,0,2,Gold,1294
15760427,France,124788.18,482278.75,57,0,2,Gold,1295
15599591,Germany,88477.36,407398.36,68,0,2,Gold,1295
15733616,France,80613.93,481619.47,85,0,2,Gold,1296
15764916,Germany,95984.21,407334.16,63,1,2,Gold,1296
15574305,France,116275.12,481060.69,50,0,2,Gold,1297
15721585,Germany,113146.98,405189.43,50,0,2,Gold,1297
15737275,France,113096.41,480722.37,56,0,2,Gold,1298
15799217,Germany,52436.2,405053.13,72,0,2,Gold,1298
15705620,France,122453.37,480625.22000000003,57,0,2,Gold,1299
15743067,Germany,130483.95,404877.64,37,0,2,Gold,1299
15679966,France,133964.3,479603.73,49,0,2,Gold,1300
15747772,Germany,58571.18,404815.15,96,0,2,Gold,1300
15703205,France,113402.14,479087.33,66,0,2,Gold,1301
15768340,Germany,113905.48,404052.72000000003,56,0,2,Gold,1301
15757521,France,132164.26,478769.65,43,0,2,Gold,1302
15643966,Germany,143129.41,403783.28,40,0,2,Gold,1302
15627848,France,109346.13,478044.23,64,0,2,Gold,1303
15589380,Germany,114446.84,403571.26,56,0,2,Gold,1303
15638149,France,103772.45,477889.29,67,0,2,Gold,1304
15751491,Germany,117206.3,402970.98,33,1,2,Gold,1304
15708048,France,124379.14,477406.85000000003,42,0,2,Gold,1305
15649033,Germany,127723.25,402951.5,41,1,2,Gold,1305
15631359,France,117289.92,477129.67,59,0,2,Gold,1306
15751057,Germany,102500.34,402740.1,54,0,2,Gold,1306
15746515,France,136492.92,477009.77,42,1,2,Gold,1307
15566988,Germany,141535.52,401717.9,43,1,2,Gold,1307
15711352,France,162701.65,476858.62,58,0,2,Gold,1308
15781534,Germany,121520.36,401559.78,35,0,2,Gold,1308
15628319,France,130142.79,476595.0,45,0,2,Gold,1309
15572361,Germany,164011.48,401065.19,28,0,2,Gold,1309
15606267,France,98640.74,476132.31,71,0,2,Gold,1310
15810942,Germany,137655.31,400651.79,43,0,2,Gold,1310
15814553,France,68999.66,476117.68,82,0,2,Gold,1311
15688760,Germany,95022.57,400427.12,59,0,2,Gold,1311
15575510,France,155584.21,475838.42,40,0,2,Gold,1312
15684958,Germany,126444.08,400277.35,41,0,2,Gold,1312
15572360,France,57657.49,474917.94,99,0,2,Gold,1313
15792329,Germany,107106.33,399488.19,54,0,2,Gold,1313
15662243,France,162702.35,474393.06,47,1,2,Gold,1314
15742534,Germany,123802.98,399047.17,38,0,2,Gold,1314
15680001,France,111835.94,473667.43,61,0,2,Gold,1315
15750104,Germany,132615.73,398048.02,42,0,2,Gold,1315
15672945,France,136425.18,473580.78,48,0,2,Gold,1316
15805429,Germany,106819.65,397913.4,50,0,2,Gold,1316
15800515,France,128653.59,472606.92,58,0,2,Gold,1317
15713975,Germany,139756.12,397405.96,43,1,2,Gold,1317
15743714,France,91443.75,472576.43,73,0,2,Gold,1318
15651001,Germany,116803.8,396820.72000000003,50,0,2,Gold,1318
15641480,France,131354.25,472271.54,56,0,2,Gold,1319
15766765,Germany,60263.23,396462.64,84,0,2,Gold,1319
15622171,France,80964.57,471986.86,80,0,2,Gold,1320
15774328,Germany,144757.97,395612.45,22,0,2,Gold,1320
15682273,France,127616.56,471700.7,58,0,2,Gold,1321
15779207,Germany,125495.64,395334.8,45,0,2,Gold,1321
15659105,France,61196.54,470966.59,90,0,2,Gold,1322
15672875,Germany,40172.91,394796.51,128,0,2,Gold,1322
15683562,France,84026.86,470865.69,89,0,2,Gold,1323
15625641,Germany,108071.36,394675.11,48,0,2,Gold,1323
15723299,France,113709.28,469961.0,59,1,2,Gold,1324
15786617,Germany,133658.24,394301.83,32,0,2,Gold,1324
15607837,France,105599.67,469738.35,59,0,2,Gold,1325
15745433,Germany,205770.78,394083.15,22,0,2,Gold,1325
15715414,France,102895.1,468920.6,62,0,2,Gold,1326
15748327,Germany,118235.7,393901.91,63,0,2,Gold,1326
15679968,France,118788.57,468718.19,59,0,2,Gold,1327
15689692,Germany,150348.37,393846.78,41,0,2,Gold,1327
15701164,France,90307.62,468390.74,59,0,2,Gold,1328
15641490,Germany,69385.17,392931.4,81,0,2,Gold,1328
15751180,France,81132.21,468189.52,77,0,2,Gold,1329
15734202,Germany,86891.84,392467.3,49,0,2,Gold,1329
15621423,France,117280.23,467817.03,51,1,2,Gold,1330
15793049,Germany,115115.38,392099.16000000003,56,1,2,Gold,1330
15669945,France,141359.37,467664.96,46,0,2,Gold,1331
15726832,Germany,141784.02,392075.57,48,0,2,Gold,1331
15626114,France,95741.75,467593.76,43,0,2,Gold,1332
15574324,Germany,129177.01,391750.99,45,0,2,Gold,1332
15759184,France,117715.84,467493.78,67,0,2,Gold,1333
15624428,Germany,40224.7,391391.03,116,0,2,Gold,1333
15594340,France,120243.49,464800.71,32,1,2,Gold,1334
15811762,Germany,115988.86,391080.78,37,1,2,Gold,1334
15633181,France,71269.89,464458.23,97,0,2,Gold,1335
15810010,Germany,118448.15,390983.37,53,0,2,Gold,1335
15765982,France,74135.85,464072.98,95,1,2,Gold,1336
15691625,Germany,138306.34,390133.36,40,0,2,Gold,1336
15590337,France,123192.12,464066.58,42,1,2,Gold,1337
15609618,Germany,154475.54,389801.11,41,1,2,Gold,1337
15750441,France,81210.72,463712.92,75,0,2,Gold,1338
15769356,Germany,116022.53,389719.27,48,0,2,Gold,1338
15649160,France,138731.95,463515.02999999997,48,0,2,Gold,1339
15711309,Germany,129834.67,388834.41000000003,40,0,2,Gold,1339
15724876,France,83714.41,463399.95,84,0,2,Gold,1340
15797381,Germany,133903.12,388649.96,48,1,2,Gold,1340
15693947,France,97445.49,461772.84,62,0,2,Gold,1341
15600991,Germany,109052.59,388412.27,49,1,2,Gold,1341
15669491,France,157866.77,461656.41,32,0,2,Gold,1342
15763029,Germany,161450.03,388002.7,30,1,2,Gold,1342
15752816,France,114590.58,461426.45999999996,34,0,2,Gold,1343
15715465,Germany,77776.39,387453.51,70,0,2,Gold,1343
15795690,France,99513.91,461397.95,62,0,2,Gold,1344
15635752,Germany,111798.06,387006.98,59,0,2,Gold,1344
15805112,France,82259.29,461368.14,63,0,2,Gold,1345
15622182,Germany,153538.13,386388.07,29,0,2,Gold,1345
15727177,France,177822.03,460446.53,34,1,2,Gold,1346
15799785,Germany,77949.69,385704.04,66,0,2,Gold,1346
15677087,France,138106.75,459669.19,52,0,2,Gold,1347
15719809,Germany,145166.09,385373.37,28,0,2,Gold,1347
15697127,France,147674.26,459509.98,42,0,2,Gold,1348
15632736,Germany,104911.35,385125.89,52,0,2,Gold,1348
15587233,France,73700.12,459023.8,98,1,2,Gold,1349
15804709,Germany,111578.18,384808.99,42,1,2,Gold,1349
15694381,France,100654.8,458523.76,74,0,2,Gold,1350
15678886,Germany,110555.37,384320.01,66,0,2,Gold,1350
15621457,France,96654.72,458072.87,55,0,2,Gold,1351
15673238,Germany,154110.99,383902.55,34,1,2,Gold,1351
15629511,France,106770.82,457431.21,62,0,2,Gold,1352
15677921,Germany,115920.62,383292.63,52,1,2,Gold,1352
15702138,France,156834.34,457354.42,39,0,2,Gold,1353
15727384,Germany,146547.78,381245.08,32,1,2,Gold,1353
15650322,France,105588.66,457221.82,52,0,2,Gold,1354
15628950,Germany,104013.79,381237.36,60,0,2,Gold,1354
15646276,France,146033.62,456691.11,38,0,2,Gold,1355
15697318,Germany,77487.2,380933.59,86,0,2,Gold,1355
15680685,France,165257.2,454813.97000000003,37,0,2,Gold,1356
15765283,Germany,149961.99,380470.08,38,0,2,Gold,1356
15638355,France,126397.66,454485.6,48,1,2,Gold,1357
15766908,Germany,114540.38,380039.19,44,0,2,Gold,1357
15696744,France,119794.67,454090.08,42,0,2,Gold,1358
15750867,Germany,92060.06,379978.28,57,1,2,Gold,1358
15812279,France,115345.86,453591.39999999997,53,0,2,Gold,1359
15738605,Germany,123642.36,379608.99,32,1,2,Gold,1359
15752626,France,64082.09,453408.2,103,0,2,Gold,1360
15752139,Germany,72373.62,379501.8,64,0,2,Gold,1360
15717156,France,143396.54,452976.05,43,0,2,Gold,1361
15690958,Germany,139542.82,378546.84,38,0,2,Gold,1361
15656249,France,118307.57,452934.87,50,0,2,Gold,1362
15781903,Germany,127913.71,377889.45,35,0,2,Gold,1362
15633608,France,146193.6,452090.8,41,1,2,Gold,1363
15748231,Germany,95853.39,377371.36,51,0,2,Gold,1363
15793331,France,133050.97,451440.0,48,0,2,Gold,1364
15762927,Germany,100762.64,377064.5,63,0,2,Gold,1364
15713517,France,102025.08,451205.1,54,0,2,Gold,1365
15742609,Germany,116623.31,376596.77,43,0,2,Gold,1365
15714006,France,133111.73,450408.19,48,0,2,Gold,1366
15641860,Germany,108760.27,376370.8,58,1,2,Gold,1366
15742272,France,96418.09,450005.62,67,1,2,Gold,1367
15721582,Germany,77270.08,375921.61,64,1,2,Gold,1367
15613772,France,135096.77,449525.27,38,1,2,Gold,1368
15659694,Germany,113781.5,375706.2,36,1,2,Gold,1368
15637118,France,140700.61,449508.22,45,0,2,Gold,1369
15640078,Germany,135134.99,375615.52999999997,39,1,2,Gold,1369
15774507,France,119013.86,449398.84,55,0,2,Gold,1370
15586880,Germany,122545.65,375531.48,35,0,2,Gold,1370
15677146,France,142243.54,449093.6,41,0,2,Gold,1371
15780716,Germany,129626.19,375287.39,46,0,2,Gold,1371
15728829,France,102983.91,448440.85,77,0,2,Gold,1372
15578546,Germany,102251.14,375183.61,60,0,2,Gold,1372
15614847,France,72494.69,448318.43,91,0,2,Gold,1373
15609735,Germany,127545.56,374942.12,49,1,2,Gold,1373
15628813,France,152341.55,447803.66,45,0,2,Gold,1374
15767391,Germany,90322.99,374445.95,64,0,2,Gold,1374
15785406,France,105056.13,447498.57,50,0,2,Gold,1375
15698749,Germany,85897.95,374350.61,59,0,2,Gold,1375
15795540,France,134208.22,446953.79,44,0,2,Gold,1376
15587421,Germany,111388.18,373112.09,59,0,2,Gold,1376
15700325,France,92760.55,444930.85,83,0,2,Gold,1377
15758252,Germany,168085.38,372506.61,35,0,2,Gold,1377
15812197,France,80293.98,443709.52,79,0,2,Gold,1378
15697310,Germany,152264.81,372488.65,30,0,2,Gold,1378
15785519,France,106192.1,443436.04,64,0,2,Gold,1379
15712813,Germany,150805.17,371823.35,39,1,2,Gold,1379
15573798,France,83947.12,443178.19,62,0,2,Gold,1380
15780359,Germany,115142.9,371393.27,67,0,2,Gold,1380
15601811,France,110240.04,442769.3,58,1,2,Gold,1381
15669204,Germany,93911.3,371179.9,48,0,2,Gold,1381
15756241,France,152509.25,442150.07,41,0,2,Gold,1382
15704144,Germany,127154.14,370553.37,32,0,2,Gold,1382
15777759,France,131406.56,440951.53,49,0,2,Gold,1383
15694409,Germany,97975.82,370528.81,49,0,2,Gold,1383
15658987,France,96173.17,440568.97000000003,61,0,2,Gold,1384
15574331,Germany,118233.81,370327.79,44,1,2,Gold,1384
15662291,France,116973.26,439744.71,40,1,2,Gold,1385
15567383,Germany,98009.13,369950.53,42,0,2,Gold,1385
15625632,France,121092.47,439328.56,48,0,2,Gold,1386
15803526,Germany,90536.81,369644.86,55,0,2,Gold,1386
15596088,France,77065.9,439160.51,73,0,2,Gold,1387
15658946,Germany,45408.85,369538.36,98,0,2,Gold,1387
15723721,France,140916.81,439116.0,53,0,2,Gold,1388
15596939,Germany,132578.92,369081.09,46,0,2,Gold,1388
15738907,France,96956.1,438900.49,71,1,2,Gold,1389
15611325,Germany,57929.81,368493.12,96,0,2,Gold,1389
15643752,France,116160.23,438590.68,56,0,2,Gold,1390
15660833,Germany,86350.87,368172.84,56,0,2,Gold,1390
15670562,France,101140.76,438269.63,54,0,2,Gold,1391
15773868,Germany,125734.2,368138.79,37,1,2,Gold,1391
15587177,France,124445.52,437617.62,54,0,2,Gold,1392
15654456,Germany,149726.08,366648.8,33,1,2,Gold,1392
15693131,France,95508.2,437588.86,57,0,2,Gold,1393
15716619,Germany,74974.89,366167.95,59,0,2,Gold,1393
15748116,France,148143.84,437409.02,37,0,2,Gold,1394
15650288,Germany,116269.01,365226.66,48,0,2,Gold,1394
15713819,France,92347.96,437394.43,52,0,2,Gold,1395
15762882,Germany,61211.18,365204.23,61,0,2,Gold,1395
15699839,France,152606.82,437142.36,40,0,2,Gold,1396
15812832,Germany,92659.2,364989.46,65,0,2,Gold,1396
15688984,France,95830.43,436643.99,42,0,2,Gold,1397
15583755,Germany,156570.86,364704.25,38,0,2,Gold,1397
15769353,France,150490.32,435950.91000000003,33,1,2,Gold,1398
15707110,Germany,170890.05,364164.66,23,0,2,Gold,1398
15567725,France,52016.08,435516.06,115,0,2,Gold,1399
15575581,Germany,131344.52,364090.27,38,0,2,Gold,1399
15762216,France,129553.76,434668.62,51,0,2,Gold,1400
15584930,Germany,111375.32,363595.49,52,0,2,Gold,1400
15598046,France,139562.05,434208.37,54,0,2,Gold,1401
15635964,Germany,120100.41,362646.01,40,1,2,Gold,1401
15737414,France,123761.68,433425.65,45,0,2,Gold,1402
15765650,Germany,114655.58,362593.27,52,0,2,Gold,1402
15643392,France,105239.1,433296.64999999997,59,0,2,Gold,1403
15775572,Germany,88324.31,362530.72000000003,45,0,2,Gold,1403
15794178,France,107136.6,432921.42,42,0,2,Gold,1404
15581229,Germany,173340.83,362250.06,22,0,2,Gold,1404
15753639,France,146093.39,431275.77999999997,58,0,2,Gold,1405
15775891,Germany,107247.69,362185.33,46,1,2,Gold,1405
15754443,France,108308.0,430620.82,66,1,2,Gold,1406
15664734,Germany,108244.82,361992.82,47,0,2,Gold,1406
15725511,France,127070.73,430450.68,51,0,2,Gold,1407
15734659,Germany,107978.4,361548.41,51,0,2,Gold,1407
15621063,France,56228.25,430344.09,86,0,2,Gold,1408
15790846,Germany,148430.55,361443.33,38,0,2,Gold,1408
15784736,France,136855.24,430262.04,57,0,2,Gold,1409
15684319,Germany,95196.26,361322.41000000003,56,1,2,Gold,1409
15602373,France,115049.15,429476.15,45,0,2,Gold,1410
15602354,Germany,109341.87,360833.07,40,0,2,Gold,1410
15799357,France,136364.46,429274.12,49,0,2,Gold,1411
15802758,Germany,104753.84,360694.64,47,1,2,Gold,1411
15798885,France,138227.19,429185.17,53,0,2,Gold,1412
15784280,Germany,109342.82,360423.43,36,0,2,Gold,1412
15728912,France,92436.86,428533.45,60,0,2,Gold,1413
15596914,Germany,112373.49,359889.17,37,0,2,Gold,1413
15783955,France,165686.11,428521.47,42,0,2,Gold,1414
15711455,Germany,109044.6,359180.45,38,1,2,Gold,1414
15656726,France,62321.62,428318.79,86,0,2,Gold,1415
15608209,Germany,96926.12,358936.92,44,0,2,Gold,1415
15701176,France,141462.13,428183.0,45,0,2,Gold,1416
15642934,Germany,108269.2,358794.31,40,0,2,Gold,1416
15669326,France,168396.34,427900.01,37,0,2,Gold,1417
15732281,Germany,146422.22,358654.67,32,1,2,Gold,1417
15709920,France,208165.53,427522.46,17,1,2,Gold,1418
15768151,Germany,109032.23,358330.71,45,1,2,Gold,1418
15610426,France,81042.42,426333.56,83,0,2,Gold,1419
15706458,Germany,115730.71,357748.64,43,1,2,Gold,1419
15633474,France,138553.57,426150.82,37,0,2,Gold,1420
15808386,Germany,138523.2,357549.24,39,1,2,Gold,1420
15656454,France,83568.55,425831.69,54,0,2,Gold,1421
15776231,Germany,88109.81,356288.46,57,0,2,Gold,1421
15797760,France,193354.86,425546.2,33,0,2,Gold,1422
15651585,Germany,117212.18,355901.14999999997,40,0,2,Gold,1422
15812191,France,118082.89,424457.32,46,0,2,Gold,1423
15671148,Germany,96341.0,355647.1,57,0,2,Gold,1423
15587394,France,140133.08,423820.52,47,0,2,Gold,1424
15812210,Germany,111537.23,355542.27,47,1,2,Gold,1424
15716218,France,104118.5,423080.66000000003,58,0,2,Gold,1425
15743153,Germany,122295.17,354470.32,44,0,2,Gold,1425
15699195,France,110949.41,422920.61,46,0,2,Gold,1426
15641413,Germany,155393.98,354030.6,42,1,2,Gold,1426
15668057,France,113000.66,422296.77,56,0,2,Gold,1427
15655360,Germany,148666.99,353858.57,42,1,2,Gold,1427
15768449,France,51582.5,422289.39,109,0,2,Gold,1428
15714575,Germany,107926.02,353261.95,52,1,2,Gold,1428
15680727,France,121973.28,422145.28,53,0,2,Gold,1429
15806081,Germany,127924.25,352688.4,33,0,2,Gold,1429
15699005,France,156067.05,421821.7,38,0,2,Gold,1430
15573077,Germany,141825.88,352668.42,34,1,2,Gold,1430
15758013,France,98400.61,421541.95,58,0,2,Gold,1431
15667476,Germany,117700.86,351623.53,39,0,2,Gold,1431
15577170,France,76705.87,421113.94,79,0,2,Gold,1432
15665168,Germany,105206.7,351621.0,57,0,2,Gold,1432
15578096,France,106397.75,420542.03,62,0,2,Gold,1433
15680201,Germany,102773.2,351455.96,47,1,2,Gold,1433
15596339,France,140014.42,420139.45,41,0,2,Gold,1434
15599078,Germany,92467.58,351226.24,49,0,2,Gold,1434
15804797,France,138547.97,420093.51,50,1,2,Gold,1435
15643042,Germany,117641.43,350129.24,30,0,2,Gold,1435
15775490,France,110570.78,419012.48,49,0,2,Gold,1436
15634950,Germany,107174.58,349953.31,56,1,2,Gold,1436
15687946,France,117419.35,418918.81,50,0,2,Gold,1437
15621195,Germany,147974.16,349771.43,35,0,2,Gold,1437
15805637,France,108546.16,418879.2,65,1,2,Gold,1438
15618816,Germany,147171.2,349700.98,39,0,2,Gold,1438
15722692,France,116439.65,418539.27,39,0,2,Gold,1439
15591123,Germany,100194.44,349552.66,45,0,2,Gold,1439
15694450,France,99580.13,418276.02,65,0,2,Gold,1440
15727408,Germany,61688.61,349140.34,89,0,2,Gold,1440
15759915,France,87772.52,417511.35,58,0,2,Gold,1441
15669301,Germany,150358.97,349097.61,35,1,2,Gold,1441
15751120,France,119912.46,416977.97000000003,37,0,2,Gold,1442
15634180,Germany,97268.1,348527.19,47,0,2,Gold,1442
15626898,France,77599.23,416424.24,70,0,2,Gold,1443
15759317,Germany,90971.85,348135.35,46,0,2,Gold,1443
15700366,France,119452.03,416050.36,57,0,2,Gold,1444
15620836,Germany,108410.87,347977.96,35,0,2,Gold,1444
15625904,France,74681.9,415436.86,79,0,2,Gold,1445
15682890,Germany,65095.41,347821.7,90,0,2,Gold,1445
15681928,France,108155.49,415234.85,47,0,2,Gold,1446
15656597,Germany,135559.8,347818.8,33,0,2,Gold,1446
15693877,France,123365.34,414854.16000000003,43,0,2,Gold,1447
15766183,Germany,130334.84,347674.56,35,0,2,Gold,1447
15795228,France,132623.6,414841.65,50,0,2,Gold,1448
15756301,Germany,97325.15,346645.25,54,0,2,Gold,1448
15646594,France,57568.94,414804.27,88,0,2,Gold,1449
15721207,Germany,100047.33,346546.29,58,0,2,Gold,1449
15710206,France,150500.64,414445.09,44,0,2,Gold,1450
15699446,Germany,150355.35,346287.65,35,0,2,Gold,1450
15590286,France,125879.29,414402.14,24,0,2,Gold,1451
15753174,Germany,139592.98,346173.31,39,1,2,Gold,1451
15628144,France,74812.84,412201.9,61,0,2,Gold,1452
15764314,Germany,113877.23,346127.45,29,0,2,Gold,1452
15620746,France,126115.6,412024.55,39,0,2,Gold,1453
15657868,Germany,94607.08,345869.36,54,0,2,Gold,1453
15680405,France,168001.34,410350.47,33,0,2,Gold,1454
15696514,Germany,104414.03,345793.11,52,0,2,Gold,1454
15690620,France,46323.57,409818.86,116,0,2,Gold,1455
15797910,Germany,123783.25,345377.01,33,0,2,Gold,1455
15729018,France,147229.65,409585.42,43,0,2,Gold,1456
15690829,Germany,137115.16,344945.76,32,1,2,Gold,1456
15804962,France,155655.46,409406.48,29,1,2,Gold,1457
15636634,Germany,79656.81,344881.79,69,0,2,Gold,1457
15627298,France,85146.48,408773.02999999997,66,1,2,Gold,1458
15702919,Germany,63669.42,343509.04,55,0,2,Gold,1458
15586757,France,75170.54,407384.92,64,0,2,Gold,1459
15600879,Germany,157780.93,343416.21,38,0,2,Gold,1459
15652948,France,92676.3,407295.49,49,0,2,Gold,1460
15575428,Germany,117438.92,343393.55,42,0,2,Gold,1460
15709741,France,107141.27,407261.6,48,0,2,Gold,1461
15604020,Germany,105858.71,342006.75,51,0,2,Gold,1461
15714883,France,111395.53,406939.48,43,0,2,Gold,1462
15777054,Germany,137479.13,341605.23,39,0,2,Gold,1462
15709183,France,102346.86,406543.34,48,0,2,Gold,1463
15738588,Germany,133200.09,341549.23,24,0,2,Gold,1463
15580682,France,79927.36,405523.75,72,0,2,Gold,1464
15593715,Germany,107027.52,341402.92,40,0,2,Gold,1464
15729083,France,154525.7,405426.38,37,0,2,Gold,1465
15615050,Germany,107915.94,341353.81,41,1,2,Gold,1465
15624170,France,81550.94,405094.04,60,0,2,Gold,1466
15648933,Germany,111100.98,341342.69,30,1,2,Gold,1466
15803415,France,166501.17,404968.42,31,0,2,Gold,1467
15698321,Germany,95039.73,341212.25,64,0,2,Gold,1467
15781802,France,104817.41,404727.04,51,1,2,Gold,1468
15577423,Germany,124586.93,341156.18,51,1,2,Gold,1468
15661936,France,141004.46,404191.97000000003,38,0,2,Gold,1469
15615430,Germany,129646.91,340970.45,32,1,2,Gold,1469
15712777,France,124976.19,404125.13,51,0,2,Gold,1470
15784923,Germany,109974.22,340569.44,47,1,2,Gold,1470
15598070,France,135946.26,403872.8,41,0,2,Gold,1471
15605665,Germany,78833.15,339641.16,60,0,2,Gold,1471
15746139,France,139451.67,403788.45,35,0,2,Gold,1472
15730448,Germany,62482.95,339322.33,74,0,2,Gold,1472
15626012,France,149879.66,403784.7,39,0,2,Gold,1473
15627741,Germany,96863.52,339042.34,35,0,2,Gold,1473
15690492,France,97663.16,403621.0,61,0,2,Gold,1474
15611315,Germany,71433.08,338778.6,64,0,2,Gold,1474
15674526,France,86459.8,403577.12,71,0,2,Gold,1475
15629128,Germany,132193.94,338633.49,29,0,2,Gold,1475
15658306,France,97705.99,403191.26,63,0,2,Gold,1476
15672246,Germany,134896.03,338129.69,37,0,2,Gold,1476
15724648,France,98684.15,403183.27,58,0,2,Gold,1477
15568904,Germany,106288.54,337388.72000000003,46,0,2,Gold,1477
15773338,France,101579.28,402625.57,39,0,2,Gold,1478
15634359,Germany,98635.77,337024.65,54,0,2,Gold,1478
15618155,France,83195.12,401496.02,74,0,2,Gold,1479
15778154,Germany,122227.71,337022.87,34,1,2,Gold,1479
15627385,France,84009.47,401477.34,75,0,2,Gold,1480
15565779,Germany,57809.32,336911.69,68,0,2,Gold,1480
15700710,France,116465.53,401362.38,49,0,2,Gold,1481
15616630,Germany,77647.6,336723.14,58,0,2,Gold,1481
15683618,France,121418.62,401098.51,47,0,2,Gold,1482
15807432,Germany,136925.09,336477.11,31,0,2,Gold,1482
15613141,France,135756.96,400790.34,53,0,2,Gold,1483
15585106,Germany,57068.43,336140.65,73,0,2,Gold,1483
15781451,France,134936.97,400475.29,42,0,2,Gold,1484
15710087,Germany,125889.3,335853.71,23,1,2,Gold,1484
15574122,France,129278.43,400203.72000000003,52,0,2,Gold,1485
15751524,Germany,68806.84,335596.94,76,0,2,Gold,1485
15687218,France,79144.34,399320.54,70,0,2,Gold,1486
15674950,Germany,142406.43,334017.12,34,0,2,Gold,1486
15744695,France,77652.4,399036.26,74,0,2,Gold,1487
15735078,Germany,139687.66,333048.4,17,0,2,Gold,1487
15801417,France,82500.28,398639.35,68,0,2,Gold,1488
15742480,Germany,109949.05,332526.17,40,0,2,Gold,1488
15688868,France,87098.91,398440.08,52,0,2,Gold,1489
15651581,Germany,112595.85,332213.71,52,1,2,Gold,1489
15654409,France,67816.72,398194.59,89,0,2,Gold,1490
15788920,Germany,109196.67,330801.25,34,0,2,Gold,1490
15640789,France,123345.85,397944.46,37,0,2,Gold,1491
15727605,Germany,80442.06,330524.13,57,0,2,Gold,1491
15793046,France,90413.12,397356.02,65,0,2,Gold,1492
15751593,Germany,85668.59,328531.73,51,0,2,Gold,1492
15660263,France,99799.76,397269.19,40,0,2,Gold,1493
15776921,Germany,83624.55,328523.69,53,0,2,Gold,1493
15647292,France,148368.02,397246.32,31,1,2,Gold,1494
15701042,Germany,151027.56,328499.52,30,0,2,Gold,1494
15782630,France,137482.19,396772.05,45,0,2,Gold,1495
15694444,Germany,157138.99,327670.56,26,1,2,Gold,1495
15765192,France,84006.88,396454.01,75,0,2,Gold,1496
15750811,Germany,116822.7,327208.13,34,0,2,Gold,1496
15745827,France,132005.77,396280.35,40,0,2,Gold,1497
15607269,Germany,151249.45,326890.67,40,0,2,Gold,1497
15675675,France,106290.64,395592.43,65,0,2,Gold,1498
15798749,Germany,152063.59,326755.61,32,0,2,Gold,1498
15711602,France,91711.59,395230.01,44,0,2,Gold,1499
15804017,Germany,123246.7,326391.41,40,0,2,Gold,1499
15788539,France,107747.57,395223.73,35,0,2,Gold,1500
15679249,Germany,163146.46,326231.77,30,1,2,Gold,1500
15653147,France,133853.27,394969.58,40,0,2,Gold,1501
15691119,Germany,136525.99,325752.91,41,0,2,Gold,1501
15750769,France,75915.75,394755.27,68,0,2,Gold,1502
15771059,Germany,148200.72,325676.23,26,0,2,Gold,1502
15786392,France,124182.21,394688.52999999997,38,0,2,Gold,1503
15811978,Germany,104763.41,325121.44,30,0,2,Gold,1503
15734044,France,41299.03,393890.1,121,0,2,Gold,1504
15690134,Germany,85679.25,325103.89,51,0,2,Gold,1504
15705657,France,114427.86,392831.48,47,0,2,Gold,1505
15802501,Germany,103564.83,324557.74,49,0,2,Gold,1505
15701946,France,124314.45,392694.08,53,0,2,Gold,1506
15739592,Germany,98438.23,324256.73,52,1,2,Gold,1506
15582741,France,124151.09,392242.88,38,1,2,Gold,1507
15577018,Germany,114035.39,323859.43,36,0,2,Gold,1507
15682435,France,143744.77,391929.38,38,0,2,Gold,1508
15566735,Germany,108913.84,323815.75,38,0,2,Gold,1508
15710257,France,130786.92,391203.53,42,0,2,Gold,1509
15726179,Germany,131433.33,323800.8,38,1,2,Gold,1509
15660646,France,156687.1,391099.56,37,0,2,Gold,1510
15763612,Germany,124439.49,323408.45,39,0,2,Gold,1510
15586236,France,132084.66,391099.2,46,1,2,Gold,1511
15809906,Germany,148853.29,323228.94,17,0,2,Gold,1511
15701741,France,152462.79,390477.97000000003,34,0,2,Gold,1512
15692819,Germany,132178.67,322482.32,24,0,2,Gold,1512
15806913,France,95507.12,390396.75,45,0,2,Gold,1513
15597949,Germany,104552.61,321204.15,53,1,2,Gold,1513
15755416,France,87739.08,389916.60000000003,54,0,2,Gold,1514
15700654,Germany,49157.09,321119.92,87,0,2,Gold,1514
15742511,France,121030.9,389629.8,51,0,2,Gold,1515
15592736,Germany,102994.04,320828.01,35,1,2,Gold,1515
15641007,France,72594.0,388329.52,71,0,2,Gold,1516
15672447,Germany,99165.84,320117.62,43,1,2,Gold,1516
15667417,France,68193.72,387789.2,81,0,2,Gold,1517
15593510,Germany,129335.65,320116.09,27,1,2,Gold,1517
15670552,France,115141.18,387469.78,38,0,2,Gold,1518
15801920,Germany,80615.46,319845.9,48,0,2,Gold,1518
15739054,France,96974.97,387275.16,61,0,2,Gold,1519
15746553,Germany,124233.24,319464.01,37,1,2,Gold,1519
15652218,France,152302.72,387247.11,29,0,2,Gold,1520
15791780,Germany,104478.12,319256.39,39,1,2,Gold,1520
15686696,France,81070.34,386736.79,63,0,2,Gold,1521
15812878,Germany,99806.85,319232.68,40,0,2,Gold,1521
15628674,France,113348.14,386717.18,44,1,2,Gold,1522
15810203,Germany,77627.33,318270.43,61,0,2,Gold,1522
15685826,France,90727.79,386060.93,57,0,2,Gold,1523
15620204,Germany,106138.33,317822.86,17,1,2,Gold,1523
15770543,France,74260.03,385638.82,72,0,2,Gold,1524
15575410,Germany,83765.35,317383.03,55,0,2,Gold,1524
15691624,France,132150.26,385548.54,31,0,2,Gold,1525
15697000,Germany,61825.5,317229.94,79,0,2,Gold,1525
15811177,France,167949.48,385308.51,27,0,2,Gold,1526
15694717,Germany,79731.91,317048.59,48,0,2,Gold,1526
15794187,France,114007.5,384893.48,54,0,2,Gold,1527
15676513,Germany,71553.83,317000.98,65,0,2,Gold,1527
15614635,France,151457.88,384187.72,32,0,2,Gold,1528
15577751,Germany,101802.67,316314.22,41,0,2,Gold,1528
15636860,France,122351.29,383634.32,36,0,2,Gold,1529
15675185,Germany,108128.96,316130.18,37,0,2,Gold,1529
15577695,France,148088.11,383552.34,33,0,2,Gold,1530
15652782,Germany,101099.9,315203.33,41,0,2,Gold,1530
15754105,France,106967.18,383077.04,47,0,2,Gold,1531
15669411,Germany,107467.56,315119.51,35,1,2,Gold,1531
15675791,France,129440.3,382711.26,46,0,2,Gold,1532
15786852,Germany,158651.29,313648.01,34,0,2,Gold,1532
15777067,France,136770.67,382241.87,37,0,2,Gold,1533
15693737,Germany,79871.02,313483.43,48,0,2,Gold,1533
15811127,France,96423.84,382146.79,59,0,2,Gold,1534
15748854,Germany,91938.31,312085.03,53,0,2,Gold,1534
15808784,France,163569.61,381906.45,30,0,2,Gold,1535
15614103,Germany,119839.69,311966.4,41,1,2,Gold,1535
15687884,France,88363.03,381771.46,53,0,2,Gold,1536
15763108,Germany,106261.63,311718.54,38,1,2,Gold,1536
15569451,France,101257.16,380767.21,35,0,2,Gold,1537
15605950,Germany,137060.88,311666.43,22,0,2,Gold,1537
15776223,France,64740.12,380466.32,74,0,2,Gold,1538
15725835,Germany,124493.03,311570.74,28,1,2,Gold,1538
15697625,France,163789.49,380286.44,29,0,2,Gold,1539
15806808,Germany,112281.6,311565.02,32,1,2,Gold,1539
15791045,France,132951.92,380061.94,54,0,2,Gold,1540
15708228,Germany,134366.42,311076.66,36,0,2,Gold,1540
15609758,France,158621.04,379590.76,35,1,2,Gold,1541
15812230,Germany,49508.79,310052.02999999997,83,0,2,Gold,1541
15792102,France,137781.65,378162.9,39,0,2,Gold,1542
15602010,Germany,103909.86,309215.41000000003,22,1,2,Gold,1542
15662501,France,91246.53,377965.79,50,1,2,Gold,1543
15805151,Germany,89558.39,308567.97,47,0,2,Gold,1543
15657603,France,81684.97,376609.71,60,0,2,Gold,1544
15751926,Germany,87807.29,308311.56,55,0,2,Gold,1544
15580684,France,112564.62,376043.51,51,0,2,Gold,1545
15789611,Germany,150836.92,308201.63,21,1,2,Gold,1545
15770405,France,125167.74,374526.03,46,0,2,Gold,1546
15620268,Germany,212696.32,307129.81,20,0,2,Gold,1546
15742297,France,141005.47,374037.05,29,0,2,Gold,1547
15680706,Germany,131834.8,307052.5,29,1,2,Gold,1547
15743709,France,66190.33,373969.75,71,0,2,Gold,1548
15787318,Germany,103163.35,306926.81,38,1,2,Gold,1548
15642997,France,147149.59,372905.14,32,0,2,Gold,1549
15683522,Germany,113383.07,306345.51,31,0,2,Gold,1549
15804235,France,166178.02,372901.31,29,0,2,Gold,1550
15641389,Germany,123593.22,305898.46,23,1,2,Gold,1550
15744105,France,109118.05,371986.39,43,0,2,Gold,1551
15699523,Germany,126817.65,305552.43,41,0,2,Gold,1551
15777743,France,92224.56,371905.81,45,0,2,Gold,1552
15778142,Germany,130089.56,304582.31,35,0,2,Gold,1552
15738889,France,102870.93,371248.94,58,1,2,Gold,1553
15806230,Germany,121647.54,304574.4,31,1,2,Gold,1553
15744553,France,144318.97,371097.92,27,0,2,Gold,1554
15670205,Germany,110624.99,303989.1,41,0,2,Gold,1554
15761717,France,51962.91,370874.21,106,0,2,Gold,1555
15592000,Germany,82794.18,303784.99,35,1,2,Gold,1555
15732268,France,159597.45,370804.5,25,0,2,Gold,1556
15739271,Germany,122394.0,303026.36,35,0,2,Gold,1556
15610419,France,117413.95,370320.44,45,0,2,Gold,1557
15594864,Germany,81523.38,302282.1,59,0,2,Gold,1557
15591279,France,80387.81,369209.01,69,0,2,Gold,1558
15718839,Germany,102741.15,302226.11,41,0,2,Gold,1558
15570601,France,122031.55,369136.76,37,1,2,Gold,1559
15775306,Germany,122384.22,301778.18,39,1,2,Gold,1559
15758048,France,148942.0,369005.48,45,0,2,Gold,1560
15652981,Germany,119755.0,300809.23,34,0,2,Gold,1560
15806901,France,112687.69,368747.22,46,0,2,Gold,1561
15658956,Germany,47869.69,300741.08,90,0,2,Gold,1561
15707634,France,108698.96,368686.66,44,0,2,Gold,1562
15633112,Germany,118199.97,299240.24,32,1,2,Gold,1562
15583067,France,97157.96,368539.35,55,0,2,Gold,1563
15773852,Germany,70362.52,299194.97000000003,72,0,2,Gold,1563
15679024,France,116324.53,368304.3,40,0,2,Gold,1564
15581700,Germany,86920.86,298728.93,53,0,2,Gold,1564
15669611,France,83116.68,367861.07,55,0,2,Gold,1565
15703979,Germany,119688.81,298700.98,37,0,2,Gold,1565
15723827,France,114779.35,367499.64,45,0,2,Gold,1566
15601026,Germany,138657.08,298103.69,35,0,2,Gold,1566
15610156,France,133463.1,367010.49,42,0,2,Gold,1567
15770548,Germany,139986.65,297811.81,35,0,2,Gold,1567
15666975,France,116085.06,366577.54,50,0,2,Gold,1568
15671209,Germany,101713.84,297709.71,42,0,2,Gold,1568
15777452,France,88820.29,366481.11,65,0,2,Gold,1569
15669946,Germany,141726.88,297216.72,28,0,2,Gold,1569
15794549,France,163943.89,366335.01,38,0,2,Gold,1570
15764432,Germany,164307.77,297076.3,24,0,2,Gold,1570
15615938,France,139663.37,366009.1,42,0,2,Gold,1571
15697249,Germany,132837.7,296723.69,28,0,2,Gold,1571
15647453,France,102936.72,365966.33,45,0,2,Gold,1572
15684010,Germany,116800.25,296499.04,41,0,2,Gold,1572
15594902,France,90957.81,365790.27,57,0,2,Gold,1573
15724563,Germany,65046.08,296473.49,52,0,2,Gold,1573
15608760,France,74323.2,365546.17,73,0,2,Gold,1574
15643121,Germany,82453.96,296358.42,45,0,2,Gold,1574
15591357,France,123372.3,365416.84,42,0,2,Gold,1575
15623314,Germany,190353.08,296290.63,28,0,2,Gold,1575
15781777,France,148659.48,364295.09,34,0,2,Gold,1576
15581525,Germany,83501.66,296137.69,35,0,2,Gold,1576
15789498,France,111099.79,363844.66,34,0,2,Gold,1577
15663446,Germany,107601.79,294707.71,39,1,2,Gold,1577
15781234,France,147900.43,363627.98,31,0,2,Gold,1578
15690182,Germany,113488.68,294450.72,33,1,2,Gold,1578
15761168,France,171913.87,362909.34,26,1,2,Gold,1579
15766810,Germany,92246.14,293868.55,34,0,2,Gold,1579
15688409,France,191864.51,362799.32,25,1,2,Gold,1580
15774630,Germany,142802.02,293704.9,25,0,2,Gold,1580
15659710,France,77886.53,362603.36,59,0,2,Gold,1581
15683892,Germany,102395.79,293685.87,34,0,2,Gold,1581
15814268,France,84350.07,362289.63,65,0,2,Gold,1582
15684469,Germany,117070.21,293521.54,31,0,2,Gold,1582
15674110,France,160416.56,362151.79,35,0,2,Gold,1583
15722701,Germany,132694.73,293489.74,21,0,2,Gold,1583
15730657,France,82596.8,362131.69,69,0,2,Gold,1584
15752047,Germany,161814.64,293455.47,30,0,2,Gold,1584
15719212,France,83134.3,361837.27,64,0,2,Gold,1585
15741988,Germany,125396.24,293267.03,33,1,2,Gold,1585
15749679,France,109724.38,359989.89,42,0,2,Gold,1586
15589017,Germany,111362.76,292602.85,27,1,2,Gold,1586
15763922,France,79962.92,359527.27,66,0,2,Gold,1587
15787835,Germany,125212.65,292431.14,28,1,2,Gold,1587
15639415,France,162442.35,359453.38,33,0,2,Gold,1588
15645316,Germany,149641.53,292203.5,17,0,2,Gold,1588
15682048,France,136188.78,359409.58,31,1,2,Gold,1589
15621093,Germany,97338.19,291316.02999999997,45,0,2,Gold,1589
15756668,France,98415.37,359062.88,50,0,2,Gold,1590
15615797,Germany,108585.35,291279.11,29,1,2,Gold,1590
15763665,France,136674.51,358944.35,34,0,2,Gold,1591
15783615,Germany,129370.91,291048.71,31,1,2,Gold,1591
15591932,France,92961.61,358835.78,52,0,2,Gold,1592
15680597,Germany,138515.02,291011.81,26,0,2,Gold,1592
15580953,France,73218.89,358647.24,70,0,2,Gold,1593
15761477,Germany,130806.42,290005.85,38,0,2,Gold,1593
15574167,France,101286.11,358600.57,36,0,2,Gold,1594
15778368,Germany,121175.56,288049.53,33,1,2,Gold,1594
15785352,France,82373.94,358585.21,52,1,2,Gold,1595
15578648,Germany,59532.18,286989.25,70,0,2,Gold,1595
15720636,France,143054.56,358478.24,34,1,2,Gold,1596
15613471,Germany,90547.48,286437.43,39,0,2,Gold,1596
15628203,France,104339.56,358196.0,51,0,2,Gold,1597
15753370,Germany,114753.76,286417.61,42,0,2,Gold,1597
15657809,France,106415.57,356664.4,56,1,2,Gold,1598
15704763,Germany,143903.11,286378.13,23,1,2,Gold,1598
15660840,France,124119.54,356133.89,42,0,2,Gold,1599
15651554,Germany,118449.21,286064.58,38,1,2,Gold,1599
15655389,France,131762.94,356071.78,29,0,2,Gold,1600
15734461,Germany,112708.2,285497.1,33,0,2,Gold,1600
15592389,France,134603.88,355533.92,39,0,2,Gold,1601
15674179,Germany,60515.13,285397.44,69,0,2,Gold,1601
15632576,France,93249.4,353461.67,46,0,2,Gold,1602
15765537,Germany,142721.52,284998.0,31,0,2,Gold,1602
15647333,France,137003.68,352975.37,37,0,2,Gold,1603
15787756,Germany,114514.71,284758.0,43,1,2,Gold,1603
15807107,France,121394.42,352379.02,33,0,2,Gold,1604
15713983,Germany,94108.54,284613.59,54,0,2,Gold,1604
15754874,France,119009.57,352084.3,41,0,2,Gold,1605
15781598,Germany,149049.92,284398.25,27,1,2,Gold,1605
15661656,France,91902.56,351653.37,40,0,2,Gold,1606
15586029,Germany,96152.68,284319.95,30,0,2,Gold,1606
15807663,France,190227.46,351631.34,19,1,2,Gold,1607
15583736,Germany,81795.74,283704.86,39,0,2,Gold,1607
15626414,France,98862.54,351156.42,57,0,2,Gold,1608
15684267,Germany,84468.67,283189.77,40,0,2,Gold,1608
15812918,France,62339.81,350851.98,66,0,2,Gold,1609
15681924,Germany,129728.6,283106.33,26,0,2,Gold,1609
15643496,France,74197.38,350264.67,54,0,2,Gold,1610
15740237,Germany,116695.27,282962.84,30,0,2,Gold,1610
15778463,France,95845.6,349642.16,53,0,2,Gold,1611
15746986,Germany,97990.49,281981.77999999997,38,0,2,Gold,1611
15588854,France,110581.29,349457.58,37,0,2,Gold,1612
15707144,Germany,82506.72,281092.59,58,0,2,Gold,1612
15754577,France,61354.14,349415.88,76,1,2,Gold,1613
15661034,Germany,106059.4,280443.43,41,1,2,Gold,1613
15668142,France,77608.46,349345.39,49,0,2,Gold,1614
15643671,Germany,97036.22,280121.94,26,1,2,Gold,1614
15725997,France,100768.77,349313.73,57,0,2,Gold,1615
15661591,Germany,130969.77,279464.58999999997,28,0,2,Gold,1615
15643770,France,112670.48,348996.47000000003,45,1,2,Gold,1616
15702601,Germany,108300.27,279382.2,43,1,2,Gold,1616
15643967,France,92208.54,348917.84,38,1,2,Gold,1617
15709487,Germany,80242.37,279349.18,55,0,2,Gold,1617
15796313,France,166909.2,348213.44,27,1,2,Gold,1618
15680970,Germany,114206.84,279243.49,29,0,2,Gold,1618
15589312,France,115007.08,347150.96,32,0,2,Gold,1619
15638487,Germany,136858.42,278831.83,30,0,2,Gold,1619
15566251,France,96652.86,346393.23,41,1,2,Gold,1620
15711218,Germany,121704.32,278745.82,30,0,2,Gold,1620
15675983,France,79551.12,345515.18,54,0,2,Gold,1621
15742378,Germany,110029.77,278611.59,48,0,2,Gold,1621
15734886,France,123971.51,345232.42,44,0,2,Gold,1622
15572050,Germany,122831.58,278334.33,36,1,2,Gold,1622
15689602,France,130015.24,345175.63,36,0,2,Gold,1623
15681026,Germany,104552.72,278254.78,38,1,2,Gold,1623
15648989,France,126872.6,344750.26,46,0,2,Gold,1624
15636977,Germany,118214.32,278167.31,35,1,2,Gold,1624
15749519,France,128289.7,344629.76,44,1,2,Gold,1625
15646374,Germany,62717.84,277789.31,62,0,2,Gold,1625
15736601,France,144428.87,344302.78,31,0,2,Gold,1626
15687491,Germany,101207.75,276837.06,40,1,2,Gold,1626
15766741,France,114628.4,342848.22,36,0,2,Gold,1627
15664610,Germany,133994.52,276347.56,31,1,2,Gold,1627
15637774,France,73494.21,342824.12,63,0,2,Gold,1628
15715512,Germany,154640.41,275278.67,33,0,2,Gold,1628
15697879,France,156660.72,342758.11,23,0,2,Gold,1629
15637690,Germany,98675.74,275152.52,46,1,2,Gold,1629
15786199,France,133040.32,342048.92,35,0,2,Gold,1630
15632551,Germany,77743.01,274677.64,53,0,2,Gold,1630
15659234,France,85704.95,341815.8,50,0,2,Gold,1631
15588090,Germany,107494.86,273669.77999999997,32,1,2,Gold,1631
15756481,France,118336.14,341646.82,39,0,2,Gold,1632
15800434,Germany,76915.4,273177.31,40,1,2,Gold,1632
15609977,France,71026.77,341635.15,74,0,2,Gold,1633
15707596,Germany,114888.74,273127.38,37,1,2,Gold,1633
15798398,France,135438.4,340897.87,43,0,2,Gold,1634
15680430,Germany,96252.98,273041.32,39,0,2,Gold,1634
15713637,France,117468.67,340383.49,28,0,2,Gold,1635
15779586,Germany,115074.02,272843.61,37,0,2,Gold,1635
15722004,France,138317.94,340278.32,35,0,2,Gold,1636
15781586,Germany,126732.85,272731.47000000003,34,0,2,Gold,1636
15703143,France,82344.84,340272.29,51,0,2,Gold,1637
15808526,Germany,127539.3,272167.3,23,1,2,Gold,1637
15653784,France,125190.86,340055.57,34,0,2,Gold,1638
15713463,Germany,138881.04,271410.66,26,1,2,Gold,1638
15593900,France,189443.72,339278.61,27,0,2,Gold,1639
15794870,Germany,73023.17,271405.83999999997,55,0,2,Gold,1639
15803965,France,87485.67,338780.43,55,0,2,Gold,1640
15678427,Germany,96129.32,271065.27,36,0,2,Gold,1640
15799468,France,96127.27,338780.26,35,0,2,Gold,1641
15717231,Germany,98459.6,271056.69,50,0,2,Gold,1641
15636626,France,97560.16,338725.01,45,0,2,Gold,1642
15632125,Germany,63832.43,270963.32,72,0,2,Gold,1642
15601172,France,91125.75,338403.54,57,0,2,Gold,1643
15714397,Germany,101014.08,270958.57,49,0,2,Gold,1643
15773277,France,106836.67,337293.44,51,0,2,Gold,1644
15657386,Germany,141749.74,270947.06,25,0,2,Gold,1644
15652693,France,129109.02,337273.21,33,1,2,Gold,1645
15774358,Germany,110939.3,270326.5,33,1,2,Gold,1645
15619708,France,157993.15,336646.24,44,0,2,Gold,1646
15771383,Germany,53667.44,270290.55,67,0,2,Gold,1646
15713845,France,148045.68,336541.31,35,1,2,Gold,1647
15684440,Germany,98986.28,270001.53,44,0,2,Gold,1647
15606849,France,94920.71,335855.3,34,0,2,Gold,1648
15779862,Germany,133003.03,269377.24,29,1,2,Gold,1648
15715510,France,95984.69,335662.52,45,0,2,Gold,1649
15736816,Germany,136815.64,268997.23,25,0,2,Gold,1649
15724444,France,125877.65,335060.03,26,0,2,Gold,1650
15633834,Germany,99705.69,268982.28,38,0,2,Gold,1650
15568164,France,71379.53,334558.68,61,0,2,Gold,1651
15640852,Germany,83348.89,268831.56,55,1,2,Gold,1651
15775067,France,93578.68,332234.69,53,1,2,Gold,1652
15579387,Germany,79064.85,268827.62,35,0,2,Gold,1652
15657317,France,69423.52,330818.61,78,0,2,Gold,1653
15788536,Germany,137430.82,267353.84,23,0,2,Gold,1653
15642816,France,43658.33,330571.44,106,0,2,Gold,1654
15775761,Germany,86038.21,267189.49,44,1,2,Gold,1654
15799358,France,62212.29,330536.47,72,1,2,Gold,1655
15730590,Germany,115409.18,266670.27999999997,21,0,2,Gold,1655
15703177,France,90865.8,330180.7,40,0,2,Gold,1656
15623210,Germany,149349.58,266348.15,21,1,2,Gold,1656
15810898,France,151659.52,329895.02,26,0,2,Gold,1657
15807045,Germany,103457.76,265817.76,35,0,2,Gold,1657
15630920,France,154485.74,329805.77999999997,23,0,2,Gold,1658
15645103,Germany,54817.55,265322.97000000003,55,0,2,Gold,1658
15665385,France,76495.04,329483.66,54,0,2,Gold,1659
15572461,Germany,102714.65,264723.71,40,0,2,Gold,1659
15679884,France,78314.63,329309.0,72,1,2,Gold,1660
15772329,Germany,103741.14,264306.97,28,1,2,Gold,1660
15595350,France,136067.82,328994.83,34,0,2,Gold,1661
15608701,Germany,121890.06,264278.9,23,1,2,Gold,1661
15682773,France,128345.69,327571.89,34,0,2,Gold,1662
15743498,Germany,137755.76,264269.0,29,1,2,Gold,1662
15757897,France,104258.8,326707.29,41,0,2,Gold,1663
15623357,Germany,120596.93,264111.05,39,0,2,Gold,1663
15609319,France,145754.91,326686.86,37,0,2,Gold,1664
15691323,Germany,89025.88,263867.18,41,0,2,Gold,1664
15623369,France,105355.81,326681.37,38,1,2,Gold,1665
15786042,Germany,185932.18,263649.58,21,0,2,Gold,1665
15743193,France,117271.8,326212.49,31,1,2,Gold,1666
15727499,Germany,129118.5,263583.4,32,0,2,Gold,1666
15680167,France,47536.4,326165.06,90,0,2,Gold,1667
15596175,Germany,117411.6,263548.35,24,1,2,Gold,1667
15639590,France,141581.08,325410.19,28,0,2,Gold,1668
15628112,Germany,77846.9,263267.39,52,0,2,Gold,1668
15727915,France,83543.37,325396.69,40,0,2,Gold,1669
15769703,Germany,111257.59,262636.5,31,1,2,Gold,1669
15680587,France,131254.81,325319.87,42,0,2,Gold,1670
15795511,Germany,95252.72,261900.74,38,0,2,Gold,1670
15692931,France,114991.45,325212.15,44,0,2,Gold,1671
15569764,Germany,154007.21,261458.09,25,0,2,Gold,1671
15594827,France,124619.33,325203.49,29,0,2,Gold,1672
15642345,Germany,93059.34,261400.06,29,1,2,Gold,1672
15642785,France,117593.48,325105.16,45,0,2,Gold,1673
15771742,Germany,115442.19,261269.04,21,1,2,Gold,1673
15589420,France,101891.1,324579.77,39,0,2,Gold,1674
15669342,Germany,127862.93,259831.66,32,0,2,Gold,1674
15745527,France,93147.0,324325.05,49,0,2,Gold,1675
15732102,Germany,150905.03,259075.13,27,0,2,Gold,1675
15798310,France,165692.91,323984.38,30,0,2,Gold,1676
15654577,Germany,92877.33,256751.73,37,1,2,Gold,1676
15589230,France,126473.33,323650.73,36,0,2,Gold,1677
15604314,Germany,97331.19,255775.59,17,0,2,Gold,1677
15707078,France,180530.51,323332.82,18,0,2,Gold,1678
15780835,Germany,131908.35,255728.86,31,0,2,Gold,1678
15673539,France,118097.87,323208.07,32,0,2,Gold,1679
15614168,Germany,146710.76,255717.6,16,1,2,Gold,1679
15769959,France,88381.21,322989.65,45,1,2,Gold,1680
15776939,Germany,102290.56,255384.69,33,0,2,Gold,1680
15735263,France,51522.75,322927.37,88,0,2,Gold,1681
15687492,Germany,96709.07,254921.93,30,0,2,Gold,1681
15713673,France,137853.0,322912.77,28,0,2,Gold,1682
15785815,Germany,142631.54,253894.6,23,0,2,Gold,1682
15598157,France,106328.08,322662.3,44,0,2,Gold,1683
15811958,Germany,112755.34,253638.33,36,0,2,Gold,1683
15685320,France,139180.2,322078.55,32,0,2,Gold,1684
15768451,Germany,149131.03,253512.71,18,1,2,Gold,1684
15591360,France,84607.34,321748.3,55,0,2,Gold,1685
15751771,Germany,99092.45,253336.6,43,0,2,Gold,1685
15652169,France,133161.95,320958.83,38,0,2,Gold,1686
15801336,Germany,114737.26,252730.86,29,1,2,Gold,1686
15607993,France,79468.96,320836.79,50,0,2,Gold,1687
15700657,Germany,110086.69,252703.68,25,0,2,Gold,1687
15657830,France,87624.03,320782.38,56,0,2,Gold,1688
15767954,Germany,81623.67,252093.44,49,0,2,Gold,1688
15783501,France,168190.33,319792.79,22,0,2,Gold,1689
15791006,Germany,58003.41,251839.9,73,0,2,Gold,1689
15600975,France,150005.38,319790.69,28,1,2,Gold,1690
15583221,Germany,77356.92,251380.93,47,0,2,Gold,1690
15600821,France,108424.19,319737.24,41,0,2,Gold,1691
15792525,Germany,97361.66,250849.49,21,1,2,Gold,1691
15626948,France,86167.82,319708.0,54,0,2,Gold,1692
15793491,Germany,119545.48,250599.9,38,0,2,Gold,1692
15768359,France,120037.96,319037.93,42,0,2,Gold,1693
15706200,Germany,138014.4,249856.74,29,0,2,Gold,1693
15643865,France,92055.36,318315.43,46,1,2,Gold,1694
15640521,Germany,144962.74,249652.28,16,1,2,Gold,1694
15615254,France,43028.77,316849.98,92,0,2,Gold,1695
15570533,Germany,131033.76,249590.64,32,1,2,Gold,1695
15780846,France,126588.81,316648.71,33,0,2,Gold,1696
15622370,Germany,116416.94,249213.24,16,0,2,Gold,1696
15778515,France,95297.11,316553.98,48,0,2,Gold,1697
15602812,Germany,133776.86,248664.67,34,0,2,Gold,1697
15766458,France,198113.86,316317.49,16,0,2,Gold,1698
15757015,Germany,106640.5,248264.34,45,0,2,Gold,1698
15704770,France,124532.78,316224.99,25,0,2,Gold,1699
15631159,Germany,72252.64,247783.8,58,0,2,Gold,1699
15720508,France,119558.35,316189.87,43,0,2,Gold,1700
15766575,Germany,140745.33,247556.00999999998,11,1,2,Gold,1700
15721377,France,144751.81,316097.07,32,0,2,Gold,1701
15690164,Germany,83199.05,247536.01,43,0,2,Gold,1701
15637788,France,110203.77,315469.11,36,0,2,Gold,1702
15775335,Germany,81556.89,247201.12,36,0,2,Gold,1702
15753549,France,157848.53,314048.83,15,1,2,Gold,1703
15605425,Germany,127536.44,247180.28,22,0,2,Gold,1703
15576126,France,125785.23,312297.38,34,0,2,Gold,1704
15704681,Germany,99660.13,246996.24,42,0,2,Gold,1704
15815428,France,105057.33,310258.37,41,0,2,Gold,1705
15610930,Germany,139979.07,246751.72,18,0,2,Gold,1705
15759038,France,141806.46,309442.43,34,0,2,Gold,1706
15807245,Germany,200117.76,246232.54,18,0,2,Gold,1706
15790448,France,69617.36,308925.83,64,0,2,Gold,1707
15650538,Germany,168286.58,244976.47,29,1,2,Gold,1707
15666856,France,142767.39,308619.79,30,0,2,Gold,1708
15805463,Germany,105163.88,244336.83,39,0,2,Gold,1708
15622658,France,144258.52,307799.35,16,0,2,Gold,1709
15815490,Germany,164948.98,244276.28,20,1,2,Gold,1709
15756920,France,70655.48,307768.98,67,1,2,Gold,1710
15596992,Germany,156353.46,244059.75,33,1,2,Gold,1710
15720929,France,62094.71,306841.14,65,1,2,Gold,1711
15585928,Germany,68927.57,243730.56,41,0,2,Gold,1711
15786170,France,118342.26,306538.6,42,0,2,Gold,1712
15710315,Germany,135759.4,243641.82,24,1,2,Gold,1712
15768006,France,152303.8,305859.17,22,0,2,Gold,1713
15638610,Germany,117325.54,243258.62,34,1,2,Gold,1713
15644724,France,58662.92,305658.7,70,0,2,Gold,1714
15576216,Germany,108862.76,242374.75,30,1,2,Gold,1714
15764604,France,164769.02,304917.58,26,1,2,Gold,1715
15672754,Germany,152039.7,241627.0,25,1,2,Gold,1715
15603096,France,125789.69,304722.63,29,1,2,Gold,1716
15590966,Germany,97495.8,241358.0,39,0,2,Gold,1716
15795290,France,133616.39,304289.37,32,0,2,Gold,1717
15605534,Germany,95560.04,240903.22,36,1,2,Gold,1717
15566894,France,137817.52,303580.69,34,0,2,Gold,1718
15720559,Germany,110368.03,240891.1,28,1,2,Gold,1718
15636551,France,130181.47,303292.31,32,0,2,Gold,1719
15710978,Germany,88120.97,240622.59,32,0,2,Gold,1719
15755196,France,131394.56,302338.58,23,1,2,Gold,1720
15608246,Germany,103914.17,240574.15,38,1,2,Gold,1720
15790810,France,76319.64,302052.11,65,1,2,Gold,1721
15794142,Germany,114931.35,240450.88,27,1,2,Gold,1721
15596181,France,65942.26,300703.16,53,1,2,Gold,1722
15773639,Germany,98270.34,239803.36,40,0,2,Gold,1722
15601594,France,144237.91,300412.84,21,1,2,Gold,1723
15775905,Germany,130024.87,239757.44,23,1,2,Gold,1723
15767414,France,99886.42,300303.28,44,0,2,Gold,1724
15638329,Germany,111432.13,239460.01,33,0,2,Gold,1724
15721460,France,185648.56,300205.27,17,1,2,Gold,1725
15760641,Germany,106648.98,239085.18,25,0,2,Gold,1725
15631603,France,122889.88,300185.48,24,0,2,Gold,1726
15720968,Germany,130274.26,238810.33,25,0,2,Gold,1726
15627212,France,110414.48,300072.7,38,0,2,Gold,1727
15787597,Germany,108377.75,238601.35,24,0,2,Gold,1727
15711901,France,109162.82,300046.09,31,0,2,Gold,1728
15796505,Germany,149297.19,238409.95,16,0,2,Gold,1728
15612769,France,61581.97,299830.5,67,0,2,Gold,1729
15770995,Germany,131160.85,238349.83,12,0,2,Gold,1729
15609676,France,167924.95,299381.94,22,0,2,Gold,1730
15717290,Germany,112871.19,238344.61000000002,37,0,2,Gold,1730
15654390,France,154575.76,298917.58,29,1,2,Gold,1731
15716381,Germany,109062.28,238273.69,35,1,2,Gold,1731
15672437,France,160541.0,297648.64,21,0,2,Gold,1732
15698732,Germany,104677.09,238116.2,29,0,2,Gold,1732
15681068,France,109730.22,297281.31,38,0,2,Gold,1733
15807923,Germany,115301.31,237442.7,20,1,2,Gold,1733
15713596,France,107735.93,297153.89,29,0,2,Gold,1734
15813681,Germany,120135.55,237098.47,30,0,2,Gold,1734
15795151,France,123894.43,296650.9,28,0,2,Gold,1735
15651264,Germany,124425.99,236378.48,22,1,2,Gold,1735
15763274,France,120320.54,296422.98,29,0,2,Gold,1736
15581748,Germany,101134.87,236161.77,33,0,2,Gold,1736
15654531,France,82559.42,296050.28,43,1,2,Gold,1737
15808334,Germany,93124.04,235869.73,30,0,2,Gold,1737
15569394,France,148197.15,295998.26,30,0,2,Gold,1738
15689492,Germany,176958.46,235098.0,27,0,2,Gold,1738
15702030,France,104982.57,295586.87,29,0,2,Gold,1739
15686835,Germany,148384.64,234901.15,19,1,2,Gold,1739
15605113,France,133801.49,295515.46,22,0,2,Gold,1740
15728669,Germany,112013.81,234481.01,43,1,2,Gold,1740
15704987,France,49113.75,295465.95,87,0,2,Gold,1741
15766205,Germany,103391.38,234408.09,27,0,2,Gold,1741
15677288,France,121159.65,295301.7,30,1,2,Gold,1742
15571869,Germany,112650.89,233133.63,30,1,2,Gold,1742
15671387,France,89349.47,295050.93,47,0,2,Gold,1743
15631189,Germany,67111.65,233132.65,40,1,2,Gold,1743
15751203,France,56738.47,294665.06,70,1,2,Gold,1744
15624744,Germany,115766.26,233071.25,35,1,2,Gold,1744
15646082,France,82909.14,294253.79,43,1,2,Gold,1745
15589660,Germany,145980.23,232804.47,19,0,2,Gold,1745
15787619,France,160980.03,294089.42,29,0,2,Gold,1746
15651052,Germany,127655.22,231767.4,19,1,2,Gold,1746
15698791,France,146758.24,294021.66,31,0,2,Gold,1747
15640418,Germany,115897.73,231660.63,33,0,2,Gold,1747
15583138,France,141642.92,293956.29,26,0,2,Gold,1748
15574071,Germany,93301.97,231623.76,32,0,2,Gold,1748
15797822,France,109137.12,293111.4,33,0,2,Gold,1749
15649457,Germany,131341.46,231354.68,35,0,2,Gold,1749
15570087,France,142989.69,293098.23,32,1,2,Gold,1750
15774166,Germany,109483.54,230613.85,34,0,2,Gold,1750
15804064,France,79126.17,292482.97,35,0,2,Gold,1751
15699492,Germany,147435.96,230510.47,25,0,2,Gold,1751
15699415,France,150213.71,292320.6,25,1,2,Gold,1752
15785654,Germany,114422.85,230176.3,29,1,2,Gold,1752
15760861,France,125211.92,292260.58,23,0,2,Gold,1753
15691104,Germany,119507.58,229818.45,25,1,2,Gold,1753
15723856,France,88814.4,291954.66,49,0,2,Gold,1754
15654346,Germany,130463.55,229691.43,24,0,2,Gold,1754
15695475,France,130131.08,291608.81,32,0,2,Gold,1755
15643658,Germany,94078.97,228729.55,30,0,2,Gold,1755
15752622,France,38550.06,291117.24,112,0,2,Gold,1756
15592937,Germany,81877.38,228690.76,46,0,2,Gold,1756
15716164,France,144260.5,291114.54,22,0,2,Gold,1757
15797246,Germany,91258.52,228056.13,31,0,2,Gold,1757
15594576,France,144875.71,291054.49,21,0,2,Gold,1758
15597602,Germany,137946.39,227428.81,19,1,2,Gold,1758
15684999,France,62610.96,290754.93,69,0,2,Gold,1759
15749583,Germany,93569.86,227356.0,27,1,2,Gold,1759
15725762,France,122168.65,290337.11,43,0,2,Gold,1760
15605275,Germany,116917.07,227314.58,33,1,2,Gold,1760
15654772,France,89799.46,290226.77,42,1,2,Gold,1761
15579914,Germany,109786.82,227074.63,38,0,2,Gold,1761
15569249,France,44582.07,290223.14,85,1,2,Gold,1762
15674811,Germany,59385.98,226220.57,56,0,2,Gold,1762
15607347,France,130056.23,289549.08999999997,31,1,2,Gold,1763
15633866,Germany,110824.52,225993.66999999998,27,0,2,Gold,1763
15628530,France,156864.2,289293.12,28,0,2,Gold,1764
15804075,Germany,91286.51,225319.81,36,0,2,Gold,1764
15631222,France,75339.64,289199.57,43,0,2,Gold,1765
15584037,Germany,106913.43,225280.64,21,1,2,Gold,1765
15671789,France,94263.91,289062.28,42,0,2,Gold,1766
15691906,Germany,127421.78,224886.81,21,1,2,Gold,1766
15667934,France,129804.17,288977.36,10,0,2,Gold,1767
15642391,Germany,109978.83,224876.64,32,1,2,Gold,1767
15732628,France,122220.19,288372.96,31,0,2,Gold,1768
15802869,Germany,99169.67,224846.03,37,0,2,Gold,1768
15584897,France,98360.03,288052.1,40,0,2,Gold,1769
15690209,Germany,104857.19,224807.78,32,0,2,Gold,1769
15619857,France,129555.7,287993.26,27,0,2,Gold,1770
15589358,Germany,90018.45,224743.94,40,0,2,Gold,1770
15729279,France,108691.95,287853.26,45,0,2,Gold,1771
15760662,Germany,87212.8,224570.94,31,0,2,Gold,1771
15730345,France,104508.1,287847.56,33,0,2,Gold,1772
15623471,Germany,98205.77,224362.87,31,0,2,Gold,1772
15749381,France,126619.27,287821.51,25,0,2,Gold,1773
15595039,Germany,114754.08,223795.91,29,1,2,Gold,1773
15686588,France,134571.5,287616.02,40,0,2,Gold,1774
15574879,Germany,121801.72,223638.36000000002,27,0,2,Gold,1774
15739997,France,94464.81,287353.59,40,0,2,Gold,1775
15771543,Germany,134237.07,223615.84,13,1,2,Gold,1775
15797329,France,137638.69,287269.39,15,1,2,Gold,1776
15706810,Germany,106301.85,223139.58,29,0,2,Gold,1776
15770554,France,61297.05,287235.97,74,0,2,Gold,1777
15657163,Germany,149332.48,221664.98,16,0,2,Gold,1777
15614491,France,139153.68,287174.26,32,0,2,Gold,1778
15782360,Germany,131935.51,221284.91,23,1,2,Gold,1778
15811927,France,157658.36,286293.75,34,0,2,Gold,1779
15593283,Germany,156848.13,220987.36,16,1,2,Gold,1779
15583668,France,109471.79,286122.03,38,0,2,Gold,1780
15769917,Germany,127122.79,220519.98,27,0,2,Gold,1780
15662067,France,68155.59,285649.3,69,0,2,Gold,1781
15679048,Germany,124227.14,220314.98,29,0,2,Gold,1781
15624993,France,128518.98,285212.83,27,1,2,Gold,1782
15709478,Germany,117524.72,219985.63,19,0,2,Gold,1782
15575243,France,129068.54,284773.46,24,0,2,Gold,1783
15632882,Germany,126817.13,219965.03,24,1,2,Gold,1783
15740164,France,85227.84,284133.37,51,0,2,Gold,1784
15677105,Germany,105214.58,219920.9,29,1,2,Gold,1784
15731751,France,120923.52,283040.39,26,0,2,Gold,1785
15582033,Germany,138076.47,219745.63,25,1,2,Gold,1785
15780961,France,178718.19,282894.77,18,0,2,Gold,1786
15572762,Germany,102278.79,219504.68,21,0,2,Gold,1786
15772216,France,130652.52,282703.96,21,0,2,Gold,1787
15628600,Germany,141069.18,219292.58,17,0,2,Gold,1787
15589739,France,90605.29,281859.32,45,0,2,Gold,1788
15582116,Germany,132746.2,219102.25,21,1,2,Gold,1788
15812482,France,139301.68,281510.24,36,0,2,Gold,1789
15687372,Germany,121537.71,218969.91999999998,24,1,2,Gold,1789
15792660,France,116248.88,281099.27,28,0,2,Gold,1790
15763171,Germany,114330.95,218942.7,31,0,2,Gold,1790
15801277,France,112212.14,280642.83,32,0,2,Gold,1791
15690526,Germany,137260.45,218583.54,20,0,2,Gold,1791
15753343,France,121164.11,280466.35,31,0,2,Gold,1792
15795640,Germany,132371.3,218054.87,17,0,2,Gold,1792
15588923,France,113743.37,279832.77,36,0,2,Gold,1793
15750141,Germany,65253.07,217899.57,34,0,2,Gold,1793
15650086,France,165896.0,279830.83,25,0,2,Gold,1794
15670738,Germany,113939.36,217672.72,26,0,2,Gold,1794
15613713,France,44928.88,278878.93,82,0,2,Gold,1795
15621520,Germany,139707.28,217617.7,23,0,2,Gold,1795
15650424,France,147341.43,278131.91000000003,34,1,2,Gold,1796
15581332,Germany,83173.98,217511.73,27,0,2,Gold,1796
15711251,France,178827.79,277700.52999999997,20,0,2,Gold,1797
15736327,Germany,68238.51,217152.95,34,0,2,Gold,1797
15692744,France,152169.12,277159.71,24,1,2,Gold,1798
15687765,Germany,80380.24,217122.55,44,0,2,Gold,1798
15637240,France,124547.13,277153.86,36,0,2,Gold,1799
15576760,Germany,73088.06,216144.98,45,0,2,Gold,1799
15682523,France,139432.55,276526.24,20,0,2,Gold,1800
15710034,Germany,135645.29,215980.76,16,1,2,Gold,1800
15659656,France,110837.73,276466.37,39,0,2,Gold,1801
15750569,Germany,102955.14,215631.43,30,0,2,Gold,1801
15766172,France,128743.55,276425.77,39,0,2,Gold,1802
15714080,Germany,97001.36,215355.54,27,0,2,Gold,1802
15715769,France,75237.54,276401.23,48,0,2,Gold,1803
15570002,Germany,118772.71,215316.61,30,1,2,Gold,1803
15775104,France,182065.85,276174.13,13,0,2,Gold,1804
15698474,Germany,131039.97,214744.75,22,0,2,Gold,1804
15714750,France,92578.14,275675.32,25,0,2,Gold,1805
15671293,Germany,128389.63,214371.65,20,1,2,Gold,1805
15687658,France,65971.61,274217.51,56,1,2,Gold,1806
15652999,Germany,137937.95,214316.04,23,0,2,Gold,1806
15685019,France,102787.42,273785.28,27,0,2,Gold,1807
15644994,Germany,137986.58,214305.46,17,1,2,Gold,1807
15585282,France,127706.33,273713.37,27,0,2,Gold,1808
15624388,Germany,155393.32,213595.58,26,1,2,Gold,1808
15640953,France,107508.93,273576.83999999997,38,0,2,Gold,1809
15801441,Germany,79585.96,213416.45,37,0,2,Gold,1809
15625461,France,187841.99,272839.48,16,0,2,Gold,1810
15649060,Germany,82729.47,213128.85,41,0,2,Gold,1810
15569878,France,96651.03,272755.09,47,0,2,Gold,1811
15701602,Germany,116497.31,212854.27,19,1,2,Gold,1811
15582519,France,121797.09,272606.83,28,1,2,Gold,1812
15637979,Germany,127160.78,212596.98,23,0,2,Gold,1812
15810891,France,117731.79,272003.12,33,0,2,Gold,1813
15567980,Germany,100727.5,212218.73,28,1,2,Gold,1813
15693259,France,128207.23,271453.78,22,0,2,Gold,1814
15657342,Germany,147972.19,212067.5,27,1,2,Gold,1814
15791111,France,125724.95,271448.93,22,0,2,Gold,1815
15671934,Germany,132906.88,211776.4,27,0,2,Gold,1815
15613699,France,73937.02,271194.99,41,1,2,Gold,1816
15623668,Germany,154741.45,211596.9,20,0,2,Gold,1816
15795132,France,91718.8,271001.61,43,0,2,Gold,1817
15668594,Germany,137712.01,211404.1,23,0,2,Gold,1817
15634974,France,75150.34,270930.39,48,1,2,Gold,1818
15581811,Germany,139676.95,211265.18,25,0,2,Gold,1818
15806926,France,97440.02,270614.18,38,0,2,Gold,1819
15729065,Germany,109960.06,210468.56,34,0,2,Gold,1819
15642726,France,83568.26,270058.73,38,0,2,Gold,1820
15592751,Germany,81245.79,210095.08000000002,23,1,2,Gold,1820
15635775,France,89276.48,269944.87,43,0,2,Gold,1821
15753332,Germany,128140.17,209170.3,15,1,2,Gold,1821
15581197,France,99286.98,269522.92,49,0,2,Gold,1822
15566891,Germany,88594.93,207799.27,29,0,2,Gold,1822
15728352,France,120509.81,269153.32,39,0,2,Gold,1823
15634218,Germany,95331.83,207661.58,40,0,2,Gold,1823
15665062,France,110928.51,269152.24,30,0,2,Gold,1824
15780144,Germany,123403.85,207469.28,26,0,2,Gold,1824
15714634,France,89900.24,268816.85,40,0,2,Gold,1825
15688691,Germany,110610.41,207240.97,28,1,2,Gold,1825
15712772,France,75381.15,268161.02999999997,53,0,2,Gold,1826
15613017,Germany,149814.54,206980.03,17,0,2,Gold,1826
15721019,France,110495.27,268140.94,26,0,2,Gold,1827
15798888,Germany,117992.59,206660.77,22,0,2,Gold,1827
15578251,France,186347.97,267823.51,17,0,2,Gold,1828
15679818,Germany,136709.35,206599.11,29,1,2,Gold,1828
15642912,France,125682.79,267781.28,22,0,2,Gold,1829
15664270,Germany,142084.04,206400.79,18,1,2,Gold,1829
15815316,France,76817.0,267696.31,37,1,2,Gold,1830
15729582,Germany,80697.44,205656.91,34,0,2,Gold,1830
15635364,France,44301.43,267257.17,81,1,2,Gold,1831
15807269,Germany,166522.78,205065.87,18,1,2,Gold,1831
15685872,France,146652.01,267088.2,24,0,2,Gold,1832
15763579,Germany,105264.88,205056.02,31,0,2,Gold,1832
15633260,France,142663.46,266866.9,28,0,2,Gold,1833
15752507,Germany,148846.39,203902.94,15,1,2,Gold,1833
15727696,France,147249.29,266778.93,29,0,2,Gold,1834
15576368,Germany,122388.38,203570.65,27,0,2,Gold,1834
15754929,France,39539.39,266380.97,95,0,2,Gold,1835
15723320,Germany,109175.14,203559.44999999998,22,0,2,Gold,1835
15801863,France,136555.01,266079.77999999997,30,0,2,Gold,1836
15701265,Germany,104356.94,203351.15,24,0,2,Gold,1836
15626742,France,97530.25,265941.46,44,0,2,Gold,1837
15715142,Germany,102703.62,203249.15,32,1,2,Gold,1837
15773792,France,133950.37,264363.56,36,1,2,Gold,1838
15791102,Germany,95020.8,203241.25,23,1,2,Gold,1838
15678385,France,78247.31,264200.82,44,0,2,Gold,1839
15686957,Germany,158584.28,202525.76,28,0,2,Gold,1839
15569178,France,82767.42,264188.6,43,0,2,Gold,1840
15593782,Germany,130878.75,202090.42,24,1,2,Gold,1840
15747014,France,105245.34,264134.71,28,0,2,Gold,1841
15777896,Germany,83415.04,201997.11000000002,49,0,2,Gold,1841
15584320,France,111695.62,264019.74,42,0,2,Gold,1842
15591512,Germany,115761.51,201989.44999999998,17,1,2,Gold,1842
15676156,France,85615.66,263346.96,48,0,2,Gold,1843
15592979,Germany,37266.67,201313.5,69,0,2,Gold,1843
15783019,France,123681.32,262990.89,30,1,2,Gold,1844
15704581,Germany,87967.42,201165.41,40,0,2,Gold,1844
15743893,France,164951.56,262777.49,28,0,2,Gold,1845
15745375,Germany,72012.76,200701.29,36,0,2,Gold,1845
15598838,France,151105.68,262664.24,25,0,2,Gold,1846
15809823,Germany,125860.2,200492.06,23,0,2,Gold,1846
15780128,France,144427.96,261264.78,26,0,2,Gold,1847
15662232,Germany,92616.64,200341.28,27,0,2,Gold,1847
15745250,France,156652.13,260338.48,19,1,2,Gold,1848
15726403,Germany,129901.21,200061.67,17,1,2,Gold,1848
15752578,France,133968.96,259602.37,32,0,2,Gold,1849
15766017,Germany,72309.3,199901.52,31,1,2,Gold,1849
15694395,France,138740.24,259174.02,16,0,2,Gold,1850
15602282,Germany,134980.74,199600.92,24,1,2,Gold,1850
15710671,France,137361.96,259085.99,33,0,2,Gold,1851
15635141,Germany,118210.42,199365.29,28,1,2,Gold,1851
15737404,France,132512.26,258918.04,30,0,2,Gold,1852
15583552,Germany,88902.21,199094.21,23,0,2,Gold,1852
15762605,France,104796.54,258852.79,30,0,2,Gold,1853
15795519,Germany,128743.8,198467.01,30,0,2,Gold,1853
15756071,France,103133.26,258729.4,28,0,2,Gold,1854
15669589,Germany,95039.12,198345.63999999998,22,1,2,Gold,1854
15775203,France,129209.48,258098.89,28,0,2,Gold,1855
15661526,Germany,110777.26,198215.46,28,0,2,Gold,1855
15665180,France,136789.14,258024.49,29,1,2,Gold,1856
15655961,Germany,131899.0,197881.46,22,0,2,Gold,1856
15647965,France,114023.64,257672.36,32,1,2,Gold,1857
15693205,Germany,109153.96,197857.69,26,1,2,Gold,1857
15651823,France,147751.75,257314.4,20,1,2,Gold,1858
15689294,Germany,105934.96,197745.07,35,0,2,Gold,1858
15665327,France,176139.5,256471.59,23,0,2,Gold,1859
15682268,Germany,108348.66,197675.19,15,1,2,Gold,1859
15576360,France,141136.79,256235.32,24,0,2,Gold,1860
15573888,Germany,107963.38,197515.09,20,1,2,Gold,1860
15668695,France,89492.62,256227.74,52,0,2,Gold,1861
15677369,Germany,58629.97,196861.92,55,0,2,Gold,1861
15633950,France,101960.74,256107.09,30,0,2,Gold,1862
15589221,Germany,139762.13,196127.21,25,0,2,Gold,1862
15582154,France,47884.92,256088.52,72,0,2,Gold,1863
15628992,Germany,128647.98,195961.56,24,0,2,Gold,1863
15680920,France,49512.55,255939.57,74,0,2,Gold,1864
15802071,Germany,117458.51,195764.75,23,1,2,Gold,1864
15646539,France,96288.26,255210.5,34,0,2,Gold,1865
15662658,Germany,90355.12,195231.92,28,0,2,Gold,1865
15642002,France,117707.18,255209.88,32,1,2,Gold,1866
15608344,Germany,137059.05,195050.56,22,1,2,Gold,1866
15727353,France,142028.36,254987.65,37,1,2,Gold,1867
15756926,Germany,96462.25,194643.41,26,0,2,Gold,1867
15704629,France,116409.55,254917.04,33,0,2,Gold,1868
15669899,Germany,135643.0,194424.25,13,1,2,Gold,1868
15781272,France,149713.61,254906.21,22,1,2,Gold,1869
15627830,Germany,32197.64,193563.85,87,0,2,Gold,1869
15720110,France,117265.21,254866.91,39,0,2,Gold,1870
15813504,Germany,146566.01,193257.77,21,0,2,Gold,1870
15631800,France,98431.37,253949.98,40,0,2,Gold,1871
15671534,Germany,90212.0,192843.98,34,1,2,Gold,1871
15626507,France,152283.39,253824.35,19,0,2,Gold,1872
15595937,Germany,138992.48,192610.46,24,0,2,Gold,1872
15731507,France,188285.68,253505.46,17,0,2,Gold,1873
15581736,Germany,183579.54,192243.32,17,0,2,Gold,1873
15791550,France,87637.26,252776.4,39,0,2,Gold,1874
15772996,Germany,152092.44,192015.52,18,0,2,Gold,1874
15593636,France,80293.81,252103.64,48,0,2,Gold,1875
15784594,Germany,130622.34,191812.62,16,0,2,Gold,1875
15664681,France,114321.28,251843.36,27,0,2,Gold,1876
15688074,Germany,125013.72,191470.14,20,0,2,Gold,1876
15612087,France,106376.85,251324.26,40,0,2,Gold,1877
15577274,Germany,134985.66,191290.49,23,0,2,Gold,1877
15736254,France,91955.61,251008.2,28,0,2,Gold,1878
15702669,Germany,117028.6,191230.76,30,0,2,Gold,1878
15618018,France,104783.81,250736.79,22,0,2,Gold,1879
15709451,Germany,121952.75,191154.37,23,0,2,Gold,1879
15771086,France,84327.77,250703.91999999998,38,0,2,Gold,1880
15814664,Germany,126524.11,191047.22999999998,28,0,2,Gold,1880
15624775,France,94203.8,250493.26,38,0,2,Gold,1881
15778694,Germany,105249.76,190728.43,15,0,2,Gold,1881
15593943,France,132667.17,250165.63999999998,28,0,2,Gold,1882
15791131,Germany,143340.44,189460.35,23,0,2,Gold,1882
15630241,France,62391.22,249704.63,59,0,2,Gold,1883
15569274,Germany,116933.11,189053.91999999998,23,1,2,Gold,1883
15700487,France,118022.06,249316.48,29,1,2,Gold,1884
15681671,Germany,101100.22,189036.0,26,0,2,Gold,1884
15626147,France,144976.5,249258.72,27,1,2,Gold,1885
15771873,Germany,103769.22,188743.5,32,0,2,Gold,1885
15689201,France,120108.56,249251.39,28,0,2,Gold,1886
15803790,Germany,89728.86,188538.51,35,0,2,Gold,1886
15747808,France,102540.61,248943.26,46,0,2,Gold,1887
15807120,Germany,112383.03,188356.96,24,1,2,Gold,1887
15697997,France,164704.38,248607.42,31,1,2,Gold,1888
15715297,Germany,75470.23,188071.61,38,0,2,Gold,1888
15750778,France,120731.39,248558.01,24,1,2,Gold,1889
15700540,Germany,129893.56,187836.71,23,0,2,Gold,1889
15622478,France,105061.74,247968.74,31,1,2,Gold,1890
15727944,Germany,92072.68,187514.35,28,0,2,Gold,1890
15679148,France,115451.05,247851.99,30,0,2,Gold,1891
15800961,Germany,76101.81,187331.62,34,0,2,Gold,1891
15706005,France,174701.05,247690.35,20,1,2,Gold,1892
15603135,Germany,95727.05,187125.47,32,1,2,Gold,1892
15689044,France,127609.59,247663.4,26,0,2,Gold,1893
15674551,Germany,111756.5,187002.02,29,1,2,Gold,1893
15580493,France,127818.52,247543.3,23,0,2,Gold,1894
15732778,Germany,111681.98,186964.55,29,0,2,Gold,1894
15793854,France,99095.73,247530.18,38,0,2,Gold,1895
15718893,Germany,125456.07,186774.4,19,1,2,Gold,1895
15775108,France,99325.04,247522.68,28,0,2,Gold,1896
15794360,Germany,71816.74,186757.71,35,1,2,Gold,1896
15701301,France,175159.9,247498.08,14,1,2,Gold,1897
15624519,Germany,97092.87,186606.3,19,1,2,Gold,1897
15781495,France,126362.57,247293.26,41,0,2,Gold,1898
15761053,Germany,131326.47,185955.53,24,1,2,Gold,1898
15651983,France,128882.49,246614.7,39,1,2,Gold,1899
15612103,Germany,137852.96,185907.39,26,1,2,Gold,1899
15693996,France,113452.66,246379.19,20,0,2,Gold,1900
15743532,Germany,147004.34,185861.91,21,1,2,Gold,1900
15745326,France,75051.49,246171.55,46,1,2,Gold,1901
15602845,Germany,152102.18,185859.72,18,0,2,Gold,1901
15603319,France,151352.74,245382.97,16,0,2,Gold,1902
15710105,Germany,105099.45,185607.12,21,1,2,Gold,1902
15668775,France,130747.1,245066.75,28,0,2,Gold,1903
15609653,Germany,118715.86,185383.56,18,1,2,Gold,1903
15608406,France,111128.04,244542.23,27,1,2,Gold,1904
15779985,Germany,133199.71,185131.45,18,0,2,Gold,1904
15674922,France,171137.62,244294.05,16,1,2,Gold,1905
15635459,Germany,106116.5,184898.62,30,0,2,Gold,1905
15723654,France,135903.33,243885.18,24,0,2,Gold,1906
15572182,Germany,106506.77,184734.09,14,1,2,Gold,1906
15809999,France,150300.65,243801.87,28,0,2,Gold,1907
15809515,Germany,151922.94,184560.4,18,0,2,Gold,1907
15617790,France,105767.28,243304.3,42,0,2,Gold,1908
15583303,France,152265.43,243060.1,22,0,2,Gold,1909
15719856,France,47134.75,242546.74,49,0,2,Gold,1910
15802274,France,55053.62,242038.29,68,0,2,Gold,1911
15638646,France,160474.59,241919.96,21,0,2,Gold,1912
15759066,France,136836.49,241374.28,24,1,2,Gold,1913
15793042,France,129669.32,241214.07,23,0,2,Gold,1914
15805523,France,90537.16,240239.47,29,0,2,Gold,1915
15682955,France,84378.9,239734.15,34,0,2,Gold,1916
15609987,France,119919.12,239656.39,27,0,2,Gold,1917
15701121,France,110641.18,239636.53,39,1,2,Gold,1918
15729515,France,148795.17,238789.03,22,0,2,Gold,1919
15772995,France,116295.29,238712.68,19,0,2,Gold,1920
15675141,France,93934.63,238594.35,34,0,2,Gold,1921
15628863,France,60013.81,238333.73,55,0,2,Gold,1922
15743245,France,145155.37,238212.16,27,1,2,Gold,1923
15639882,France,128262.72,237579.77,18,0,2,Gold,1924
15584766,France,54503.55,237420.88,45,0,2,Gold,1925
15761076,France,58820.32,237133.31,58,0,2,Gold,1926
15791191,France,103996.74,237024.92,37,0,2,Gold,1927
15791743,France,59271.82,236419.41,28,0,2,Gold,1928
15571973,France,169824.46,235940.47,27,0,2,Gold,1929
15716276,France,111669.68,234671.22,21,0,2,Gold,1930
15648858,France,85225.21,234500.8,24,0,2,Gold,1931
15609058,France,107787.47,234489.31,28,0,2,Gold,1932
15738318,France,97764.41,233673.35,31,1,2,Gold,1933
15731890,France,123971.16,233624.43,24,0,2,Gold,1934
15647974,France,118742.74,233149.11,37,0,2,Gold,1935
15720649,France,66392.64,232925.61,56,0,2,Gold,1936
15714485,France,85891.55,232871.84,35,1,2,Gold,1937
15658889,France,136444.25,232776.33000000002,29,1,2,Gold,1938
15662238,France,105563.0,232560.25,35,0,2,Gold,1939
15707674,France,131852.81,232524.51,21,1,2,Gold,1940
15598892,France,73070.18,232024.79,49,0,2,Gold,1941
15749964,France,87262.4,231406.82,46,0,2,Gold,1942
15679770,France,131583.59,231258.72,36,1,2,Gold,1943
15601012,France,92887.06,231141.38,35,1,2,Gold,1944
15632826,France,134006.77,229924.03,24,0,2,Gold,1945
15789874,France,87375.78,228820.12,34,0,2,Gold,1946
15682576,France,149436.73,227648.44999999998,18,0,2,Gold,1947
15597109,France,94416.78,227646.21,24,0,2,Gold,1948
15630725,France,92786.66,227379.19,36,1,2,Gold,1949
15600911,France,182888.08,227149.31,16,0,2,Gold,1950
15616152,France,185513.67,226413.25,13,0,2,Gold,1951
15575147,France,99339.0,225901.99,35,1,2,Gold,1952
15806983,France,137148.68,225874.44,30,0,2,Gold,1953
15591135,France,132057.92,225831.98,24,0,2,Gold,1954
15781505,France,104719.94,225707.88,40,0,2,Gold,1955
15738148,France,122522.32,225670.97,34,1,2,Gold,1956
15570141,France,132352.69,225559.33,31,0,2,Gold,1957
15664881,France,100054.77,225155.98,35,0,2,Gold,1958
15591091,France,73348.56,224319.23,40,1,2,Gold,1959
15696552,France,81025.6,223887.0,34,0,2,Gold,1960
15648067,France,129299.28,223377.18,28,0,2,Gold,1961
15724620,France,134752.08,221562.65,15,0,2,Gold,1962
15699963,France,121405.04,221469.12,31,0,2,Gold,1963
15775703,France,71281.29,221380.39,43,1,2,Gold,1964
15785490,France,105229.72,221275.08,33,1,2,Gold,1965
15808017,France,88293.13,220841.99,21,0,2,Gold,1966
15641009,France,84496.71,220774.73,43,0,2,Gold,1967
15719309,France,115961.58,220681.07,18,0,2,Gold,1968
15709917,France,98202.76,220546.38,29,0,2,Gold,1969
15757632,France,176024.05,220446.50999999998,18,0,2,Gold,1970
15711889,France,150461.07,220231.81,25,0,2,Gold,1971
15726774,France,106250.72,219726.89,29,0,2,Gold,1972
15700046,France,103544.88,219339.56,35,0,2,Gold,1973
15756299,France,69311.16,218402.42,43,0,2,Gold,1974
15809663,France,125406.58,217528.41,21,0,2,Gold,1975
15668958,France,107316.09,217456.16,22,0,2,Gold,1976
15776558,France,108345.22,217418.58,29,0,2,Gold,1977
15677112,France,112957.26,217052.05000000002,28,0,2,Gold,1978
15709531,France,114756.14,216285.45,31,0,2,Gold,1979
15720943,France,114959.12,216099.96,21,1,2,Gold,1980
15814465,France,182705.05,216089.73,21,0,2,Gold,1981
15673591,France,141252.18,215990.6,20,1,2,Gold,1982
15689517,France,127009.83,215705.26,28,0,2,Gold,1983
15804771,France,40685.92,215662.09,69,0,2,Gold,1984
15728505,France,100486.18,215657.41,26,0,2,Gold,1985
15686219,France,71018.6,215492.41,43,0,2,Gold,1986
15740072,France,120328.88,215471.86000000002,31,0,2,Gold,1987
15687752,France,87505.47,215447.72,33,0,2,Gold,1988
15724200,France,115341.55,214761.09,19,0,2,Gold,1989
15636684,France,0.0,214741.72,165,0,2,Gold,1990
15750874,France,78990.15,214695.75,53,0,2,Gold,1991
15567557,France,128243.03,214670.52,29,0,2,Gold,1992
15636454,France,101070.69,214443.3,34,1,2,Gold,1993
15708650,France,52192.08,214184.38999999998,48,0,2,Gold,1994
15725665,France,198546.1,213779.03,10,1,2,Gold,1995
15568953,France,128554.98,213242.33000000002,23,0,2,Gold,1996
15778481,France,118962.58,213149.34,19,0,2,Gold,1997
15731267,France,75263.7,212585.32,36,0,2,Gold,1998
15664214,France,141204.65,211940.06,19,0,2,Gold,1999
15725141,France,109528.28,211832.58,28,1,2,Gold,2000
15721433,France,74306.19,211019.18,38,0,2,Gold,2001
15661974,France,57037.74,210459.05,36,0,2,Gold,2002
15730759,France,135637.0,210176.97,20,1,2,Gold,2003
15668669,France,97665.61,209764.33,21,1,2,Gold,2004
15731669,France,129709.62,209515.42,23,0,2,Gold,2005
15679394,France,38617.2,208600.19,58,0,2,Gold,2006
15692664,France,90022.85,208486.51,24,0,2,Gold,2007
15697597,France,149144.61,207677.54,21,0,2,Gold,2008
15668504,France,89800.14,207472.58,38,0,2,Gold,2009
15602034,France,126558.92,207192.61,27,0,2,Gold,2010
15759034,France,112262.84,207127.62,28,0,2,Gold,2011
15697441,France,182123.79,205795.28999999998,14,1,2,Gold,2012
15624510,France,139781.06,205483.1,23,1,2,Gold,2013
15766047,France,91621.69,205333.96,38,0,2,Gold,2014
15656417,France,132077.48,204453.83,18,0,2,Gold,2015
15658577,France,99546.25,204407.88999999998,33,1,2,Gold,2016
15596710,France,167298.42,204296.03,25,0,2,Gold,2017
15624781,France,142151.75,204152.55,29,0,2,Gold,2018
15653251,France,87873.39,203838.94,33,1,2,Gold,2019
15611644,France,146329.73,203797.54,14,0,2,Gold,2020
15728167,France,122806.95,203740.08,20,0,2,Gold,2021
15752885,France,157498.9,203587.99,19,0,2,Gold,2022
15663294,France,125685.79,203478.58,26,0,2,Gold,2023
15734578,France,113537.73,202381.97,23,0,2,Gold,2024
15751158,France,108825.34,201774.03,18,1,2,Gold,2025
15780142,France,100013.51,201732.48,29,0,2,Gold,2026
15575883,France,137390.11,201645.65,15,0,2,Gold,2027
15759436,France,95813.76,201347.63999999998,26,1,2,Gold,2028
15707322,France,115290.27,201093.29,18,1,2,Gold,2029
15772528,France,121376.15,201088.96,28,1,2,Gold,2030
15762277,France,158623.14,200935.59,12,1,2,Gold,2031
15720713,France,0.0,200887.8,173,0,2,Gold,2032
15720463,France,137262.71,200308.4,19,0,2,Gold,2033
15672374,France,170008.84,199077.75,17,1,2,Gold,2034
15664897,France,181166.44,198112.45,13,1,2,Gold,2035
15616530,France,188455.19,197730.22,16,1,2,Gold,2036
15571002,France,129605.99,197160.84,27,0,2,Gold,2037
15727868,France,129022.06,197120.8,18,1,2,Gold,2038
15746695,France,48023.83,196067.69,60,0,2,Gold,2039
15611947,France,83074.0,196038.4,33,0,2,Gold,2040
15694556,France,116563.58,194083.67,13,1,2,Gold,2041
15595917,France,102097.33,193943.41,23,0,2,Gold,2042
15692575,France,162888.73,193740.51,20,1,2,Gold,2043
15672637,France,85755.86,193393.94,44,0,2,Gold,2044
15656333,France,134348.57,193205.49,19,0,2,Gold,2045
15621685,France,123757.52,193112.36,29,0,2,Gold,2046
15627002,France,115934.74,193025.86000000002,17,0,2,Gold,2047
15672216,France,82441.75,192772.95,39,0,2,Gold,2048
15719649,France,99844.68,192150.53,29,0,2,Gold,2049
15707559,France,0.0,192062.44,154,0,2,Gold,2050
15577313,France,116967.68,191479.45,25,1,2,Gold,2051
15682914,France,72079.71,191238.1,35,0,2,Gold,2052
15688849,France,108019.27,191012.26,22,1,2,Gold,2053
15786196,France,105770.7,190494.69,21,1,2,Gold,2054
15640034,France,139561.46,190314.61000000002,10,1,2,Gold,2055
15806327,France,75893.11,190194.11,36,0,2,Gold,2056
15798960,France,108393.35,189929.44,34,0,2,Gold,2057
15808868,France,103696.97,189471.38,24,1,2,Gold,2058
15804002,France,128306.83,189057.55,18,0,2,Gold,2059
15695129,France,152663.77,188348.76,20,0,2,Gold,2060
15648489,France,199689.49,187808.03,18,1,2,Gold,2061
15631162,France,0.0,187512.0,155,0,2,Gold,2062
15654851,France,92911.52,186711.11,26,0,2,Gold,2063
15623277,France,0.0,186129.84,133,0,2,Gold,2064
15793196,France,0.0,186039.91,151,0,2,Gold,2065
15599272,France,151844.64,186031.12,21,0,2,Gold,2066
15681562,France,112773.73,185899.4,31,0,2,Gold,2067
15652658,France,155176.83,185829.24,18,0,2,Gold,2068
15708139,France,139532.34,184945.83,25,0,2,Gold,2069
15606836,France,94493.03,184653.48,39,0,2,Gold,2070
15624293,France,106511.85,184413.2,27,0,2,Gold,2071
15695872,France,89571.59,184286.4,28,0,2,Gold,2072
15783958,Spain,130922.81,183887.69,17,0,3,Silver,1022
15624975,Spain,145118.83,183205.82,21,0,3,Silver,1023
15685920,Spain,101506.66,182826.75,18,0,3,Silver,1024
15813034,Spain,62276.99,181403.47,42,0,3,Silver,1025
15755262,Spain,89763.84,180715.54,25,1,3,Silver,1026
15573171,Spain,146202.93,180585.81,23,1,3,Silver,1027
15664849,Spain,65269.23,178965.93,35,1,3,Silver,1028
15713770,Spain,63873.56,178194.95,26,0,3,Silver,1029
15766667,Spain,102989.83,178074.84,28,0,3,Silver,1030
15792008,Spain,0.0,177976.43,155,0,3,Silver,1031
15705001,Spain,83286.56,176704.76,27,0,3,Silver,1032
15667190,Spain,85818.18,176664.69,27,0,3,Silver,1033
15726776,Spain,111629.29,175916.8,23,0,3,Silver,1034
15799631,Spain,0.0,173848.04,154,0,3,Silver,1035
15669253,Spain,157691.98,173657.56,11,1,3,Silver,1036
15708867,Spain,134168.5,173406.68,16,1,3,Silver,1037
15573456,Spain,127209.0,173002.59,20,1,3,Silver,1038
15723873,Spain,125167.02,172480.12,20,0,3,Silver,1039
15654562,Spain,174088.3,172167.04,18,1,3,Silver,1040
15700394,Spain,122857.46,171942.42,19,1,3,Silver,1041
15814757,Spain,0.0,171664.52,149,0,3,Silver,1042
15788151,Spain,132187.73,171218.93,15,0,3,Silver,1043
15585241,Spain,117412.19,170386.44,21,0,3,Silver,1044
15648225,Spain,103895.31,170234.89,20,0,3,Silver,1045
15591550,Spain,77910.23,169732.5,38,0,3,Silver,1046
15793425,Spain,0.0,168903.37,147,0,3,Silver,1047
15569247,Spain,109679.72,168769.59,23,0,3,Silver,1048
15769312,Spain,0.0,168428.42,154,0,3,Silver,1049
15784445,Spain,99106.73,168415.73,16,0,3,Silver,1050
15667321,Spain,0.0,168229.65333333335,170,0,3,Silver,1051
15656319,Spain,88141.1,168212.33,35,0,3,Silver,1052
15781589,Spain,0.0,165073.13,129,0,3,Silver,1053
15594041,Spain,138734.94,163976.74,21,0,3,Silver,1054
15667751,Spain,140137.15,163921.77,14,0,3,Silver,1055
15733888,Spain,133686.52,162703.19,13,1,3,Silver,1056
15752312,Spain,150777.72,162511.26,24,0,3,Silver,1057
15731951,Spain,95328.6,162504.46,19,1,3,Silver,1058
15574480,Spain,132862.59,162433.74,15,0,3,Silver,1059
15593834,Spain,129934.64,161473.63999999998,22,1,3,Silver,1060
15603565,Spain,90778.76,160455.68,10,1,3,Silver,1061
15787071,Spain,0.0,160292.78,142,0,3,Silver,1062
15737741,Spain,108431.87,160185.08000000002,21,1,3,Silver,1063
15584453,Spain,0.0,159153.0,158,0,3,Silver,1064
15787459,Spain,88466.82,159149.66,31,0,3,Silver,1065
15690372,Spain,181110.13,158261.89,10,0,3,Silver,1066
15762418,Spain,121681.82,157408.01,15,1,3,Silver,1067
15750970,Spain,99004.24,157212.33000000002,33,0,3,Silver,1068
15680666,Spain,151963.26,155832.38,21,0,3,Silver,1069
15788634,Spain,113817.06,155354.78,21,0,3,Silver,1070
15777217,Spain,0.0,155324.43,156,0,3,Silver,1071
15797919,Spain,103195.2,155156.32,25,0,3,Silver,1072
15685372,Spain,152677.48,154586.59,14,1,3,Silver,1073
15765457,Spain,100829.94,154558.99,27,0,3,Silver,1074
15599024,Spain,0.0,153438.91,134,0,3,Silver,1075
15579566,Spain,120867.18,153271.97,21,1,3,Silver,1076
15612670,Spain,0.0,152643.15,172,0,3,Silver,1077
15761141,Spain,0.0,152470.97,172,0,3,Silver,1078
15668289,Spain,76087.98,151734.13,36,0,3,Silver,1079
15611551,Spain,131659.59,151633.47,20,0,3,Silver,1080
15769051,Spain,0.0,151141.56,119,0,3,Silver,1081
15810910,Spain,0.0,150202.61,162,0,3,Silver,1082
15729956,Spain,80780.16,149978.6,22,0,3,Silver,1083
15791342,Spain,84560.04,149610.15,22,0,3,Silver,1084
15618437,Spain,0.0,149545.49,156,0,3,Silver,1085
15581370,Spain,99811.44,149169.63,22,0,3,Silver,1086
15714689,Spain,97541.24,148790.7,23,0,3,Silver,1087
15791174,Spain,88382.01,148447.99,14,0,3,Silver,1088
15802478,Spain,0.0,147622.72,107,0,3,Silver,1089
15637947,Spain,134446.04,147587.08,15,0,3,Silver,1090
15617617,Spain,0.0,147372.94,131,0,3,Silver,1091
15631305,Spain,126833.79,146632.42,23,1,3,Silver,1092
15570271,Spain,0.0,146456.26,105,0,3,Silver,1093
15790412,Spain,0.0,144819.1325,129,0,3,Silver,1094
15575619,Spain,104254.27,144053.54,21,0,3,Silver,1095
15729763,Spain,116114.93,143803.53,23,0,3,Silver,1096
15704788,Spain,66079.45,143345.44,31,1,3,Silver,1097
15607312,Spain,0.0,142690.68,139,1,3,Silver,1098
15707974,Spain,48387.0,142569.52,33,0,3,Silver,1099
15787204,Spain,110646.54,142272.81,18,0,3,Silver,1100
15802823,Spain,0.0,141811.63999999998,124,0,3,Silver,1101
15814750,Spain,0.0,141549.39,129,0,3,Silver,1102
15814940,Spain,0.0,140458.24,140,0,3,Silver,1103
15750839,Spain,45022.23,140101.25,29,0,3,Silver,1104
15690231,Spain,167026.61,139539.5,9,0,3,Silver,1105
15664035,Spain,0.0,138557.04,141,0,3,Silver,1106
15618243,Spain,103960.38,138032.13,19,0,3,Silver,1107
15590199,Spain,103421.32,137621.35,26,0,3,Silver,1108
15779947,Spain,146098.43,137477.6,19,1,3,Silver,1109
15783691,Spain,120171.58,136691.0,11,0,3,Silver,1110
15690540,Spain,134177.06,136430.31,10,0,3,Silver,1111
15611786,Spain,0.0,136219.65,152,0,3,Silver,1112
15767598,Spain,0.0,136163.78,92,0,3,Silver,1113
15805261,Spain,0.0,136120.21,138,0,3,Silver,1114
15694805,Spain,115024.5,135916.2,21,0,3,Silver,1115
15803378,Spain,0.0,135663.81,124,0,3,Silver,1116
15783338,Spain,155619.36,135647.93,12,0,3,Silver,1117
15602909,Spain,0.0,135395.37,141,0,3,Silver,1118
15801152,Spain,142876.98,135291.23,16,0,3,Silver,1119
15623525,Spain,125175.58,134607.16,10,0,3,Silver,1120
15779744,Spain,103138.17,134406.68,25,0,3,Silver,1121
15779581,Spain,55853.33,133742.57,29,1,3,Silver,1122
15662976,Spain,0.0,132456.87,128,0,3,Silver,1123
15678168,Spain,0.0,132276.97,118,0,3,Silver,1124
15800482,Spain,0.0,132271.06,119,0,3,Silver,1125
15810563,Spain,0.0,131070.22,130,0,3,Silver,1126
15719541,Spain,90826.27,131053.62000000001,18,0,3,Silver,1127
15732943,Spain,77967.5,131027.29,26,1,3,Silver,1128
15612776,Spain,0.0,130225.52,148,0,3,Silver,1129
15751531,Spain,0.0,130216.93,132,0,3,Silver,1130
15688071,Spain,0.0,129993.16,158,0,3,Silver,1131
15749727,Spain,0.0,129778.93000000001,117,0,3,Silver,1132
15808971,Spain,0.0,129526.62,159,0,3,Silver,1133
15767871,Spain,0.0,129440.87,118,0,3,Silver,1134
15792107,Spain,0.0,129335.03,138,0,3,Silver,1135
15736399,Spain,0.0,128891.49,113,0,3,Silver,1136
15589643,Spain,0.0,128874.96416666667,110,0,3,Silver,1137
15672905,Spain,0.0,128344.86,107,0,3,Silver,1138
15761497,Spain,163760.82,128176.69,10,1,3,Silver,1139
15656937,Spain,131643.25,128022.53,8,0,3,Silver,1140
15718247,Spain,0.0,127828.85,126,0,3,Silver,1141
15629448,Spain,120599.21,127521.69,10,0,3,Silver,1142
15769915,Spain,133313.34,126878.96,10,0,3,Silver,1143
15647311,Spain,83807.86,126616.93,25,0,3,Silver,1144
15712825,Spain,0.0,126585.81999999999,141,0,3,Silver,1145
15671514,Spain,0.0,126579.68000000001,145,0,3,Silver,1146
15810347,Spain,0.0,125979.54,137,0,3,Silver,1147
15606855,Spain,0.0,125591.43,106,0,3,Silver,1148
15655590,Spain,79385.21,125299.72,22,0,3,Silver,1149
15692258,Spain,115406.97,124729.67,17,0,3,Silver,1150
15735439,Spain,113693.0,123571.41,18,0,3,Silver,1151
15645511,Spain,97403.18,122832.68,13,1,3,Silver,1152
15732963,Spain,0.0,122557.63,151,0,3,Silver,1153
15686780,Spain,133676.65,122444.76,15,0,3,Silver,1154
15654296,Spain,0.0,122261.87,109,0,3,Silver,1155
15680278,Spain,75361.44,121558.99,20,1,3,Silver,1156
15576714,Spain,0.0,121386.42,129,0,3,Silver,1157
15676242,Spain,136556.44,121205.22,9,1,3,Silver,1158
15616700,Spain,0.0,121093.11,140,0,3,Silver,1159
15702095,Spain,128472.8,120873.78,11,1,3,Silver,1160
15772933,Spain,0.0,120251.03,139,0,3,Silver,1161
15624072,Spain,0.0,120151.49,105,0,3,Silver,1162
15686812,Spain,0.0,120031.67,127,0,3,Silver,1163
15729668,Spain,60280.62,119798.7,31,0,3,Silver,1164
15696371,Spain,92476.88,119317.17,15,0,3,Silver,1165
15701392,Spain,0.0,118796.2,104,0,3,Silver,1166
15607577,Spain,0.0,117942.82,127,0,3,Silver,1167
15805254,Spain,0.0,117472.72,149,0,3,Silver,1168
15606133,Spain,0.0,117317.35,113,0,3,Silver,1169
15734999,Spain,85996.19,116891.25,26,0,3,Silver,1170
15785373,Spain,190305.78,116764.47,9,1,3,Silver,1171
15630913,Spain,105303.73,116763.76,20,0,3,Silver,1172
15782468,Spain,109799.55,116464.62,17,1,3,Silver,1173
15638774,Spain,0.0,115707.7,101,0,3,Silver,1174
15607314,Spain,143923.96,115089.08,15,1,3,Silver,1175
15741921,Spain,0.0,115036.46,142,0,3,Silver,1176
15762682,Spain,111827.27,114996.32,15,0,3,Silver,1177
15679651,Spain,136689.66,114873.73999999999,9,0,3,Silver,1178
15747558,Spain,0.0,113905.18,106,0,3,Silver,1179
15747222,Spain,0.0,113901.35,147,0,3,Silver,1180
15744942,Spain,155828.22,113379.06999999999,11,1,3,Silver,1181
15687270,Spain,0.0,112895.6975,121,0,3,Silver,1182
15760063,Spain,0.0,112601.62,111,0,3,Silver,1183
15621870,Spain,0.0,112300.55,101,0,3,Silver,1184
15611635,Spain,0.0,112249.58,97,0,3,Silver,1185
15779182,Spain,182364.53,112200.17,11,1,3,Silver,1186
15595067,Spain,0.0,111525.34,91,0,3,Silver,1187
15709459,Spain,0.0,111050.22583333333,92,0,3,Silver,1188
15748597,Spain,99529.7,110635.26,16,1,3,Silver,1189
15716491,Spain,93656.95,110632.14,22,1,3,Silver,1190
15648951,Spain,0.0,110592.65,106,0,3,Silver,1191
15772777,Spain,0.0,110251.40333333334,161,0,3,Silver,1192
15646161,Spain,0.0,110022.02,115,0,3,Silver,1193
15723950,Spain,70291.02,109956.52,20,1,3,Silver,1194
15802088,Spain,0.0,109867.6,165,0,3,Silver,1195
15782531,Spain,0.0,109371.11416666667,84,0,3,Silver,1196
15625522,Spain,0.0,109269.4,116,0,3,Silver,1197
15598088,Spain,0.0,108931.31,84,0,3,Silver,1198
15800068,Spain,0.0,108855.96,101,0,3,Silver,1199
15703682,Spain,0.0,108559.55666666667,105,0,3,Silver,1200
15572398,Spain,0.0,108048.15,104,0,3,Silver,1201
15792646,Spain,91216.0,107762.95,15,0,3,Silver,1202
15623647,Spain,135515.76,107673.99,13,0,3,Silver,1203
15664759,Spain,0.0,107161.33,98,0,3,Silver,1204
15684248,Spain,0.0,106843.35,117,0,3,Silver,1205
15715673,Spain,89743.05,106786.91,5,1,3,Silver,1206
15699911,Spain,0.0,106141.8025,90,0,3,Silver,1207
15644856,Spain,115463.16,105823.68,21,0,3,Silver,1208
15719793,Spain,0.0,105813.73,78,0,3,Silver,1209
15795079,Spain,0.0,105752.73833333333,99,0,3,Silver,1210
15636521,Spain,124037.28,105325.56,24,0,3,Silver,1211
15697424,Spain,119370.11,105324.59,14,1,3,Silver,1212
15799479,Spain,0.0,105303.31,143,0,3,Silver,1213
15625698,Spain,0.0,105237.67,87,0,3,Silver,1214
15716041,Spain,0.0,104866.15666666666,154,0,3,Silver,1215
15659064,Spain,0.0,104734.0,138,0,3,Silver,1216
15785488,Spain,0.0,104569.96,144,0,3,Silver,1217
15583748,Spain,0.0,104420.25,91,0,3,Silver,1218
15778410,Spain,0.0,104347.54,76,1,3,Silver,1219
15660688,Spain,0.0,104300.85833333334,92,0,3,Silver,1220
15748068,Spain,0.0,104234.18000000001,64,0,3,Silver,1221
15635078,Spain,124693.48,103934.06,11,0,3,Silver,1222
15664737,Spain,0.0,103387.45,110,0,3,Silver,1223
15598884,Spain,0.0,103277.69,81,0,3,Silver,1224
15620579,Spain,0.0,102961.26,140,0,3,Silver,1225
15749177,Spain,0.0,102931.04,119,0,3,Silver,1226
15734850,Spain,82729.49,102714.81,17,0,3,Silver,1227
15811589,Spain,0.0,102545.22,88,0,3,Silver,1228
15809558,Spain,0.0,102306.42,108,0,3,Silver,1229
15666032,Spain,127289.28,101705.99,12,0,3,Silver,1230
15706602,Spain,118114.28,101658.73,18,0,3,Silver,1231
15762855,Spain,0.0,101394.47,135,0,3,Silver,1232
15732270,Spain,0.0,100978.94,88,1,3,Silver,1233
15633378,Spain,0.0,100863.3,88,0,3,Silver,1234
15739803,Spain,0.0,100811.87666666666,101,0,3,Silver,1235
15763625,Spain,0.0,100675.85,89,0,3,Silver,1236
15786308,Spain,0.0,100488.94,86,0,3,Silver,1237
15658459,Spain,0.0,100481.27,99,0,3,Silver,1238
15781710,Spain,0.0,100105.8,88,0,3,Silver,1239
15734649,Spain,133295.98,100102.87,8,1,3,Silver,1240
15618581,Spain,0.0,100057.82,125,0,3,Silver,1241
15674932,Spain,0.0,99816.70666666667,88,0,3,Silver,1242
15726676,Spain,0.0,99754.91,90,0,3,Silver,1243
15635531,Spain,0.0,99382.57,89,0,3,Silver,1244
15648638,Spain,0.0,99249.48,80,0,3,Silver,1245
15694879,Spain,0.0,99125.5,70,0,3,Silver,1246
15692291,Spain,99056.22,99110.64,20,1,3,Silver,1247
15676869,Spain,0.0,99033.68000000001,129,0,3,Silver,1248
15641690,Spain,0.0,98777.32,110,0,3,Silver,1249
15749528,Spain,0.0,98738.14,98,0,3,Silver,1250
15695679,Spain,104349.45,98621.51,19,0,3,Silver,1251
15806332,Spain,0.0,98506.37,79,0,3,Silver,1252
15628886,Spain,123959.97,98382.84,12,1,3,Silver,1253
15780038,Spain,119208.85,98287.16,12,1,3,Silver,1254
15794875,Spain,0.0,98271.08,95,0,3,Silver,1255
15719991,Spain,154733.97,98029.24,10,1,3,Silver,1256
15649239,Spain,0.0,97783.92,106,0,3,Silver,1257
15601274,Spain,146502.07,97173.61,8,0,3,Silver,1258
15611329,Spain,0.0,96601.21,105,0,3,Silver,1259
15734312,Spain,0.0,96491.24,93,0,3,Silver,1260
15645136,Spain,128065.12,96062.13,11,0,3,Silver,1261
15637178,Spain,0.0,96048.84,106,0,3,Silver,1262
15566594,Spain,0.0,96039.39,124,0,3,Silver,1263
15721658,Spain,209767.31,95912.77,7,1,3,Silver,1264
15691446,Spain,0.0,95616.51,160,0,3,Silver,1265
15598614,Spain,0.0,95359.18000000001,92,0,3,Silver,1266
15799924,Spain,147167.25,95226.74,9,0,3,Silver,1267
15770345,Spain,139183.06,95144.36,14,0,3,Silver,1268
15617655,Spain,0.0,95037.16,148,0,3,Silver,1269
15770525,Spain,141038.57,94800.43,11,0,3,Silver,1270
15650575,Spain,0.0,94369.6,105,1,3,Silver,1271
15620276,Spain,0.0,94016.12,115,0,3,Silver,1272
15773017,Spain,0.0,93867.2,93,0,3,Silver,1273
15680895,Spain,0.0,93717.43,82,0,3,Silver,1274
15790254,Spain,78737.61,93364.24,25,0,3,Silver,1275
15774402,Spain,0.0,93337.68,81,0,3,Silver,1276
15785975,Spain,0.0,93248.77,107,0,3,Silver,1277
15609011,Spain,75408.33,93231.74,20,1,3,Silver,1278
15574012,Spain,113755.78,93046.3,18,1,3,Silver,1279
15741195,Spain,0.0,92150.86,83,0,3,Silver,1280
15806511,Spain,0.0,92095.96,159,0,3,Silver,1281
15723864,Spain,109876.82,92081.23,14,1,3,Silver,1282
15697214,Spain,0.0,91897.45,91,0,3,Silver,1283
15732293,Spain,0.0,91785.53,150,0,3,Silver,1284
15596011,Spain,0.0,91193.61,154,0,3,Silver,1285
15613786,Spain,0.0,91180.86,73,0,3,Silver,1286
15804052,Spain,0.0,90970.88,99,0,3,Silver,1287
15569187,Spain,0.0,90956.85,102,0,3,Silver,1288
15733460,Spain,0.0,90917.22,150,0,3,Silver,1289
15718843,Spain,72509.91,90141.06999999999,16,0,3,Silver,1290
15673084,Spain,68079.8,90133.46,16,0,3,Silver,1291
15800287,Spain,127660.46,89842.28,11,1,3,Silver,1292
15613854,Spain,107073.27,89532.44,19,1,3,Silver,1293
15742009,Spain,0.0,89023.24,69,0,3,Silver,1294
15810218,Spain,0.0,88893.47,149,0,3,Silver,1295
15790717,Spain,0.0,88568.16,86,0,3,Silver,1296
15572114,Spain,121629.22,87963.95999999999,12,0,3,Silver,1297
15809057,Spain,0.0,87465.79,99,0,3,Silver,1298
15606436,Spain,0.0,87352.51,76,0,3,Silver,1299
15765846,Spain,94222.53,87338.55,19,0,3,Silver,1300
15753837,Spain,0.0,87049.96,74,0,3,Silver,1301
15591344,Spain,0.0,87033.18000000001,108,0,3,Silver,1302
15631927,Spain,0.0,86905.75166666666,77,0,3,Silver,1303
15813894,Spain,0.0,86881.47,96,0,3,Silver,1304
15689612,Spain,0.0,86662.97,142,0,3,Silver,1305
15695103,Spain,0.0,86530.95,97,0,3,Silver,1306
15624820,Spain,50911.21,86349.76,20,1,3,Silver,1307
15809616,Spain,0.0,86216.02,75,0,3,Silver,1308
15687310,Spain,0.0,86094.76,106,0,3,Silver,1309
15713267,Spain,0.0,85808.11,95,0,3,Silver,1310
15649508,Spain,0.0,85726.17,69,0,3,Silver,1311
15622454,Spain,96020.86,85636.83,12,0,3,Silver,1312
15638003,Spain,81370.07,85600.35,13,0,3,Silver,1313
15609562,Spain,116360.07,85507.19,13,0,3,Silver,1314
15570205,Spain,0.0,85180.54,86,0,3,Silver,1315
15672966,Spain,0.0,85102.8,137,0,3,Silver,1316
15622117,Spain,0.0,85079.84,79,0,3,Silver,1317
15778934,Spain,0.0,84824.02,141,0,3,Silver,1318
15611318,Spain,51690.89,84474.51,26,1,3,Silver,1319
15776467,Spain,14262.8,84377.59,94,0,3,Silver,1320
15621140,Spain,0.0,84366.57,136,0,3,Silver,1321
15758685,Spain,0.0,84202.3,117,0,3,Silver,1322
15665340,Spain,0.0,84101.38,143,0,3,Silver,1323
15648794,Spain,101247.06,83831.54,15,1,3,Silver,1324
15770030,Spain,0.0,83767.03,63,0,3,Silver,1325
15626452,Spain,0.0,83742.58,95,0,3,Silver,1326
15685245,Spain,0.0,83713.53,79,0,3,Silver,1327
15665834,Spain,0.0,83553.47,83,0,3,Silver,1328
15724889,Spain,0.0,83545.65,146,0,3,Silver,1329
15636548,Spain,0.0,83343.73,81,0,3,Silver,1330
15721116,Spain,108058.07,83332.95000000001,3,0,3,Silver,1331
15589224,Spain,0.0,83299.62,84,0,3,Silver,1332
15635972,Spain,0.0,83260.48,73,0,3,Silver,1333
15598700,Spain,0.0,83238.38,78,0,3,Silver,1334
15566689,Spain,0.0,83174.57,115,0,3,Silver,1335
15702293,Spain,0.0,83044.32,111,0,3,Silver,1336
15624641,Spain,0.0,82925.15,72,1,3,Silver,1337
15597968,Spain,0.0,82303.81,72,1,3,Silver,1338
15568238,Spain,0.0,82053.62,122,0,3,Silver,1339
15662574,Spain,115137.26,81514.15,5,0,3,Silver,1340
15620505,Spain,97378.54,81241.81,10,0,3,Silver,1341
15594556,Spain,0.0,80648.15,129,0,3,Silver,1342
15815043,Spain,0.0,80589.29,77,0,3,Silver,1343
15619238,Spain,0.0,80386.7,80,0,3,Silver,1344
15706637,Spain,0.0,79763.11,98,0,3,Silver,1345
15611189,Spain,97792.21,79576.56999999999,11,0,3,Silver,1346
15589361,Spain,0.0,79519.82,163,0,3,Silver,1347
15667588,Spain,0.0,79242.63,55,0,3,Silver,1348
15748882,Spain,0.0,79119.99,96,0,3,Silver,1349
15592925,Spain,177626.77,78844.83,4,1,3,Silver,1350
15743076,Spain,0.0,78777.12,150,0,3,Silver,1351
15574119,Spain,62979.93,78638.05,19,0,3,Silver,1352
15671969,Spain,0.0,78623.72,76,0,3,Silver,1353
15689952,Spain,0.0,78614.09,88,0,3,Silver,1354
15634772,Spain,122661.39,78321.22,6,0,3,Silver,1355
15629244,Spain,159453.64,78289.15,6,1,3,Silver,1356
15611105,Spain,0.0,78105.88,103,0,3,Silver,1357
15684516,Spain,121151.05,78072.25,13,0,3,Silver,1358
15773512,Spain,0.0,77584.91,65,0,3,Silver,1359
15740878,Spain,0.0,77549.74,147,0,3,Silver,1360
15718769,Spain,113110.26,77339.73999999999,12,0,3,Silver,1361
15726178,Spain,0.0,77128.0,77,0,3,Silver,1362
15577107,Spain,0.0,76998.3,93,1,3,Silver,1363
15800688,Spain,0.0,76677.04000000001,74,0,3,Silver,1364
15790497,Spain,0.0,76472.18,71,0,3,Silver,1365
15617065,Spain,194532.66,75775.32,4,1,3,Silver,1366
15768270,Spain,0.0,75655.99,96,0,3,Silver,1367
15622017,Spain,0.0,75596.74,151,0,3,Silver,1368
15697045,Spain,0.0,75379.8,130,0,3,Silver,1369
15756848,Spain,0.0,75359.31,163,0,3,Silver,1370
15596021,Spain,0.0,75054.32,91,0,3,Silver,1371
15651740,Spain,0.0,74896.06,82,0,3,Silver,1372
15791268,Spain,122447.76,74824.14,7,0,3,Silver,1373
15633213,Spain,0.0,74804.02,77,1,3,Silver,1374
15617434,Spain,0.0,74668.4,138,0,3,Silver,1375
15604588,Spain,0.0,74668.34,53,0,3,Silver,1376
15806880,Spain,0.0,74515.31583333333,107,0,3,Silver,1377
15578073,Spain,0.0,74457.69,86,0,3,Silver,1378
15574137,Spain,0.0,74242.2825,57,0,3,Silver,1379
15656912,Spain,0.0,74136.45,64,0,3,Silver,1380
15656188,Spain,0.0,74092.63,81,0,3,Silver,1381
15686345,Spain,0.0,74073.17,154,0,3,Silver,1382
15677371,Spain,34013.63,73914.01,32,0,3,Silver,1383
15750755,Spain,0.0,73543.5,72,0,3,Silver,1384
15696812,Spain,0.0,73415.89,93,0,3,Silver,1385
15726234,Spain,0.0,73400.77,95,0,3,Silver,1386
15658929,Spain,133702.89,73362.22,8,1,3,Silver,1387
15649183,Spain,0.0,73135.33,131,0,3,Silver,1388
15729574,Spain,0.0,72954.94,67,0,3,Silver,1389
15585961,Spain,0.0,72766.04,49,0,3,Silver,1390
15595874,Spain,0.0,72540.68000000001,61,0,3,Silver,1391
15700174,Spain,83319.28,72431.46,6,0,3,Silver,1392
15673439,Spain,142644.64,72388.99,5,1,3,Silver,1393
15565878,Spain,0.0,72098.8,55,0,3,Silver,1394
15813140,Spain,0.0,71878.31999999999,78,0,3,Silver,1395
15746410,Spain,0.0,71777.05,70,0,3,Silver,1396
15734948,Spain,0.0,71678.505,65,0,3,Silver,1397
15595588,Spain,0.0,71647.23,65,0,3,Silver,1398
15806956,Spain,112666.67,71525.69,4,1,3,Silver,1399
15764174,Spain,0.0,71520.42833333333,58,0,3,Silver,1400
15745716,Spain,0.0,71321.67,108,0,3,Silver,1401
15661507,Spain,0.0,71319.74,71,0,3,Silver,1402
15625080,Spain,0.0,71278.02,68,1,3,Silver,1403
15787155,Spain,0.0,71231.84,84,0,3,Silver,1404
15593969,Spain,135483.17,71221.3,6,1,3,Silver,1405
15762745,Spain,0.0,71141.01,88,0,3,Silver,1406
15720203,Spain,0.0,70843.6,73,0,3,Silver,1407
15642394,Spain,0.0,70727.09,78,0,3,Silver,1408
15649616,Spain,124447.73,70709.93,6,1,3,Silver,1409
15738546,Spain,0.0,70697.09,75,0,3,Silver,1410
15669169,Spain,0.0,70565.4,161,0,3,Silver,1411
15689344,Spain,0.0,70501.83,83,0,3,Silver,1412
15638247,Spain,0.0,70406.25,91,0,3,Silver,1413
15576065,Spain,171325.98,70292.55,4,1,3,Silver,1414
15778192,Spain,0.0,70247.1,77,0,3,Silver,1415
15607330,Spain,109121.71,70055.41,9,0,3,Silver,1416
15613085,Spain,0.0,69906.88,63,0,3,Silver,1417
15567486,Spain,0.0,69795.87,70,0,3,Silver,1418
15708046,Spain,117551.23,69581.55,7,0,3,Silver,1419
15798053,Spain,0.0,69331.06,88,0,3,Silver,1420
15702014,Spain,56084.69,69239.76,16,0,3,Silver,1421
15740345,Spain,41473.33,69215.63,22,1,3,Silver,1422
15674254,Spain,0.0,68985.64,66,0,3,Silver,1423
15728823,Spain,0.0,68642.34,117,0,3,Silver,1424
15701687,Spain,77526.66,68122.66,5,1,3,Silver,1425
15767681,Spain,0.0,68102.04,143,0,3,Silver,1426
15801924,Spain,0.0,68030.0,98,0,3,Silver,1427
15672357,Spain,0.0,67999.08,55,0,3,Silver,1428
15792649,Spain,0.0,67975.91,92,0,3,Silver,1429
15786389,Spain,0.0,67812.46,161,0,3,Silver,1430
15597945,Spain,0.0,67724.17,90,0,3,Silver,1431
15720305,Spain,86376.29,67696.8,19,1,3,Silver,1432
15762821,Spain,0.0,67512.96,84,0,3,Silver,1433
15752838,Spain,0.0,67101.77,105,0,3,Silver,1434
15769499,Spain,0.0,67089.13,56,0,3,Silver,1435
15779492,Spain,94231.13,66875.14,13,1,3,Silver,1436
15714642,Spain,0.0,66838.58,73,0,3,Silver,1437
15792489,Spain,0.0,66789.18,100,0,3,Silver,1438
15632280,Spain,0.0,66443.43,90,1,3,Silver,1439
15756118,Spain,0.0,66407.23,98,0,3,Silver,1440
15670496,Spain,0.0,66335.1,103,0,3,Silver,1441
15697844,Spain,0.0,66161.47,68,1,3,Silver,1442
15575759,Spain,54428.37,66057.78,15,1,3,Silver,1443
15605622,Spain,0.0,66030.29,65,0,3,Silver,1444
15731246,Spain,0.0,65923.75,113,0,3,Silver,1445
15754072,Spain,0.0,65673.1,74,0,3,Silver,1446
15645571,Spain,0.0,65645.0,63,0,3,Silver,1447
15593683,Spain,0.0,65623.6,85,0,3,Silver,1448
15677906,Spain,0.0,65549.27,83,0,3,Silver,1449
15700854,Spain,0.0,65517.29,89,1,3,Silver,1450
15616240,Spain,0.0,65394.21,72,0,3,Silver,1451
15688713,Spain,0.0,65031.37,108,0,3,Silver,1452
15711396,Spain,0.0,64616.72,128,0,3,Silver,1453
15756932,Spain,0.0,64591.76,112,0,3,Silver,1454
15659325,Spain,0.0,64498.94,71,0,3,Silver,1455
15660735,Spain,0.0,64441.0,68,0,3,Silver,1456
15813718,Spain,0.0,64435.23,40,0,3,Silver,1457
15752344,Spain,0.0,63877.0,50,0,3,Silver,1458
15687413,Spain,0.0,63813.25,96,0,3,Silver,1459
15594133,Spain,0.0,63656.94,73,1,3,Silver,1460
15643359,Spain,0.0,63529.01,115,0,3,Silver,1461
15610002,Spain,0.0,63421.12,80,0,3,Silver,1462
15714567,Spain,0.0,63348.0,55,0,3,Silver,1463
15789546,Spain,0.0,62941.33,91,0,3,Silver,1464
15761506,Spain,0.0,62886.69,63,0,3,Silver,1465
15641043,Spain,0.0,62695.84,129,0,3,Silver,1466
15716728,Spain,0.0,62456.65,155,0,3,Silver,1467
15667932,Spain,0.0,62066.57,169,0,3,Silver,1468
15714493,Spain,0.0,62045.2,95,0,3,Silver,1469
15615029,Spain,0.0,62033.1,108,0,3,Silver,1470
15643630,Spain,63127.41,61889.95,15,1,3,Silver,1471
15640905,Spain,129490.36,61781.3,10,1,3,Silver,1472
15670066,Spain,0.0,61726.89,105,0,3,Silver,1473
15810432,Spain,0.0,61565.42,61,0,3,Silver,1474
15722053,Spain,0.0,61553.64,64,0,3,Silver,1475
15771054,Spain,0.0,61455.25,58,0,3,Silver,1476
15594039,Spain,0.0,61328.93,69,0,3,Silver,1477
15566543,Spain,0.0,61299.74,86,0,3,Silver,1478
15665802,Spain,0.0,61240.69,107,0,3,Silver,1479
15796336,Spain,0.0,60883.51,86,0,3,Silver,1480
15691792,Spain,0.0,60874.68,86,0,3,Silver,1481
15585907,Spain,0.0,60868.91,55,0,3,Silver,1482
15754940,Spain,85162.26,60838.799999999996,13,1,3,Silver,1483
15588859,Spain,179356.28,60796.36,2,1,3,Silver,1484
15699550,Spain,0.0,60573.0,149,0,3,Silver,1485
15690664,Spain,0.0,60350.44,102,0,3,Silver,1486
15697183,Spain,0.0,60307.53,95,0,3,Silver,1487
15744046,Spain,0.0,60304.98,143,0,3,Silver,1488
15736760,Spain,0.0,60109.81,73,0,3,Silver,1489
15813444,Spain,0.0,60072.84,59,0,3,Silver,1490
15629338,Spain,36566.96,59999.64,20,1,3,Silver,1491
15753110,Spain,45752.78,59980.57,15,1,3,Silver,1492
15792176,Spain,92053.44,59944.11,13,0,3,Silver,1493
15695225,Spain,0.0,59919.5,132,0,3,Silver,1494
15744517,Spain,0.0,59787.56,59,1,3,Silver,1495
15589200,Spain,0.0,59289.22,92,0,3,Silver,1496
15742854,Spain,0.0,59268.35,90,0,3,Silver,1497
15750671,Spain,0.0,58884.16,57,0,3,Silver,1498
15805062,Spain,87202.38,58873.77,15,0,3,Silver,1499
15583680,Spain,0.0,58716.1,69,0,3,Silver,1500
15667462,Spain,0.0,58704.88,93,0,3,Silver,1501
15698349,Spain,0.0,58637.28,59,0,3,Silver,1502
15607598,Spain,0.0,58621.91,102,0,3,Silver,1503
15803716,Spain,0.0,58399.64,59,0,3,Silver,1504
15586135,Spain,0.0,58380.81,72,0,3,Silver,1505
15737385,Spain,0.0,58246.58,65,0,3,Silver,1506
15753840,Spain,0.0,58087.04,83,1,3,Silver,1507
15766659,Spain,0.0,58030.24,60,0,3,Silver,1508
15777708,Spain,0.0,57966.75,37,0,3,Silver,1509
15704053,Spain,131078.42,57937.159999999996,3,1,3,Silver,1510
15692671,Spain,0.0,57857.82,74,0,3,Silver,1511
15626628,Spain,88161.85,57829.18,11,0,3,Silver,1512
15807609,Spain,86605.5,57721.229999999996,8,1,3,Silver,1513
15638621,Spain,60374.98,57691.87,16,0,3,Silver,1514
15695148,Spain,0.0,57611.52166666667,146,0,3,Silver,1515
15756751,Spain,78126.28,57350.72,13,1,3,Silver,1516
15692991,Spain,0.0,57306.7,67,0,3,Silver,1517
15577078,Spain,0.0,57228.86,74,1,3,Silver,1518
15671139,Spain,107042.74,57041.36,7,0,3,Silver,1519
15574743,Spain,0.0,56921.74,47,0,3,Silver,1520
15613216,Spain,141789.15,56897.02,10,0,3,Silver,1521
15638231,Spain,0.0,56887.52,46,0,3,Silver,1522
15795571,Spain,94153.56,56746.29,12,0,3,Silver,1523
15715345,Spain,0.0,56669.57,77,0,3,Silver,1524
15588670,Spain,203715.15,56668.079999999994,4,1,3,Silver,1525
15705994,Spain,0.0,56605.05,98,0,3,Silver,1526
15686941,Spain,0.0,56603.37,71,0,3,Silver,1527
15813303,Spain,0.0,56440.44,167,0,3,Silver,1528
15788535,Spain,0.0,56437.81,61,0,3,Silver,1529
15782806,Spain,0.0,56284.91,66,0,3,Silver,1530
15589320,Spain,0.0,56188.26,127,0,3,Silver,1531
15697283,Spain,0.0,56182.56,89,0,3,Silver,1532
15625545,Spain,0.0,56173.06,89,1,3,Silver,1533
15762984,Spain,0.0,56025.44,71,0,3,Silver,1534
15745843,Spain,0.0,56018.45,68,0,3,Silver,1535
15707242,Spain,0.0,55793.83,65,0,3,Silver,1536
15677908,Spain,0.0,55639.52,50,0,3,Silver,1537
15752956,Spain,0.0,55568.48,91,0,3,Silver,1538
15761976,Spain,0.0,55552.52,81,0,3,Silver,1539
15694192,Spain,0.0,55535.87,71,0,3,Silver,1540
15605531,Spain,0.0,55529.32,58,0,3,Silver,1541
15746594,Spain,0.0,55529.06,80,0,3,Silver,1542
15753215,Spain,0.0,55168.03,97,0,3,Silver,1543
15662533,Spain,0.0,55109.15,61,0,3,Silver,1544
15722765,Spain,136820.99,55075.3,4,0,3,Silver,1545
15676909,Spain,0.0,55072.35,49,0,3,Silver,1546
15679909,Spain,0.0,55058.56,81,0,3,Silver,1547
15681509,Spain,0.0,55035.29,147,0,3,Silver,1548
15604348,Spain,0.0,55003.93,81,0,3,Silver,1549
15672970,Spain,0.0,54813.33,62,0,3,Silver,1550
15587311,Spain,0.0,54741.8,103,0,3,Silver,1551
15646942,Spain,0.0,54738.08,74,0,3,Silver,1552
15631460,Spain,0.0,54649.08083333333,53,0,3,Silver,1553
15594878,Spain,28082.95,54569.85,31,1,3,Silver,1554
15777797,Spain,75075.14,54530.22,6,1,3,Silver,1555
15693337,Spain,148863.17,54497.78,8,0,3,Silver,1556
15679642,Spain,0.0,54450.38,122,0,3,Silver,1557
15764237,Spain,0.0,54397.16,111,0,3,Silver,1558
15801767,Spain,0.0,54227.65,84,0,3,Silver,1559
15800049,Spain,0.0,53450.409999999996,72,0,3,Silver,1560
15691457,Spain,0.0,53370.24,34,0,3,Silver,1561
15663386,Spain,0.0,53275.31,84,0,3,Silver,1562
15697307,Spain,0.0,53211.62,120,0,3,Silver,1563
15667651,Spain,0.0,52640.35,72,0,3,Silver,1564
15808760,Spain,0.0,52638.38,108,0,3,Silver,1565
15722322,Spain,0.0,52443.4,46,0,3,Silver,1566
15746902,Spain,0.0,52353.67,98,0,3,Silver,1567
15685576,Spain,0.0,52257.7,95,0,3,Silver,1568
15771535,Spain,0.0,52180.29,108,0,3,Silver,1569
15810460,Spain,0.0,51809.02,64,1,3,Silver,1570
15724663,Spain,0.0,51694.3,60,0,3,Silver,1571
15708357,Spain,0.0,51476.49,78,0,3,Silver,1572
15657107,Spain,106171.68,51414.53,10,1,3,Silver,1573
15732644,Spain,92316.31,51272.22,7,1,3,Silver,1574
15626412,Spain,0.0,51236.01,102,0,3,Silver,1575
15634375,Spain,0.0,51079.06,86,0,3,Silver,1576
15750929,Spain,0.0,50952.38,88,0,3,Silver,1577
15608328,Spain,0.0,50910.57,58,0,3,Silver,1578
15694581,Spain,0.0,50849.42,92,0,3,Silver,1579
15580068,Spain,0.0,50801.291666666664,74,0,3,Silver,1580
15571586,Spain,159035.45,50775.36,7,1,3,Silver,1581
15677243,Spain,0.0,50515.29,60,0,3,Silver,1582
15640627,Spain,0.0,50353.59,49,0,3,Silver,1583
15595010,Spain,0.0,50177.29,101,0,3,Silver,1584
15686436,Spain,0.0,49999.799999999996,51,0,3,Silver,1585
15652789,Spain,0.0,49982.04,148,0,3,Silver,1586
15754574,Spain,0.0,49975.07,87,0,3,Silver,1587
15684592,Spain,0.0,49653.99,78,0,3,Silver,1588
15715519,Spain,0.0,49598.48,63,0,3,Silver,1589
15812007,Spain,0.0,49593.98,102,0,3,Silver,1590
15812850,Spain,0.0,49575.14,95,0,3,Silver,1591
15732643,Spain,131955.07,49542.25,4,1,3,Silver,1592
15604891,Spain,0.0,49373.87,91,0,3,Silver,1593
15768887,Spain,0.0,49217.5375,72,0,3,Silver,1594
15583371,Spain,138207.08,49196.93,6,1,3,Silver,1595
15566312,Spain,0.0,49107.223333333335,32,1,3,Silver,1596
15612594,Spain,0.0,49058.09,66,0,3,Silver,1597
15591035,Spain,0.0,49003.83,95,0,3,Silver,1598
15769125,Spain,0.0,48742.75,163,0,3,Silver,1599
15637235,Spain,0.0,48728.52,93,0,3,Silver,1600
15653065,Spain,0.0,48574.99,89,0,3,Silver,1601
15814998,Spain,0.0,48572.41,45,0,3,Silver,1602
15812338,Spain,0.0,48426.590000000004,78,0,3,Silver,1603
15795878,Spain,0.0,48177.159999999996,56,0,3,Silver,1604
15688973,Spain,0.0,48163.78,86,0,3,Silver,1605
15585853,Spain,0.0,48020.23,47,1,3,Silver,1606
15636562,Spain,0.0,47878.229999999996,98,0,3,Silver,1607
15714240,Spain,0.0,47818.35,55,0,3,Silver,1608
15799635,Spain,108867.0,47747.45,7,1,3,Silver,1609
15767064,Spain,44054.84,47717.31,17,0,3,Silver,1610
15602551,Spain,0.0,47591.08,101,0,3,Silver,1611
15787602,Spain,0.0,47491.21,80,0,3,Silver,1612
15683677,Spain,0.0,47456.98,158,0,3,Silver,1613
15694644,Spain,0.0,47290.18,84,0,3,Silver,1614
15705506,Spain,0.0,47240.45,84,0,3,Silver,1615
15568162,Spain,0.0,47237.4,143,0,3,Silver,1616
15811261,Spain,70105.87,46701.86,13,0,3,Silver,1617
15707138,Spain,0.0,46660.89,75,0,3,Silver,1618
15641170,Spain,0.0,46586.46,41,0,3,Silver,1619
15687959,Spain,0.0,46312.590000000004,67,0,3,Silver,1620
15591130,Spain,0.0,46191.81,93,0,3,Silver,1621
15695383,Spain,0.0,45978.22,87,0,3,Silver,1622
15756070,Spain,0.0,45956.191666666666,61,0,3,Silver,1623
15682860,Spain,0.0,45935.57,70,0,3,Silver,1624
15600882,Spain,0.0,45904.47,113,0,3,Silver,1625
15744279,Spain,0.0,45846.45,122,0,3,Silver,1626
15787470,Spain,116528.15,45817.119999999995,5,1,3,Silver,1627
15685805,Spain,0.0,45640.97,68,0,3,Silver,1628
15607485,Spain,0.0,45572.41,49,0,3,Silver,1629
15800583,Spain,0.0,45501.99,77,0,3,Silver,1630
15764618,Spain,0.0,45340.06,95,0,3,Silver,1631
15640074,Spain,0.0,45335.200000000004,37,1,3,Silver,1632
15683403,Spain,0.0,45328.46,104,1,3,Silver,1633
15785385,Spain,0.0,45326.13,44,0,3,Silver,1634
15745001,Spain,0.0,45306.71,74,0,3,Silver,1635
15796569,Spain,0.0,45295.19,174,0,3,Silver,1636
15721292,Spain,0.0,45190.02,61,0,3,Silver,1637
15793070,Spain,69974.66,45032.57,8,1,3,Silver,1638
15697201,Spain,0.0,45011.56,45,0,3,Silver,1639
15704160,Spain,0.0,44744.64,48,1,3,Silver,1640
15631451,Spain,0.0,44653.82,97,0,3,Silver,1641
15711825,Spain,82231.51,44470.94,10,0,3,Silver,1642
15697311,Spain,110802.03,44433.19,7,1,3,Silver,1643
15651737,Spain,83325.77,44411.86,12,0,3,Silver,1644
15579548,Spain,0.0,44402.94,57,0,3,Silver,1645
15584967,Spain,0.0,44397.45,104,0,3,Silver,1646
15605673,Spain,0.0,44337.67,83,0,3,Silver,1647
15597957,Spain,0.0,44250.18,36,0,3,Silver,1648
15721835,Spain,0.0,44096.67,85,0,3,Silver,1649
15639530,Spain,0.0,44073.55,47,0,3,Silver,1650
15705309,Spain,0.0,44043.090000000004,58,0,3,Silver,1651
15709412,Spain,0.0,44012.16,91,0,3,Silver,1652
15648032,Spain,0.0,43861.53,34,0,3,Silver,1653
15684173,Spain,0.0,43837.659999999996,58,1,3,Silver,1654
15731522,Spain,0.0,43789.090000000004,145,0,3,Silver,1655
15709222,Spain,0.0,43668.31,61,0,3,Silver,1656
15741197,Spain,0.0,43668.26,81,0,3,Silver,1657
15723153,Spain,0.0,43482.14,43,0,3,Silver,1658
15787258,Spain,0.0,43122.78,60,0,3,Silver,1659
15747647,Spain,0.0,43112.51,46,0,3,Silver,1660
15603088,Spain,0.0,43084.66,151,0,3,Silver,1661
15580623,Spain,0.0,43030.88,92,0,3,Silver,1662
15637110,Spain,0.0,42994.17,102,0,3,Silver,1663
15645942,Spain,0.0,42991.31,43,0,3,Silver,1664
15769781,Spain,0.0,42897.62,136,0,3,Silver,1665
15619465,Spain,0.0,42721.72,38,0,3,Silver,1666
15705281,Spain,0.0,42713.659999999996,87,0,3,Silver,1667
15812611,Spain,0.0,42676.65,90,0,3,Silver,1668
15799156,Spain,0.0,42461.11,86,0,3,Silver,1669
15699238,Spain,0.0,42400.34,79,0,3,Silver,1670
15796957,Spain,0.0,42350.85,100,1,3,Silver,1671
15697095,Spain,0.0,42251.01,73,0,3,Silver,1672
15713774,Spain,12459.19,42154.01,50,1,3,Silver,1673
15664860,Spain,0.0,42044.1,28,1,3,Silver,1674
15640268,Spain,0.0,41970.74,66,0,3,Silver,1675
15705735,Spain,0.0,41815.82,64,0,3,Silver,1676
15716024,Spain,0.0,41801.31,46,0,3,Silver,1677
15604576,Spain,0.0,41754.88,51,0,3,Silver,1678
15681126,Spain,0.0,41585.1,49,0,3,Silver,1679
15587913,Spain,0.0,41570.36,40,0,3,Silver,1680
15713644,Spain,0.0,41385.26,46,0,3,Silver,1681
15676519,Spain,0.0,41309.38,48,1,3,Silver,1682
15568878,Spain,0.0,41268.98,53,0,3,Silver,1683
15665760,Spain,0.0,41171.6,115,0,3,Silver,1684
15812767,Spain,0.0,41160.07,50,0,3,Silver,1685
15590241,Spain,112822.26,40829.509999999995,6,1,3,Silver,1686
15694288,Spain,0.0,40643.6,35,0,3,Silver,1687
15585036,Spain,0.0,40623.81,53,0,3,Silver,1688
15764284,Spain,0.0,40585.49,48,0,3,Silver,1689
15801942,Spain,0.0,40560.02,74,1,3,Silver,1690
15735222,Spain,0.0,40338.75,74,0,3,Silver,1691
15725302,Spain,0.0,40170.89,49,0,3,Silver,1692
15597309,Spain,0.0,40128.8,75,0,3,Silver,1693
15739223,Spain,0.0,39866.76,53,0,3,Silver,1694
15765311,Spain,0.0,39790.35,77,0,3,Silver,1695
15719858,Spain,0.0,39766.31,157,0,3,Silver,1696
15630349,Spain,0.0,39686.72,49,0,3,Silver,1697
15743545,Spain,0.0,39526.409999999996,36,0,3,Silver,1698
15686917,Spain,0.0,39268.9,42,0,3,Silver,1699
15572735,Spain,0.0,39241.25,37,0,3,Silver,1700
15768530,Spain,0.0,39214.32,54,0,3,Silver,1701
15725882,Germany,133245.52,182909.9,23,0,3,Silver,1908
15709523,Germany,157989.21,182482.16999999998,10,0,3,Silver,1909
15675337,Germany,106011.59,182086.43,22,1,3,Silver,1910
15735522,Germany,145610.07,181392.55000000002,17,0,3,Silver,1911
15661275,Germany,110791.97,180968.66,30,1,3,Silver,1912
15669219,Germany,104356.38,180419.96,33,0,3,Silver,1913
15612524,Germany,127841.52,180269.01,24,0,3,Silver,1914
15719779,Germany,157404.02,179565.54,19,0,3,Silver,1915
15789158,Germany,113599.74,178644.56,15,1,3,Silver,1916
15656148,Germany,115046.74,178203.69,29,1,3,Silver,1917
15780140,Germany,57017.06,178185.18,41,0,3,Silver,1918
15666173,Germany,96408.98,177702.75,28,0,3,Silver,1919
15624755,Germany,109628.44,177585.71,28,0,3,Silver,1920
15784010,Germany,124125.26,177094.53,21,0,3,Silver,1921
15705860,Germany,107949.45,176450.38,25,1,3,Silver,1922
15580872,Germany,120530.13,176197.75,25,0,3,Silver,1923
15694129,Germany,100032.52,175679.77,23,1,3,Silver,1924
15586585,Germany,111018.98,175196.98,20,0,3,Silver,1925
15796218,Germany,131968.57,174644.35,21,0,3,Silver,1926
15701738,Germany,115163.38,173878.16,16,1,3,Silver,1927
15797081,Germany,115488.52,173288.4,17,1,3,Silver,1928
15743617,Germany,95994.98,172825.61000000002,18,0,3,Silver,1929
15774727,Germany,129398.01,172598.15,15,0,3,Silver,1930
15636330,Germany,143279.58,172444.98,16,1,3,Silver,1931
15772896,Germany,100160.75,172406.16,20,1,3,Silver,1932
15568032,Germany,127320.36,171967.32,18,0,3,Silver,1933
15692977,Germany,130700.92,171691.75,19,0,3,Silver,1934
15745030,Germany,79706.25,171527.01,14,0,3,Silver,1935
15688157,Germany,47685.47,171298.13999999998,33,0,3,Silver,1936
15622305,Germany,107868.14,171219.91,35,0,3,Silver,1937
15640846,Germany,106458.31,171066.23,19,1,3,Silver,1938
15708162,Germany,89994.71,169833.44,20,0,3,Silver,1939
15599195,Germany,88938.62,169743.95,23,0,3,Silver,1940
15673180,Germany,93816.7,168858.29,25,0,3,Silver,1941
15639549,Germany,70541.06,168137.88,39,0,3,Silver,1942
15679733,Germany,113228.38,168092.72,32,0,3,Silver,1943
15576644,Germany,78939.15,168034.1,39,1,3,Silver,1944
15622750,Germany,114292.48,167768.06,23,0,3,Silver,1945
15724154,Germany,128504.76,167743.61,22,1,3,Silver,1946
15783025,Germany,94661.53,167613.5,27,0,3,Silver,1947
15799600,Germany,111599.32,167561.61000000002,23,0,3,Silver,1948
15616676,Germany,122478.51,166824.33,22,1,3,Silver,1949
15601787,Germany,103711.56,166250.91,26,1,3,Silver,1950
15576824,Germany,111760.4,165880.77,27,1,3,Silver,1951
15812262,Germany,100431.84,165805.66,16,1,3,Silver,1952
15628205,Germany,101736.66,165701.91999999998,24,0,3,Silver,1953
15601857,Germany,115518.07,165696.61,19,1,3,Silver,1954
15571995,Germany,118897.1,165542.4,15,0,3,Silver,1955
15735203,Germany,114510.85,165480.73,20,0,3,Silver,1956
15618255,Germany,103244.86,165391.86,24,1,3,Silver,1957
15723216,Germany,80002.33,165188.23,33,0,3,Silver,1958
15791373,Germany,80931.75,164824.88999999998,23,1,3,Silver,1959
15609070,Germany,120961.5,164675.01,20,1,3,Silver,1960
15635500,Germany,61319.63,164577.87,40,0,3,Silver,1961
15660505,Germany,106344.95,164450.36,23,1,3,Silver,1962
15619955,Germany,100337.96,164009.62,27,1,3,Silver,1963
15663441,Germany,148571.07,163039.62,15,1,3,Silver,1964
15796351,Germany,105346.03,162698.15,23,0,3,Silver,1965
15706163,Germany,113625.93,162348.06,21,1,3,Silver,1966
15753462,Germany,72549.0,162310.45,32,0,3,Silver,1967
15787026,Germany,185267.45,161740.79,10,0,3,Silver,1968
15813168,Germany,100717.85,161509.74,22,1,3,Silver,1969
15722632,Germany,119655.77,160731.02,14,1,3,Silver,1970
15786800,Germany,131694.97,160685.88999999998,7,1,3,Silver,1971
15796230,Germany,124495.98,160014.12,19,1,3,Silver,1972
15656322,Germany,71843.15,159651.80000000002,37,0,3,Silver,1973
15607178,Germany,54901.01,159480.56,45,0,3,Silver,1974
15692430,Germany,123601.56,158657.93,28,0,3,Silver,1975
15593976,Germany,102088.68,158547.27,21,1,3,Silver,1976
15577806,Germany,75900.84,158178.05,29,0,3,Silver,1977
15648967,Germany,169362.43,157504.53,17,1,3,Silver,1978
15585367,Germany,120392.99,157259.86,16,1,3,Silver,1979
15651533,Germany,129293.74,156935.4,15,1,3,Silver,1980
15643215,Germany,71667.97,156882.49,33,0,3,Silver,1981
15677310,Germany,98854.34,156392.19,32,1,3,Silver,1982
15744044,Germany,99353.42,156069.13,20,1,3,Silver,1983
15634844,Germany,91536.93,155972.98,28,1,3,Silver,1984
15750638,Germany,116765.7,155969.71,28,1,3,Silver,1985
15607690,Germany,118812.5,155575.5,16,0,3,Silver,1986
15570857,Germany,111213.64,155133.85,8,0,3,Silver,1987
15676895,Germany,74596.15,154491.79,38,1,3,Silver,1988
15668774,Germany,122739.1,154042.0,21,1,3,Silver,1989
15662578,Germany,110245.13,153221.86000000002,17,0,3,Silver,1990
15609998,Germany,137648.41,153072.86,15,1,3,Silver,1991
15643679,Germany,70233.74,152672.2,36,0,3,Silver,1992
15727619,Germany,113909.69,152498.27,26,1,3,Silver,1993
15607526,Germany,102645.48,151916.0,13,1,3,Silver,1994
15736778,Germany,72948.58,151817.35,24,0,3,Silver,1995
15591036,Germany,127940.47,151492.21,21,1,3,Silver,1996
15768471,Germany,108755.0,151327.73,17,1,3,Silver,1997
15796334,Germany,144757.02,151137.3,12,1,3,Silver,1998
15674433,Germany,115265.14,150941.78,24,0,3,Silver,1999
15625426,Germany,161608.81,150142.77,9,1,3,Silver,2000
15583692,Germany,90194.34,150111.31,27,0,3,Silver,2001
15600110,Germany,57745.76,150067.98,30,0,3,Silver,2002
15662337,Germany,121498.11,149898.22,19,1,3,Silver,2003
15661473,Germany,126725.25,149431.21,15,1,3,Silver,2004
15653849,Germany,152827.99,149207.05,18,1,3,Silver,2005
15727198,Germany,64808.32,149181.61,29,0,3,Silver,2006
15622507,Germany,103499.09,148036.54,25,0,3,Silver,2007
15706268,Germany,147910.3,147678.09,13,0,3,Silver,2008
15568963,Germany,152797.9,146889.83,18,1,3,Silver,2009
15627220,Germany,98807.45,146634.24,23,1,3,Silver,2010
15603942,Germany,81290.02,146258.47,22,1,3,Silver,2011
15813974,Germany,116880.53,146080.71,20,1,3,Silver,2012
15625706,Germany,116546.59,145915.92,22,1,3,Silver,2013
15688498,Germany,87096.82,145736.63,23,0,3,Silver,2014
15782550,Germany,139659.04,145414.28,16,0,3,Silver,2015
15801293,Germany,101278.25,145130.1,25,0,3,Silver,2016
15650670,Germany,105222.86,144673.11000000002,24,0,3,Silver,2017
15737627,Germany,121093.29,144665.81,17,0,3,Silver,2018
15712608,Germany,74483.97,144523.99,29,0,3,Silver,2019
15750731,Germany,116309.01,143909.07,17,1,3,Silver,2020
15761018,Germany,143829.2,143877.27,17,1,3,Silver,2021
15569654,Germany,51293.47,143293.1,41,0,3,Silver,2022
15625175,Germany,97067.69,143126.19,17,1,3,Silver,2023
15771509,Germany,98548.62,142725.31,22,0,3,Silver,2024
15583764,Germany,130240.33,142665.92,11,0,3,Silver,2025
15645355,Germany,126729.41,142360.71,21,1,3,Silver,2026
15703793,Germany,133745.44,141709.86000000002,20,1,3,Silver,2027
15608381,Germany,125845.66,141600.48,15,1,3,Silver,2028
15680234,Germany,138032.15,141410.48,18,0,3,Silver,2029
15646615,Germany,119336.29,141325.78,19,0,3,Silver,2030
15702149,Germany,144753.21,140834.56,12,0,3,Silver,2031
15645200,Germany,152508.99,140714.54,19,1,3,Silver,2032
15739131,Germany,65643.3,140456.47,34,0,3,Silver,2033
15713426,Germany,122185.53,139989.48,15,1,3,Silver,2034
15723484,Germany,103873.39,139910.41,19,0,3,Silver,2035
15789955,Germany,112414.81,139102.21,11,1,3,Silver,2036
15610972,Germany,91115.76,139031.45,23,1,3,Silver,2037
15589493,Germany,122552.34,138200.7,12,0,3,Silver,2038
15783007,Germany,123086.39,138160.25,20,1,3,Silver,2039
15752342,Germany,133656.91,137864.36000000002,15,1,3,Silver,2040
15740175,Germany,118889.66,137059.45,20,0,3,Silver,2041
15731026,Germany,100062.16,137029.86,13,0,3,Silver,2042
15769948,Germany,133377.8,136723.64,12,0,3,Silver,2043
15614420,Germany,109570.21,136671.86000000002,13,0,3,Silver,2044
15785920,Germany,125141.24,136455.72,11,0,3,Silver,2045
15603880,Germany,114141.64,136249.88,18,1,3,Silver,2046
15646810,Germany,108122.39,135729.31,14,1,3,Silver,2047
15718289,Germany,82291.1,135638.72,26,1,3,Silver,2048
15767358,Germany,97486.15,135602.43,11,0,3,Silver,2049
15567063,Germany,106434.94,135530.94,17,1,3,Silver,2050
15628972,Germany,123906.22,135058.92,14,1,3,Silver,2051
15763704,Germany,69014.49,134077.2,24,0,3,Silver,2052
15647008,Germany,116726.22,133377.5,17,1,3,Silver,2053
15774696,Germany,106307.91,132028.46,21,0,3,Silver,2054
15654372,Germany,94682.56,131644.18,23,0,3,Silver,2055
15766869,Germany,89696.84,131279.79,22,0,3,Silver,2056
15635703,Germany,131513.26,130984.15,17,0,3,Silver,2057
15808621,Germany,76190.48,130820.92,36,0,3,Silver,2058
15666548,Germany,111920.13,130553.75,15,1,3,Silver,2059
15585451,Germany,108262.87,130277.91,21,0,3,Silver,2060
15672091,Germany,104336.43,130244.04,20,0,3,Silver,2061
15566531,Germany,88046.88,130017.5,21,1,3,Silver,2062
15572265,Germany,170826.55,129883.91,9,0,3,Silver,2063
15591107,Germany,110357.0,129545.89,17,1,3,Silver,2064
15633419,Germany,143124.63,129145.41,13,0,3,Silver,2065
15799626,Germany,126345.55,128799.93,16,1,3,Silver,2066
15621466,Germany,99897.53,128664.22,18,0,3,Silver,2067
15801832,Germany,117691.0,128458.52,12,1,3,Silver,2068
15718039,Germany,137138.2,128425.77,11,0,3,Silver,2069
15578297,Germany,125537.38,127561.77,16,1,3,Silver,2070
15568573,Germany,105701.91,127516.65,13,1,3,Silver,2071
15736534,Germany,181656.51,127446.53,13,0,3,Silver,2072
15728838,France,148600.91,183915.19,15,1,3,Silver,2073
15652030,Germany,108204.52,127405.72,7,1,3,Silver,2073
15570681,France,116084.32,183617.0,19,0,3,Silver,2074
15763256,Germany,128751.65,127099.98,20,1,3,Silver,2074
15569807,France,42157.08,183337.56,74,1,3,Silver,2075
15612966,Germany,128981.07,126721.2,20,1,3,Silver,2075
15681206,France,168197.66,183329.41,15,1,3,Silver,2076
15724466,Germany,84113.41,126324.83,25,0,3,Silver,2076
15682547,France,122214.0,183244.81,24,0,3,Silver,2077
15750407,Germany,129264.05,126015.73,16,0,3,Silver,2077
15688193,France,61636.97,182855.48,32,0,3,Silver,2078
15772482,Germany,132405.52,125545.91,8,1,3,Silver,2078
15799932,France,0.0,182194.57,164,0,3,Silver,2079
15655436,Germany,136911.07,124868.15000000001,12,1,3,Silver,2079
15679928,France,84102.11,182192.52,47,0,3,Silver,2080
15682355,Germany,75075.31,124848.93,14,1,3,Silver,2080
15738181,France,67996.23,181104.22,37,1,3,Silver,2081
15707189,Germany,114391.62,124836.24,17,0,3,Silver,2081
15791944,France,175464.85,180944.7,20,1,3,Silver,2082
15697100,Germany,108736.52,124566.19,11,1,3,Silver,2082
15671769,France,170252.05,180855.58,7,1,3,Silver,2083
15744914,Germany,177728.55,124166.24,13,0,3,Silver,2083
15681196,France,172170.36,179708.0,20,0,3,Silver,2084
15730433,Germany,128218.47,124077.31,14,1,3,Silver,2084
15639077,France,158584.82,179663.85,12,1,3,Silver,2085
15603247,Germany,146781.24,123692.58,10,0,3,Silver,2085
15568876,France,102723.35,178808.79,23,0,3,Silver,2086
15584749,Germany,79896.0,123217.01,29,0,3,Silver,2086
15780925,France,177069.24,178321.08,16,0,3,Silver,2087
15803689,Germany,119741.77,122745.25,9,1,3,Silver,2087
15668971,France,55776.39,178132.3,48,0,3,Silver,2088
15788183,Germany,106870.12,122581.45,17,0,3,Silver,2088
15783526,France,100895.54,177984.49,27,0,3,Silver,2089
15700801,Germany,84445.68,122487.9,23,1,3,Silver,2089
15636673,France,119266.69,177637.98,27,0,3,Silver,2090
15771942,Germany,135555.66,122477.3,19,1,3,Silver,2090
15806256,France,109349.29,177536.56,16,1,3,Silver,2091
15645847,Germany,109196.66,122373.77,10,1,3,Silver,2091
15575430,France,118392.75,177367.25,23,0,3,Silver,2092
15772421,Germany,128927.93,122107.65,15,0,3,Silver,2092
15704657,France,72647.64,177129.53,29,1,3,Silver,2093
15787255,Germany,140891.46,121355.29,15,1,3,Silver,2093
15615330,France,0.0,175754.6,167,0,3,Silver,2094
15798964,Germany,35016.6,120469.01,35,0,3,Silver,2094
15774738,France,107764.75,175593.34,29,0,3,Silver,2095
15591286,Germany,88826.07,120105.22,17,1,3,Silver,2095
15786739,France,125529.55,175445.04,16,0,3,Silver,2096
15689351,Germany,92805.72,118815.84,16,1,3,Silver,2096
15594577,France,0.0,175006.01,163,0,3,Silver,2097
15684042,Germany,40105.51,118784.92,35,0,3,Silver,2097
15681342,France,103015.12,174725.59,26,0,3,Silver,2098
15606641,Germany,100260.88,118568.64,14,1,3,Silver,2098
15583725,France,138778.15,174427.95,15,0,3,Silver,2099
15749130,Germany,74298.43,118274.7,27,0,3,Silver,2099
15753566,France,63763.49,174318.58,35,0,3,Silver,2100
15696674,Germany,150842.93,118145.51999999999,10,1,3,Silver,2100
15734714,France,79715.36,173081.22,37,0,3,Silver,2101
15702571,Germany,151958.19,117312.69,18,1,3,Silver,2101
15752534,France,0.0,172878.23666666666,159,0,3,Silver,2102
15794941,Germany,85906.65,117172.61,16,0,3,Silver,2102
15579714,France,0.0,172519.44,121,0,3,Silver,2103
15720511,Germany,151191.31,117034.63,19,1,3,Silver,2103
15719170,France,112543.42,172406.13,18,0,3,Silver,2104
15814032,Germany,93460.47,116788.66,22,0,3,Silver,2104
15783276,France,0.0,172123.8,153,0,3,Silver,2105
15784097,Germany,118402.25,116739.61,16,0,3,Silver,2105
15703354,France,103516.87,171787.6,24,0,3,Silver,2106
15786463,Germany,121669.93,116725.95,19,1,3,Silver,2106
15776229,France,115282.3,171576.22,28,0,3,Silver,2107
15764170,Germany,93960.35,116354.29000000001,22,1,3,Silver,2107
15626141,France,151510.17,171453.69,20,0,3,Silver,2108
15629299,Germany,106074.89,116174.31,11,1,3,Silver,2108
15800814,France,81951.74,171357.67,27,0,3,Silver,2109
15694376,Germany,153469.26,115534.46,13,1,3,Silver,2109
15586264,France,140431.98,170927.41,14,1,3,Silver,2110
15643056,Germany,82083.52,114532.19,21,0,3,Silver,2110
15643378,France,112419.92,170707.94,18,0,3,Silver,2111
15715638,Germany,27517.15,114421.0,56,0,3,Silver,2111
15720050,France,110997.76,169739.56,22,0,3,Silver,2112
15737961,Germany,107712.57,114337.29000000001,11,0,3,Silver,2112
15763431,France,82275.35,169489.45,28,0,3,Silver,2113
15662884,Germany,110597.76,114333.57,17,1,3,Silver,2113
15674000,France,0.0,169010.77,154,0,3,Silver,2114
15611729,Germany,141559.5,113888.49,12,1,3,Silver,2114
15736397,France,96471.2,168886.13999999998,19,0,3,Silver,2115
15694765,Germany,113882.33,113680.49,12,1,3,Silver,2115
15566139,France,53573.18,168694.83,44,0,3,Silver,2116
15791216,Germany,133379.41,113540.67,10,1,3,Silver,2116
15715951,France,100238.35,168626.62,24,0,3,Silver,2117
15769064,Germany,135309.36,112702.28,15,1,3,Silver,2117
15793343,France,0.0,168425.62,127,0,3,Silver,2118
15596800,Germany,158456.76,112436.77,6,1,3,Silver,2118
15694946,France,0.0,168001.93,142,0,3,Silver,2119
15709142,Germany,91057.37,112402.01,17,0,3,Silver,2119
15795954,France,172274.01,167732.05,20,0,3,Silver,2120
15778155,Germany,108914.17,112401.87,19,1,3,Silver,2120
15579207,France,91184.01,167386.75,34,0,3,Silver,2121
15577064,Germany,104702.65,112083.52,22,0,3,Silver,2121
15758116,France,64646.7,167386.67,34,1,3,Silver,2122
15811690,Germany,128966.13,112017.53,14,1,3,Silver,2122
15646609,France,142645.43,167251.51,17,0,3,Silver,2123
15765300,Germany,62389.03,111198.52,28,1,3,Silver,2123
15705313,France,58036.33,167098.4,39,0,3,Silver,2124
15698902,Germany,142703.4,111168.85,3,1,3,Silver,2124
15678720,France,0.0,165183.9,122,0,3,Silver,2125
15671630,Germany,99745.95,110938.08,18,0,3,Silver,2125
15775082,France,129776.72,164983.67,19,0,3,Silver,2126
15753092,Germany,129828.58,110312.26000000001,10,1,3,Silver,2126
15702656,France,96834.78,164723.8,20,0,3,Silver,2127
15770039,Germany,112290.22,110088.08,22,1,3,Silver,2127
15764021,France,61687.33,164437.29,22,0,3,Silver,2128
15696287,Germany,116520.28,109967.67,13,1,3,Silver,2128
15676715,France,0.0,164302.03,144,0,3,Silver,2129
15696989,Germany,139493.25,109851.44,15,1,3,Silver,2129
15626578,France,0.0,163870.44,151,0,3,Silver,2130
15759387,Germany,101487.18,109264.26,12,1,3,Silver,2130
15749345,France,76318.64,162779.37,22,0,3,Silver,2131
15657529,Germany,99141.86,108292.47,10,1,3,Silver,2131
15679760,France,115764.32,162472.46,20,0,3,Silver,2132
15641175,Germany,120916.52,107812.03,17,1,3,Silver,2132
15590177,France,133866.22,162470.38,14,0,3,Silver,2133
15766066,Germany,124511.01,107541.81999999999,10,0,3,Silver,2133
15758831,France,74896.33,162329.93,38,0,3,Silver,2134
15636731,Germany,101609.01,107226.96,14,0,3,Silver,2134
15681007,France,128548.49,162305.34,24,1,3,Silver,2135
15669064,Germany,144848.74,107077.4,20,0,3,Silver,2135
15641575,France,127261.35,162006.67,19,0,3,Silver,2136
15616859,Germany,113641.49,106611.4,13,1,3,Silver,2136
15814209,France,118870.92,161804.21,17,0,3,Silver,2137
15715750,Germany,113063.83,106216.67,12,1,3,Silver,2137
15742971,France,161887.81,161687.43,14,0,3,Silver,2138
15814468,Germany,121399.98,105891.59999999999,8,1,3,Silver,2138
15763107,France,0.0,161401.93,142,0,3,Silver,2139
15613014,Germany,107233.85,105543.86,13,0,3,Silver,2139
15674328,France,47364.45,160811.86,38,1,3,Silver,2140
15643575,Germany,65349.71,105098.93,17,0,3,Silver,2140
15676810,France,81480.27,160593.62,21,0,3,Silver,2141
15793311,Germany,119492.88,104869.78,19,1,3,Silver,2141
15701605,France,166115.42,160397.08,14,0,3,Silver,2142
15659736,Germany,121411.9,104762.19,9,1,3,Silver,2142
15598266,France,0.0,160206.47833333333,149,0,3,Silver,2143
15806389,Germany,137592.31,104251.69,11,1,3,Silver,2143
15626212,France,0.0,160201.14,153,0,3,Silver,2144
15774155,Germany,103471.52,104081.79,14,0,3,Silver,2144
15723006,France,0.0,159822.54,138,0,3,Silver,2145
15751549,Germany,77082.65,103866.53,22,0,3,Silver,2145
15815660,France,154139.45,159584.37,16,0,3,Silver,2146
15596870,Germany,144768.94,103821.23,13,1,3,Silver,2146
15710726,France,0.0,159500.43,125,0,3,Silver,2147
15669994,Germany,128663.81,103257.51,10,0,3,Silver,2147
15593959,France,93577.3,159426.9,21,0,3,Silver,2148
15811290,Germany,129974.79,103250.09,16,0,3,Silver,2148
15650488,France,127253.98,159272.48,17,1,3,Silver,2149
15674156,Germany,27288.43,103033.94,59,0,3,Silver,2149
15771409,France,151933.63,158876.32,17,1,3,Silver,2150
15699772,Germany,129248.11,102919.02,10,1,3,Silver,2150
15660878,France,126076.24,158601.73,20,0,3,Silver,2151
15712849,Germany,126550.7,102675.81,12,1,3,Silver,2151
15640635,France,0.0,158546.19,144,0,3,Silver,2152
15578783,Germany,76989.97,102587.93,17,0,3,Silver,2152
15603743,France,112070.44,158397.31,20,0,3,Silver,2153
15772601,Germany,81733.74,102335.91,17,0,3,Silver,2153
15796074,France,99472.76,158283.2,20,1,3,Silver,2154
15711843,Germany,147856.82,102324.93,9,1,3,Silver,2154
15605215,France,0.0,157829.29,153,0,3,Silver,2155
15810485,Germany,101438.0,101106.83,13,0,3,Silver,2155
15801466,France,122524.61,157757.68,27,0,3,Silver,2156
15680449,Germany,138843.7,100223.48,11,1,3,Silver,2156
15757001,France,79368.87,157568.91,32,0,3,Silver,2157
15743293,Germany,163700.78,100057.14,8,1,3,Silver,2157
15579616,France,0.0,157551.7,129,0,3,Silver,2158
15732061,Germany,121874.89,99777.72,17,1,3,Silver,2158
15791501,France,0.0,157137.27,148,0,3,Silver,2159
15640409,Germany,89087.89,99611.32,14,1,3,Silver,2159
15585595,France,71264.02,156852.87,27,0,3,Silver,2160
15649487,Germany,113150.44,99575.25,15,1,3,Silver,2160
15665283,France,72092.95,156717.1,18,1,3,Silver,2161
15750466,Germany,85839.62,99063.53,12,0,3,Silver,2161
15632143,France,119148.55,156316.76,25,0,3,Silver,2162
15660316,Germany,135549.9,98842.43,12,1,3,Silver,2162
15814536,France,112541.54,156152.93,19,0,3,Silver,2163
15661626,Germany,98792.4,98402.69,10,1,3,Silver,2163
15784320,France,133793.89,155915.88,14,1,3,Silver,2164
15651144,Germany,150561.03,98093.13,17,0,3,Silver,2164
15588219,France,106871.81,155697.1,13,0,3,Silver,2165
15763662,Germany,39043.29,98064.95,43,0,3,Silver,2165
15738267,France,124043.8,155687.38999999998,19,1,3,Silver,2166
15726589,Germany,82531.11,97952.86,10,0,3,Silver,2166
15760521,France,94164.0,155608.07,28,0,3,Silver,2167
15805260,Germany,143249.67,96871.41,13,1,3,Silver,2167
15754012,France,110752.15,155306.74,19,0,3,Silver,2168
15762799,Germany,187861.18,96645.92,7,0,3,Silver,2168
15807167,France,146766.72,154852.98,14,0,3,Silver,2169
15752857,Germany,98443.14,95627.5,15,0,3,Silver,2169
15687162,France,119889.84,154621.0,22,1,3,Silver,2170
15651627,Germany,115341.19,95612.84,13,1,3,Silver,2170
15774882,France,99587.43,154613.84,14,1,3,Silver,2171
15629078,Germany,127258.79,95583.76000000001,11,1,3,Silver,2171
15767594,France,0.0,153848.73,131,0,3,Silver,2172
15788776,Germany,132623.76,95573.89,17,1,3,Silver,2172
15663917,France,92350.36,153809.9,19,0,3,Silver,2173
15641416,Germany,94867.18,95566.62,22,1,3,Silver,2173
15778959,France,0.0,153751.13999999998,156,0,3,Silver,2174
15721047,Germany,135650.88,95312.29,13,0,3,Silver,2174
15765806,France,144591.96,153642.32,19,0,3,Silver,2175
15720814,Germany,84266.44,95123.77,23,0,3,Silver,2175
15759874,France,148595.55,153409.86,14,1,3,Silver,2176
15775192,Germany,102962.62,95095.73,13,1,3,Silver,2176
15777958,France,0.0,153216.49,152,0,3,Silver,2177
15792064,Germany,114421.55,95043.06,12,1,3,Silver,2177
15613962,France,0.0,153062.22,153,0,3,Silver,2178
15686164,Germany,108822.4,94813.74,15,0,3,Silver,2178
15663770,France,142557.11,152553.13,19,0,3,Silver,2179
15681402,Germany,66101.89,94628.9,19,0,3,Silver,2179
15764405,France,0.0,152381.66,139,0,3,Silver,2180
15619514,Germany,120105.43,94477.4,7,1,3,Silver,2180
15798844,France,128914.97,152119.76,19,1,3,Silver,2181
15669987,Germany,125884.95,94054.96,10,1,3,Silver,2181
15714391,France,183572.84,151806.24,14,1,3,Silver,2182
15634551,Germany,115248.11,93411.96,12,1,3,Silver,2182
15790683,France,104077.19,151728.96,26,0,3,Silver,2183
15610105,Germany,121827.43,91899.41,14,0,3,Silver,2183
15593014,France,112833.35,151454.12,16,0,3,Silver,2184
15641366,Germany,124737.96,91439.57,14,1,3,Silver,2184
15635143,France,56726.83,151447.78,29,0,3,Silver,2185
15807768,Germany,103033.83,91339.17,12,0,3,Silver,2185
15642870,France,0.0,151167.22,138,0,3,Silver,2186
15584536,Germany,97042.6,91214.04,16,1,3,Silver,2186
15771417,France,132412.38,150951.46,20,1,3,Silver,2187
15625761,Germany,127205.32,91035.48,10,1,3,Silver,2187
15693382,France,0.0,150812.69,150,0,3,Silver,2188
15749265,Germany,75681.52,90948.93000000001,12,0,3,Silver,2188
15598275,France,0.0,150498.15,125,0,3,Silver,2189
15767264,Germany,117438.17,90834.47,11,1,3,Silver,2189
15699753,France,89086.31,150304.53,22,0,3,Silver,2190
15618245,Germany,117020.08,90441.68000000001,11,0,3,Silver,2190
15799859,France,165438.26,150005.34,11,1,3,Silver,2191
15658364,Germany,134590.21,89907.31999999999,18,0,3,Silver,2191
15726046,France,133009.51,149845.24,12,0,3,Silver,2192
15791700,Germany,118079.47,89360.88,13,1,3,Silver,2192
15605447,France,78653.84,149676.77,26,0,3,Silver,2193
15757933,Germany,102452.71,89187.69,15,0,3,Silver,2193
15718057,France,100946.71,149554.59,20,1,3,Silver,2194
15745083,Germany,91415.76,89185.57,12,1,3,Silver,2194
15707861,France,85216.61,149292.19,27,1,3,Silver,2195
15716609,Germany,134388.11,88745.69,7,1,3,Silver,2195
15611157,France,87814.89,149077.91,29,0,3,Silver,2196
15578603,Germany,77354.37,88447.15,23,1,3,Silver,2196
15795149,France,81173.83,148434.92,28,0,3,Silver,2197
15750549,Germany,84440.1,87613.56999999999,12,0,3,Silver,2197
15668385,France,154863.15,148378.69,16,0,3,Silver,2198
15811389,Germany,171982.95,87455.62,6,0,3,Silver,2198
15707042,France,87413.19,148353.97,19,0,3,Silver,2199
15627195,Germany,112930.28,87399.73,10,0,3,Silver,2199
15724944,France,0.0,148235.78,117,0,3,Silver,2200
15643024,Germany,138718.92,86534.6,10,1,3,Silver,2200
15686936,France,89634.69,148056.61,20,1,3,Silver,2201
15787907,Germany,137227.04,86101.87,5,1,3,Silver,2201
15645045,France,0.0,148042.83,151,0,3,Silver,2202
15762332,Germany,61592.14,86003.93000000001,20,0,3,Silver,2202
15784687,France,126477.42,147748.75,20,0,3,Silver,2203
15578809,Germany,134760.21,85997.23,11,1,3,Silver,2203
15645593,France,91328.71,147712.58,25,0,3,Silver,2204
15623536,Germany,154439.86,85793.45,8,0,3,Silver,2204
15622518,France,51116.26,147065.6,35,1,3,Silver,2205
15595842,Germany,119852.01,85720.96,14,1,3,Silver,2205
15671172,France,106012.2,146818.32,21,0,3,Silver,2206
15744607,Germany,121152.05,85365.68000000001,13,1,3,Silver,2206
15597467,France,0.0,146562.91,126,0,3,Silver,2207
15591986,Germany,141078.37,84565.53,13,1,3,Silver,2207
15698716,France,87926.24,146495.9,24,1,3,Silver,2208
15607537,Germany,107850.82,84463.47,9,1,3,Silver,2208
15634501,France,140614.15,146228.29,12,0,3,Silver,2209
15581440,Germany,110463.25,84004.98,17,1,3,Silver,2209
15781530,France,0.0,145793.6875,128,0,3,Silver,2210
15732437,Germany,131873.07,83758.39,7,1,3,Silver,2210
15690744,France,112499.42,145744.79,14,0,3,Silver,2211
15707362,Germany,95556.31,83724.41,12,1,3,Silver,2211
15793842,France,76322.69,145384.88999999998,33,0,3,Silver,2212
15809286,Germany,138292.64,83717.04000000001,5,1,3,Silver,2212
15815295,France,96479.81,145318.52,22,0,3,Silver,2213
15709016,Germany,91219.29,83627.20999999999,4,1,3,Silver,2213
15776936,France,160818.08,145291.85,15,1,3,Silver,2214
15730793,Germany,111009.32,83607.79,8,1,3,Silver,2214
15792989,France,104308.77,145040.06,20,0,3,Silver,2215
15747168,Germany,103108.8,83353.92,14,1,3,Silver,2215
15585379,France,111525.02,144919.9,20,0,3,Silver,2216
15768233,Germany,114346.3,83309.29,12,1,3,Silver,2216
15679410,France,140549.4,144677.73,18,1,3,Silver,2217
15618765,Germany,99948.45,82843.73999999999,12,0,3,Silver,2217
15655632,France,131691.33,144538.91,16,0,3,Silver,2218
15745452,Germany,90218.11,82837.54,18,0,3,Silver,2218
15657396,France,0.0,144315.73,153,0,3,Silver,2219
15664772,Germany,79460.98,82811.22,10,0,3,Silver,2219
15674368,France,94435.45,143847.4,22,0,3,Silver,2220
15591010,Germany,109339.17,82739.78,5,1,3,Silver,2220
15636396,France,0.0,143400.73,117,0,3,Silver,2221
15698117,Germany,150844.94,82688.6,6,0,3,Silver,2221
15602572,France,0.0,143327.35,142,0,3,Silver,2222
15788224,Germany,123949.75,82684.82,9,0,3,Silver,2222
15605375,France,86911.8,142959.21,20,0,3,Silver,2223
15791877,Germany,140641.26,81880.7,9,0,3,Silver,2223
15680843,France,0.0,142885.36,122,0,3,Silver,2224
15584091,Germany,129748.54,81421.16,9,1,3,Silver,2224
15747542,France,0.0,142338.85,134,0,3,Silver,2225
15787222,Germany,69459.05,80964.42,23,0,3,Silver,2225
15574213,France,158271.74,142312.89,13,1,3,Silver,2226
15681878,Germany,104339.11,80655.01,12,1,3,Silver,2226
15625584,France,120452.4,142285.0,18,0,3,Silver,2227
15801473,Germany,51949.95,80557.68,18,0,3,Silver,2227
15787035,France,0.0,142127.67083333334,121,0,3,Silver,2228
15634891,Germany,102365.49,80091.31,15,1,3,Silver,2228
15718531,France,0.0,142104.83,129,0,3,Silver,2229
15669414,Germany,118356.89,79743.49,7,1,3,Silver,2229
15687852,France,104145.65,141938.52,16,0,3,Silver,2230
15806467,Germany,99282.63,79492.87,9,1,3,Silver,2230
15736124,France,102585.88,141919.36,19,0,3,Silver,2231
15596013,Germany,143212.22,79406.43,9,1,3,Silver,2231
15641411,France,112568.31,141742.18,23,0,3,Silver,2232
15766272,Germany,125193.96,79074.27,15,0,3,Silver,2232
15654760,France,101514.89,141723.35,19,0,3,Silver,2233
15568748,Germany,99564.22,78573.84,11,1,3,Silver,2233
15567114,France,118894.22,141533.38,21,0,3,Silver,2234
15797964,Germany,154333.82,78539.24,14,0,3,Silver,2234
15676521,France,0.0,141367.51,108,0,3,Silver,2235
15763980,Germany,58668.02,77901.44,19,0,3,Silver,2235
15575399,France,152160.21,141315.67,13,0,3,Silver,2236
15813946,Germany,104682.83,77545.53,7,1,3,Silver,2236
15709136,France,0.0,140824.35,128,0,3,Silver,2237
15641158,Germany,102128.27,77317.6,10,1,3,Silver,2237
15635367,France,93844.69,140208.46,21,0,3,Silver,2238
15574068,Germany,104217.3,76935.56,11,1,3,Silver,2238
15596493,France,0.0,140094.31,115,0,3,Silver,2239
15742091,Germany,118336.95,76249.82,10,1,3,Silver,2239
15688644,France,129743.75,139805.79,17,0,3,Silver,2240
15736126,Germany,98710.89,75040.82,10,1,3,Silver,2240
15585222,France,0.0,139739.42,128,0,3,Silver,2241
15727317,Germany,102286.6,74765.02,13,1,3,Silver,2241
15598086,France,68639.57,139737.24,19,1,3,Silver,2242
15788480,Germany,122325.58,74270.83,3,1,3,Silver,2242
15640580,France,0.0,139560.08,95,0,3,Silver,2243
15806438,Germany,123331.36,73788.85,11,1,3,Silver,2243
15656901,France,0.0,139460.87,135,0,3,Silver,2244
15751177,Germany,119657.53,73728.83,9,1,3,Silver,2244
15582492,France,112367.34,139270.6,18,0,3,Silver,2245
15721307,Germany,95668.82,73718.26,13,0,3,Silver,2245
15600357,France,140197.71,139172.64,16,0,3,Silver,2246
15753861,Germany,115095.88,73266.29,13,0,3,Silver,2246
15722122,France,0.0,138939.73,121,0,3,Silver,2247
15659931,Germany,123378.2,73063.04000000001,2,1,3,Silver,2247
15748595,France,77556.79,138708.21,19,0,3,Silver,2248
15795759,Germany,107906.75,73030.74,11,1,3,Silver,2248
15782404,France,96019.5,137584.79,30,0,3,Silver,2249
15617482,Germany,131441.51,72155.08,10,1,3,Silver,2249
15701109,France,0.0,137471.46,111,0,3,Silver,2250
15769246,Germany,135078.41,72097.2,11,1,3,Silver,2250
15624592,France,0.0,137466.38,121,0,3,Silver,2251
15798605,Germany,57422.62,71067.5,23,0,3,Silver,2251
15629575,France,148061.89,137293.19,11,1,3,Silver,2252
15592773,Germany,108449.23,71053.23999999999,9,1,3,Silver,2252
15731166,France,127023.39,137165.5,19,0,3,Silver,2253
15681887,Germany,129142.54,70290.35,10,0,3,Silver,2253
15745431,France,0.0,137124.0,119,0,3,Silver,2254
15604706,Germany,133105.47,70246.31999999999,8,1,3,Silver,2254
15705050,France,0.0,137115.3675,154,0,3,Silver,2255
15766427,Germany,97720.35,70128.57,7,1,3,Silver,2255
15790757,France,0.0,137016.16,117,0,3,Silver,2256
15567778,Germany,144027.8,70088.98,6,1,3,Silver,2256
15761733,France,0.0,136865.64,159,0,3,Silver,2257
15586133,Germany,122314.5,69686.77,9,1,3,Silver,2257
15693637,France,0.0,136472.84,115,0,3,Silver,2258
15729238,Germany,106396.48,69641.09,11,1,3,Silver,2258
15699430,France,0.0,136436.08,120,0,3,Silver,2259
15700627,Germany,143500.82,68409.45,8,1,3,Silver,2259
15721935,France,0.0,136348.34583333333,114,0,3,Silver,2260
15775433,Germany,53013.29,68381.33,20,0,3,Silver,2260
15742886,France,138023.79,136239.45,16,0,3,Silver,2261
15697801,Germany,74129.18,68344.38,14,1,3,Silver,2261
15678284,France,74623.5,135724.37,30,1,3,Silver,2262
15700826,Germany,123699.28,68139.06,14,0,3,Silver,2262
15613630,France,109922.61,135558.73,17,1,3,Silver,2263
15768816,Germany,107856.57,68072.86,8,0,3,Silver,2263
15787151,France,0.0,134912.78,122,0,3,Silver,2264
15686236,Germany,118087.68,67926.67,10,1,3,Silver,2264
15567335,France,0.0,134811.5,111,0,3,Silver,2265
15646764,Germany,119024.75,67788.25,11,1,3,Silver,2265
15653595,France,0.0,134774.27,100,0,3,Silver,2266
15588419,Germany,148962.46,67759.11,10,1,3,Silver,2266
15723008,France,102882.4,134704.6,18,1,3,Silver,2267
15746203,Germany,119817.33,67722.45,7,1,3,Silver,2267
15633352,France,175443.75,134690.25,6,1,3,Silver,2268
15792986,Germany,133811.78,66009.79,9,1,3,Silver,2268
15675190,France,0.0,134589.65,162,0,3,Silver,2269
15766686,Germany,104502.11,65812.75,10,0,3,Silver,2269
15574795,France,63093.01,134561.68,30,0,3,Silver,2270
15783883,Germany,117314.92,65052.96,5,1,3,Silver,2270
15579208,France,0.0,134445.76,109,0,3,Silver,2271
15798424,Germany,130854.59,64883.33,9,1,3,Silver,2271
15681174,France,116537.6,133948.05,17,0,3,Silver,2272
15718281,Germany,123276.69,64082.83,7,1,3,Silver,2272
15778345,France,74385.98,133853.09,28,0,3,Silver,2273
15763415,Germany,134378.89,64025.29,6,0,3,Silver,2273
15709256,France,0.0,133736.21,142,0,3,Silver,2274
15663489,Germany,138577.34,63648.0,8,0,3,Silver,2274
15715643,France,0.0,133612.68,125,0,3,Silver,2275
15762729,Germany,111071.36,63242.3,9,1,3,Silver,2275
15759274,France,0.0,133601.31,172,0,3,Silver,2276
15580148,Germany,168286.81,63136.05,7,1,3,Silver,2276
15745804,France,0.0,133438.36000000002,100,0,3,Silver,2277
15581036,Germany,109308.79,62736.479999999996,10,1,3,Silver,2277
15770539,France,127187.86,132846.83000000002,16,0,3,Silver,2278
15625501,Germany,127201.58,62331.68,12,1,3,Silver,2278
15655339,France,142120.91,132587.06,13,0,3,Silver,2279
15750156,Germany,104568.41,61563.58,14,1,3,Silver,2279
15601796,France,125739.26,132255.91,14,0,3,Silver,2280
15748660,Germany,102025.32,61347.15,10,1,3,Silver,2280
15696564,France,145974.79,132241.91,16,0,3,Silver,2281
15616367,Germany,121523.51,61153.83,5,1,3,Silver,2281
15803406,France,77780.29,132235.56,24,0,3,Silver,2282
15778975,Germany,96947.58,60766.54,11,1,3,Silver,2282
15769346,France,134997.49,131936.65,14,0,3,Silver,2283
15617331,Germany,109698.41,60717.38,8,1,3,Silver,2283
15700601,France,78829.53,131757.38999999998,20,0,3,Silver,2284
15768163,Germany,137145.12,60634.7,8,1,3,Silver,2284
15712264,France,0.0,131594.13,168,0,3,Silver,2285
15772423,Germany,126418.14,60467.7,8,1,3,Silver,2285
15632859,France,0.0,131430.26,131,0,3,Silver,2286
15810444,Germany,130565.02,59997.87,10,1,3,Silver,2286
15632324,France,0.0,131332.51,112,0,3,Silver,2287
15571305,Germany,103060.63,59618.57,9,1,3,Silver,2287
15764072,France,109848.6,131292.29,23,0,3,Silver,2288
15751561,Germany,102453.26,59551.58,8,1,3,Silver,2288
15673747,France,0.0,130666.98,128,0,3,Silver,2289
15779627,Germany,134644.19,59543.93,6,0,3,Silver,2289
15635893,France,0.0,130628.48,124,0,3,Silver,2290
15812198,Germany,100900.5,58914.04,8,1,3,Silver,2290
15641715,France,0.0,130505.73,138,0,3,Silver,2291
15633897,Germany,50880.98,58862.88,16,0,3,Silver,2291
15710365,France,104129.24,130441.09,7,1,3,Silver,2292
15630709,Germany,56116.3,58736.56,13,0,3,Silver,2292
15574296,France,80673.96,130397.95999999999,29,0,3,Silver,2293
15648075,Germany,170935.94,58730.24,5,1,3,Silver,2293
15602979,France,135536.5,130351.5,20,0,3,Silver,2294
15762238,Germany,84745.03,58427.479999999996,7,0,3,Silver,2294
15666166,France,121276.32,130178.38,17,0,3,Silver,2295
15653776,Germany,162082.31,57896.64,4,1,3,Silver,2295
15736271,France,0.0,130142.61,107,0,3,Silver,2296
15645271,Germany,108528.07,57342.07,6,1,3,Silver,2296
15586996,France,0.0,129728.1,99,0,3,Silver,2297
15784124,Germany,93925.3,57246.17,8,1,3,Silver,2297
15585599,France,0.0,129416.24,139,0,3,Silver,2298
15663933,Germany,86147.46,56188.86,12,1,3,Silver,2298
15645404,France,124620.01,129398.0,15,1,3,Silver,2299
15713440,Germany,151701.45,55530.89,5,1,3,Silver,2299
15577657,France,0.0,129176.54,134,0,3,Silver,2300
15696061,Germany,101633.04,55512.62,8,0,3,Silver,2300
15757981,France,0.0,129168.5,133,0,3,Silver,2301
15577515,Germany,108477.27,55011.259999999995,5,1,3,Silver,2301
15680197,France,0.0,129154.99,160,0,3,Silver,2302
15669664,Germany,99774.5,54964.56,11,1,3,Silver,2302
15651958,France,0.0,129031.04,134,0,3,Silver,2303
15605059,Germany,148843.56,54830.840000000004,9,1,3,Silver,2303
15709846,France,94968.97,128906.92,16,0,3,Silver,2304
15766288,Germany,103700.69,54788.95,10,1,3,Silver,2304
15760774,France,146329.57,128588.3,15,0,3,Silver,2305
15694821,Germany,148962.76,54588.92,2,1,3,Silver,2305
15809872,France,84906.45,128426.45,25,0,3,Silver,2306
15718242,Germany,104887.43,54125.86,6,1,3,Silver,2306
15726466,France,114974.24,128298.35,21,0,3,Silver,2307
15572428,Germany,115777.23,53959.04,9,0,3,Silver,2307
15780220,France,0.0,128200.34,163,0,3,Silver,2308
15791867,Germany,108895.93,53146.33,11,1,3,Silver,2308
15663921,France,0.0,128138.16,124,0,3,Silver,2309
15778304,Germany,92398.08,52957.64,5,0,3,Silver,2309
15632850,France,0.0,128089.98,128,0,3,Silver,2310
15670823,Germany,116646.76,52144.05,9,1,3,Silver,2310
15767339,France,0.0,127804.01,104,0,3,Silver,2311
15595728,Germany,119276.31,51449.69,7,1,3,Silver,2311
15612350,France,40915.55,127417.5,44,1,3,Silver,2312
15675926,Germany,118028.35,51122.99,7,1,3,Silver,2312
15748718,France,115062.61,127099.12,19,0,3,Silver,2313
15810418,Germany,115924.89,51110.16,8,1,3,Silver,2313
15608726,France,0.0,127087.15000000001,117,0,3,Silver,2314
15669805,Germany,99557.94,51106.47,6,0,3,Silver,2314
15715622,France,238387.56,127055.43000000001,3,1,3,Silver,2315
15795895,Germany,117864.85,51071.58,7,0,3,Silver,2315
15768095,France,0.0,126567.94,150,0,3,Silver,2316
15694506,Germany,107884.81,50885.67,7,0,3,Silver,2316
15626900,France,141325.56,126304.71,19,0,3,Silver,2317
15684908,Germany,91869.69,50827.67,13,0,3,Silver,2317
15614049,France,0.0,125821.61,134,0,3,Silver,2318
15606397,Germany,152086.15,50211.79,6,1,3,Silver,2318
15745533,France,110314.21,125381.06,14,1,3,Silver,2319
15782736,Germany,152522.47,49865.840000000004,7,1,3,Silver,2319
15706021,France,96645.54,124665.55,17,0,3,Silver,2320
15733361,Germany,86714.06,49808.98,6,1,3,Silver,2320
15650258,France,113090.4,124321.47,20,0,3,Silver,2321
15751032,Germany,35549.81,49688.06,20,0,3,Silver,2321
15679429,France,91956.49,124088.7,16,0,3,Silver,2322
15779176,Germany,108888.24,49439.76,3,1,3,Silver,2322
15694408,France,139290.41,123993.17,12,1,3,Silver,2323
15659651,Germany,117052.82,49050.549999999996,9,1,3,Silver,2323
15744979,France,0.0,123918.15,124,0,3,Silver,2324
15689886,Germany,132287.92,48891.96,7,1,3,Silver,2324
15737909,France,111095.58,123888.55,24,0,3,Silver,2325
15764033,Germany,121927.92,48017.49,7,1,3,Silver,2325
15801994,France,0.0,123777.07,105,0,3,Silver,2326
15658716,Germany,92171.35,47638.8,6,1,3,Silver,2326
15565714,France,64430.06,123489.92,22,0,3,Silver,2327
15761023,Germany,120847.11,47536.57,7,1,3,Silver,2327
15587066,France,119272.29,123313.51,13,1,3,Silver,2328
15687001,Germany,123544.0,46461.87,3,1,3,Silver,2328
15721937,France,138131.34,123092.19,10,0,3,Silver,2329
15663650,Germany,107304.39,46322.579999999994,5,1,3,Silver,2329
15800890,France,0.0,123023.05,102,0,3,Silver,2330
15663161,Germany,143139.87,46317.73,4,1,3,Silver,2330
15749365,France,0.0,122880.56999999999,130,0,3,Silver,2331
15653937,Germany,123916.67,45522.74,4,1,3,Silver,2331
15577178,France,68375.27,122566.52,28,1,3,Silver,2332
15566030,Germany,80542.81,45394.799999999996,10,1,3,Silver,2332
15659327,France,121197.64,122554.15,12,1,3,Silver,2333
15581198,Germany,122104.79,45176.47,6,1,3,Silver,2333
15789974,France,94598.48,122494.55,19,1,3,Silver,2334
15603665,Germany,122501.28,44775.4,5,0,3,Silver,2334
15602124,France,0.0,122348.56,112,0,3,Silver,2335
15794137,Germany,151218.98,44616.1,6,0,3,Silver,2335
15592123,France,0.0,122292.81,103,0,3,Silver,2336
15794048,Germany,97133.92,44323.53,8,1,3,Silver,2336
15604355,France,97700.02,121774.72,21,0,3,Silver,2337
15678944,Germany,130935.56,43658.27,4,1,3,Silver,2337
15800620,France,0.0,121763.66,89,0,3,Silver,2338
15675585,Germany,97738.97,42872.2,7,0,3,Silver,2338
15601116,France,0.0,121098.14,114,0,3,Silver,2339
15636089,Germany,145751.03,42486.54,10,1,3,Silver,2339
15765518,France,105229.53,120991.38,15,1,3,Silver,2340
15656822,Germany,87612.64,42341.33,10,1,3,Silver,2340
15595388,France,0.0,120788.49,163,0,3,Silver,2341
15691287,Germany,141816.25,42278.869999999995,5,1,3,Silver,2341
15808389,France,0.0,120620.71,114,0,3,Silver,2342
15744873,Germany,143595.87,42138.96,5,1,3,Silver,2342
15737051,France,0.0,120145.27,83,0,3,Silver,2343
15747649,Germany,126606.63,41433.85,5,0,3,Silver,2343
15662483,France,0.0,120119.22,111,0,3,Silver,2344
15803749,Germany,87541.06,41279.19,12,1,3,Silver,2344
15724848,France,104947.72,120100.12,14,1,3,Silver,2345
15778395,Germany,88815.56,41152.01,13,1,3,Silver,2345
15770811,France,0.0,120059.96,142,0,3,Silver,2346
15648881,Germany,101016.53,40953.56,7,1,3,Silver,2346
15693264,France,0.0,119847.13,171,0,3,Silver,2347
15748752,Germany,102772.67,40236.770000000004,6,0,3,Silver,2347
15684103,France,0.0,119746.01,157,0,3,Silver,2348
15807993,Germany,110148.49,39838.89,8,1,3,Silver,2348
15808175,France,49572.73,119277.09,24,1,3,Silver,2349
15740527,Germany,142724.48,39686.64,3,1,3,Silver,2349
15693906,France,34547.82,119001.41,56,0,3,Silver,2350
15670528,Germany,132217.45,39450.24,4,1,3,Silver,2350
15605279,France,0.0,118830.13,87,1,3,Silver,2351
15769596,Germany,110407.44,39184.74,6,1,3,Silver,2351
15683560,France,0.0,118736.31,82,0,3,Silver,2352
15572415,France,0.0,118551.12,106,0,3,Silver,2353
15750258,France,155663.31,118544.16,16,0,3,Silver,2354
15734737,France,0.0,118473.26,143,0,3,Silver,2355
15661532,France,160566.11,118176.54,13,0,3,Silver,2356
15616221,France,85646.81,118034.69,28,1,3,Silver,2357
15643574,France,0.0,117956.38,100,0,3,Silver,2358
15684934,France,0.0,117457.99,154,0,3,Silver,2359
15759021,France,0.0,117319.06,112,0,3,Silver,2360
15629744,France,0.0,117166.06,128,0,3,Silver,2361
15737732,France,0.0,117137.38,100,0,3,Silver,2362
15588517,France,0.0,117040.77416666667,110,0,3,Silver,2363
15809100,France,172448.77,117029.61,10,1,3,Silver,2364
15686463,France,141074.59,116974.09,16,1,3,Silver,2365
15565996,France,0.0,116933.3,125,0,3,Silver,2366
15813916,France,89688.94,116932.19,17,0,3,Silver,2367
15757646,France,0.0,116782.9975,91,0,3,Silver,2368
15578006,France,0.0,116735.88,159,0,3,Silver,2369
15793803,France,112572.39,116687.75,13,0,3,Silver,2370
15587690,France,116498.22,116630.13,16,0,3,Silver,2371
15635597,France,0.0,116269.43,118,0,3,Silver,2372
15771299,France,92053.0,116258.0,21,1,3,Silver,2373
15815626,France,68432.45,116009.89,11,1,3,Silver,2374
15760090,France,0.0,115977.67,119,0,3,Silver,2375
15782778,France,0.0,115956.56,80,0,3,Silver,2376
15726945,France,0.0,115801.65,125,0,3,Silver,2377
15590676,France,141796.43,115768.81999999999,12,0,3,Silver,2378
15645839,France,0.0,115768.46,94,0,3,Silver,2379
15613656,France,63492.94,115559.83,25,0,3,Silver,2380
15787772,France,104091.29,115324.28,9,0,3,Silver,2381
15689751,France,79589.43,115274.03,18,0,3,Silver,2382
15808582,France,0.0,115046.04,94,0,3,Silver,2383
15805681,France,0.0,114898.37,150,0,3,Silver,2384
15592229,France,185891.54,114876.47,15,1,3,Silver,2385
15619801,France,80107.83,114771.59,24,0,3,Silver,2386
15802741,France,136294.97,114643.62,10,1,3,Silver,2387
15574072,France,0.0,114407.0,123,0,3,Silver,2388
15728480,France,0.0,114105.68,133,0,3,Silver,2389
15800083,France,24043.45,114099.71,59,1,3,Silver,2390
15660768,France,84315.02,114033.38,15,0,3,Silver,2391
15672397,France,125487.89,113730.99,10,0,3,Silver,2392
15678725,France,0.0,113709.25,134,0,3,Silver,2393
15605072,France,145860.98,113692.26,10,1,3,Silver,2394
15751748,France,148222.65,113575.81,11,1,3,Silver,2395
15633870,France,0.0,113169.95999999999,165,0,3,Silver,2396
15575605,France,0.0,113055.06999999999,105,0,3,Silver,2397
15576723,France,0.0,112934.14,109,0,3,Silver,2398
15786643,France,0.0,112708.53,158,0,3,Silver,2399
15576745,France,96542.16,112652.37,21,0,3,Silver,2400
15724269,France,0.0,112460.61166666666,124,0,3,Silver,2401
15609176,France,0.0,112193.24,91,0,3,Silver,2402
15666270,France,147803.48,112177.21,14,1,3,Silver,2403
15666163,France,100421.1,112162.21,19,0,3,Silver,2404
15699450,France,0.0,111964.01,111,0,3,Silver,2405
15797787,France,118311.76,111962.19,15,0,3,Silver,2406
15665438,France,163159.85,111856.07,17,0,3,Silver,2407
15582903,France,0.0,111489.54000000001,103,0,3,Silver,2408
15706647,France,0.0,111460.7,121,0,3,Silver,2409
15703019,France,0.0,111282.23,160,0,3,Silver,2410
15580701,France,153819.58,111161.56,11,1,3,Silver,2411
15660535,France,0.0,111135.82,92,0,3,Silver,2412
15792934,France,0.0,111130.23,77,0,3,Silver,2413
15575935,France,178058.06,110828.42,8,1,3,Silver,2414
15729117,France,102523.88,110771.02,17,0,3,Silver,2415
15772009,France,0.0,110592.58,94,0,3,Silver,2416
15786789,France,0.0,110437.2,97,0,3,Silver,2417
15623430,France,0.0,110363.91,111,0,3,Silver,2418
15749557,France,0.0,110087.11,102,0,3,Silver,2419
15682489,France,0.0,109976.36,90,0,3,Silver,2420
15704442,France,169406.33,109941.73,9,1,3,Silver,2421
15648069,France,0.0,109916.28,94,0,3,Silver,2422
15605455,France,0.0,109678.54,87,0,3,Silver,2423
15652667,France,0.0,109593.66333333333,163,0,3,Silver,2424
15740900,France,0.0,109554.28,97,0,3,Silver,2425
15766609,France,0.0,109481.34,104,0,3,Silver,2426
15780256,France,0.0,109452.77,151,0,3,Silver,2427
15571144,France,0.0,109413.1,147,0,3,Silver,2428
15617657,France,103502.22,109262.18000000001,10,0,3,Silver,2429
15637829,France,0.0,109168.46,101,0,3,Silver,2430
15803976,France,0.0,109074.12583333334,95,0,3,Silver,2431
15661903,France,80764.03,109009.66,17,1,3,Silver,2432
15594391,France,183555.24,108961.18,8,1,3,Silver,2433
15773283,France,38340.02,108920.97,42,1,3,Silver,2434
15702801,France,86616.35,108575.91,22,1,3,Silver,2435
15673223,France,0.0,108508.53,88,0,3,Silver,2436
15570060,France,132558.26,108121.79000000001,13,1,3,Silver,2437
15773776,France,0.0,107988.91,106,0,3,Silver,2438
15637522,France,106942.08,107926.0,10,0,3,Silver,2439
15588918,France,0.0,107769.45999999999,80,0,3,Silver,2440
15775741,France,0.0,107609.91,149,0,3,Silver,2441
15755978,France,0.0,107492.78,120,0,3,Silver,2442
15584785,France,97324.91,107429.62,18,0,3,Silver,2443
15642885,France,0.0,107415.18,83,0,3,Silver,2444
15658852,France,0.0,107339.39,134,0,3,Silver,2445
15761364,France,0.0,107231.49,96,0,3,Silver,2446
15731755,France,0.0,107154.52,101,0,3,Silver,2447
15597265,France,0.0,107144.37,120,0,3,Silver,2448
15567339,France,0.0,107079.22,138,0,3,Silver,2449
15569503,France,0.0,106865.96,99,0,3,Silver,2450
15767894,France,0.0,106800.47,138,0,3,Silver,2451
15604813,France,0.0,106492.11,115,0,3,Silver,2452
15814519,France,0.0,106425.4,75,0,3,Silver,2453
15808831,France,0.0,106384.85,118,0,3,Silver,2454
15662736,France,147069.78,106379.87,10,1,3,Silver,2455
15711750,France,0.0,106296.95,103,0,3,Silver,2456
15812073,France,0.0,105824.49,115,0,3,Silver,2457
15800031,France,66338.68,105734.7,22,1,3,Silver,2458
15803202,France,0.0,105702.27583333333,129,1,3,Silver,2459
15771442,France,150578.0,105582.48,6,1,3,Silver,2460
15576124,France,40488.76,105343.46,25,0,3,Silver,2461
15649451,France,0.0,105114.05916666666,153,0,3,Silver,2462
15632575,France,0.0,104883.1,138,0,3,Silver,2463
15623143,France,0.0,104869.95,91,0,3,Silver,2464
15666767,France,86893.28,104837.88,21,0,3,Silver,2465
15620981,France,73309.38,104823.52,18,1,3,Silver,2466
15615575,France,0.0,104784.84,126,0,3,Silver,2467
15778287,France,0.0,104610.01,152,0,3,Silver,2468
15662085,France,0.0,104525.51,140,0,3,Silver,2469
15803840,France,0.0,104498.08,109,0,3,Silver,2470
15592089,France,0.0,104416.72,144,0,3,Silver,2471
15771580,France,106831.69,104345.28,13,0,3,Silver,2472
15738785,France,0.0,104301.48,112,0,3,Silver,2473
15709604,France,107433.48,104151.2,17,0,3,Silver,2474
15636423,France,0.0,104093.93,115,0,3,Silver,2475
15598161,France,0.0,104043.5,89,0,3,Silver,2476
15702061,France,0.0,103905.38,117,0,3,Silver,2477
15659949,France,96399.31,103897.03,16,0,3,Silver,2478
15569120,France,0.0,103866.42,107,0,3,Silver,2479
15655794,France,0.0,103675.84,136,0,3,Silver,2480
15806420,France,0.0,103666.26,96,0,3,Silver,2481
15595640,France,0.0,103443.24,95,0,3,Silver,2482
15740147,France,0.0,103274.61,171,0,3,Silver,2483
15713379,France,0.0,103119.18000000001,74,0,3,Silver,2484
15815097,France,0.0,102988.87,106,0,3,Silver,2485
15730447,France,0.0,102804.12,64,0,3,Silver,2486
15735968,France,0.0,102763.02,162,0,3,Silver,2487
15686538,France,0.0,102670.71,108,0,3,Silver,2488
15684861,France,0.0,102658.34,69,0,3,Silver,2489
15661380,France,0.0,102598.44,89,0,3,Silver,2490
15619699,France,0.0,102412.86,76,0,3,Silver,2491
15761783,France,0.0,102141.58,105,0,3,Silver,2492
15679550,France,0.0,102039.05,96,0,3,Silver,2493
15594917,France,63095.01,101091.74,27,0,3,Silver,2494
15749167,France,0.0,101012.27,64,0,3,Silver,2495
15645904,France,0.0,100886.16,100,0,3,Silver,2496
15589076,France,0.0,100862.79,97,1,3,Silver,2497
15618171,France,0.0,100850.82583333334,152,0,3,Silver,2498
15654891,France,0.0,100835.51,97,0,3,Silver,2499
15785798,France,0.0,100761.48,137,0,3,Silver,2500
15592025,France,0.0,100639.28,117,0,3,Silver,2501
15696859,France,0.0,100460.91,102,0,3,Silver,2502
15728906,France,0.0,100280.13,81,0,3,Silver,2503
15624188,France,0.0,100179.97,90,0,3,Silver,2504
15587676,France,0.0,100096.9,154,0,3,Silver,2505
15605020,France,165901.59,100096.35,9,1,3,Silver,2506
15682467,France,118851.05,100046.43,17,0,3,Silver,2507
15700714,France,0.0,100038.4,118,0,3,Silver,2508
15625759,France,0.0,100008.04,102,0,3,Silver,2509
15617476,France,0.0,99916.4,78,0,3,Silver,2510
15642336,France,0.0,99759.86666666667,84,0,3,Silver,2511
15573769,France,0.0,99721.5,84,0,3,Silver,2512
15654975,France,123835.52,99696.78,10,0,3,Silver,2513
15694510,France,129855.32,99673.87,16,0,3,Silver,2514
15806455,France,0.0,99408.6,109,0,3,Silver,2515
15796343,France,82787.93,99295.35,21,0,3,Silver,2516
15677117,France,0.0,99138.49,112,0,3,Silver,2517
15604732,France,0.0,99015.85,102,0,3,Silver,2518
15776211,France,0.0,98973.08,103,0,3,Silver,2519
15675963,France,0.0,98686.47,145,0,3,Silver,2520
15585041,France,0.0,98623.9,112,0,3,Silver,2521
15756305,France,0.0,98582.24,101,0,3,Silver,2522
15723105,France,0.0,98548.34,101,0,3,Silver,2523
15799652,France,152582.2,98346.94,8,0,3,Silver,2524
15700965,France,0.0,98312.87,98,0,3,Silver,2525
15810807,France,0.0,98208.83,92,0,3,Silver,2526
15713578,France,0.0,98159.14,146,0,3,Silver,2527
15783541,France,0.0,98084.5,80,0,3,Silver,2528
15581102,France,0.0,98050.38,128,0,3,Silver,2529
15642291,France,0.0,97843.0,130,0,3,Silver,2530
15631072,France,94456.0,97805.07,20,0,3,Silver,2531
15809826,France,109705.52,97649.77,12,1,3,Silver,2532
15621435,France,160903.2,97524.74,12,0,3,Silver,2533
15699830,France,0.0,97515.2,121,0,3,Silver,2534
15612030,France,0.0,97467.64,150,0,3,Silver,2535
15783083,France,0.0,97151.32,89,0,3,Silver,2536
15672299,France,0.0,97121.26,91,0,3,Silver,2537
15767474,France,0.0,97021.99,90,1,3,Silver,2538
15713949,France,76914.21,96974.55,18,0,3,Silver,2539
15619087,France,102520.37,96744.84,18,0,3,Silver,2540
15604832,France,0.0,96733.16,133,0,3,Silver,2541
15777923,France,0.0,96548.48,99,0,3,Silver,2542
15574910,France,115625.07,96483.47,19,0,3,Silver,2543
15782939,France,80214.36,96472.02,16,1,3,Silver,2544
15697020,France,91068.56,96441.08,26,0,3,Silver,2545
15665579,France,142705.95,96401.45,10,0,3,Silver,2546
15580988,France,0.0,96325.15,116,0,3,Silver,2547
15711181,France,0.0,96306.25,70,0,3,Silver,2548
15733444,France,0.0,96080.28,82,0,3,Silver,2549
15697480,France,0.0,96067.93,117,0,3,Silver,2550
15762218,France,0.0,96034.17,124,0,3,Silver,2551
15596649,France,0.0,95720.29,94,0,3,Silver,2552
15694272,France,64097.75,95700.26,22,0,3,Silver,2553
15709387,France,0.0,95696.23,94,0,3,Silver,2554
15749693,France,0.0,95632.08,99,0,3,Silver,2555
15760456,France,123711.73,95124.9,9,1,3,Silver,2556
15732621,France,0.0,95105.57,148,0,3,Silver,2557
15803908,France,0.0,95021.56,143,0,3,Silver,2558
15688637,France,0.0,94927.18000000001,75,0,3,Silver,2559
15714227,France,0.0,94903.39,111,0,3,Silver,2560
15578211,France,0.0,94755.92,98,0,3,Silver,2561
15588587,France,86837.95,94592.61,17,0,3,Silver,2562
15617252,France,87347.7,94518.71,18,0,3,Silver,2563
15575214,France,0.0,94498.58,88,0,3,Silver,2564
15578098,France,0.0,94247.16,130,0,3,Silver,2565
15758750,France,110527.17,94056.56,13,0,3,Silver,2566
15694890,France,124271.26,93991.06,12,0,3,Silver,2567
15625126,France,0.0,93947.05,106,0,3,Silver,2568
15733447,France,124662.54,93846.69,17,1,3,Silver,2569
15703167,France,0.0,93683.74,82,0,3,Silver,2570
15662571,France,0.0,93637.05,89,0,3,Silver,2571
15584545,France,0.0,93618.81999999999,80,0,3,Silver,2572
15596074,France,0.0,93498.35,172,0,3,Silver,2573
15640922,France,0.0,93232.47,119,0,3,Silver,2574
15698184,France,90408.16,93139.45999999999,16,0,3,Silver,2575
15572631,France,0.0,93114.95,152,0,3,Silver,2576
15643903,France,154483.98,92886.3,12,0,3,Silver,2577
15573318,France,0.0,92614.96,81,0,3,Silver,2578
15696826,France,104001.38,92477.77,12,0,3,Silver,2579
15713250,France,0.0,92310.25,122,0,3,Silver,2580
15782475,France,0.0,92305.01,134,0,3,Silver,2581
15792222,France,106881.5,92271.64,14,0,3,Silver,2582
15623927,France,0.0,92122.85,146,0,3,Silver,2583
15704466,France,0.0,92041.03,72,0,3,Silver,2584
15593694,France,0.0,91991.1,88,0,3,Silver,2585
15714062,France,77641.99,91988.84,17,1,3,Silver,2586
15676094,France,0.0,91976.39,100,0,3,Silver,2587
15801218,France,135133.39,91913.88,16,1,3,Silver,2588
15703037,France,0.0,91880.41,79,1,3,Silver,2589
15743192,France,0.0,91836.24,71,0,3,Silver,2590
15591428,France,0.0,91811.48,91,0,3,Silver,2591
15710424,France,0.0,91582.55,71,0,3,Silver,2592
15756804,France,170833.46,91535.87,9,1,3,Silver,2593
15703119,France,0.0,91472.62,93,0,3,Silver,2594
15679991,France,0.0,91450.01,114,0,3,Silver,2595
15611247,France,0.0,91331.45,105,0,3,Silver,2596
15632185,France,82228.67,91228.66,19,0,3,Silver,2597
15786993,France,0.0,91106.58,87,0,3,Silver,2598
15706729,France,105271.56,91060.36,9,0,3,Silver,2599
15737792,France,186796.37,90912.41,9,0,3,Silver,2600
15732967,France,0.0,90905.03,92,0,3,Silver,2601
15715667,France,0.0,90874.73,84,0,3,Silver,2602
15581479,France,83181.29,90819.94,22,0,3,Silver,2603
15757568,France,0.0,90720.31,106,0,3,Silver,2604
15770291,France,0.0,90628.22,83,0,3,Silver,2605
15658148,France,0.0,90610.96,69,0,3,Silver,2606
15780650,France,0.0,90364.48,141,0,3,Silver,2607
15644788,France,0.0,90339.39,66,0,3,Silver,2608
15643908,France,0.0,90182.79,167,0,3,Silver,2609
15725355,France,0.0,90179.82,132,0,3,Silver,2610
15736769,France,0.0,90172.46,94,0,3,Silver,2611
15585892,France,0.0,90101.02,81,0,3,Silver,2612
15774179,France,0.0,90093.4,97,0,3,Silver,2613
15779496,France,81564.1,90089.35,5,0,3,Silver,2614
15586974,France,0.0,90021.56,146,0,3,Silver,2615
15775912,France,101238.24,90012.81999999999,19,1,3,Silver,2616
15681220,France,0.0,89950.71,130,0,3,Silver,2617
15659937,France,0.0,89926.43,124,0,3,Silver,2618
15774536,France,0.0,89734.40083333333,61,0,3,Silver,2619
15596397,France,0.0,89717.15,107,0,3,Silver,2620
15753213,France,0.0,89711.0,65,0,3,Silver,2621
15786078,France,0.0,89533.37,72,0,3,Silver,2622
15701885,France,0.0,89331.21,143,0,3,Silver,2623
15796231,France,98894.39,89108.12,18,0,3,Silver,2624
15739514,France,0.0,88837.93,158,0,3,Silver,2625
15670755,France,0.0,88815.37,126,0,3,Silver,2626
15758306,France,0.0,88703.78,108,0,3,Silver,2627
15718106,France,0.0,88645.39,75,0,3,Silver,2628
15671256,France,211774.31,88580.67,10,1,3,Silver,2629
15611973,France,0.0,88564.62,113,0,3,Silver,2630
15713094,France,0.0,88502.56,119,0,3,Silver,2631
15772243,France,0.0,88168.65,103,1,3,Silver,2632
15683168,France,0.0,88159.87,95,0,3,Silver,2633
15737814,France,127087.06,88103.66,10,1,3,Silver,2634
15742504,France,70181.48,88078.83,21,0,3,Silver,2635
15698619,France,0.0,88019.83,143,0,3,Silver,2636
15623858,France,0.0,87980.99,92,0,3,Silver,2637
15719931,France,0.0,87969.98,70,0,3,Silver,2638
15757577,France,0.0,87954.05,141,0,3,Silver,2639
15744295,France,94773.11,87913.32,12,0,3,Silver,2640
15725478,France,0.0,87890.19,113,0,3,Silver,2641
15645815,France,0.0,87867.97,99,0,3,Silver,2642
15791958,France,0.0,87845.13,80,1,3,Silver,2643
15719265,France,0.0,87832.05,96,0,3,Silver,2644
15791767,France,0.0,87824.89,75,0,3,Silver,2645
15588944,France,165350.61,87776.42,8,1,3,Silver,2646
15796612,France,112203.25,87740.94,14,0,3,Silver,2647
15734565,France,0.0,87573.59,76,0,3,Silver,2648
15599152,France,156111.24,87550.86,6,0,3,Silver,2649
15779423,France,70657.61,87361.62,18,0,3,Silver,2650
15684484,France,0.0,87242.48,96,0,3,Silver,2651
15759872,France,0.0,87229.23,90,0,3,Silver,2652
15615296,France,0.0,87152.65,76,1,3,Silver,2653
15769522,France,118537.47,87148.69,13,0,3,Silver,2654
15746028,France,0.0,86991.28,80,0,3,Silver,2655
15714431,France,100443.36,86755.11,15,0,3,Silver,2656
15625047,France,0.0,86677.53,91,0,3,Silver,2657
15750099,France,0.0,86527.02,80,0,3,Silver,2658
15589435,France,0.0,86456.72,101,0,3,Silver,2659
15594915,France,0.0,86331.46,133,0,3,Silver,2660
15744529,France,0.0,86178.89,117,0,3,Silver,2661
15714877,France,0.0,86117.63,97,0,3,Silver,2662
15651664,France,104267.7,85942.13,6,1,3,Silver,2663
15649086,France,0.0,85810.7775,118,0,3,Silver,2664
15744200,France,70784.27,85775.90000000001,13,0,3,Silver,2665
15623695,France,0.0,85760.59,86,0,3,Silver,2666
15610755,France,137811.75,85754.87,8,0,3,Silver,2667
15677538,France,0.0,85736.87,120,0,3,Silver,2668
15568742,France,0.0,85729.41,98,0,3,Silver,2669
15729804,France,0.0,85702.4,161,0,3,Silver,2670
15796413,France,0.0,85500.69,77,0,3,Silver,2671
15636520,France,125547.53,85444.88,9,0,3,Silver,2672
15770214,France,0.0,85211.05,86,0,3,Silver,2673
15814816,France,91592.06,85132.37,13,1,3,Silver,2674
15749004,France,118100.59,85025.52,7,0,3,Silver,2675
15690673,France,0.0,84916.97,81,0,3,Silver,2676
15676117,France,0.0,84795.14,94,0,3,Silver,2677
15761158,France,0.0,84687.97,118,0,3,Silver,2678
15754999,France,0.0,84636.02,132,0,3,Silver,2679
15789548,France,0.0,84585.16,107,0,3,Silver,2680
15805884,France,0.0,84490.06,97,0,3,Silver,2681
15584364,France,59486.31,84215.79,19,1,3,Silver,2682
15728010,France,0.0,84187.05,89,0,3,Silver,2683
15687738,France,0.0,83977.52,100,0,3,Silver,2684
15785342,France,0.0,83959.1,142,0,3,Silver,2685
15718944,France,0.0,83565.17,77,0,3,Silver,2686
15706170,France,84055.43,83530.69,12,0,3,Silver,2687
15581893,France,130788.71,83461.09,11,1,3,Silver,2688
15578722,France,0.0,83361.37,59,0,3,Silver,2689
15689955,France,0.0,83240.79,75,0,3,Silver,2690
15763907,France,104614.29,83072.94,10,1,3,Silver,2691
15657778,France,84309.57,83049.36,15,0,3,Silver,2692
15615176,France,0.0,83020.68000000001,80,0,3,Silver,2693
15804721,France,191808.73,82927.89,6,0,3,Silver,2694
15628523,France,0.0,82867.99,63,0,3,Silver,2695
15789924,France,0.0,82652.35,78,0,3,Silver,2696
15731781,France,0.0,82605.51,62,0,3,Silver,2697
15645744,France,0.0,82566.13,85,0,3,Silver,2698
15801072,France,0.0,82510.5,77,0,3,Silver,2699
15668309,France,111098.85,82468.51,8,1,3,Silver,2700
15603328,France,77805.66,82408.31,15,0,3,Silver,2701
15592028,France,0.0,82369.1,121,0,3,Silver,2702
15574237,France,0.0,82340.76,119,0,3,Silver,2703
15774857,France,0.0,82205.25,72,1,3,Silver,2704
15605134,France,131244.65,82064.09,8,0,3,Silver,2705
15753679,France,0.0,81993.5,71,0,3,Silver,2706
15624347,France,0.0,81971.2025,62,0,3,Silver,2707
15646227,France,97893.2,81871.92,10,0,3,Silver,2708
15682995,France,78535.25,81635.21,13,0,3,Silver,2709
15584271,France,0.0,81622.78,92,0,3,Silver,2710
15578238,France,0.0,81446.4,63,0,3,Silver,2711
15617052,France,0.0,81406.28,64,1,3,Silver,2712
15618566,France,0.0,81348.86,120,0,3,Silver,2713
15610403,France,106086.42,81329.6,11,0,3,Silver,2714
15607884,France,0.0,81251.75,128,0,3,Silver,2715
15763194,France,0.0,81236.36,116,0,3,Silver,2716
15779904,France,0.0,81043.85,74,0,3,Silver,2717
15689268,France,0.0,80967.78,123,0,3,Silver,2718
15715744,France,0.0,80837.82,116,0,3,Silver,2719
15625819,France,0.0,80607.77,81,0,3,Silver,2720
15708513,France,90217.07,80573.59,20,0,3,Silver,2721
15567422,France,0.0,80419.15,70,0,3,Silver,2722
15581840,France,0.0,80193.13,88,0,3,Silver,2723
15743759,France,0.0,80191.84,86,0,3,Silver,2724
15586425,France,0.0,80173.62,55,0,3,Silver,2725
15784148,France,0.0,80137.67,95,0,3,Silver,2726
15727041,France,0.0,80013.43,115,0,3,Silver,2727
15765375,France,0.0,79978.73,88,0,3,Silver,2728
15625675,France,67087.69,79900.38,15,0,3,Silver,2729
15743236,France,80538.56,79820.63,8,1,3,Silver,2730
15750776,France,164850.54,79816.08,6,0,3,Silver,2731
15692110,France,0.0,79683.69,68,0,3,Silver,2732
15735636,France,121389.78,79599.66,9,1,3,Silver,2733
15580719,France,0.0,79444.72,172,0,3,Silver,2734
15725811,France,97544.29,79415.63,12,0,3,Silver,2735
15689661,France,0.0,79389.02,98,0,3,Silver,2736
15682540,France,0.0,79197.34,120,0,3,Silver,2737
15809901,France,0.0,79185.65,76,0,3,Silver,2738
15567333,France,0.0,79157.49,65,0,3,Silver,2739
15720662,France,106266.8,79070.09,14,0,3,Silver,2740
15574761,France,33563.95,79052.18000000001,30,1,3,Silver,2741
15642787,France,133043.66,79010.24,8,0,3,Silver,2742
15774872,France,0.0,78934.06999999999,108,0,3,Silver,2743
15678374,France,0.0,78834.73,75,0,3,Silver,2744
15616280,France,65733.41,78726.3,16,0,3,Silver,2745
15804038,France,0.0,78653.91,130,1,3,Silver,2746
15803681,France,0.0,78568.49,67,0,3,Silver,2747
15601589,France,0.0,78469.97,126,0,3,Silver,2748
15777504,France,0.0,78458.6,128,0,3,Silver,2749
15633840,France,125023.1,78442.16,9,0,3,Silver,2750
15760294,France,145150.28,78183.91,12,1,3,Silver,2751
15760216,France,0.0,78111.14,67,1,3,Silver,2752
15702561,France,0.0,77983.68,144,0,3,Silver,2753
15587240,France,0.0,77876.16,65,0,3,Silver,2754
15731553,France,0.0,77761.25,72,0,3,Silver,2755
15630363,France,102721.49,77511.31,8,0,3,Silver,2756
15758531,France,0.0,77510.51,85,0,3,Silver,2757
15740487,France,0.0,77365.03,73,1,3,Silver,2758
15618647,France,43504.42,77317.99,23,0,3,Silver,2759
15695846,France,0.0,77256.46,87,0,3,Silver,2760
15625524,France,0.0,77153.05,104,0,3,Silver,2761
15655082,France,112070.86,77146.37000000001,6,1,3,Silver,2762
15635728,France,0.0,77004.64,52,0,3,Silver,2763
15729908,France,0.0,76910.93,103,0,3,Silver,2764
15583480,France,0.0,76853.16,87,0,3,Silver,2765
15711733,France,0.0,76701.83,79,0,3,Silver,2766
15594862,France,0.0,76658.95,86,0,3,Silver,2767
15798429,France,0.0,76550.72,113,0,3,Silver,2768
15601688,France,0.0,76545.87,79,0,3,Silver,2769
15670354,France,0.0,76492.96,94,0,3,Silver,2770
15650751,France,0.0,76492.02,93,0,3,Silver,2771
15700460,France,120905.03,76462.36,10,1,3,Silver,2772
15624323,France,0.0,76410.73,69,0,3,Silver,2773
15619045,France,0.0,76358.46,64,0,3,Silver,2774
15720354,France,0.0,76191.98,65,0,3,Silver,2775
15660390,France,0.0,76174.05,101,0,3,Silver,2776
15634628,France,65667.79,76151.7,16,0,3,Silver,2777
15615931,France,0.0,76067.28,60,0,3,Silver,2778
15680421,France,0.0,76067.25,80,0,3,Silver,2779
15670889,France,125566.9,76054.14,13,0,3,Silver,2780
15647725,France,62055.17,76024.89,15,1,3,Silver,2781
15626135,France,165312.27,76010.37,12,0,3,Silver,2782
15696277,France,0.0,75918.4,106,0,3,Silver,2783
15614220,France,0.0,75659.56,94,0,3,Silver,2784
15605286,France,118803.35,75615.03,7,1,3,Silver,2785
15704954,France,120764.08,75589.34,8,0,3,Silver,2786
15789432,France,0.0,75546.14,63,0,3,Silver,2787
15694143,France,0.0,75512.43,110,0,3,Silver,2788
15729454,France,0.0,75319.94,74,0,3,Silver,2789
15734762,France,115895.22,75308.3,7,1,3,Silver,2790
15569098,France,153548.12,75083.04,7,1,3,Silver,2791
15694566,France,0.0,75049.73,72,1,3,Silver,2792
15595047,France,0.0,74971.91,76,0,3,Silver,2793
15646037,France,0.0,74769.69,146,0,3,Silver,2794
15642937,France,0.0,74562.06999999999,69,0,3,Silver,2795
15709338,France,118560.55,74556.75,13,0,3,Silver,2796
15718231,France,88963.31,74477.06,13,0,3,Silver,2797
15814116,France,0.0,74470.76,88,0,3,Silver,2798
15601008,France,0.0,74427.15,80,0,3,Silver,2799
15634295,France,96473.59,74367.42,18,0,3,Silver,2800
15633525,France,0.0,74308.96,111,0,3,Silver,2801
15578977,France,0.0,74240.72,86,0,3,Silver,2802
15673570,France,0.0,74165.29,154,0,3,Silver,2803
15681316,France,120549.29,74038.5,12,0,3,Silver,2804
15572467,France,0.0,73969.66,96,0,3,Silver,2805
15604093,France,165363.31,73950.01,10,1,3,Silver,2806
15645772,France,0.0,73946.98,147,0,3,Silver,2807
15774250,France,159024.71,73849.34999999999,8,1,3,Silver,2808
15771087,France,88084.13,73699.83,5,0,3,Silver,2809
15611171,France,129574.98,73590.73,16,0,3,Silver,2810
15692207,France,0.0,73547.53,92,0,3,Silver,2811
15802368,France,0.0,73503.19,92,0,3,Silver,2812
15749472,France,0.0,73409.05,89,0,3,Silver,2813
15635939,France,0.0,73380.16,92,0,3,Silver,2814
15664504,France,0.0,73350.76,109,0,3,Silver,2815
15800215,France,0.0,73334.45999999999,56,0,3,Silver,2816
15613102,France,57530.06,73322.3,16,1,3,Silver,2817
15806918,France,0.0,73202.25,76,0,3,Silver,2818
15712287,France,0.0,72985.44,70,0,3,Silver,2819
15721189,France,0.0,72921.84,119,0,3,Silver,2820
15808189,France,0.0,72839.47,95,0,3,Silver,2821
15635285,France,0.0,72622.09,138,0,3,Silver,2822
15771855,France,0.0,72519.86,86,0,3,Silver,2823
15642833,France,0.0,72381.9,76,0,3,Silver,2824
15726167,France,0.0,72341.4975,71,0,3,Silver,2825
15798906,France,0.0,72089.33,84,0,3,Silver,2826
15590476,France,0.0,72063.74,73,0,3,Silver,2827
15665783,France,0.0,72046.21,122,0,3,Silver,2828
15616431,France,0.0,71925.87,73,0,3,Silver,2829
15756333,France,0.0,71846.98,113,0,3,Silver,2830
15627027,France,0.0,71839.25,90,0,3,Silver,2831
15630466,France,0.0,71788.24,77,0,3,Silver,2832
15583595,France,0.0,71749.41,127,0,3,Silver,2833
15584363,France,133634.02,71725.45,5,0,3,Silver,2834
15661330,France,0.0,71708.54,92,0,3,Silver,2835
15680611,France,0.0,71676.56,161,0,3,Silver,2836
15707602,France,127286.04,71625.85,11,1,3,Silver,2837
15722425,France,0.0,71602.28,94,0,3,Silver,2838
15636572,France,0.0,71599.86,116,0,3,Silver,2839
15758856,France,0.0,71535.49,76,0,3,Silver,2840
15767804,France,0.0,71250.45,82,0,3,Silver,2841
15733797,France,0.0,70844.15,61,0,3,Silver,2842
15569572,France,0.0,70746.11,103,0,3,Silver,2843
15739476,France,0.0,70639.8,80,0,3,Silver,2844
15741032,France,0.0,70629.41,77,0,3,Silver,2845
15599976,France,0.0,70599.6,91,0,3,Silver,2846
15684196,France,159441.27,70412.34,6,1,3,Silver,2847
15797665,France,0.0,70340.83,69,0,3,Silver,2848
15750649,France,0.0,70295.86,62,0,3,Silver,2849
15634310,France,0.0,70252.48,65,0,3,Silver,2850
15806027,France,0.0,70168.62,69,1,3,Silver,2851
15795129,France,0.0,70131.28,98,0,3,Silver,2852
15643828,France,0.0,70109.18,108,0,3,Silver,2853
15795586,France,92474.05,70089.39,14,0,3,Silver,2854
15794566,France,0.0,70009.4,59,1,3,Silver,2855
15579189,France,0.0,70004.0,83,0,3,Silver,2856
15794560,France,0.0,69971.83,61,0,3,Silver,2857
15601892,France,0.0,69646.35,143,0,3,Silver,2858
15612095,France,0.0,69639.9,99,1,3,Silver,2859
15637593,France,0.0,69500.39,66,0,3,Silver,2860
15722758,France,0.0,69479.9,74,0,3,Silver,2861
15743570,France,0.0,69448.68,74,0,3,Silver,2862
15671779,France,0.0,69309.49,68,0,3,Silver,2863
15809137,France,0.0,69272.94,50,1,3,Silver,2864
15609913,France,0.0,69214.88,105,0,3,Silver,2865
15791302,France,0.0,69203.77,86,0,3,Silver,2866
15780746,France,0.0,69128.16,68,0,3,Silver,2867
15737506,France,0.0,69105.9,67,0,3,Silver,2868
15773890,France,0.0,69089.16,86,0,3,Silver,2869
15676645,France,0.0,69011.99,87,0,3,Silver,2870
15629133,France,0.0,68989.53,97,0,3,Silver,2871
15711254,France,0.0,68902.61,74,0,3,Silver,2872
15649793,France,0.0,68830.23,64,0,3,Silver,2873
15754919,France,0.0,68816.55,164,0,3,Silver,2874
15650454,France,0.0,68595.81,88,0,3,Silver,2875
15693732,France,0.0,68557.98,145,0,3,Silver,2876
15689288,France,0.0,68501.72,60,0,3,Silver,2877
15730273,France,0.0,68455.61,68,0,3,Silver,2878
15767864,France,0.0,68391.64,58,0,3,Silver,2879
15649129,France,0.0,68143.19,80,0,3,Silver,2880
15654870,France,0.0,68124.05,132,0,3,Silver,2881
15617304,France,0.0,68080.29,92,0,3,Silver,2882
15742632,France,0.0,68041.16,144,0,3,Silver,2883
15802466,France,0.0,67949.49,119,0,3,Silver,2884
15715597,France,97234.58,67814.18000000001,12,0,3,Silver,2885
15633233,France,100374.58,67769.38,7,1,3,Silver,2886
15682778,France,0.0,67737.23,142,0,3,Silver,2887
15576256,France,0.0,67736.13,88,0,3,Silver,2888
15790322,France,114668.89,67703.95999999999,8,0,3,Silver,2889
15656717,France,0.0,67593.29,73,0,3,Silver,2890
15604963,France,0.0,67557.48,55,0,3,Silver,2891
15691483,France,0.0,67554.03,56,0,3,Silver,2892
15689341,France,0.0,67547.35,62,1,3,Silver,2893
15798341,France,0.0,67466.83,126,0,3,Silver,2894
15587419,France,0.0,67237.77,105,1,3,Silver,2895
15654274,France,0.0,67213.23,75,0,3,Silver,2896
15711015,France,0.0,67210.55,58,0,3,Silver,2897
15662641,France,0.0,67201.45,143,0,3,Silver,2898
15622532,France,126589.12,67174.27,7,1,3,Silver,2899
15814035,France,0.0,67168.59,146,0,3,Silver,2900
15744109,France,0.0,67159.92,74,0,3,Silver,2901
15777179,France,0.0,67146.29,157,0,3,Silver,2902
15675964,France,0.0,67124.85,112,1,3,Silver,2903
15673907,France,0.0,67109.02,85,0,3,Silver,2904
15802486,France,0.0,67063.3,65,0,3,Silver,2905
15694860,France,68065.8,66908.51,16,1,3,Silver,2906
15627377,France,0.0,66898.38,93,0,3,Silver,2907
15738150,France,0.0,66860.04,78,0,3,Silver,2908
15745232,France,0.0,66822.4,86,0,3,Silver,2909
15782879,France,0.0,66607.59,46,0,3,Silver,2910
15751227,France,95120.59,66425.45,13,0,3,Silver,2911
15723400,France,0.0,66202.94,77,0,3,Silver,2912
15775826,France,78133.15,66193.85,13,0,3,Silver,2913
15667632,France,0.0,66021.43,118,0,3,Silver,2914
15675450,France,0.0,65931.42,139,0,3,Silver,2915
15695356,France,0.0,65931.3,53,0,3,Silver,2916
15716284,France,0.0,65923.48,146,0,3,Silver,2917
15782569,France,0.0,65909.21,138,0,3,Silver,2918
15701768,France,0.0,65871.5,59,0,3,Silver,2919
15773751,France,132144.35,65863.66,10,0,3,Silver,2920
15589881,France,0.0,65859.92,100,0,3,Silver,2921
15713854,France,0.0,65824.32,86,0,3,Silver,2922
15709368,France,0.0,65538.04,94,0,3,Silver,2923
15746183,France,0.0,65536.71,67,0,3,Silver,2924
15643826,France,0.0,65431.08,67,0,3,Silver,2925
15757588,France,0.0,65410.23,101,0,3,Silver,2926
15590146,France,81947.76,65379.09,19,1,3,Silver,2927
15724402,France,0.0,65357.86,102,0,3,Silver,2928
15699598,France,0.0,65184.2,69,0,3,Silver,2929
15793641,France,0.0,65182.16,61,0,3,Silver,2930
15732235,France,98848.19,64992.170000000006,8,0,3,Silver,2931
15660475,France,0.0,64893.18,147,0,3,Silver,2932
15713043,France,0.0,64794.7,95,0,3,Silver,2933
15776743,France,0.0,64755.53,141,0,3,Silver,2934
15605000,France,140278.99,64726.21,10,1,3,Silver,2935
15598493,France,0.0,64591.53,136,0,3,Silver,2936
15726087,France,0.0,64529.41,96,0,3,Silver,2937
15777033,France,0.0,64506.450000000004,111,0,3,Silver,2938
15813192,France,0.0,64342.950000000004,103,0,3,Silver,2939
15732202,France,83503.11,64275.43,11,1,3,Silver,2940
15765258,France,0.0,64275.24,84,0,3,Silver,2941
15673820,France,0.0,64215.82,69,0,3,Silver,2942
15661036,France,0.0,64202.340000000004,62,0,3,Silver,2943
15573599,France,0.0,63990.69,68,1,3,Silver,2944
15661219,France,0.0,63842.98,108,0,3,Silver,2945
15638988,France,0.0,63744.71,95,0,3,Silver,2946
15628279,France,0.0,63665.619999999995,45,0,3,Silver,2947
15615456,France,123806.28,63636.11,8,1,3,Silver,2948
15693200,France,0.0,63536.92,67,0,3,Silver,2949
15755405,France,128284.45,63475.84,5,1,3,Silver,2950
15794276,France,0.0,63335.84,45,0,3,Silver,2951
15722965,France,89079.41,63305.770000000004,8,1,3,Silver,2952
15671930,France,0.0,63291.6,78,0,3,Silver,2953
15721507,France,117094.02,63230.4,9,1,3,Silver,2954
15759566,France,0.0,63230.21,178,0,3,Silver,2955
15780677,France,0.0,63147.1,61,0,3,Silver,2956
15680998,France,0.0,63073.81,78,0,3,Silver,2957
15587297,France,0.0,62956.36,107,0,3,Silver,2958
15723250,France,0.0,62939.45,109,0,3,Silver,2959
15764841,France,130557.24,62901.310000000005,7,0,3,Silver,2960
15670619,France,0.0,62894.34,88,0,3,Silver,2961
15633818,France,0.0,62824.11,80,0,3,Silver,2962
15809830,France,0.0,62813.9,128,0,3,Silver,2963
15642093,France,0.0,62729.22,81,0,3,Silver,2964
15644005,France,0.0,62701.03,134,0,3,Silver,2965
15766787,France,0.0,62670.53,144,0,3,Silver,2966
15699507,France,0.0,62622.2,107,0,3,Silver,2967
15727281,France,0.0,62351.62,101,0,3,Silver,2968
15746199,France,0.0,62327.36,64,1,3,Silver,2969
15584452,France,0.0,62249.71,52,0,3,Silver,2970
15622442,France,0.0,62246.85,55,0,3,Silver,2971
15656484,France,0.0,62213.47,66,0,3,Silver,2972
15667134,France,0.0,62176.92,80,0,3,Silver,2973
15611699,France,0.0,62040.59,70,0,3,Silver,2974
15585985,France,165282.42,61990.2,6,1,3,Silver,2975
15755642,France,0.0,61937.16,79,0,3,Silver,2976
15614716,France,196853.62,61815.829999999994,7,0,3,Silver,2977
15704231,France,0.0,61733.22,136,0,3,Silver,2978
15802009,France,0.0,61678.27,97,0,3,Silver,2979
15588928,France,0.0,61668.51,70,0,3,Silver,2980
15630511,France,0.0,61605.4,60,0,3,Silver,2981
15717328,France,132446.08,61457.48,7,1,3,Silver,2982
15613673,France,0.0,61440.979999999996,76,0,3,Silver,2983
15647295,France,0.0,61403.64,88,0,3,Silver,2984
15604295,France,0.0,61343.02,56,0,3,Silver,2985
15806360,France,0.0,61318.79,93,0,3,Silver,2986
15773039,France,0.0,61297.3,55,0,3,Silver,2987
15796179,France,0.0,61284.45,101,0,3,Silver,2988
15587507,France,0.0,61229.63,52,1,3,Silver,2989
15635244,France,0.0,61080.92,99,0,3,Silver,2990
15692259,France,0.0,60959.700833333336,83,0,3,Silver,2991
15802593,France,0.0,60927.71,113,1,3,Silver,2992
15773972,France,137104.47,60847.71,4,1,3,Silver,2993
15784323,France,0.0,60841.13,59,0,3,Silver,2994
15579131,France,0.0,60814.64,124,0,3,Silver,2995
15691387,France,0.0,60694.39,145,0,3,Silver,2996
15734177,France,0.0,60686.09,60,0,3,Silver,2997
15691061,France,0.0,60659.26,138,0,3,Silver,2998
15778005,France,130147.98,60550.0,9,1,3,Silver,2999
15783589,France,0.0,60519.85,94,0,3,Silver,3000
15649379,France,0.0,60491.909999999996,44,0,3,Silver,3001
15598840,France,123082.08,60417.89,9,0,3,Silver,3002
15654506,France,0.0,60412.19,87,0,3,Silver,3003
15780254,France,0.0,60391.08,47,1,3,Silver,3004
15615091,France,0.0,60315.22,104,0,3,Silver,3005
15751297,France,0.0,60283.58,60,0,3,Silver,3006
15607142,France,0.0,60263.59,133,0,3,Silver,3007
15625586,France,0.0,60236.42,68,0,3,Silver,3008
15572145,France,0.0,60143.01,87,0,3,Silver,3009
15637857,France,0.0,60096.91,130,0,3,Silver,3010
15798666,France,0.0,59965.26,93,0,3,Silver,3011
15809248,France,0.0,59955.81,102,0,3,Silver,3012
15708063,France,100749.5,59927.06,4,1,3,Silver,3013
15634267,France,0.0,59835.38,52,0,3,Silver,3014
15582892,France,99786.07,59774.77,9,1,3,Silver,3015
15769902,France,0.0,59740.02,97,0,3,Silver,3016
15683118,France,0.0,59596.39,81,0,3,Silver,3017
15667451,France,0.0,59587.53,79,0,3,Silver,3018
15753550,France,0.0,59573.99,79,0,3,Silver,3019
15592583,France,115414.19,59565.55,8,1,3,Silver,3020
15671243,France,0.0,59547.63,98,0,3,Silver,3021
15743149,France,0.0,59527.17,132,0,3,Silver,3022
15687903,France,0.0,59397.87,96,0,3,Silver,3023
15768945,France,62092.9,59385.8,15,0,3,Silver,3024
15810723,France,0.0,59372.63,76,1,3,Silver,3025
15674206,France,0.0,59289.85,126,0,3,Silver,3026
15646513,France,0.0,59251.23,42,1,3,Silver,3027
15728333,France,0.0,59243.6,115,0,3,Silver,3028
15723217,France,0.0,59217.28,90,0,3,Silver,3029
15764419,France,0.0,59203.56,79,0,3,Silver,3030
15796813,France,167831.88,59182.21,10,1,3,Silver,3031
15736420,France,210433.08,59177.409999999996,6,1,3,Silver,3032
15575492,France,0.0,59016.84,72,0,3,Silver,3033
15811773,France,0.0,58874.840000000004,65,0,3,Silver,3034
15695465,France,0.0,58848.71,64,0,3,Silver,3035
15647306,France,131240.61,58779.88,7,1,3,Silver,3036
15683375,France,0.0,58597.495,65,0,3,Silver,3037
15619083,France,0.0,58511.74,108,0,3,Silver,3038
15727059,France,0.0,58504.72,50,0,3,Silver,3039
15717185,France,0.0,58491.629166666666,129,0,3,Silver,3040
15570855,France,0.0,58479.45,125,0,3,Silver,3041
15673929,France,0.0,58320.49,75,0,3,Silver,3042
15679810,France,0.0,58287.69,49,0,3,Silver,3043
15610355,France,63438.91,58217.72,15,0,3,Silver,3044
15658670,France,0.0,58187.28,114,0,3,Silver,3045
15736302,France,0.0,58160.19,66,0,3,Silver,3046
15671358,France,0.0,58153.59,51,0,3,Silver,3047
15791991,France,0.0,57964.96,77,0,3,Silver,3048
15748123,France,0.0,57872.11,54,0,3,Silver,3049
15735719,France,0.0,57654.34,139,0,3,Silver,3050
15778604,France,0.0,57587.99,66,0,3,Silver,3051
15677939,France,0.0,57541.95,53,0,3,Silver,3052
15737998,France,0.0,57492.47,76,1,3,Silver,3053
15596979,France,0.0,57452.17,94,0,3,Silver,3054
15580227,France,0.0,57435.4,73,0,3,Silver,3055
15708904,France,0.0,57369.4,83,0,3,Silver,3056
15635598,France,0.0,57344.15,66,0,3,Silver,3057
15798943,France,0.0,57255.82,70,0,3,Silver,3058
15806964,France,80793.58,57206.04,12,0,3,Silver,3059
15775042,France,0.0,57188.19,46,0,3,Silver,3060
15599533,France,0.0,57176.3,113,0,3,Silver,3061
15634815,France,0.0,57089.26,53,0,3,Silver,3062
15631693,France,0.0,57080.090000000004,107,0,3,Silver,3063
15776047,France,0.0,57019.72,54,0,3,Silver,3064
15613326,France,138162.81,56988.49,7,0,3,Silver,3065
15793346,France,0.0,56918.16,59,0,3,Silver,3066
15710543,France,130666.2,56868.11,9,1,3,Silver,3067
15586069,France,108883.29,56843.520000000004,7,0,3,Silver,3068
15689176,France,0.0,56828.49,55,0,3,Silver,3069
15586300,France,0.0,56804.79,113,0,3,Silver,3070
15720529,France,0.0,56730.38,95,0,3,Silver,3071
15750658,France,0.0,56661.34,86,0,3,Silver,3072
15690452,France,63349.75,56608.54,9,0,3,Silver,3073
15578375,France,0.0,56470.12,61,0,3,Silver,3074
15793671,France,0.0,56468.8,50,0,3,Silver,3075
15621267,France,0.0,56267.5,62,0,3,Silver,3076
15575060,France,0.0,56157.64,57,0,3,Silver,3077
15760102,France,0.0,56144.56,61,0,3,Silver,3078
15770225,France,0.0,56052.159999999996,136,0,3,Silver,3079
15797160,France,0.0,56023.44,39,1,3,Silver,3080
15570326,France,0.0,55981.25,97,0,3,Silver,3081
15628583,France,0.0,55969.11,63,0,3,Silver,3082
15623219,France,0.0,55941.22,71,1,3,Silver,3083
15661745,France,0.0,55804.16,57,0,3,Silver,3084
15637678,France,0.0,55768.01,62,0,3,Silver,3085
15611287,France,0.0,55742.26,67,0,3,Silver,3086
15695299,France,81828.22,55713.88,13,0,3,Silver,3087
15694209,France,0.0,55646.99,58,0,3,Silver,3088
15623828,France,0.0,55614.98,72,0,3,Silver,3089
15716518,France,0.0,55598.74,39,0,3,Silver,3090
15692406,France,0.0,55487.52,83,0,3,Silver,3091
15652401,France,0.0,55446.18,77,0,3,Silver,3092
15640866,France,0.0,55417.76,67,0,3,Silver,3093
15659820,France,0.0,55414.32,51,0,3,Silver,3094
15712584,France,0.0,55411.284166666665,104,0,3,Silver,3095
15581733,France,0.0,55312.89,52,0,3,Silver,3096
15738248,France,0.0,55283.38,59,0,3,Silver,3097
15670898,France,108028.08,55179.67,6,1,3,Silver,3098
15746326,France,0.0,55158.78,55,0,3,Silver,3099
15726358,France,0.0,55027.32,74,0,3,Silver,3100
15719302,France,126547.8,54981.84,10,1,3,Silver,3101
15697574,France,0.0,54969.6,142,0,3,Silver,3102
15605827,France,0.0,54948.64,92,0,3,Silver,3103
15802570,France,0.0,54787.46,81,0,3,Silver,3104
15684358,France,0.0,54770.85,45,0,3,Silver,3105
15683553,France,0.0,54760.74,60,0,3,Silver,3106
15628715,France,0.0,54673.46,136,0,3,Silver,3107
15565879,France,0.0,54664.93,152,0,3,Silver,3108
15669060,France,0.0,54650.13,61,0,3,Silver,3109
15750458,France,0.0,54537.43,63,0,3,Silver,3110
15632977,France,0.0,54503.54,63,0,3,Silver,3111
15625023,France,0.0,54457.84,82,0,3,Silver,3112
15806967,France,0.0,54373.23,112,0,3,Silver,3113
15684294,France,0.0,54356.26,47,0,3,Silver,3114
15728542,France,0.0,54341.3,66,0,3,Silver,3115
15613337,France,0.0,54292.31416666666,35,0,3,Silver,3116
15739248,France,0.0,54284.2,70,0,3,Silver,3117
15614215,France,0.0,54226.75,92,0,3,Silver,3118
15741416,France,16893.59,54222.71,36,0,3,Silver,3119
15652289,France,0.0,54201.14,42,0,3,Silver,3120
15737977,France,0.0,54123.55,85,0,3,Silver,3121
15665177,France,0.0,54059.26,58,0,3,Silver,3122
15721592,France,0.0,53945.58,44,0,3,Silver,3123
15661708,France,0.0,53939.0,79,0,3,Silver,3124
15776629,France,0.0,53927.28,48,0,3,Silver,3125
15665943,France,0.0,53899.93,71,0,3,Silver,3126
15701364,France,0.0,53866.68,162,0,3,Silver,3127
15645059,France,0.0,53849.03,80,0,3,Silver,3128
15768746,France,0.0,53785.73,62,0,3,Silver,3129
15745826,France,0.0,53761.55,62,0,3,Silver,3130
15680370,France,0.0,53723.59,113,0,3,Silver,3131
15594084,France,0.0,53681.55,99,0,3,Silver,3132
15611961,France,0.0,53647.72,70,0,3,Silver,3133
15572294,France,0.0,53529.06,76,0,3,Silver,3134
15722548,France,148116.48,53475.909999999996,4,0,3,Silver,3135
15702337,France,0.0,53440.31,112,0,3,Silver,3136
15692317,France,0.0,53430.94,52,0,3,Silver,3137
15636999,France,0.0,53358.14,96,1,3,Silver,3138
15709396,France,0.0,53277.16,93,0,3,Silver,3139
15632446,France,0.0,53226.05,56,0,3,Silver,3140
15575024,France,0.0,53047.26,56,0,3,Silver,3141
15749947,France,0.0,52945.115,120,0,3,Silver,3142
15673984,France,0.0,52897.18,48,1,3,Silver,3143
15795933,France,0.0,52801.57,46,0,3,Silver,3144
15681956,France,0.0,52793.7,139,0,3,Silver,3145
15775206,France,0.0,52792.020000000004,103,0,3,Silver,3146
15805104,France,0.0,52721.340000000004,92,0,3,Silver,3147
15607176,France,0.0,52721.2,52,0,3,Silver,3148
15703106,France,0.0,52672.32,82,0,3,Silver,3149
15784209,France,0.0,52494.78,90,0,3,Silver,3150
15726720,France,0.0,52443.65,57,1,3,Silver,3151
15645820,France,0.0,52431.840000000004,72,0,3,Silver,3152
15757867,France,176173.52,52427.81,7,1,3,Silver,3153
15735632,France,0.0,52407.16,131,0,3,Silver,3154
15661249,France,0.0,52399.01,73,0,3,Silver,3155
15801630,France,0.0,52394.31,48,0,3,Silver,3156
15593094,France,0.0,52381.91,70,1,3,Silver,3157
15754068,France,0.0,52376.05,67,0,3,Silver,3158
15665077,France,0.0,52329.58,90,1,3,Silver,3159
15807909,France,0.0,52308.05,90,0,3,Silver,3160
15656176,France,0.0,52293.59,155,0,3,Silver,3161
15674991,France,0.0,52211.69,137,0,3,Silver,3162
15753079,France,0.0,52186.5,50,0,3,Silver,3163
15791513,France,138937.35,52038.18,8,1,3,Silver,3164
15662151,France,0.0,52021.42,63,0,3,Silver,3165
15714874,France,0.0,51902.55,53,0,3,Silver,3166
15635942,France,0.0,51865.52,70,1,3,Silver,3167
15659149,France,0.0,51824.69,34,0,3,Silver,3168
15695078,France,0.0,51611.14,62,0,3,Silver,3169
15764153,France,130499.09,51595.16,9,0,3,Silver,3170
15582910,France,112230.38,51594.3,7,1,3,Silver,3171
15775627,France,0.0,51402.87,118,0,3,Silver,3172
15779659,France,0.0,51374.03,41,0,3,Silver,3173
15671915,France,0.0,51366.44,92,0,3,Silver,3174
15699524,France,0.0,51204.34,34,0,3,Silver,3175
15670029,France,0.0,51155.65,80,0,3,Silver,3176
15619280,France,0.0,51080.82,49,0,3,Silver,3177
15606472,France,0.0,51068.0,82,0,3,Silver,3178
15738191,France,0.0,51000.08,50,0,3,Silver,3179
15724334,France,0.0,50980.62,54,0,3,Silver,3180
15586629,France,0.0,50846.32,58,0,3,Silver,3181
15805764,France,0.0,50771.88,158,0,3,Silver,3182
15755722,France,0.0,50744.51,109,0,3,Silver,3183
15793585,France,0.0,50742.7,133,0,3,Silver,3184
15593241,France,0.0,50712.82,58,0,3,Silver,3185
15763515,France,0.0,50643.39,48,0,3,Silver,3186
15567923,France,0.0,50536.77,56,0,3,Silver,3187
15710161,France,0.0,50516.53,39,0,3,Silver,3188
15598846,France,58781.76,50476.05,23,0,3,Silver,3189
15732610,France,0.0,50418.42,63,0,3,Silver,3190
15600692,France,0.0,50392.2,51,0,3,Silver,3191
15732265,France,0.0,50340.78,110,0,3,Silver,3192
15672115,France,0.0,50316.34,89,0,3,Silver,3193
15754168,France,0.0,50298.82,53,0,3,Silver,3194
15598044,France,0.0,50200.0,58,0,3,Silver,3195
15682070,France,0.0,50156.79,145,0,3,Silver,3196
15758039,France,0.0,50147.87,88,0,3,Silver,3197
15804150,France,0.0,50072.229999999996,58,0,3,Silver,3198
15705918,France,0.0,50034.65,110,0,3,Silver,3199
15660385,France,0.0,49973.85,78,0,3,Silver,3200
15761487,France,0.0,49913.43,41,1,3,Silver,3201
15599124,France,0.0,49898.83,50,0,3,Silver,3202
15782390,France,0.0,49872.46,66,0,3,Silver,3203
15606887,France,0.0,49864.6,49,1,3,Silver,3204
15659002,France,0.0,49793.43,55,0,3,Silver,3205
15600832,France,0.0,49764.28,80,0,3,Silver,3206
15680436,France,0.0,49684.25,40,0,3,Silver,3207
15569432,France,0.0,49656.04,99,1,3,Silver,3208
15661349,France,0.0,49639.03,109,0,3,Silver,3209
15807524,France,0.0,49622.909999999996,50,0,3,Silver,3210
15704586,France,0.0,49584.51,119,0,3,Silver,3211
15743007,France,45144.43,49575.51,22,1,3,Silver,3212
15788659,France,0.0,49448.35,74,0,3,Silver,3213
15666430,France,0.0,49422.86,86,0,3,Silver,3214
15593778,France,46388.16,49393.01,14,1,3,Silver,3215
15772479,France,0.0,49371.38,45,0,3,Silver,3216
15569759,France,0.0,49306.86,57,0,3,Silver,3217
15723720,France,0.0,49289.87,108,0,3,Silver,3218
15655007,France,0.0,49212.47,90,0,3,Silver,3219
15631339,France,0.0,49164.44,32,0,3,Silver,3220
15654673,France,173434.9,49141.03,6,1,3,Silver,3221
15590637,France,0.0,49086.504166666666,113,0,3,Silver,3222
15579040,France,0.0,48991.14,85,0,3,Silver,3223
15665590,France,0.0,48971.49,94,0,3,Silver,3224
15697686,France,0.0,48902.1,103,0,3,Silver,3225
15636589,France,0.0,48835.11,125,0,3,Silver,3226
15752081,France,0.0,48809.45,138,1,3,Silver,3227
15716023,France,0.0,48776.42,32,0,3,Silver,3228
15703437,France,0.0,48738.69,41,0,3,Silver,3229
15766552,France,0.0,48603.38,54,0,3,Silver,3230
15796993,France,171236.3,48494.5,5,1,3,Silver,3231
15749401,France,0.0,48330.55,113,1,3,Silver,3232
15740264,France,0.0,48317.43,102,0,3,Silver,3233
15810839,France,103108.17,48312.049999999996,5,0,3,Silver,3234
15709511,France,0.0,48296.78,98,0,3,Silver,3235
15697691,France,0.0,48166.35,97,0,3,Silver,3236
15754053,France,0.0,48143.17,100,0,3,Silver,3237
15722404,France,0.0,48138.47,65,0,3,Silver,3238
15659366,France,105799.32,48113.229999999996,4,1,3,Silver,3239
15592194,France,0.0,48058.16,91,0,3,Silver,3240
15725660,France,80569.73,48031.33,14,0,3,Silver,3241
15586557,France,0.0,48026.45,89,0,3,Silver,3242
15797227,France,0.0,48022.32,150,0,3,Silver,3243
15610936,France,0.0,47980.01,69,0,3,Silver,3244
15698462,France,0.0,47958.54,73,0,3,Silver,3245
15793693,France,0.0,47956.58,131,0,3,Silver,3246
15644361,France,103549.24,47834.57,7,1,3,Silver,3247
15749669,France,0.0,47815.33,60,0,3,Silver,3248
15740404,France,0.0,47793.05,51,0,3,Silver,3249
15752601,France,0.0,47759.46,80,0,3,Silver,3250
15647203,France,0.0,47733.33,33,0,3,Silver,3251
15571550,France,0.0,47640.24,100,0,3,Silver,3252
15763859,France,0.0,47594.47,81,0,3,Silver,3253
15676433,France,0.0,47589.49,58,0,3,Silver,3254
15722533,France,0.0,47578.8,46,0,3,Silver,3255
15711398,France,0.0,47548.52,65,0,3,Silver,3256
15682686,France,0.0,47430.74,53,0,3,Silver,3257
15799042,France,0.0,47428.26,113,0,3,Silver,3258
15592230,France,0.0,47358.01,52,0,3,Silver,3259
15566660,France,0.0,47356.43,94,0,3,Silver,3260
15717560,France,125647.36,47284.49,5,1,3,Silver,3261
15605276,France,0.0,47274.65,51,0,3,Silver,3262
15667085,France,0.0,47272.49,67,0,3,Silver,3263
15771977,France,99010.67,47188.76,10,0,3,Silver,3264
15758510,France,0.0,47147.37,51,0,3,Silver,3265
15791114,France,135179.49,47137.28,6,0,3,Silver,3266
15654463,France,0.0,47131.83,54,0,3,Silver,3267
15586976,France,0.0,47114.01,36,1,3,Silver,3268
15651336,France,0.0,47050.41,46,0,3,Silver,3269
15671334,France,0.0,47022.62,39,0,3,Silver,3270
15755138,France,0.0,46978.12666666666,129,0,3,Silver,3271
15718588,France,0.0,46964.74,87,0,3,Silver,3272
15610383,France,46870.43,46963.62,12,1,3,Silver,3273
15690796,France,0.0,46886.07,71,0,3,Silver,3274
15677136,France,0.0,46858.0,67,0,3,Silver,3275
15702715,France,0.0,46829.340000000004,156,0,3,Silver,3276
15757865,France,0.0,46710.36,116,0,3,Silver,3277
15626233,France,0.0,46595.45,48,0,3,Silver,3278
15634373,France,0.0,46523.9,83,0,3,Silver,3279
15710527,France,0.0,46469.15,68,0,3,Silver,3280
15711316,France,0.0,46446.32,43,0,3,Silver,3281
15747534,France,0.0,46365.07,100,1,3,Silver,3282
15569248,France,0.0,46344.45,54,1,3,Silver,3283
15743456,France,0.0,46319.67,122,0,3,Silver,3284
15739857,France,0.0,46292.06166666667,56,0,3,Silver,3285
15589725,France,0.0,46180.65,59,0,3,Silver,3286
15707219,France,0.0,46176.98,65,0,3,Silver,3287
15587174,France,0.0,46172.83,79,1,3,Silver,3288
15579826,France,0.0,46118.69,110,0,3,Silver,3289
15771483,France,0.0,46012.92,94,0,3,Silver,3290
15724838,France,0.0,45949.590000000004,49,0,3,Silver,3291
15707007,France,0.0,45940.51,96,0,3,Silver,3292
15713890,France,0.0,45925.85,57,0,3,Silver,3293
15749540,France,0.0,45880.0,68,0,3,Silver,3294
15728917,France,120682.53,45836.93,4,1,3,Silver,3295
15698271,France,0.0,45746.37,38,0,3,Silver,3296
15639217,France,0.0,45669.39,65,0,3,Silver,3297
15795186,France,0.0,45663.85,53,0,3,Silver,3298
15614137,France,0.0,45627.77,74,0,3,Silver,3299
15665159,France,128213.96,45617.15,2,1,3,Silver,3300
15600934,France,125095.94,45614.0,3,1,3,Silver,3301
15570970,France,0.0,45606.78,140,0,3,Silver,3302
15704250,France,0.0,45577.63,71,0,3,Silver,3303
15738174,France,0.0,45565.47,88,0,3,Silver,3304
15777855,France,0.0,45536.96,105,0,3,Silver,3305
15757931,France,0.0,45515.06,44,0,3,Silver,3306
15757661,France,0.0,45467.799999999996,76,0,3,Silver,3307
15773876,France,0.0,45425.73,37,0,3,Silver,3308
15655875,France,0.0,45405.46,41,0,3,Silver,3309
15618391,France,0.0,45381.2,106,0,3,Silver,3310
15595557,France,0.0,45324.47,71,0,3,Silver,3311
15619889,France,0.0,45297.01,41,0,3,Silver,3312
15710397,France,0.0,45281.59,44,0,3,Silver,3313
15737194,France,0.0,45278.18,57,0,3,Silver,3314
15730038,France,0.0,45238.19,38,1,3,Silver,3315
15704483,France,0.0,45217.47,70,0,3,Silver,3316
15689598,France,0.0,45146.19,77,1,3,Silver,3317
15611088,France,0.0,45108.71,89,0,3,Silver,3318
15669606,France,0.0,45065.12,54,0,3,Silver,3319
15724858,France,0.0,45063.715833333335,25,1,3,Silver,3320
15653448,France,0.0,45045.28,106,0,3,Silver,3321
15603749,France,45472.28,45039.88,11,1,3,Silver,3322
15576131,France,0.0,45034.29,46,0,3,Silver,3323
15579287,France,0.0,45032.23,67,0,3,Silver,3324
15777904,France,0.0,44967.99,118,0,3,Silver,3325
15724543,France,0.0,44963.3,94,0,3,Silver,3326
15757916,France,0.0,44939.44,147,0,3,Silver,3327
15665879,France,0.0,44882.99,128,0,3,Silver,3328
15672704,France,0.0,44858.76,45,0,3,Silver,3329
15669741,France,0.0,44857.81,72,0,3,Silver,3330
15765048,France,0.0,44833.8,27,0,3,Silver,3331
15618446,France,0.0,44776.17,129,0,3,Silver,3332
15636023,France,0.0,44764.37,42,1,3,Silver,3333
15757140,France,58137.08,44672.13,12,0,3,Silver,3334
15799186,France,0.0,44649.21,44,0,3,Silver,3335
15711386,France,0.0,44509.479999999996,106,0,3,Silver,3336
15645835,France,0.0,44470.46,140,0,3,Silver,3337
15735788,France,0.0,44462.13,87,0,3,Silver,3338
15750547,France,0.0,44336.925,142,0,3,Silver,3339
15803456,France,0.0,44309.0,66,1,3,Silver,3340
15670492,France,0.0,44204.82,82,0,3,Silver,3341
15729359,France,0.0,44161.32,169,0,3,Silver,3342
15628059,France,0.0,44101.03,34,0,3,Silver,3343
15754578,France,135984.15,44057.12,7,0,3,Silver,3344
15794468,France,0.0,44046.17,66,0,3,Silver,3345
15761854,France,0.0,44034.33,63,0,3,Silver,3346
15774316,France,0.0,44033.78,101,0,3,Silver,3347
15806407,France,0.0,44018.166666666664,38,0,3,Silver,3348
15612478,France,0.0,43965.16,48,1,3,Silver,3349
15666823,France,0.0,43881.86,38,0,3,Silver,3350
15777994,France,0.0,43872.44,43,0,3,Silver,3351
15627412,France,0.0,43820.54,35,0,3,Silver,3352
15576022,France,0.0,43766.48,77,0,3,Silver,3353
15592914,France,0.0,43761.13,146,0,3,Silver,3354
15592761,France,0.0,43748.67,35,0,3,Silver,3355
15684348,France,0.0,43739.66,136,0,3,Silver,3356
15749671,France,0.0,43720.88,95,0,3,Silver,3357
15801488,France,0.0,43698.2,59,0,3,Silver,3358
15667889,France,0.0,43543.11,64,0,3,Silver,3359
15756155,France,0.0,43525.41,71,0,3,Silver,3360
15780432,France,122689.51,43520.78,5,1,3,Silver,3361
15737354,France,0.0,43441.2,122,0,3,Silver,3362
15588904,France,0.0,43429.48,55,1,3,Silver,3363
15812594,France,0.0,43426.92,71,0,3,Silver,3364
15731519,France,0.0,43408.4,48,0,3,Silver,3365
15782247,France,0.0,43407.72,48,1,3,Silver,3366
15811490,France,0.0,43392.88,83,0,3,Silver,3367
15790829,France,0.0,43381.69,49,0,3,Silver,3368
15615624,France,0.0,43314.42,51,0,3,Silver,3369
15687385,France,0.0,43291.12,84,0,3,Silver,3370
15637461,France,0.0,43285.29,94,0,3,Silver,3371
15747854,France,0.0,43254.59,45,0,3,Silver,3372
15813645,France,53369.13,43252.98,11,0,3,Silver,3373
15572051,France,0.0,43180.97,54,0,3,Silver,3374
15755825,France,0.0,43173.66,80,0,3,Silver,3375
15803121,France,97565.74,43154.479999999996,2,1,3,Silver,3376
15672185,France,0.0,43124.93,31,0,3,Silver,3377
15681705,France,0.0,43059.38,85,0,3,Silver,3378
15585865,France,170061.92,43053.11,3,1,3,Silver,3379
15669501,France,0.0,42969.55,84,0,3,Silver,3380
15613197,France,0.0,42868.50916666667,86,0,3,Silver,3381
15673693,France,110654.02,42819.95,7,0,3,Silver,3382
15596624,France,0.0,42753.78,138,0,3,Silver,3383
15745196,France,0.0,42747.24,87,0,3,Silver,3384
15714380,France,0.0,42733.86083333333,52,0,3,Silver,3385
15652700,France,0.0,42713.21,99,0,3,Silver,3386
15603082,France,0.0,42519.4,104,0,3,Silver,3387
15676091,France,0.0,42499.17,110,0,3,Silver,3388
15644977,France,0.0,42350.77,61,0,3,Silver,3389
15600258,France,0.0,42345.29,39,0,3,Silver,3390
15808566,France,0.0,42315.87,35,0,3,Silver,3391
15779174,France,0.0,42281.96,41,0,3,Silver,3392
15729224,France,0.0,42204.37,57,0,3,Silver,3393
15584288,France,0.0,42176.71,123,0,3,Silver,3394
15579777,France,0.0,41963.89,49,0,3,Silver,3395
15646372,France,135842.41,41961.16,6,1,3,Silver,3396
15746341,France,0.0,41950.74,136,0,3,Silver,3397
15734628,France,0.0,41862.083333333336,50,0,3,Silver,3398
15775234,France,0.0,41861.409999999996,84,0,3,Silver,3399
15692137,France,0.0,41860.0,41,0,3,Silver,3400
15620443,France,0.0,41732.4,102,0,3,Silver,3401
15752409,France,0.0,41663.37,60,0,3,Silver,3402
15784958,France,0.0,41558.5,127,1,3,Silver,3403
15761340,France,0.0,41551.45,80,0,3,Silver,3404
15800366,France,0.0,41545.52,75,0,3,Silver,3405
15773421,France,0.0,41521.53,51,0,3,Silver,3406
15630413,France,0.0,41447.59,85,0,3,Silver,3407
15574206,France,0.0,41441.17,110,0,3,Silver,3408
15653696,France,0.0,41438.22,82,0,3,Silver,3409
15731760,France,0.0,41421.38,82,0,3,Silver,3410
15789582,France,0.0,41290.87,104,0,3,Silver,3411
15675316,France,0.0,41287.36,50,0,3,Silver,3412
15616330,France,0.0,41245.94,30,0,3,Silver,3413
15808557,France,0.0,41219.84,82,1,3,Silver,3414
15632503,France,148326.09,41109.89,5,1,3,Silver,3415
15717191,France,93817.41,41035.55,7,1,3,Silver,3416
15660422,France,0.0,41015.590000000004,88,0,3,Silver,3417
15733119,France,0.0,40984.37,85,0,3,Silver,3418
15725679,France,0.0,40983.78,32,1,3,Silver,3419
15751333,France,0.0,40977.04,40,0,3,Silver,3420
15744582,France,0.0,40948.45,37,1,3,Silver,3421
15769582,France,0.0,40910.56,51,0,3,Silver,3422
15736656,France,0.0,40895.58,72,0,3,Silver,3423
15589969,France,0.0,40763.7,105,0,3,Silver,3424
15702541,France,166968.28,40674.99,4,1,3,Silver,3425
15577683,France,0.0,40629.21,53,0,3,Silver,3426
15700656,France,0.0,40437.585,101,0,3,Silver,3427
15654000,France,0.0,40262.73,44,1,3,Silver,3428
15668767,France,0.0,39794.84,27,0,3,Silver,3429
15633283,France,0.0,39743.7,91,0,3,Silver,3430
15585255,France,0.0,39647.05,88,0,3,Silver,3431
15613140,France,0.0,39595.25,98,0,3,Silver,3432
15789815,France,0.0,39594.65,45,0,3,Silver,3433
15701412,France,0.0,39583.78,32,0,3,Silver,3434
15579915,France,0.0,39553.56,30,0,3,Silver,3435
15793247,France,0.0,39483.28,81,0,3,Silver,3436
15640059,France,0.0,39455.34,90,0,3,Silver,3437
15603216,France,0.0,39441.090000000004,69,0,3,Silver,3438
15741049,France,0.0,39417.05,114,0,3,Silver,3439
15766734,France,0.0,39411.23,53,0,3,Silver,3440
15789863,France,0.0,39405.77,37,0,3,Silver,3441
15603035,France,0.0,39371.13,56,0,3,Silver,3442
15625623,France,0.0,39356.69,62,0,3,Silver,3443
15810864,France,0.0,39324.68,41,0,3,Silver,3444
15679983,France,0.0,39261.433333333334,81,0,3,Silver,3445
15792565,France,0.0,39255.96,96,0,3,Silver,3446
15690695,France,0.0,39110.4,142,0,3,Silver,3447
15777830,France,0.0,39046.73,40,0,3,Silver,3448
15627854,Spain,0.0,39024.15,48,0,4,Bronze,1702
15793324,Spain,0.0,38817.1,156,0,4,Bronze,1703
15740383,Spain,0.0,38772.39,103,0,4,Bronze,1704
15678067,Spain,0.0,38680.55,28,0,4,Bronze,1705
15715527,Spain,0.0,38407.37,47,0,4,Bronze,1706
15690772,Spain,0.0,38380.08,51,0,4,Bronze,1707
15638803,Spain,0.0,38172.46,56,0,4,Bronze,1708
15681758,Spain,0.0,38105.9,87,0,4,Bronze,1709
15627514,Spain,0.0,37916.02,57,0,4,Bronze,1710
15812009,Spain,0.0,37886.53,54,0,4,Bronze,1711
15694641,Spain,0.0,37810.14,36,0,4,Bronze,1712
15666096,Spain,0.0,37732.59,60,0,4,Bronze,1713
15768682,Spain,0.0,37676.66,59,0,4,Bronze,1714
15794345,Spain,0.0,37654.15,124,0,4,Bronze,1715
15815364,Spain,0.0,37570.37,35,0,4,Bronze,1716
15768476,Spain,0.0,37562.89,94,0,4,Bronze,1717
15588446,Spain,0.0,37427.49,35,0,4,Bronze,1718
15801701,Spain,0.0,37395.61,144,0,4,Bronze,1719
15582944,Spain,0.0,37298.36,49,0,4,Bronze,1720
15772798,Spain,0.0,37184.41,73,0,4,Bronze,1721
15800326,Spain,0.0,37061.33,60,0,4,Bronze,1722
15735246,Spain,0.0,36961.2,37,1,4,Bronze,1723
15763874,Spain,0.0,36877.36,123,0,4,Bronze,1724
15720123,Spain,0.0,36850.659999999996,39,0,4,Bronze,1725
15661830,Spain,0.0,36779.86,96,0,4,Bronze,1726
15652914,Spain,0.0,36763.55,115,0,4,Bronze,1727
15680772,Spain,0.0,36761.88,47,0,4,Bronze,1728
15632669,Spain,0.0,36748.34,57,0,4,Bronze,1729
15602841,Spain,0.0,36565.7,83,0,4,Bronze,1730
15648005,Spain,0.0,36553.85,38,0,4,Bronze,1731
15598802,Spain,0.0,36366.95,119,0,4,Bronze,1732
15642137,Spain,0.0,36333.27,51,0,4,Bronze,1733
15603594,Spain,0.0,36123.744166666664,72,0,4,Bronze,1734
15572390,Spain,0.0,36025.39,68,0,4,Bronze,1735
15645621,Spain,0.0,35999.254166666666,55,0,4,Bronze,1736
15650237,Spain,0.0,35914.96,73,0,4,Bronze,1737
15801062,Spain,0.0,35858.29,69,0,4,Bronze,1738
15806249,Spain,0.0,35794.61,68,0,4,Bronze,1739
15621550,Spain,140292.58,35756.51,4,1,4,Bronze,1740
15805769,Spain,0.0,35737.92,53,0,4,Bronze,1741
15584156,Spain,0.0,35705.38,59,1,4,Bronze,1742
15660611,Spain,0.0,35687.64,55,0,4,Bronze,1743
15680346,Spain,0.0,35674.89,88,0,4,Bronze,1744
15780779,Spain,0.0,35569.42,51,0,4,Bronze,1745
15688172,Spain,0.0,35555.12,58,0,4,Bronze,1746
15768244,Spain,0.0,35376.85,131,0,4,Bronze,1747
15617507,Spain,0.0,35270.8575,67,0,4,Bronze,1748
15622192,Spain,0.0,35259.28,50,0,4,Bronze,1749
15702190,Spain,0.0,35222.22,90,0,4,Bronze,1750
15603830,Spain,0.0,35178.39,41,0,4,Bronze,1751
15591179,Spain,0.0,35128.32,37,0,4,Bronze,1752
15586931,Spain,0.0,35055.78,56,0,4,Bronze,1753
15723658,Spain,0.0,35040.7,56,0,4,Bronze,1754
15600974,Spain,0.0,35021.15,55,1,4,Bronze,1755
15726310,Spain,0.0,35009.04,33,0,4,Bronze,1756
15730150,Spain,120825.7,34921.29,3,0,4,Bronze,1757
15612893,Spain,0.0,34908.79,47,0,4,Bronze,1758
15723481,Spain,0.0,34878.488333333335,129,0,4,Bronze,1759
15783882,Spain,0.0,34869.58,70,0,4,Bronze,1760
15756871,Spain,0.0,34703.47,41,0,4,Bronze,1761
15797113,Spain,0.0,34607.51,40,0,4,Bronze,1762
15757535,Spain,0.0,34576.55,34,1,4,Bronze,1763
15706593,Spain,0.0,34491.89,160,0,4,Bronze,1764
15765461,Spain,0.0,34469.14,26,0,4,Bronze,1765
15775546,Spain,0.0,34434.17,58,0,4,Bronze,1766
15710138,Spain,0.0,34254.15,97,0,4,Bronze,1767
15756056,Spain,0.0,34218.39,35,0,4,Bronze,1768
15618926,Spain,0.0,34077.3,116,0,4,Bronze,1769
15603582,Spain,0.0,33927.42,44,0,4,Bronze,1770
15582246,Spain,0.0,33731.16,34,0,4,Bronze,1771
15696141,Spain,0.0,33720.409999999996,90,0,4,Bronze,1772
15737778,Spain,0.0,33613.56,40,0,4,Bronze,1773
15776605,Spain,0.0,33591.08,78,0,4,Bronze,1774
15726313,Spain,0.0,33484.91,49,0,4,Bronze,1775
15691910,Spain,0.0,33387.63,50,0,4,Bronze,1776
15751392,Spain,0.0,33173.27,38,1,4,Bronze,1777
15582404,Spain,0.0,33077.46,50,0,4,Bronze,1778
15571244,Spain,0.0,33075.87,41,0,4,Bronze,1779
15577359,Spain,0.0,33049.590000000004,38,1,4,Bronze,1780
15791321,Spain,0.0,32933.19,31,0,4,Bronze,1781
15746749,Spain,0.0,32919.255,63,0,4,Bronze,1782
15574558,Spain,0.0,32909.2,139,0,4,Bronze,1783
15590730,Spain,0.0,32803.82,81,0,4,Bronze,1784
15697035,Spain,0.0,32778.67,89,0,4,Bronze,1785
15700937,Spain,0.0,32673.56,72,0,4,Bronze,1786
15622289,Spain,0.0,32556.670000000002,148,0,4,Bronze,1787
15572073,Spain,0.0,32535.268333333333,73,0,4,Bronze,1788
15642619,Spain,0.0,32478.93,28,0,4,Bronze,1789
15607877,Spain,0.0,32444.89,134,0,4,Bronze,1790
15609899,Spain,0.0,32440.01,42,0,4,Bronze,1791
15750243,Spain,0.0,32202.04,76,0,4,Bronze,1792
15701206,Spain,0.0,32154.68,72,0,4,Bronze,1793
15786249,Spain,0.0,32099.97,20,0,4,Bronze,1794
15690440,Spain,0.0,32058.32,28,0,4,Bronze,1795
15619360,Spain,0.0,31997.23,49,0,4,Bronze,1796
15729246,Spain,0.0,31970.99,84,0,4,Bronze,1797
15567147,Spain,0.0,31791.66,66,0,4,Bronze,1798
15668081,Spain,0.0,31735.9,62,0,4,Bronze,1799
15670615,Spain,0.0,31713.01,81,0,4,Bronze,1800
15703728,Spain,0.0,31524.47,38,1,4,Bronze,1801
15684419,Spain,0.0,31429.87,82,0,4,Bronze,1802
15635177,Spain,0.0,31352.56,53,0,4,Bronze,1803
15573876,Spain,0.0,31343.06,83,0,4,Bronze,1804
15583724,Spain,0.0,31271.83,60,0,4,Bronze,1805
15581089,Spain,0.0,31176.98,107,0,4,Bronze,1806
15780572,Spain,0.0,31147.42,42,0,4,Bronze,1807
15580914,Spain,83287.05,31054.48,6,1,4,Bronze,1808
15693764,Spain,136298.65,30766.65,2,1,4,Bronze,1809
15583090,Spain,0.0,30681.21,97,0,4,Bronze,1810
15806184,Spain,0.0,30658.16,60,0,4,Bronze,1811
15781689,Spain,0.0,30520.91,51,0,4,Bronze,1812
15762573,Spain,0.0,30374.08,56,0,4,Bronze,1813
15752467,Spain,0.0,30326.82,59,0,4,Bronze,1814
15775803,Spain,0.0,30323.04,19,0,4,Bronze,1815
15694666,Spain,88441.64,30272.87,6,1,4,Bronze,1816
15746190,Spain,0.0,30272.69,40,0,4,Bronze,1817
15619892,Spain,0.0,30269.78,78,0,4,Bronze,1818
15745354,Spain,0.0,30269.61,29,0,4,Bronze,1819
15621031,Spain,0.0,30258.87,85,0,4,Bronze,1820
15671390,Spain,0.0,30257.61,94,0,4,Bronze,1821
15757467,Spain,0.0,30211.0,102,0,4,Bronze,1822
15607133,Spain,110864.38,30153.47,5,1,4,Bronze,1823
15768777,Spain,0.0,30138.91,77,0,4,Bronze,1824
15634143,Spain,53291.86,30028.03,5,0,4,Bronze,1825
15753362,Spain,0.0,29847.57,53,0,4,Bronze,1826
15675949,Spain,0.0,29827.28,67,0,4,Bronze,1827
15719479,Spain,0.0,29693.17,124,0,4,Bronze,1828
15776124,Spain,0.0,29653.47,118,0,4,Bronze,1829
15626612,Spain,104784.23,29600.460000000003,6,1,4,Bronze,1830
15786167,Spain,0.0,29568.07,74,0,4,Bronze,1831
15713483,Spain,0.0,29563.13,23,1,4,Bronze,1832
15572374,Spain,0.0,29525.76,29,0,4,Bronze,1833
15670343,Spain,0.0,29459.44,64,0,4,Bronze,1834
15731815,Spain,96134.11,29436.35,5,1,4,Bronze,1835
15676966,Spain,0.0,29392.47,65,0,4,Bronze,1836
15807312,Spain,0.0,29343.78,93,0,4,Bronze,1837
15762351,Spain,0.0,29326.94,29,0,4,Bronze,1838
15658057,Spain,0.0,29303.21,70,1,4,Bronze,1839
15713144,Spain,0.0,29297.84,81,0,4,Bronze,1840
15566091,Spain,0.0,29279.88,43,0,4,Bronze,1841
15615032,Spain,0.0,29156.57,62,0,4,Bronze,1842
15709441,Spain,0.0,29004.41,129,0,4,Bronze,1843
15805690,Spain,0.0,28825.05,45,1,4,Bronze,1844
15763097,Spain,0.0,28662.52,132,0,4,Bronze,1845
15798834,Spain,0.0,28652.61,66,0,4,Bronze,1846
15655298,Spain,0.0,28506.79,95,0,4,Bronze,1847
15635905,Spain,0.0,28499.84,101,0,4,Bronze,1848
15620758,Spain,0.0,28480.71,41,0,4,Bronze,1849
15773731,Spain,0.0,28401.7,55,0,4,Bronze,1850
15676707,Spain,0.0,28361.568333333333,46,0,4,Bronze,1851
15592570,Spain,0.0,28313.72,84,0,4,Bronze,1852
15744919,Spain,152760.24,28138.23,1,0,4,Bronze,1853
15708534,Spain,0.0,28093.26,31,1,4,Bronze,1854
15733032,Spain,0.0,28054.12,37,0,4,Bronze,1855
15792232,Spain,0.0,28046.16,49,0,4,Bronze,1856
15785167,Spain,0.0,28010.3,41,0,4,Bronze,1857
15749807,Spain,0.0,27994.69,32,0,4,Bronze,1858
15568429,Spain,0.0,27915.13,40,0,4,Bronze,1859
15789095,Spain,0.0,27782.39,81,0,4,Bronze,1860
15668009,Spain,0.0,27775.36,23,0,4,Bronze,1861
15576526,Spain,0.0,27758.37,90,0,4,Bronze,1862
15693771,Spain,95922.9,27739.940000000002,4,1,4,Bronze,1863
15686963,Spain,0.0,27717.17,32,0,4,Bronze,1864
15663826,Spain,0.0,27709.68,57,0,4,Bronze,1865
15809817,Spain,0.0,27700.87,111,0,4,Bronze,1866
15754112,Spain,0.0,27492.12,110,0,4,Bronze,1867
15758546,Spain,0.0,27188.72,122,0,4,Bronze,1868
15646720,Spain,0.0,27187.52,57,1,4,Bronze,1869
15634606,Spain,0.0,27069.04,33,0,4,Bronze,1870
15683544,Spain,0.0,27064.14,62,0,4,Bronze,1871
15680046,Spain,0.0,27059.32,78,0,4,Bronze,1872
15684269,Spain,56674.48,26968.42,13,1,4,Bronze,1873
15790442,Spain,0.0,26769.54,33,0,4,Bronze,1874
15592197,Spain,0.0,26737.15,36,0,4,Bronze,1875
15787196,Spain,0.0,26731.78,41,0,4,Bronze,1876
15668629,Spain,0.0,26717.11,19,0,4,Bronze,1877
15726588,Spain,0.0,26582.56,33,0,4,Bronze,1878
15782219,Spain,0.0,26418.46,83,0,4,Bronze,1879
15607713,Spain,0.0,26384.29,20,0,4,Bronze,1880
15666252,Spain,0.0,26318.9,128,0,4,Bronze,1881
15711249,Spain,0.0,26121.88,49,0,4,Bronze,1882
15698872,Spain,0.0,26085.39,28,0,4,Bronze,1883
15638068,Spain,0.0,26042.46,70,0,4,Bronze,1884
15613623,Spain,0.0,25999.97,56,0,4,Bronze,1885
15658211,Spain,0.0,25983.11,34,0,4,Bronze,1886
15811985,Spain,0.0,25836.47,74,0,4,Bronze,1887
15727138,Spain,0.0,25719.88,142,0,4,Bronze,1888
15582090,Spain,0.0,25582.47,41,0,4,Bronze,1889
15782574,Spain,0.0,25559.21,60,0,4,Bronze,1890
15573309,Spain,0.0,25511.47,36,0,4,Bronze,1891
15772030,Spain,0.0,25254.28,62,0,4,Bronze,1892
15593425,Spain,187997.15,24788.77,3,1,4,Bronze,1893
15677377,Spain,0.0,24729.9,59,0,4,Bronze,1894
15748936,Spain,0.0,24666.9,32,0,4,Bronze,1895
15753847,Spain,0.0,24542.55,29,1,4,Bronze,1896
15585867,Spain,0.0,24503.77,39,0,4,Bronze,1897
15782236,Spain,0.0,24470.03,54,0,4,Bronze,1898
15664808,Spain,0.0,24429.79,31,0,4,Bronze,1899
15586993,Spain,0.0,24091.37,85,0,4,Bronze,1900
15641319,Spain,0.0,24089.58,53,1,4,Bronze,1901
15720083,Spain,0.0,24019.2,18,0,4,Bronze,1902
15663252,Spain,0.0,23859.18,170,0,4,Bronze,1903
15601184,Spain,0.0,23846.09,27,0,4,Bronze,1904
15667456,Spain,0.0,23835.18,49,0,4,Bronze,1905
15781034,Spain,0.0,23809.81,79,0,4,Bronze,1906
15636767,Spain,0.0,23724.79,169,0,4,Bronze,1907
15654457,Spain,0.0,23714.78,29,1,4,Bronze,1908
15725772,Spain,0.0,23668.05,31,0,4,Bronze,1909
15675518,Spain,75225.53,23659.8,7,1,4,Bronze,1910
15576269,Spain,0.0,23509.871666666666,58,0,4,Bronze,1911
15646969,Spain,0.0,23486.73,29,0,4,Bronze,1912
15578980,Spain,0.0,23411.21,64,0,4,Bronze,1913
15747878,Spain,0.0,23402.06,69,0,4,Bronze,1914
15748352,Spain,104488.17,23275.82,5,0,4,Bronze,1915
15626042,Spain,0.0,23224.37,40,0,4,Bronze,1916
15722083,Spain,0.0,23197.38,93,0,4,Bronze,1917
15643794,Spain,0.0,23019.16,46,0,4,Bronze,1918
15570073,Spain,0.0,22954.03,18,0,4,Bronze,1919
15598883,Spain,0.0,22947.53,35,0,4,Bronze,1920
15581295,Spain,0.0,22878.5,27,0,4,Bronze,1921
15656330,Spain,68138.37,22822.21,6,0,4,Bronze,1922
15725068,Spain,0.0,22820.391666666666,133,0,4,Bronze,1923
15623072,Spain,0.0,22811.44,60,0,4,Bronze,1924
15670584,Spain,0.0,22759.19,19,1,4,Bronze,1925
15696120,Spain,0.0,22747.56,23,0,4,Bronze,1926
15797627,Spain,134249.7,22718.58,2,0,4,Bronze,1927
15617538,Spain,0.0,22693.48,85,0,4,Bronze,1928
15721504,Spain,0.0,22657.33,42,0,4,Bronze,1929
15567802,Spain,0.0,22585.260000000002,23,0,4,Bronze,1930
15737795,Spain,0.0,22453.77,24,1,4,Bronze,1931
15683977,Spain,0.0,22395.5,77,0,4,Bronze,1932
15776433,Spain,0.0,22328.34,32,0,4,Bronze,1933
15642022,Spain,0.0,22309.02,77,0,4,Bronze,1934
15776844,Spain,0.0,22259.54,58,0,4,Bronze,1935
15755863,Spain,0.0,22226.91,25,0,4,Bronze,1936
15716984,Spain,0.0,22209.13,44,0,4,Bronze,1937
15596797,Spain,0.0,22207.920000000002,22,0,4,Bronze,1938
15751943,Spain,0.0,22196.98,61,0,4,Bronze,1939
15589544,Spain,0.0,22138.48083333333,57,0,4,Bronze,1940
15726814,Spain,0.0,22135.86,63,0,4,Bronze,1941
15705034,Spain,0.0,22128.92,19,0,4,Bronze,1942
15684367,Spain,0.0,22066.14,41,0,4,Bronze,1943
15641688,Spain,0.0,21778.08,74,1,4,Bronze,1944
15733602,Spain,0.0,21729.88,27,0,4,Bronze,1945
15656829,Spain,0.0,21705.29,63,0,4,Bronze,1946
15711489,Spain,0.0,21683.9,35,0,4,Bronze,1947
15750728,Spain,0.0,21632.35,29,0,4,Bronze,1948
15716085,Spain,0.0,21579.38,13,1,4,Bronze,1949
15798470,Spain,75990.97,21557.670000000002,2,1,4,Bronze,1950
15665014,Spain,0.0,21474.16,47,0,4,Bronze,1951
15794661,Spain,0.0,21244.88,22,0,4,Bronze,1952
15623644,Spain,0.0,21045.79,66,0,4,Bronze,1953
15804142,Spain,175575.95,20974.46,4,1,4,Bronze,1954
15603481,Spain,0.0,20869.05,67,0,4,Bronze,1955
15656263,Spain,0.0,20794.69,56,0,4,Bronze,1956
15683053,Spain,0.0,20771.8,22,1,4,Bronze,1957
15665460,Spain,0.0,20742.329999999998,19,0,4,Bronze,1958
15709199,Spain,0.0,20652.83,15,0,4,Bronze,1959
15661162,Spain,0.0,20593.92,26,1,4,Bronze,1960
15797197,Spain,0.0,20569.3,52,0,4,Bronze,1961
15752388,Spain,0.0,20560.98,93,0,4,Bronze,1962
15671590,Spain,0.0,20503.260000000002,59,0,4,Bronze,1963
15646168,Spain,0.0,20464.23,45,0,4,Bronze,1964
15660528,Spain,0.0,20216.35,40,0,4,Bronze,1965
15665374,Spain,0.0,20187.81,43,0,4,Bronze,1966
15713769,Spain,0.0,20091.07,113,0,4,Bronze,1967
15790659,Spain,0.0,20062.48,119,0,4,Bronze,1968
15662021,Spain,0.0,20022.07,21,0,4,Bronze,1969
15638751,Spain,0.0,19949.97,55,0,4,Bronze,1970
15784844,Spain,116060.08,19920.49,5,1,4,Bronze,1971
15600575,Spain,0.0,19894.64,62,0,4,Bronze,1972
15681081,Spain,0.0,19728.22,91,0,4,Bronze,1973
15657105,Spain,0.0,19590.49,20,0,4,Bronze,1974
15718064,Spain,0.0,19556.0,24,0,4,Bronze,1975
15658668,Spain,0.0,19477.1,82,0,4,Bronze,1976
15792151,Spain,0.0,19384.11,34,0,4,Bronze,1977
15689671,Spain,0.0,19357.18,69,0,4,Bronze,1978
15594456,Spain,99097.33,19353.42,4,1,4,Bronze,1979
15608338,Spain,117294.12,19272.85,2,1,4,Bronze,1980
15773098,Spain,0.0,19243.41,58,0,4,Bronze,1981
15674750,Spain,0.0,19243.12,88,0,4,Bronze,1982
15627305,Spain,0.0,19134.88,34,1,4,Bronze,1983
15626983,Spain,0.0,19113.53,86,0,4,Bronze,1984
15672930,Spain,0.0,19086.41,101,0,4,Bronze,1985
15678497,Spain,0.0,18965.97,19,1,4,Bronze,1986
15705899,Spain,127510.99,18957.63,3,0,4,Bronze,1987
15801699,Spain,0.0,18923.02,84,0,4,Bronze,1988
15580149,Spain,0.0,18891.47,68,0,4,Bronze,1989
15595713,Spain,0.0,18859.67,109,0,4,Bronze,1990
15778526,Spain,0.0,18752.9,43,0,4,Bronze,1991
15674148,Spain,0.0,18714.61,27,1,4,Bronze,1992
15657779,Spain,0.0,18652.83,47,0,4,Bronze,1993
15642098,Spain,108960.0,18555.97,3,1,4,Bronze,1994
15773503,Spain,0.0,18418.460833333334,45,0,4,Bronze,1995
15615896,Spain,0.0,18296.48,84,0,4,Bronze,1996
15773447,Spain,0.0,18247.45,88,0,4,Bronze,1997
15614643,Spain,0.0,18228.54,25,0,4,Bronze,1998
15697028,Spain,65812.35,17994.41,5,0,4,Bronze,1999
15635116,Spain,0.0,17993.05,11,1,4,Bronze,2000
15701908,Spain,0.0,17992.37,112,0,4,Bronze,2001
15727857,Spain,0.0,17941.27,14,0,4,Bronze,2002
15674928,Spain,0.0,17860.19,26,0,4,Bronze,2003
15733114,Spain,0.0,17707.98,118,0,4,Bronze,2004
15601263,Spain,0.0,17680.6,71,0,4,Bronze,2005
15788686,Spain,0.0,17646.44,114,0,4,Bronze,2006
15723884,Spain,0.0,17640.83,29,0,4,Bronze,2007
15725906,Spain,0.0,17596.28,90,1,4,Bronze,2008
15681506,Spain,0.0,17532.01,15,0,4,Bronze,2009
15688876,Spain,0.0,17522.32,145,0,4,Bronze,2010
15662865,Spain,0.0,17479.6,22,0,4,Bronze,2011
15576156,Spain,0.0,17472.53,58,0,4,Bronze,2012
15576683,Spain,0.0,17456.25,23,1,4,Bronze,2013
15589475,Spain,0.0,17424.42,25,1,4,Bronze,2014
15677123,Spain,0.0,17065.96,105,0,4,Bronze,2015
15798439,Spain,0.0,16953.75,26,0,4,Bronze,2016
15737173,Spain,0.0,16714.2,51,0,4,Bronze,2017
15659236,Spain,0.0,16708.98,58,0,4,Bronze,2018
15763065,Spain,0.0,16682.95,14,0,4,Bronze,2019
15799435,Spain,0.0,16446.64,19,0,4,Bronze,2020
15676835,Spain,0.0,16431.27,13,0,4,Bronze,2021
15594612,Spain,0.0,16378.869999999999,46,1,4,Bronze,2022
15665181,Spain,0.0,16372.03,119,0,4,Bronze,2023
15627999,Spain,0.0,16131.36,26,0,4,Bronze,2024
15777614,Spain,0.0,16119.77,34,0,4,Bronze,2025
15746461,Spain,0.0,16102.6,21,0,4,Bronze,2026
15721181,Spain,0.0,16083.119999999999,63,0,4,Bronze,2027
15727688,Spain,0.0,16028.02,62,0,4,Bronze,2028
15794493,Spain,0.0,15972.03,107,0,4,Bronze,2029
15633648,Spain,0.0,15759.23,46,0,4,Bronze,2030
15679738,Spain,0.0,15720.59,33,1,4,Bronze,2031
15747724,Spain,0.0,15673.33,111,0,4,Bronze,2032
15778135,Spain,0.0,15588.86,38,0,4,Bronze,2033
15662098,Spain,128808.65,15524.07,3,1,4,Bronze,2034
15745324,Spain,0.0,15520.470000000001,13,1,4,Bronze,2035
15693817,Spain,0.0,15501.87,51,0,4,Bronze,2036
15790763,Spain,0.0,15496.74,33,0,4,Bronze,2037
15680643,Spain,0.0,15479.19,24,0,4,Bronze,2038
15659428,Spain,0.0,15444.58,88,0,4,Bronze,2039
15730738,Spain,0.0,15409.52,138,0,4,Bronze,2040
15725945,Spain,0.0,15312.64,16,1,4,Bronze,2041
15787710,Spain,0.0,15308.52,92,0,4,Bronze,2042
15642991,Spain,0.0,15290.08,95,0,4,Bronze,2043
15729110,Spain,0.0,15289.02,51,1,4,Bronze,2044
15729836,Spain,0.0,15241.58,12,0,4,Bronze,2045
15590201,Spain,0.0,15115.28,31,1,4,Bronze,2046
15705765,Spain,0.0,15093.67,23,0,4,Bronze,2047
15786454,Spain,0.0,15071.53,53,0,4,Bronze,2048
15603323,Spain,0.0,15062.95,22,0,4,Bronze,2049
15638257,Spain,83102.72,15015.02,4,0,4,Bronze,2050
15790204,Spain,0.0,14981.33,79,1,4,Bronze,2051
15683363,Spain,0.0,14910.52,19,0,4,Bronze,2052
15697948,Spain,0.0,14850.19,50,0,4,Bronze,2053
15684461,Spain,0.0,14837.57,17,1,4,Bronze,2054
15645937,Spain,0.0,14748.06,32,0,4,Bronze,2055
15778149,Spain,0.0,14654.88,26,1,4,Bronze,2056
15710366,Spain,0.0,14593.68,27,1,4,Bronze,2057
15759555,Spain,0.0,14592.89,24,0,4,Bronze,2058
15643523,Spain,0.0,14570.36,116,0,4,Bronze,2059
15651674,Spain,0.0,14524.59,13,1,4,Bronze,2060
15739194,Spain,178056.54,14480.85,3,0,4,Bronze,2061
15611338,Spain,0.0,14264.55,69,0,4,Bronze,2062
15705343,Spain,0.0,14198.64,91,0,4,Bronze,2063
15578788,Spain,0.0,14131.32,53,0,4,Bronze,2064
15790958,Spain,0.0,14120.2,70,0,4,Bronze,2065
15724536,Spain,0.0,14044.99,20,0,4,Bronze,2066
15721730,Spain,0.0,14022.42,43,0,4,Bronze,2067
15751193,Spain,0.0,13906.35,64,0,4,Bronze,2068
15720893,Spain,0.0,13878.84,103,0,4,Bronze,2069
15599552,Spain,0.0,13877.18,44,0,4,Bronze,2070
15734892,Spain,0.0,13876.22,72,0,4,Bronze,2071
15656351,Spain,0.0,13761.2,39,0,4,Bronze,2072
15654067,Spain,0.0,13737.61,34,0,4,Bronze,2073
15714610,Spain,0.0,13735.92,34,0,4,Bronze,2074
15739189,Spain,0.0,13622.98,60,0,4,Bronze,2075
15687527,Spain,0.0,13607.68,18,0,4,Bronze,2076
15806284,Spain,0.0,13493.83,28,0,4,Bronze,2077
15715715,Spain,0.0,13458.039999999999,37,0,4,Bronze,2078
15801265,Spain,57784.22,13453.310000000001,5,1,4,Bronze,2079
15608408,Spain,0.0,13428.75,14,0,4,Bronze,2080
15800228,Spain,0.0,13424.95,69,0,4,Bronze,2081
15588406,Spain,0.0,13370.31,75,0,4,Bronze,2082
15593773,Spain,0.0,13348.52,21,0,4,Bronze,2083
15807457,Spain,0.0,13343.87,15,0,4,Bronze,2084
15623595,Spain,0.0,13301.43,28,0,4,Bronze,2085
15614893,Spain,0.0,13211.4,38,0,4,Bronze,2086
15774104,Spain,0.0,13176.32,44,0,4,Bronze,2087
15788218,Spain,0.0,13138.25,132,0,4,Bronze,2088
15668580,Spain,0.0,13041.17,32,0,4,Bronze,2089
15705085,Spain,0.0,13023.74,87,0,4,Bronze,2090
15657637,Spain,0.0,12860.72,37,0,4,Bronze,2091
15698758,Spain,0.0,12858.12,21,0,4,Bronze,2092
15677512,Spain,0.0,12760.89,32,0,4,Bronze,2093
15589924,Spain,0.0,12729.85,24,0,4,Bronze,2094
15636428,Spain,0.0,12696.88,11,1,4,Bronze,2095
15794895,Spain,0.0,12685.06,21,0,4,Bronze,2096
15718216,Spain,0.0,12670.82,23,0,4,Bronze,2097
15723851,Spain,0.0,12661.380000000001,30,0,4,Bronze,2098
15572626,Spain,0.0,12602.62,128,0,4,Bronze,2099
15646521,Spain,0.0,12566.34,10,0,4,Bronze,2100
15724076,Spain,0.0,12558.06,55,1,4,Bronze,2101
15798824,Spain,92674.94,12557.32,3,0,4,Bronze,2102
15653315,Spain,0.0,12525.64,18,0,4,Bronze,2103
15667602,Spain,0.0,12451.33,30,0,4,Bronze,2104
15812982,Spain,0.0,12413.1,15,0,4,Bronze,2105
15637315,Spain,0.0,12325.18,34,0,4,Bronze,2106
15663830,Spain,0.0,12261.86,99,0,4,Bronze,2107
15763898,Spain,0.0,11908.81,57,0,4,Bronze,2108
15651943,Spain,0.0,11905.18,20,0,4,Bronze,2109
15685654,Spain,0.0,11836.4,135,0,4,Bronze,2110
15717046,Spain,0.0,11831.94,50,0,4,Bronze,2111
15798385,Spain,0.0,11818.23,42,0,4,Bronze,2112
15785782,Spain,0.0,11738.59,19,1,4,Bronze,2113
15642570,Spain,0.0,11649.39,71,0,4,Bronze,2114
15636105,Spain,0.0,11630.19,42,0,4,Bronze,2115
15739576,Spain,0.0,11614.82,135,0,4,Bronze,2116
15751185,Spain,158633.61,11600.59,2,0,4,Bronze,2117
15759717,Spain,0.0,11542.53,81,0,4,Bronze,2118
15753754,Spain,0.0,11542.26,23,0,4,Bronze,2119
15587038,Spain,0.0,11502.27,26,1,4,Bronze,2120
15566292,Spain,0.0,11485.0,24,0,4,Bronze,2121
15798521,Spain,0.0,11427.33,39,0,4,Bronze,2122
15567991,Spain,144880.34,11406.83,1,0,4,Bronze,2123
15661945,Spain,0.0,11388.85,52,0,4,Bronze,2124
15671351,Spain,0.0,11361.44,23,0,4,Bronze,2125
15707696,Spain,0.0,11328.69,91,0,4,Bronze,2126
15668886,Spain,0.0,11291.5,38,0,4,Bronze,2127
15702380,Spain,0.0,11246.6,108,0,4,Bronze,2128
15815236,Spain,0.0,11211.15,65,0,4,Bronze,2129
15764073,Spain,0.0,11161.14,128,0,4,Bronze,2130
15748995,Spain,0.0,11159.77,143,0,4,Bronze,2131
15654379,Spain,0.0,11156.05,70,0,4,Bronze,2132
15757911,Spain,0.0,11101.48,13,0,4,Bronze,2133
15667002,Spain,0.0,11091.18,48,0,4,Bronze,2134
15624437,Spain,0.0,10999.619166666667,25,0,4,Bronze,2135
15644796,Spain,0.0,10970.87,19,1,4,Bronze,2136
15714057,Spain,0.0,10952.27,51,0,4,Bronze,2137
15651460,Spain,0.0,10942.48,126,0,4,Bronze,2138
15584090,Spain,0.0,10912.11,13,1,4,Bronze,2139
15621432,Spain,0.0,10889.08,9,0,4,Bronze,2140
15721462,Spain,0.0,10854.61,38,0,4,Bronze,2141
15627328,Spain,0.0,10818.8,30,0,4,Bronze,2142
15646351,Spain,0.0,10667.27,66,0,4,Bronze,2143
15754649,Spain,0.0,10647.64,51,0,4,Bronze,2144
15616529,Spain,0.0,10631.61,50,0,4,Bronze,2145
15778089,Spain,0.0,10583.36,17,0,4,Bronze,2146
15790247,Spain,0.0,10569.53,148,0,4,Bronze,2147
15637427,Spain,0.0,10549.86,101,0,4,Bronze,2148
15804072,Spain,0.0,10545.11,59,0,4,Bronze,2149
15657535,Spain,0.0,10527.27,38,1,4,Bronze,2150
15795458,Spain,0.0,10488.25,35,0,4,Bronze,2151
15711314,Spain,0.0,10448.13,10,1,4,Bronze,2152
15811588,Spain,187602.18,10439.36,2,1,4,Bronze,2153
15588695,Spain,0.0,10376.35,38,1,4,Bronze,2154
15804919,Spain,0.0,10268.7,15,1,4,Bronze,2155
15792004,Spain,0.0,10255.89,38,0,4,Bronze,2156
15698294,Spain,0.0,10212.86,15,0,4,Bronze,2157
15571476,Spain,103257.14,10145.82,1,0,4,Bronze,2158
15753895,Spain,0.0,10090.85,17,0,4,Bronze,2159
15698528,Spain,0.0,10077.890000000001,9,1,4,Bronze,2160
15686099,Spain,82182.1,10027.94,3,1,4,Bronze,2161
15693926,Spain,178742.71,10022.1,1,0,4,Bronze,2162
15799641,Spain,0.0,9955.51,23,0,4,Bronze,2163
15742369,Spain,0.0,9930.710000000001,84,0,4,Bronze,2164
15779915,Spain,0.0,9905.46,57,0,4,Bronze,2165
15585901,Spain,0.0,9880.07,13,1,4,Bronze,2166
15813022,Spain,0.0,9863.6,14,0,4,Bronze,2167
15717770,Spain,0.0,9731.79,12,1,4,Bronze,2168
15692443,Spain,69478.57,9711.4,2,1,4,Bronze,2169
15662426,Spain,0.0,9703.57,17,1,4,Bronze,2170
15578908,Spain,0.0,9685.03,6,0,4,Bronze,2171
15772250,Spain,0.0,9658.25,92,0,4,Bronze,2172
15661827,Spain,0.0,9543.45,58,0,4,Bronze,2173
15775797,Spain,0.0,9459.25,120,0,4,Bronze,2174
15595160,Spain,0.0,9381.81,29,0,4,Bronze,2175
15581539,Spain,0.0,9376.45,35,0,4,Bronze,2176
15718454,Spain,0.0,9353.25,35,0,4,Bronze,2177
15767488,Spain,0.0,9351.460000000001,77,0,4,Bronze,2178
15801256,Spain,0.0,9282.75,112,0,4,Bronze,2179
15620372,Spain,0.0,9282.73,30,0,4,Bronze,2180
15697510,Spain,0.0,9235.64,5,1,4,Bronze,2181
15587584,Spain,0.0,9187.3,60,0,4,Bronze,2182
15762928,Spain,0.0,9069.86,96,0,4,Bronze,2183
15624424,Spain,0.0,9058.61,18,0,4,Bronze,2184
15813363,Spain,0.0,9031.01,24,0,4,Bronze,2185
15784890,Spain,0.0,9023.84,79,0,4,Bronze,2186
15630106,Spain,0.0,9019.53,22,0,4,Bronze,2187
15613749,Spain,151839.26,8993.84,2,1,4,Bronze,2188
15592645,Spain,0.0,8958.99,55,0,4,Bronze,2189
15793455,Spain,0.0,8932.9,18,1,4,Bronze,2190
15730488,Spain,0.0,8896.36,12,0,4,Bronze,2191
15666297,Spain,0.0,8886.25,25,1,4,Bronze,2192
15576550,Spain,0.0,8870.8,5,1,4,Bronze,2193
15787229,Spain,0.0,8827.02,16,0,4,Bronze,2194
15705885,Spain,0.0,8800.56,37,0,4,Bronze,2195
15790299,Spain,0.0,8724.86,131,0,4,Bronze,2196
15674880,Spain,0.0,8537.28,24,0,4,Bronze,2197
15599004,Spain,0.0,8488.99,18,0,4,Bronze,2198
15785078,Spain,0.0,8422.61,33,0,4,Bronze,2199
15697391,Spain,0.0,8329.99,36,0,4,Bronze,2200
15623220,Spain,0.0,8260.76,37,0,4,Bronze,2201
15569917,Spain,87609.68,8134.08,1,1,4,Bronze,2202
15617982,Spain,0.0,8126.6,35,0,4,Bronze,2203
15693814,Spain,0.0,8092.19,73,0,4,Bronze,2204
15740630,Spain,0.0,8071.07,10,0,4,Bronze,2205
15665629,Spain,0.0,8048.62,78,0,4,Bronze,2206
15786680,Spain,0.0,7993.59,52,0,4,Bronze,2207
15600027,Spain,0.0,7917.15,20,0,4,Bronze,2208
15585256,Spain,0.0,7894.81,41,0,4,Bronze,2209
15749114,Spain,0.0,7877.69,55,0,4,Bronze,2210
15750765,Spain,0.0,7868.61,9,0,4,Bronze,2211
15639665,Spain,0.0,7838.74,7,0,4,Bronze,2212
15597385,Spain,0.0,7665.89,94,0,4,Bronze,2213
15780056,Spain,0.0,7548.17,55,0,4,Bronze,2214
15567013,Spain,0.0,7505.41,37,0,4,Bronze,2215
15690939,Spain,0.0,7496.76,118,0,4,Bronze,2216
15645766,Spain,0.0,7491.2699999999995,165,0,4,Bronze,2217
15779886,Spain,0.0,7476.01,78,0,4,Bronze,2218
15807221,Spain,0.0,7471.01,20,0,4,Bronze,2219
15582762,Spain,0.0,7443.7699999999995,36,0,4,Bronze,2220
15762123,Spain,0.0,7420.75,13,0,4,Bronze,2221
15759290,Spain,0.0,7419.76,92,0,4,Bronze,2222
15711789,Spain,0.0,7375.4,7,1,4,Bronze,2223
15769829,Spain,0.0,7330.46,48,0,4,Bronze,2224
15773709,Spain,0.0,7306.35,9,0,4,Bronze,2225
15633043,Spain,0.0,7298.9800000000005,30,1,4,Bronze,2226
15662500,Spain,0.0,7168.84,96,0,4,Bronze,2227
15596455,Spain,0.0,7152.68,8,1,4,Bronze,2228
15569945,Spain,0.0,7143.4800000000005,10,0,4,Bronze,2229
15711834,Spain,0.0,7141.74,20,1,4,Bronze,2230
15571843,Spain,0.0,7140.49,17,0,4,Bronze,2231
15709117,Spain,81576.75,7098.21,2,1,4,Bronze,2232
15806546,Spain,0.0,7083.81,46,0,4,Bronze,2233
15641629,Spain,0.0,6858.99,26,0,4,Bronze,2234
15599869,Spain,0.0,6815.61,15,0,4,Bronze,2235
15797065,Spain,0.0,6810.74,9,0,4,Bronze,2236
15654859,Spain,131629.17,6751.27,1,1,4,Bronze,2237
15757306,Spain,0.0,6747.97,17,1,4,Bronze,2238
15712877,Spain,0.0,6659.71,23,0,4,Bronze,2239
15810800,Spain,0.0,6615.85,13,0,4,Bronze,2240
15677804,Spain,0.0,6577.45,10,1,4,Bronze,2241
15745266,Spain,0.0,6546.5,18,1,4,Bronze,2242
15659800,Spain,0.0,6485.21,10,1,4,Bronze,2243
15598574,Spain,0.0,6461.65,75,0,4,Bronze,2244
15711446,Spain,0.0,6420.03,11,1,4,Bronze,2245
15670646,Spain,147187.84,6405.29,2,1,4,Bronze,2246
15672053,Spain,0.0,6290.07,22,0,4,Bronze,2247
15810978,Spain,0.0,6278.71,25,0,4,Bronze,2248
15588535,Spain,0.0,6109.36,52,0,4,Bronze,2249
15795488,Spain,0.0,6093.110000000001,17,0,4,Bronze,2250
15773605,Spain,0.0,6077.79,25,0,4,Bronze,2251
15728082,Spain,0.0,6016.37,62,0,4,Bronze,2252
15738088,Spain,0.0,5988.21,22,1,4,Bronze,2253
15768474,Spain,0.0,5932.650000000001,24,0,4,Bronze,2254
15583353,Spain,0.0,5931.79,23,1,4,Bronze,2255
15565706,Spain,0.0,5922.38,11,1,4,Bronze,2256
15619029,Spain,0.0,5888.61,34,0,4,Bronze,2257
15803538,Spain,0.0,5886.49,8,1,4,Bronze,2258
15756975,Spain,0.0,5839.0599999999995,56,0,4,Bronze,2259
15569423,Spain,0.0,5776.32,38,0,4,Bronze,2260
15798659,Spain,0.0,5704.84,25,0,4,Bronze,2261
15727299,Spain,64119.38,5699.84,3,1,4,Bronze,2262
15596212,Spain,0.0,5679.5,19,0,4,Bronze,2263
15628303,Spain,0.0,5669.64,63,0,4,Bronze,2264
15642099,Spain,0.0,5668.4,73,0,4,Bronze,2265
15703394,Spain,0.0,5664.22,32,0,4,Bronze,2266
15574692,Spain,0.0,5583.0,23,1,4,Bronze,2267
15606755,Spain,0.0,5579.66,11,1,4,Bronze,2268
15698953,Spain,0.0,5566.84,13,1,4,Bronze,2269
15702806,Spain,0.0,5541.04,93,0,4,Bronze,2270
15757821,Spain,0.0,5515.94,19,0,4,Bronze,2271
15803078,Spain,0.0,5510.86,18,0,4,Bronze,2272
15705953,Spain,169312.13,5489.3,1,1,4,Bronze,2273
15736510,Spain,0.0,5410.0599999999995,17,1,4,Bronze,2274
15735270,Spain,0.0,5356.49,19,1,4,Bronze,2275
15703544,Spain,0.0,5331.41,6,0,4,Bronze,2276
15690175,Spain,0.0,5316.17,6,0,4,Bronze,2277
15768072,Spain,0.0,5316.01,24,1,4,Bronze,2278
15653347,Spain,0.0,5219.51,6,1,4,Bronze,2279
15693203,Spain,0.0,5185.12,92,0,4,Bronze,2280
15585888,Spain,0.0,5182.33,21,1,4,Bronze,2281
15732113,Spain,0.0,5159.56,147,0,4,Bronze,2282
15708422,Spain,0.0,5145.69,6,0,4,Bronze,2283
15738220,Spain,0.0,5100.83,14,0,4,Bronze,2284
15663438,Spain,89772.3,5090.88,1,1,4,Bronze,2285
15792650,Spain,0.0,5066.95,7,1,4,Bronze,2286
15655192,Spain,0.0,4995.05,12,0,4,Bronze,2287
15738516,Spain,0.0,4994.29,45,0,4,Bronze,2288
15653275,Spain,0.0,4987.78,14,1,4,Bronze,2289
15605333,Spain,0.0,4919.88,55,0,4,Bronze,2290
15676937,Spain,0.0,4785.26,45,1,4,Bronze,2291
15713843,Spain,0.0,4762.63,29,0,4,Bronze,2292
15673055,Spain,0.0,4761.08,115,0,4,Bronze,2293
15710012,Spain,0.0,4752.7,16,1,4,Bronze,2294
15571148,Spain,0.0,4703.599999999999,13,0,4,Bronze,2295
15775124,Spain,0.0,4678.37,121,0,4,Bronze,2296
15769783,Spain,0.0,4673.09,129,0,4,Bronze,2297
15604138,Spain,0.0,4636.04,7,1,4,Bronze,2298
15694349,Spain,0.0,4619.89,110,0,4,Bronze,2299
15630857,Spain,0.0,4524.81,91,0,4,Bronze,2300
15671973,Spain,0.0,4493.52,78,0,4,Bronze,2301
15623712,Spain,0.0,4471.28,6,1,4,Bronze,2302
15619340,Spain,0.0,4467.69,21,0,4,Bronze,2303
15813590,Spain,0.0,4455.19,2,1,4,Bronze,2304
15621353,Spain,0.0,4401.89,70,0,4,Bronze,2305
15663987,Spain,0.0,4362.04,4,1,4,Bronze,2306
15690733,Spain,0.0,4315.0199999999995,29,1,4,Bronze,2307
15811842,Spain,0.0,4276.91,103,0,4,Bronze,2308
15776947,Spain,0.0,4217.72,68,1,4,Bronze,2309
15745399,Spain,0.0,4198.85,9,1,4,Bronze,2310
15601410,Spain,0.0,4174.85,5,1,4,Bronze,2311
15623649,Spain,0.0,4168.52,44,0,4,Bronze,2312
15674765,Spain,0.0,4154.78,47,0,4,Bronze,2313
15704910,Spain,0.0,4098.06,42,0,4,Bronze,2314
15726490,Spain,0.0,4069.64,16,1,4,Bronze,2315
15746970,Spain,0.0,4059.52,22,0,4,Bronze,2316
15723858,Spain,0.0,4031.61,50,0,4,Bronze,2317
15671591,Spain,96196.24,3989.23,1,1,4,Bronze,2318
15765297,Spain,0.0,3985.29,13,0,4,Bronze,2319
15660636,Spain,0.0,3953.57,95,0,4,Bronze,2320
15591942,Spain,0.0,3951.56,106,0,4,Bronze,2321
15727919,Spain,0.0,3905.05,51,0,4,Bronze,2322
15774401,Spain,0.0,3899.62,8,1,4,Bronze,2323
15697129,Spain,0.0,3886.09,20,0,4,Bronze,2324
15669516,Spain,0.0,3781.31,38,0,4,Bronze,2325
15629677,Spain,0.0,3770.42,6,1,4,Bronze,2326
15747043,Spain,0.0,3757.6,32,0,4,Bronze,2327
15585133,Spain,0.0,3710.31,90,0,4,Bronze,2328
15649354,Spain,0.0,3633.14,63,0,4,Bronze,2329
15745295,Spain,0.0,3623.71,7,1,4,Bronze,2330
15654229,Spain,0.0,3579.58,23,0,4,Bronze,2331
15811742,Spain,0.0,3484.99,77,0,4,Bronze,2332
15734626,Spain,0.0,3470.34,24,0,4,Bronze,2333
15599268,Spain,0.0,3449.87,44,0,4,Bronze,2334
15616833,Spain,0.0,3383.79,43,0,4,Bronze,2335
15735428,Spain,0.0,3373.4900000000002,9,0,4,Bronze,2336
15687719,Spain,0.0,3368.89,86,0,4,Bronze,2337
15698572,Spain,0.0,3331.85,12,0,4,Bronze,2338
15647572,Spain,54980.81,3328.6000000000004,2,0,4,Bronze,2339
15800062,Spain,0.0,3322.87,23,1,4,Bronze,2340
15736431,Spain,0.0,3306.32,29,0,4,Bronze,2341
15708710,Spain,0.0,3274.26,7,0,4,Bronze,2342
15669922,Spain,0.0,3227.75,34,0,4,Bronze,2343
15750476,Spain,0.0,3217.07,86,0,4,Bronze,2344
15645029,Spain,0.0,3207.31,62,0,4,Bronze,2345
15672574,Spain,0.0,3177.85,77,0,4,Bronze,2346
15716608,Spain,0.0,3163.57,5,1,4,Bronze,2347
15610653,Spain,0.0,3139.57,86,0,4,Bronze,2348
15717398,Spain,0.0,3069.4700000000003,3,1,4,Bronze,2349
15613886,Spain,0.0,3050.6800000000003,9,1,4,Bronze,2350
15647259,Spain,0.0,3019.1,11,0,4,Bronze,2351
15675794,Germany,152076.93,38537.59,4,1,4,Bronze,2352
15613712,Spain,0.0,2966.93,10,0,4,Bronze,2352
15591169,Germany,137455.99,37942.11,5,1,4,Bronze,2353
15751336,Spain,0.0,2923.18,56,0,4,Bronze,2353
15677336,Germany,120043.13,37638.909999999996,5,1,4,Bronze,2354
15749905,Spain,0.0,2885.59,15,1,4,Bronze,2354
15789313,Germany,96553.52,37490.3,4,1,4,Bronze,2355
15750574,Spain,0.0,2859.69,64,0,4,Bronze,2355
15583580,Germany,123042.0,37441.91,6,1,4,Bronze,2356
15777436,Spain,0.0,2851.62,58,0,4,Bronze,2356
15740223,Germany,107714.74,37284.37,3,1,4,Bronze,2357
15594436,Spain,0.0,2846.18,44,0,4,Bronze,2357
15668889,Germany,116322.27,36639.94,10,1,4,Bronze,2358
15636353,Spain,0.0,2840.86,53,0,4,Bronze,2358
15791172,Germany,35741.69,36602.49,12,0,4,Bronze,2359
15625141,Spain,0.0,2786.98,68,0,4,Bronze,2359
15651900,Germany,81571.05,36439.39,7,1,4,Bronze,2360
15735358,Spain,0.0,2746.3,79,0,4,Bronze,2360
15622033,Germany,101543.51,36401.37,7,1,4,Bronze,2361
15809909,Spain,0.0,2731.2599999999998,73,0,4,Bronze,2361
15815271,Germany,165048.5,35510.06,5,1,4,Bronze,2362
15642655,Spain,0.0,2652.17,7,0,4,Bronze,2362
15602811,Germany,38848.19,35321.27,11,0,4,Bronze,2363
15597394,Spain,0.0,2634.2400000000002,5,0,4,Bronze,2363
15570835,Germany,112044.72,34758.54,9,1,4,Bronze,2364
15768219,Spain,0.0,2627.08,5,0,4,Bronze,2364
15654733,Germany,117056.46,34065.06,4,1,4,Bronze,2365
15707025,Spain,0.0,2611.01,79,0,4,Bronze,2365
15614929,Germany,96213.82,33049.05,6,0,4,Bronze,2366
15571816,Spain,0.0,2553.55,70,0,4,Bronze,2366
15689786,Germany,169743.83,32525.96,5,1,4,Bronze,2367
15572158,Spain,0.0,2552.4,38,0,4,Bronze,2367
15714970,Germany,103846.65,31211.760000000002,3,0,4,Bronze,2368
15645517,Spain,0.0,2551.99,39,0,4,Bronze,2368
15648362,Germany,108924.33,30860.21,5,1,4,Bronze,2369
15733229,Spain,0.0,2528.06,79,0,4,Bronze,2369
15658067,Germany,120568.41,30859.55,5,1,4,Bronze,2370
15814033,Spain,0.0,2463.1,17,0,4,Bronze,2370
15588955,Germany,93259.57,30517.08,4,1,4,Bronze,2371
15733261,Spain,0.0,2459.7799999999997,25,1,4,Bronze,2371
15677955,Germany,122088.67,30386.8,5,0,4,Bronze,2372
15765694,Spain,0.0,2456.18,1,1,4,Bronze,2372
15642162,Germany,123407.69,30230.63,6,1,4,Bronze,2373
15735837,Spain,0.0,2414.61,52,0,4,Bronze,2373
15672056,Germany,140080.32,29961.79,3,1,4,Bronze,2374
15813113,Spain,0.0,2384.63,12,1,4,Bronze,2374
15664001,Germany,95231.91,29950.1,4,1,4,Bronze,2375
15641359,Spain,0.0,2362.75,59,1,4,Bronze,2375
15718465,Germany,96891.46,29197.4,3,1,4,Bronze,2376
15716000,Spain,0.0,2353.45,32,0,4,Bronze,2376
15577771,Germany,111524.49,29108.7,1,1,4,Bronze,2377
15571065,Spain,0.0,2315.8,5,0,4,Bronze,2377
15799966,Germany,101609.77,28874.97,5,1,4,Bronze,2378
15601503,Spain,0.0,2210.54,45,0,4,Bronze,2378
15704284,Germany,95295.39,28871.31,5,1,4,Bronze,2379
15666633,Spain,0.0,2139.66,24,0,4,Bronze,2379
15579345,Germany,161371.5,27750.88,3,0,4,Bronze,2380
15576352,Spain,0.0,2118.36,47,0,4,Bronze,2380
15705521,Germany,101084.36,27485.89,4,0,4,Bronze,2381
15746076,Spain,0.0,2092.78,35,0,4,Bronze,2381
15705298,Germany,172693.54,27049.73,2,0,4,Bronze,2382
15659495,Spain,0.0,2022.23,42,0,4,Bronze,2382
15574830,Germany,128137.42,26919.79,5,1,4,Bronze,2383
15702912,Spain,0.0,1952.29,8,1,4,Bronze,2383
15593795,Germany,156674.2,26455.33,3,1,4,Bronze,2384
15638806,Spain,0.0,1933.75,28,0,4,Bronze,2384
15806318,Germany,124442.38,26170.91,8,1,4,Bronze,2385
15662189,Spain,0.0,1933.31,58,0,4,Bronze,2385
15782688,Germany,148507.24,25598.55,4,1,4,Bronze,2386
15785183,Spain,0.0,1909.82,42,0,4,Bronze,2386
15713354,Germany,101528.61,25286.69,7,1,4,Bronze,2387
15765812,Spain,0.0,1901.6899999999998,31,0,4,Bronze,2387
15772363,Germany,101979.16,25181.86,4,0,4,Bronze,2388
15600739,Spain,0.0,1868.6000000000001,2,0,4,Bronze,2388
15799300,Germany,113688.63,24745.4,2,1,4,Bronze,2389
15694518,Spain,0.0,1863.1599999999999,3,0,4,Bronze,2389
15737452,Germany,132602.88,24470.49,4,1,4,Bronze,2390
15758901,Spain,0.0,1845.98,4,1,4,Bronze,2390
15628219,Germany,111911.63,24317.92,4,1,4,Bronze,2391
15734491,Spain,0.0,1824.47,60,0,4,Bronze,2391
15758813,Germany,109733.2,23722.6,2,1,4,Bronze,2392
15626040,Spain,0.0,1806.67,7,0,4,Bronze,2392
15764866,Germany,116220.5,23349.260000000002,5,1,4,Bronze,2393
15771856,Spain,0.0,1736.32,14,0,4,Bronze,2393
15693864,Germany,134956.02,22907.66,1,1,4,Bronze,2394
15603846,Spain,0.0,1735.81,5,1,4,Bronze,2394
15732266,Germany,127997.83,22901.42,4,1,4,Bronze,2395
15664204,Spain,0.0,1708.86,26,0,4,Bronze,2395
15641994,Germany,103018.45,22740.190000000002,8,1,4,Bronze,2396
15712483,Spain,0.0,1660.1000000000001,23,1,4,Bronze,2396
15746708,Germany,119961.48,22710.84,5,1,4,Bronze,2397
15615477,Spain,0.0,1645.02,21,0,4,Bronze,2397
15681843,Germany,180303.24,22677.15,2,0,4,Bronze,2398
15602929,Spain,0.0,1634.03,51,0,4,Bronze,2398
15592816,Germany,108076.33,22559.04,4,1,4,Bronze,2399
15691004,Spain,0.0,1627.05,3,1,4,Bronze,2399
15737104,Germany,126597.89,21503.21,3,1,4,Bronze,2400
15679813,Spain,0.0,1618.83,7,0,4,Bronze,2400
15586523,Germany,106230.92,20904.95,4,1,4,Bronze,2401
15758845,Spain,64345.21,1577.53,1,1,4,Bronze,2401
15583840,Germany,121863.61,20727.93,3,1,4,Bronze,2402
15697702,Spain,0.0,1541.27,18,0,4,Bronze,2402
15805303,Germany,141136.62,20703.87,4,1,4,Bronze,2403
15623944,Spain,0.0,1508.8600000000001,40,1,4,Bronze,2403
15567630,Germany,100275.88,20458.69,5,1,4,Bronze,2404
15566495,Spain,0.0,1489.98,7,1,4,Bronze,2404
15637753,Germany,96888.39,19406.5,7,1,4,Bronze,2405
15599182,Spain,0.0,1472.43,49,0,4,Bronze,2405
15632521,Germany,130170.82,19391.1,4,0,4,Bronze,2406
15710408,Spain,0.0,1472.39,51,0,4,Bronze,2406
15569571,Germany,87361.02,19223.39,5,1,4,Bronze,2407
15697034,Spain,0.0,1453.56,34,0,4,Bronze,2407
15723717,Germany,118334.44,19079.95,2,1,4,Bronze,2408
15625942,Spain,0.0,1378.31,4,0,4,Bronze,2408
15702298,Germany,125561.97,18643.71,3,1,4,Bronze,2409
15701765,Spain,0.0,1370.03,10,0,4,Bronze,2409
15663194,Germany,110150.43,18628.45,5,1,4,Bronze,2410
15692408,Spain,0.0,1369.22,41,0,4,Bronze,2410
15754342,Germany,78539.84,18334.21,1,0,4,Bronze,2411
15758050,Spain,0.0,1333.18,40,0,4,Bronze,2411
15781553,Germany,91502.99,18295.93,4,1,4,Bronze,2412
15611409,Spain,0.0,1323.16,2,0,4,Bronze,2412
15651883,Germany,115796.7,18253.87,2,1,4,Bronze,2413
15699309,Spain,0.0,1306.24,3,1,4,Bronze,2413
15792668,Germany,109908.06,17807.25,2,1,4,Bronze,2414
15612667,Spain,0.0,1217.6,4,0,4,Bronze,2414
15668270,Germany,125584.17,17673.65,5,1,4,Bronze,2415
15701809,Spain,0.0,1181.23,37,0,4,Bronze,2415
15772337,Germany,153855.52,17640.73,4,1,4,Bronze,2416
15667289,Spain,0.0,1172.32,25,0,4,Bronze,2416
15806447,Germany,106683.52,17553.26,2,0,4,Bronze,2417
15624715,Spain,0.0,1168.93,34,0,4,Bronze,2417
15625092,Germany,101465.31,17524.53,6,1,4,Bronze,2418
15631201,Spain,0.0,1163.45,36,0,4,Bronze,2418
15574169,Germany,92466.21,16774.38,4,0,4,Bronze,2419
15666332,Spain,0.0,1159.02,30,0,4,Bronze,2419
15571284,Germany,109528.16,16237.18,3,0,4,Bronze,2420
15617029,Spain,0.0,1150.12,20,0,4,Bronze,2420
15776348,Germany,124365.42,15967.6,1,1,4,Bronze,2421
15625905,Spain,0.0,1106.27,4,0,4,Bronze,2421
15566211,Germany,103560.57,15579.32,5,1,4,Bronze,2422
15743411,Spain,0.0,1086.03,5,1,4,Bronze,2422
15567506,Germany,114940.67,15524.259999999998,2,1,4,Bronze,2423
15782096,Spain,0.0,1026.83,16,1,4,Bronze,2423
15597914,Germany,117306.69,15449.59,2,1,4,Bronze,2424
15660403,Spain,0.0,1021.2,2,0,4,Bronze,2424
15608588,Germany,100520.92,15409.380000000001,3,1,4,Bronze,2425
15631681,Spain,0.0,982.43,2,0,4,Bronze,2425
15689328,Germany,114169.16,15392.87,2,1,4,Bronze,2426
15616380,Spain,0.0,974.01,20,0,4,Bronze,2426
15637876,Germany,77253.5,15247.7,4,1,4,Bronze,2427
15678626,Spain,0.0,917.77,2,0,4,Bronze,2427
15653306,Germany,88335.05,14996.189999999999,2,0,4,Bronze,2428
15578141,Spain,0.0,903.68,14,1,4,Bronze,2428
15647838,Germany,116574.84,14901.21,3,1,4,Bronze,2429
15621834,Spain,0.0,887.37,5,0,4,Bronze,2429
15766355,Germany,108806.96,14635.960000000001,3,1,4,Bronze,2430
15654211,Spain,0.0,862.42,25,0,4,Bronze,2430
15687329,Germany,108465.65,14473.550000000001,2,1,4,Bronze,2431
15709928,Spain,0.0,845.19,22,0,4,Bronze,2431
15724251,Germany,101012.77,14359.35,2,1,4,Bronze,2432
15747503,Spain,184552.12,838.62,1,1,4,Bronze,2432
15640454,Germany,120711.73,14178.66,1,1,4,Bronze,2433
15684548,Spain,0.0,833.22,16,1,4,Bronze,2433
15762793,Germany,136980.23,14099.369999999999,3,0,4,Bronze,2434
15652955,Spain,0.0,774.26,5,0,4,Bronze,2434
15598536,Germany,84587.9,13997.9,4,0,4,Bronze,2435
15644200,Spain,0.0,745.73,7,1,4,Bronze,2435
15757912,Germany,125977.81,13908.94,3,0,4,Bronze,2436
15639117,Spain,0.0,712.8299999999999,17,1,4,Bronze,2436
15671032,Germany,77992.97,13784.18,1,0,4,Bronze,2437
15809320,Spain,0.0,697.23,4,1,4,Bronze,2437
15801904,Germany,143988.0,13514.32,2,1,4,Bronze,2438
15784218,Spain,0.0,654.8299999999999,2,0,4,Bronze,2438
15766044,Germany,120688.61,13307.630000000001,2,1,4,Bronze,2439
15663134,Spain,0.0,641.37,9,1,4,Bronze,2439
15566467,Germany,138171.1,12726.23,3,0,4,Bronze,2440
15584812,Spain,0.0,637.99,3,0,4,Bronze,2440
15618562,Germany,140306.38,12513.82,2,1,4,Bronze,2441
15691817,Spain,0.0,611.05,14,1,4,Bronze,2441
15798975,Germany,132403.56,12066.41,1,1,4,Bronze,2442
15690925,Spain,27755.97,599.61,1,1,4,Bronze,2442
15587647,Germany,127120.62,11850.82,3,1,4,Bronze,2443
15621021,Spain,0.0,599.38,15,0,4,Bronze,2443
15814690,Germany,105736.32,11821.939999999999,2,1,4,Bronze,2444
15802809,Spain,84438.57,525.39,1,0,4,Bronze,2444
15777901,Germany,94752.49,11522.57,2,1,4,Bronze,2445
15746012,Spain,0.0,364.86,3,1,4,Bronze,2445
15706071,Germany,127631.62,11346.67,3,1,4,Bronze,2446
15672012,Spain,0.0,333.29,3,1,4,Bronze,2446
15569976,Germany,136186.44,11159.14,2,1,4,Bronze,2447
15809838,Spain,0.0,292.81,9,0,4,Bronze,2447
15695339,Germany,109172.88,11088.94,2,1,4,Bronze,2448
15644212,Spain,0.0,269.42,1,0,4,Bronze,2448
15669782,Germany,111336.89,10863.58,2,1,4,Bronze,2449
15756026,Spain,0.0,251.5,4,1,4,Bronze,2449
15606386,Germany,111512.75,10846.73,2,1,4,Bronze,2450
15701439,Spain,0.0,250.64999999999998,2,1,4,Bronze,2450
15647091,Germany,75888.2,10733.86,3,0,4,Bronze,2451
15699467,Spain,0.0,210.04,1,0,4,Bronze,2451
15755077,Germany,105617.73,10678.86,2,1,4,Bronze,2452
15802362,Spain,0.0,209.46,1,0,4,Bronze,2452
15690021,Germany,132002.7,10061.21,2,1,4,Bronze,2453
15583073,Spain,0.0,186.93,1,1,4,Bronze,2453
15640407,Germany,135827.33,10052.96,1,0,4,Bronze,2454
15593499,Spain,0.0,177.98999999999998,2,1,4,Bronze,2454
15708504,Germany,121438.58,9832.24,1,1,4,Bronze,2455
15814430,Spain,0.0,158.25,2,1,4,Bronze,2455
15780909,Germany,115101.5,9520.47,1,1,4,Bronze,2456
15615207,Spain,0.0,126.49000000000001,2,1,4,Bronze,2456
15614813,Germany,107362.8,9377.18,1,0,4,Bronze,2457
15693376,Spain,0.0,85.78,1,1,4,Bronze,2457
15642041,Germany,93051.64,9319.56,3,1,4,Bronze,2458
15674868,Spain,0.0,46.91,2,0,4,Bronze,2458
15785358,Germany,106968.96,8791.19,3,1,4,Bronze,2459
15591711,Spain,128366.44,0.0,0,0,4,Bronze,2459
15600792,Spain,0.0,0.0,0,0,4,Bronze,2459
15616471,Spain,0.0,0.0,0,0,4,Bronze,2459
15628936,Spain,118945.09,0.0,0,1,4,Bronze,2459
15647385,Spain,99340.83,0.0,0,1,4,Bronze,2459
15675854,Spain,159304.07,0.0,0,1,4,Bronze,2459
15679145,Spain,0.0,0.0,0,1,4,Bronze,2459
15706799,Spain,0.0,0.0,0,1,4,Bronze,2459
15708212,Spain,118241.02,0.0,0,1,4,Bronze,2459
15718765,Spain,104533.24,0.0,0,1,4,Bronze,2459
15737832,Spain,139825.56,0.0,0,1,4,Bronze,2459
15748797,Spain,0.0,0.0,0,1,4,Bronze,2459
15771636,Spain,0.0,0.0,0,0,4,Bronze,2459
15777045,Spain,81811.71,0.0,0,1,4,Bronze,2459
15787529,Spain,0.0,0.0,0,1,4,Bronze,2459
15788483,Spain,0.0,0.0,0,0,4,Bronze,2459
15796910,Spain,0.0,0.0,0,1,4,Bronze,2459
15801411,Spain,0.0,0.0,0,1,4,Bronze,2459
15815534,Spain,134006.39,0.0,0,0,4,Bronze,2459
15807008,Germany,128100.28,8637.96,1,1,4,Bronze,2460
15670374,Germany,120656.86,8378.76,1,1,4,Bronze,2461
15711618,Germany,124640.51,7736.2,1,1,4,Bronze,2462
15784000,Germany,102277.52,7610.84,2,1,4,Bronze,2463
15673971,Germany,146498.76,7449.0199999999995,2,1,4,Bronze,2464
15800514,Germany,95675.62,7282.91,2,1,4,Bronze,2465
15566156,Germany,71497.79,7246.88,1,0,4,Bronze,2466
15583850,Germany,126061.51,5498.639999999999,2,0,4,Bronze,2467
15695097,Germany,100954.88,5293.3,2,0,4,Bronze,2468
15706815,Germany,90432.92,5171.08,1,1,4,Bronze,2469
15727811,Germany,109493.62,4847.68,2,1,4,Bronze,2470
15678727,Germany,110765.68,4069.01,2,1,4,Bronze,2471
15792862,Germany,104584.11,3961.63,1,1,4,Bronze,2472
15750335,Germany,108508.82,2902.29,1,1,4,Bronze,2473
15813067,Germany,110219.14,2798.0,1,1,4,Bronze,2474
15685947,Germany,115915.53,2723.77,1,1,4,Bronze,2475
15744240,Germany,74458.25,2414.28,1,0,4,Bronze,2476
15720583,Germany,119638.21,2020.75,1,1,4,Bronze,2477
15612207,Germany,87779.83,1734.58,1,1,4,Bronze,2478
15809837,Germany,135392.31,1421.88,1,1,4,Bronze,2479
15569590,Germany,98495.72,0.0,0,1,4,Bronze,2480
15571193,Germany,144386.32,0.0,0,1,4,Bronze,2480
15571415,Germany,151802.29,0.0,0,1,4,Bronze,2480
15579130,Germany,118994.84,0.0,0,1,4,Bronze,2480
15592412,Germany,131038.14,0.0,0,1,4,Bronze,2480
15597896,Germany,127760.07,0.0,0,1,4,Bronze,2480
15598982,Germany,98268.84,0.0,0,1,4,Bronze,2480
15603465,Germany,155447.65,0.0,0,1,4,Bronze,2480
15605264,Germany,63723.78,0.0,0,0,4,Bronze,2480
15611767,Germany,133723.43,0.0,0,1,4,Bronze,2480
15616709,Germany,132122.42,0.0,0,0,4,Bronze,2480
15629323,Germany,116471.43,0.0,0,1,4,Bronze,2480
15643188,Germany,114603.76,0.0,0,1,4,Bronze,2480
15655175,Germany,114318.78,0.0,0,1,4,Bronze,2480
15655410,Germany,133384.66,0.0,0,1,4,Bronze,2480
15657937,Germany,112949.71,0.0,0,0,4,Bronze,2480
15662751,Germany,81954.6,0.0,0,1,4,Bronze,2480
15666295,Germany,113957.01,0.0,0,1,4,Bronze,2480
15683521,Germany,142574.71,0.0,0,0,4,Bronze,2480
15707918,Germany,127675.39,0.0,0,0,4,Bronze,2480
15713826,Germany,117356.19,0.0,0,1,4,Bronze,2480
15726103,Germany,76296.81,0.0,0,1,4,Bronze,2480
15750014,Germany,113865.23,0.0,0,0,4,Bronze,2480
15750837,Germany,141749.68,0.0,0,0,4,Bronze,2480
15764448,Germany,144037.6,0.0,0,0,4,Bronze,2480
15775590,Germany,69329.47,0.0,0,1,4,Bronze,2480
15785170,Germany,116968.91,0.0,0,0,4,Bronze,2480
15790113,Germany,113317.1,0.0,0,1,4,Bronze,2480
15796115,Germany,78119.59,0.0,0,1,4,Bronze,2480
15797960,Germany,135296.33,0.0,0,0,4,Bronze,2480
15729377,France,0.0,39040.09,26,0,4,Bronze,3449
15592999,France,115465.98,39028.07,8,0,4,Bronze,3450
15628893,France,0.0,38984.52,79,0,4,Bronze,3451
15768881,France,0.0,38974.69,43,0,4,Bronze,3452
15763747,France,0.0,38950.75,110,0,4,Bronze,3453
15659092,France,0.0,38928.03,42,1,4,Bronze,3454
15677020,France,0.0,38860.28,67,1,4,Bronze,3455
15715941,France,0.0,38783.69,79,0,4,Bronze,3456
15709653,France,0.0,38758.08,87,0,4,Bronze,3457
15809265,France,0.0,38753.92,64,0,4,Bronze,3458
15607170,France,0.0,38721.82,85,0,4,Bronze,3459
15632967,France,0.0,38711.96,60,0,4,Bronze,3460
15796480,France,0.0,38709.979999999996,38,0,4,Bronze,3461
15656710,France,0.0,38686.62,47,0,4,Bronze,3462
15600399,France,0.0,38609.33,28,1,4,Bronze,3463
15707132,France,0.0,38544.62,75,0,4,Bronze,3464
15652320,France,0.0,38519.0,61,0,4,Bronze,3465
15678333,France,0.0,38512.27,76,0,4,Bronze,3466
15768455,France,0.0,38503.71,129,0,4,Bronze,3467
15742019,France,0.0,38479.64,67,0,4,Bronze,3468
15651272,France,0.0,38472.27,83,0,4,Bronze,3469
15797293,France,0.0,38434.71,41,0,4,Bronze,3470
15649430,France,0.0,38429.37,53,0,4,Bronze,3471
15579526,France,50194.59,38385.7,15,0,4,Bronze,3472
15683625,France,149762.08,38376.369999999995,2,1,4,Bronze,3473
15727311,France,100885.93,38335.56,11,0,4,Bronze,3474
15701281,France,0.0,38286.32,126,0,4,Bronze,3475
15689096,France,117879.32,38273.82,2,0,4,Bronze,3476
15732299,France,0.0,38227.36,75,0,4,Bronze,3477
15727829,France,0.0,38212.57,33,0,4,Bronze,3478
15729435,France,0.0,38203.04,102,0,4,Bronze,3479
15656627,France,0.0,38169.75,86,0,4,Bronze,3480
15761453,France,0.0,38103.4,63,0,4,Bronze,3481
15782941,France,0.0,38091.56,49,0,4,Bronze,3482
15752731,France,0.0,38058.83,88,0,4,Bronze,3483
15601387,France,0.0,38051.58,98,0,4,Bronze,3484
15752912,France,0.0,37920.55,74,0,4,Bronze,3485
15740557,France,0.0,37874.45,47,0,4,Bronze,3486
15663885,France,0.0,37852.67,71,0,4,Bronze,3487
15586959,France,0.0,37826.08,59,0,4,Bronze,3488
15765345,France,0.0,37683.14,63,0,4,Bronze,3489
15746338,France,0.0,37678.47,45,0,4,Bronze,3490
15631436,France,0.0,37596.96,40,0,4,Bronze,3491
15781975,France,0.0,37568.83,37,1,4,Bronze,3492
15615096,France,0.0,37555.62,109,0,4,Bronze,3493
15650026,France,63562.02,37536.97,7,1,4,Bronze,3494
15735221,France,0.0,37508.26,105,0,4,Bronze,3495
15681476,France,73493.17,37495.61,5,1,4,Bronze,3496
15701200,France,0.0,37464.316666666666,114,0,4,Bronze,3497
15693347,France,0.0,37460.63,76,0,4,Bronze,3498
15605339,France,0.0,37204.19,170,0,4,Bronze,3499
15636935,France,0.0,37092.77,27,0,4,Bronze,3500
15595282,France,0.0,37039.51,40,0,4,Bronze,3501
15810944,France,0.0,37010.72,76,0,4,Bronze,3502
15682757,France,0.0,36995.56,39,0,4,Bronze,3503
15656921,France,0.0,36871.48,43,0,4,Bronze,3504
15710375,France,0.0,36772.5,81,0,4,Bronze,3505
15688251,France,76408.85,36764.67,9,0,4,Bronze,3506
15692718,France,0.0,36743.75,76,0,4,Bronze,3507
15643696,France,0.0,36693.94,48,0,4,Bronze,3508
15782311,France,0.0,36603.25,118,0,4,Bronze,3509
15668347,France,0.0,36532.81,63,0,4,Bronze,3510
15608387,France,0.0,36506.21,51,0,4,Bronze,3511
15727546,France,0.0,36461.94,132,0,4,Bronze,3512
15666652,France,0.0,36458.7,61,0,4,Bronze,3513
15740494,France,0.0,36425.38,33,0,4,Bronze,3514
15601569,France,171178.25,36419.17,6,1,4,Bronze,3515
15645463,France,0.0,36412.24,90,0,4,Bronze,3516
15576085,France,0.0,36387.1,52,0,4,Bronze,3517
15605737,France,0.0,36369.36,48,0,4,Bronze,3518
15801934,France,0.0,36327.2,135,0,4,Bronze,3519
15699634,France,0.0,36249.01,30,0,4,Bronze,3520
15653715,France,0.0,36208.2,110,0,4,Bronze,3521
15649150,France,127642.44,36124.270000000004,9,1,4,Bronze,3522
15696054,France,0.0,36031.2,47,0,4,Bronze,3523
15728362,France,0.0,36025.34,37,0,4,Bronze,3524
15809736,France,0.0,35940.11,27,1,4,Bronze,3525
15807563,France,0.0,35924.89,34,1,4,Bronze,3526
15597739,France,0.0,35905.42,45,0,4,Bronze,3527
15583033,France,0.0,35890.48,68,0,4,Bronze,3528
15702300,France,0.0,35870.97,56,0,4,Bronze,3529
15760851,France,0.0,35816.38,66,0,4,Bronze,3530
15709354,France,0.0,35804.28,48,0,4,Bronze,3531
15600688,France,0.0,35783.36,47,0,4,Bronze,3532
15696834,France,0.0,35776.82,46,0,4,Bronze,3533
15743075,France,0.0,35759.96,100,0,4,Bronze,3534
15782608,France,0.0,35728.4,45,1,4,Bronze,3535
15651140,France,0.0,35647.17,48,0,4,Bronze,3536
15702430,France,0.0,35633.07,162,0,4,Bronze,3537
15726289,France,174400.36,35594.57,3,0,4,Bronze,3538
15589323,France,0.0,35545.97,160,0,4,Bronze,3539
15662434,France,0.0,35544.94,36,0,4,Bronze,3540
15699247,France,0.0,35498.74,49,1,4,Bronze,3541
15669011,France,23503.31,35350.5,20,1,4,Bronze,3542
15629603,France,0.0,35345.57,129,0,4,Bronze,3543
15696373,France,0.0,35126.9,52,1,4,Bronze,3544
15775562,France,0.0,35104.98,48,0,4,Bronze,3545
15576602,France,0.0,35084.89,70,0,4,Bronze,3546
15807900,France,0.0,35014.27,60,1,4,Bronze,3547
15732476,France,0.0,34994.52,53,0,4,Bronze,3548
15730830,France,0.0,34993.94,49,0,4,Bronze,3549
15794472,France,0.0,34937.62,32,0,4,Bronze,3550
15647207,France,0.0,34804.38,63,0,4,Bronze,3551
15626156,France,0.0,34801.78,58,0,4,Bronze,3552
15747208,France,0.0,34740.79,52,1,4,Bronze,3553
15700752,France,0.0,34732.0,116,0,4,Bronze,3554
15710853,France,0.0,34719.04,56,0,4,Bronze,3555
15801436,France,0.0,34665.67,32,1,4,Bronze,3556
15600478,France,0.0,34640.14,31,0,4,Bronze,3557
15648725,France,0.0,34572.06,49,0,4,Bronze,3558
15742820,France,0.0,34569.79,32,0,4,Bronze,3559
15720919,France,0.0,34430.64,52,1,4,Bronze,3560
15768566,France,0.0,34427.06,136,0,4,Bronze,3561
15698246,France,0.0,34383.31,49,0,4,Bronze,3562
15720847,France,0.0,34323.52,40,0,4,Bronze,3563
15627042,France,0.0,34301.520000000004,70,0,4,Bronze,3564
15642709,France,0.0,34299.64,100,0,4,Bronze,3565
15670866,France,0.0,34298.16,44,0,4,Bronze,3566
15651315,France,0.0,34282.17,32,0,4,Bronze,3567
15606613,France,0.0,34241.57,70,1,4,Bronze,3568
15758639,France,0.0,34206.58,71,0,4,Bronze,3569
15579787,France,0.0,34161.52,45,0,4,Bronze,3570
15724428,France,0.0,34110.68,93,0,4,Bronze,3571
15773260,France,127763.24,34067.37,4,0,4,Bronze,3572
15797767,France,0.0,34044.53,38,1,4,Bronze,3573
15718406,France,0.0,34042.68,46,0,4,Bronze,3574
15702434,France,0.0,34016.86,34,0,4,Bronze,3575
15612729,France,0.0,34000.0,111,0,4,Bronze,3576
15664543,France,0.0,33952.14,40,1,4,Bronze,3577
15785559,France,133237.21,33940.9,4,1,4,Bronze,3578
15580805,France,0.0,33932.56,98,0,4,Bronze,3579
15568328,France,0.0,33850.229999999996,86,0,4,Bronze,3580
15617134,France,0.0,33828.37,35,0,4,Bronze,3581
15631813,France,0.0,33822.48,84,0,4,Bronze,3582
15597885,France,0.0,33822.15,105,0,4,Bronze,3583
15573152,France,0.0,33798.52,74,0,4,Bronze,3584
15773804,France,0.0,33769.89,62,0,4,Bronze,3585
15713378,France,0.0,33733.62,121,0,4,Bronze,3586
15590320,France,0.0,33726.91,79,0,4,Bronze,3587
15804853,France,57098.96,33684.72,6,1,4,Bronze,3588
15626710,France,0.0,33609.1,68,0,4,Bronze,3589
15754926,France,0.0,33609.1,64,0,4,Bronze,3589
15733876,France,0.0,33605.32,140,0,4,Bronze,3591
15613189,France,56580.93,33497.4,13,1,4,Bronze,3592
15693088,France,0.0,33482.26,141,0,4,Bronze,3593
15756538,France,0.0,33404.72,79,0,4,Bronze,3594
15758372,France,0.0,33389.7,102,1,4,Bronze,3595
15674583,France,78396.08,33376.91,4,0,4,Bronze,3596
15688395,France,0.0,33357.57,35,0,4,Bronze,3597
15733777,France,0.0,33346.35,81,1,4,Bronze,3598
15810826,France,0.0,33329.87,66,0,4,Bronze,3599
15568982,France,0.0,33298.56,98,0,4,Bronze,3600
15733842,France,103219.47,33271.17,6,0,4,Bronze,3601
15727467,France,0.0,33244.24,30,0,4,Bronze,3602
15624471,France,0.0,33235.49,57,0,4,Bronze,3603
15728773,France,0.0,33208.79,108,0,4,Bronze,3604
15711540,France,0.0,33183.49,37,0,4,Bronze,3605
15652180,France,0.0,33158.75,39,0,4,Bronze,3606
15785819,France,0.0,33121.89,55,0,4,Bronze,3607
15756625,France,0.0,33079.62,38,1,4,Bronze,3608
15624729,France,197041.8,33046.84,2,0,4,Bronze,3609
15759733,France,0.0,32879.76,80,0,4,Bronze,3610
15585490,France,0.0,32873.11,72,0,4,Bronze,3611
15582841,France,0.0,32865.7,136,0,4,Bronze,3612
15631310,France,0.0,32859.93,46,0,4,Bronze,3613
15635435,France,120633.42,32843.85,6,1,4,Bronze,3614
15650098,France,0.0,32826.84,125,0,4,Bronze,3615
15568326,France,0.0,32811.6,34,0,4,Bronze,3616
15612139,France,83036.05,32804.37,7,1,4,Bronze,3617
15744398,France,0.0,32797.93,45,0,4,Bronze,3618
15615473,France,0.0,32776.09,27,0,4,Bronze,3619
15675328,France,0.0,32755.53,64,0,4,Bronze,3620
15706534,France,122949.14,32732.57,4,1,4,Bronze,3621
15776051,France,0.0,32727.13,100,0,4,Bronze,3622
15803457,France,0.0,32683.45,49,0,4,Bronze,3623
15794101,France,0.0,32666.34,38,0,4,Bronze,3624
15698927,France,0.0,32627.0,127,0,4,Bronze,3625
15775880,France,0.0,32561.73,147,0,4,Bronze,3626
15565891,France,0.0,32560.95,88,0,4,Bronze,3627
15807961,France,0.0,32529.55,43,0,4,Bronze,3628
15730137,France,88421.81,32446.85,6,0,4,Bronze,3629
15597487,France,0.0,32389.65,74,0,4,Bronze,3630
15627881,France,0.0,32386.05,121,0,4,Bronze,3631
15772503,France,0.0,32354.63,39,0,4,Bronze,3632
15582325,France,87894.26,32288.89,7,1,4,Bronze,3633
15655774,France,0.0,32230.71,88,0,4,Bronze,3634
15789936,France,0.0,32225.0,31,0,4,Bronze,3635
15724527,France,0.0,32189.77,150,0,4,Bronze,3636
15762138,France,0.0,32032.88,34,0,4,Bronze,3637
15587611,France,0.0,31990.18,56,1,4,Bronze,3638
15748432,France,0.0,31968.18,74,0,4,Bronze,3639
15612444,France,0.0,31899.71,30,0,4,Bronze,3640
15615004,France,0.0,31896.75,29,0,4,Bronze,3641
15805449,France,0.0,31857.61,35,0,4,Bronze,3642
15706394,France,0.0,31853.85,102,0,4,Bronze,3643
15579112,France,0.0,31808.81,28,0,4,Bronze,3644
15613097,France,0.0,31746.97,65,0,4,Bronze,3645
15589401,France,0.0,31734.47,50,0,4,Bronze,3646
15763613,France,0.0,31711.69,23,0,4,Bronze,3647
15779267,France,0.0,31677.444166666664,57,0,4,Bronze,3648
15570360,France,0.0,31614.56,48,0,4,Bronze,3649
15734438,France,0.0,31451.329999999998,40,0,4,Bronze,3650
15660144,France,0.0,31445.415833333333,43,0,4,Bronze,3651
15724453,France,0.0,31366.43,25,0,4,Bronze,3652
15584462,France,0.0,31324.99,94,0,4,Bronze,3653
15617486,France,106723.28,31309.21,4,1,4,Bronze,3654
15731478,France,87842.98,31262.41,9,0,4,Bronze,3655
15689237,France,0.0,31222.22,49,0,4,Bronze,3656
15792679,France,0.0,31181.08,36,0,4,Bronze,3657
15678460,France,0.0,31154.98,100,0,4,Bronze,3658
15690188,France,0.0,31015.22,85,1,4,Bronze,3659
15600173,France,0.0,31005.25,131,0,4,Bronze,3660
15636756,France,0.0,30991.579999999998,23,0,4,Bronze,3661
15698167,France,148298.59,30977.78,3,0,4,Bronze,3662
15583849,France,0.0,30907.579999999998,34,0,4,Bronze,3663
15665378,France,0.0,30885.92,62,0,4,Bronze,3664
15794273,France,62732.65,30869.48,7,0,4,Bronze,3665
15736730,France,0.0,30841.96,41,0,4,Bronze,3666
15612064,France,0.0,30769.09,24,1,4,Bronze,3667
15759618,France,0.0,30666.62,31,1,4,Bronze,3668
15798737,France,0.0,30650.75,65,0,4,Bronze,3669
15686999,France,0.0,30637.44,81,0,4,Bronze,3670
15684181,France,0.0,30579.69,45,1,4,Bronze,3671
15808283,France,0.0,30572.19,47,0,4,Bronze,3672
15804814,France,0.0,30560.89,44,0,4,Bronze,3673
15722991,France,96402.96,30555.51,6,1,4,Bronze,3674
15632848,France,69518.95,30521.3,10,0,4,Bronze,3675
15796969,France,0.0,30518.989999999998,68,0,4,Bronze,3676
15720644,France,0.0,30443.04,58,0,4,Bronze,3677
15659843,France,0.0,30428.32,58,0,4,Bronze,3678
15773973,France,0.0,30399.73,36,0,4,Bronze,3679
15791316,France,0.0,30379.89,47,0,4,Bronze,3680
15736154,France,0.0,30359.4,26,0,4,Bronze,3681
15791030,France,64900.32,30282.22,7,0,4,Bronze,3682
15727291,France,0.0,30255.756666666664,13,0,4,Bronze,3683
15749119,France,0.0,30201.96,46,0,4,Bronze,3684
15702464,France,0.0,30201.52,41,0,4,Bronze,3685
15790594,France,0.0,30188.1,107,0,4,Bronze,3686
15707488,France,0.0,30123.0,39,0,4,Bronze,3687
15791326,France,0.0,30075.58,34,0,4,Bronze,3688
15730360,France,0.0,30057.71,62,0,4,Bronze,3689
15668032,France,0.0,30045.02,66,0,4,Bronze,3690
15569666,France,0.0,30042.09,35,1,4,Bronze,3691
15602731,France,0.0,30030.71916666667,34,1,4,Bronze,3692
15581654,France,0.0,29998.09,103,0,4,Bronze,3693
15777122,France,0.0,29964.22,54,0,4,Bronze,3694
15721487,France,0.0,29926.51,104,0,4,Bronze,3695
15692761,France,0.0,29833.84,102,0,4,Bronze,3696
15746805,France,0.0,29826.92,101,0,4,Bronze,3697
15675231,France,0.0,29821.510000000002,133,0,4,Bronze,3698
15797905,France,0.0,29814.97,71,0,4,Bronze,3699
15755638,France,168069.73,29814.44,2,1,4,Bronze,3700
15717307,France,0.0,29695.21,49,0,4,Bronze,3701
15739858,France,0.0,29663.88,29,1,4,Bronze,3702
15570004,France,0.0,29650.09,34,0,4,Bronze,3703
15622321,France,0.0,29640.96,52,0,4,Bronze,3704
15693902,France,0.0,29638.87,31,0,4,Bronze,3705
15595228,France,0.0,29632.1,92,1,4,Bronze,3706
15806837,France,0.0,29631.12,36,0,4,Bronze,3707
15575676,France,0.0,29609.18,32,0,4,Bronze,3708
15711742,France,0.0,29589.16,71,0,4,Bronze,3709
15799384,France,0.0,29521.91,82,0,4,Bronze,3710
15685309,France,0.0,29451.91,100,1,4,Bronze,3711
15633854,France,0.0,29443.06,33,0,4,Bronze,3712
15793890,France,0.0,29375.8,24,1,4,Bronze,3713
15603851,France,127785.17,29238.53,3,1,4,Bronze,3714
15591257,France,0.0,29230.97,85,0,4,Bronze,3715
15613292,France,0.0,29198.41,79,0,4,Bronze,3716
15653857,France,0.0,29197.72,35,0,4,Bronze,3717
15594898,France,0.0,29089.98,25,1,4,Bronze,3718
15606229,France,0.0,29089.28,49,0,4,Bronze,3719
15692583,France,0.0,29068.260000000002,48,0,4,Bronze,3720
15812893,France,0.0,29016.85,101,1,4,Bronze,3721
15782089,France,0.0,29008.21,71,0,4,Bronze,3722
15612615,France,0.0,28982.88,54,0,4,Bronze,3723
15745624,France,0.0,28913.829999999998,49,0,4,Bronze,3724
15596972,France,0.0,28853.100000000002,27,0,4,Bronze,3725
15717426,France,0.0,28829.41,111,0,4,Bronze,3726
15640667,France,0.0,28800.12,42,0,4,Bronze,3727
15807728,France,0.0,28782.53,23,1,4,Bronze,3728
15566111,France,0.0,28778.23,91,0,4,Bronze,3729
15585839,France,0.0,28768.92,20,0,4,Bronze,3730
15656141,France,0.0,28748.06,90,0,4,Bronze,3731
15750545,France,0.0,28724.64,56,1,4,Bronze,3732
15807163,France,0.0,28709.5,75,1,4,Bronze,3733
15599126,France,123815.86,28684.93,4,1,4,Bronze,3734
15608528,France,0.0,28673.64,30,1,4,Bronze,3735
15738219,France,0.0,28654.5,106,0,4,Bronze,3736
15756992,France,0.0,28546.91,25,0,4,Bronze,3737
15730394,France,0.0,28546.31,29,1,4,Bronze,3738
15682728,France,0.0,28372.77,38,0,4,Bronze,3739
15708256,France,0.0,28328.62,30,0,4,Bronze,3740
15707199,France,148159.71,28299.76,3,0,4,Bronze,3741
15661548,France,157829.12,28286.370000000003,2,0,4,Bronze,3742
15759690,France,0.0,28189.7,64,0,4,Bronze,3743
15700424,France,0.0,28173.39,87,0,4,Bronze,3744
15793949,France,0.0,28124.93,40,1,4,Bronze,3745
15760880,France,0.0,28111.68,171,0,4,Bronze,3746
15814405,France,0.0,28102.98,46,1,4,Bronze,3747
15674851,France,0.0,28084.94,54,0,4,Bronze,3748
15735784,France,0.0,28082.62,91,0,4,Bronze,3749
15810593,France,0.0,28044.17,77,0,4,Bronze,3750
15605965,France,0.0,28027.73,135,0,4,Bronze,3751
15613945,France,0.0,27991.45,50,0,4,Bronze,3752
15596522,France,0.0,27984.18,32,0,4,Bronze,3753
15663817,France,0.0,27921.7,89,0,4,Bronze,3754
15663964,France,0.0,27894.67,60,0,4,Bronze,3755
15655952,France,0.0,27778.98,38,0,4,Bronze,3756
15691647,France,0.0,27683.53,48,0,4,Bronze,3757
15575691,France,0.0,27597.57,76,0,4,Bronze,3758
15794580,France,0.0,27588.91,19,1,4,Bronze,3759
15585198,France,94267.9,27557.61,4,1,4,Bronze,3760
15623489,France,128843.67,27500.18,2,0,4,Bronze,3761
15773394,France,0.0,27432.95,54,0,4,Bronze,3762
15779738,France,0.0,27422.55,25,0,4,Bronze,3763
15799790,France,0.0,27383.05,149,0,4,Bronze,3764
15619116,France,0.0,27362.08,46,0,4,Bronze,3765
15715031,France,0.0,27260.57,90,0,4,Bronze,3766
15683471,France,0.0,27257.13,69,0,4,Bronze,3767
15803801,France,0.0,27230.64,31,0,4,Bronze,3768
15578787,France,0.0,27189.25,47,1,4,Bronze,3769
15591747,France,0.0,27150.07,26,0,4,Bronze,3770
15704795,France,0.0,27143.85,98,0,4,Bronze,3771
15724691,France,0.0,27012.87,18,0,4,Bronze,3772
15784042,France,118793.6,26993.81,5,1,4,Bronze,3773
15711378,France,0.0,26903.01,32,0,4,Bronze,3774
15656300,France,59697.17,26866.789999999997,7,0,4,Bronze,3775
15694125,France,0.0,26861.87,82,0,4,Bronze,3776
15786063,France,0.0,26843.53,44,0,4,Bronze,3777
15575858,France,0.0,26829.48,25,0,4,Bronze,3778
15714658,France,0.0,26797.74,66,0,4,Bronze,3779
15588197,France,0.0,26753.79,75,0,4,Bronze,3780
15635502,France,0.0,26748.66,28,0,4,Bronze,3781
15775678,France,0.0,26747.73,20,0,4,Bronze,3782
15790935,France,0.0,26677.68,88,0,4,Bronze,3783
15706899,France,0.0,26676.7,60,0,4,Bronze,3784
15799825,France,0.0,26673.24,140,0,4,Bronze,3785
15767921,France,0.0,26609.59,84,0,4,Bronze,3786
15752026,France,0.0,26567.15,24,1,4,Bronze,3787
15711468,France,0.0,26515.39,102,0,4,Bronze,3788
15677217,France,0.0,26398.07,24,0,4,Bronze,3789
15762588,France,0.0,26364.53,92,0,4,Bronze,3790
15739042,France,0.0,26361.0,97,0,4,Bronze,3791
15599829,France,0.0,26354.34,169,0,4,Bronze,3792
15791836,France,0.0,26277.15,59,0,4,Bronze,3793
15799811,France,0.0,26275.89,45,1,4,Bronze,3794
15662662,France,0.0,26139.3,63,0,4,Bronze,3795
15670163,France,0.0,26125.62,47,0,4,Bronze,3796
15781409,France,0.0,26063.77,64,0,4,Bronze,3797
15698335,France,0.0,26062.63,120,0,4,Bronze,3798
15780409,France,0.0,26016.67,49,0,4,Bronze,3799
15622230,France,0.0,25980.4,53,0,4,Bronze,3800
15758513,France,0.0,25942.24,75,0,4,Bronze,3801
15752915,France,0.0,25853.07,26,0,4,Bronze,3802
15742848,France,0.0,25841.66,78,0,4,Bronze,3803
15732448,France,0.0,25806.03,138,0,4,Bronze,3804
15633064,France,0.0,25767.02,53,0,4,Bronze,3805
15609083,France,0.0,25748.73,40,1,4,Bronze,3806
15709324,France,0.0,25679.72,63,0,4,Bronze,3807
15618774,France,0.0,25677.95,27,1,4,Bronze,3808
15779529,France,0.0,25663.84,129,0,4,Bronze,3809
15622897,France,0.0,25653.260000000002,38,1,4,Bronze,3810
15652674,France,83459.86,25641.93,4,0,4,Bronze,3811
15691863,France,0.0,25617.41,44,0,4,Bronze,3812
15581505,France,0.0,25611.32,58,0,4,Bronze,3813
15650034,France,0.0,25513.12,24,0,4,Bronze,3814
15766137,France,0.0,25460.99,45,0,4,Bronze,3815
15798256,France,153697.53,25433.68,4,1,4,Bronze,3816
15672821,France,0.0,25432.33,83,0,4,Bronze,3817
15646726,France,0.0,25431.46,55,0,4,Bronze,3818
15812422,France,0.0,25428.46,36,0,4,Bronze,3819
15731744,France,0.0,25413.03,41,0,4,Bronze,3820
15591740,France,0.0,25403.87,48,1,4,Bronze,3821
15621440,France,0.0,25343.55,30,0,4,Bronze,3822
15661433,France,0.0,25334.92,56,0,4,Bronze,3823
15634792,France,0.0,25332.09,132,0,4,Bronze,3824
15664802,France,0.0,25328.19,39,0,4,Bronze,3825
15643439,France,0.0,25301.66,154,0,4,Bronze,3826
15776545,France,200724.96,25292.449999999997,2,1,4,Bronze,3827
15639004,France,0.0,25258.604166666668,46,0,4,Bronze,3828
15615016,France,0.0,25251.22,29,0,4,Bronze,3829
15813911,France,0.0,25250.33,66,0,4,Bronze,3830
15694300,France,0.0,25177.98,43,0,4,Bronze,3831
15667554,France,0.0,25174.84,95,0,4,Bronze,3832
15761670,France,0.0,25166.98,40,1,4,Bronze,3833
15760849,France,0.0,25130.079999999998,36,0,4,Bronze,3834
15799910,France,0.0,25095.86,22,1,4,Bronze,3835
15609637,France,0.0,25079.420000000002,115,0,4,Bronze,3836
15653780,France,0.0,24910.86,84,0,4,Bronze,3837
15667620,France,0.0,24895.56,60,0,4,Bronze,3838
15714260,France,0.0,24891.18,22,0,4,Bronze,3839
15682421,France,0.0,24877.24,37,1,4,Bronze,3840
15734674,France,0.0,24856.829999999998,64,0,4,Bronze,3841
15669783,France,47020.65,24855.579999999998,7,1,4,Bronze,3842
15793901,France,0.0,24839.66,34,0,4,Bronze,3843
15804610,France,0.0,24831.24,27,0,4,Bronze,3844
15718789,France,0.0,24804.9,51,0,4,Bronze,3845
15655238,France,0.0,24721.23,104,0,4,Bronze,3846
15586504,France,0.0,24714.99,86,0,4,Bronze,3847
15662758,France,97925.11,24665.93,2,0,4,Bronze,3848
15799422,France,0.0,24605.21,136,0,4,Bronze,3849
15733234,France,0.0,24582.38,58,1,4,Bronze,3850
15698324,France,0.0,24576.13,66,0,4,Bronze,3851
15575119,France,0.0,24542.71,33,1,4,Bronze,3852
15724955,France,0.0,24531.55,32,0,4,Bronze,3853
15811947,France,124781.67,24495.92,2,0,4,Bronze,3854
15568104,France,0.0,24449.16,98,0,4,Bronze,3855
15807481,France,0.0,24439.19,19,0,4,Bronze,3856
15720702,France,0.0,24438.13,32,1,4,Bronze,3857
15769169,France,0.0,24381.49,126,0,4,Bronze,3858
15674398,France,0.0,24356.54,27,0,4,Bronze,3859
15745605,France,88011.4,24320.85,6,1,4,Bronze,3860
15802390,France,0.0,24220.18,37,0,4,Bronze,3861
15690670,France,0.0,24147.9,32,0,4,Bronze,3862
15658432,France,0.0,24107.06,79,0,4,Bronze,3863
15714789,France,0.0,23981.7,107,0,4,Bronze,3864
15600992,France,0.0,23964.940000000002,17,0,4,Bronze,3865
15672242,France,0.0,23950.28,37,0,4,Bronze,3866
15787655,France,0.0,23907.23,29,0,4,Bronze,3867
15734161,France,0.0,23906.839166666665,72,0,4,Bronze,3868
15718245,France,0.0,23888.29,25,0,4,Bronze,3869
15587640,France,93143.39,23870.370000000003,6,0,4,Bronze,3870
15758171,France,0.0,23817.95,78,0,4,Bronze,3871
15719606,France,0.0,23812.920000000002,107,0,4,Bronze,3872
15731148,France,108477.49,23795.4,3,1,4,Bronze,3873
15726960,France,0.0,23767.79,38,0,4,Bronze,3874
15672594,France,131778.08,23734.39,2,1,4,Bronze,3875
15572706,France,0.0,23683.920000000002,58,0,4,Bronze,3876
15572767,France,0.0,23652.87,31,0,4,Bronze,3877
15622834,France,0.0,23587.61,32,0,4,Bronze,3878
15670914,France,0.0,23519.78,28,0,4,Bronze,3879
15599410,France,0.0,23502.11,19,0,4,Bronze,3880
15668893,France,0.0,23483.62,119,0,4,Bronze,3881
15814846,France,0.0,23457.579999999998,24,1,4,Bronze,3882
15569050,France,0.0,23455.22,24,1,4,Bronze,3883
15693752,France,0.0,23453.97,38,0,4,Bronze,3884
15684951,France,68892.77,23446.98,2,1,4,Bronze,3885
15790093,France,0.0,23442.05,28,0,4,Bronze,3886
15792029,France,0.0,23437.11,58,0,4,Bronze,3887
15749688,France,0.0,23405.48,87,0,4,Bronze,3888
15599440,France,0.0,23358.97,74,0,4,Bronze,3889
15737782,France,0.0,23327.27,153,0,4,Bronze,3890
15641850,France,98241.04,23318.46,2,0,4,Bronze,3891
15700353,France,0.0,23276.04,64,0,4,Bronze,3892
15681755,France,0.0,23239.7,88,0,4,Bronze,3893
15659962,France,0.0,23218.38,49,0,4,Bronze,3894
15626679,France,0.0,23158.58,58,0,4,Bronze,3895
15700772,France,0.0,23125.0,88,0,4,Bronze,3896
15667460,France,0.0,23042.99,148,0,4,Bronze,3897
15626475,France,0.0,23000.11,26,0,4,Bronze,3898
15807305,France,0.0,22960.329999999998,16,0,4,Bronze,3899
15773906,France,0.0,22929.79,36,0,4,Bronze,3900
15586183,France,0.0,22857.53,58,0,4,Bronze,3901
15603764,France,0.0,22840.42,38,1,4,Bronze,3902
15735339,France,0.0,22834.634166666667,43,0,4,Bronze,3903
15656009,France,0.0,22761.18,64,0,4,Bronze,3904
15679622,France,0.0,22745.840833333332,139,0,4,Bronze,3905
15755242,France,0.0,22741.45,41,0,4,Bronze,3906
15728564,France,0.0,22741.22,31,1,4,Bronze,3907
15657439,France,0.0,22730.4,73,0,4,Bronze,3908
15789109,France,0.0,22724.96,39,1,4,Bronze,3909
15781347,France,0.0,22669.23,34,0,4,Bronze,3910
15810227,France,0.0,22636.75,30,0,4,Bronze,3911
15725028,France,0.0,22630.56,58,0,4,Bronze,3912
15570145,France,0.0,22557.14,21,0,4,Bronze,3913
15793726,France,0.0,22548.09,13,0,4,Bronze,3914
15759751,France,0.0,22545.3,21,0,4,Bronze,3915
15658052,France,81553.93,22477.09,6,1,4,Bronze,3916
15678916,France,0.0,22474.82,24,0,4,Bronze,3917
15632275,France,0.0,22430.18,23,0,4,Bronze,3918
15749799,France,0.0,22409.52,46,0,4,Bronze,3919
15667438,France,104016.88,22400.94,4,1,4,Bronze,3920
15787550,France,0.0,22394.81,58,0,4,Bronze,3921
15712176,France,0.0,22383.34,142,0,4,Bronze,3922
15812534,France,0.0,22379.12,33,0,4,Bronze,3923
15582129,France,43772.66,22374.0,7,1,4,Bronze,3924
15680224,France,0.0,22350.59,110,0,4,Bronze,3925
15629475,France,0.0,22328.77,23,0,4,Bronze,3926
15573854,France,0.0,22316.61,91,0,4,Bronze,3927
15589449,France,0.0,22245.17,50,1,4,Bronze,3928
15603554,France,164649.52,22230.78,2,1,4,Bronze,3929
15663942,France,0.0,22145.5,46,0,4,Bronze,3930
15788131,France,0.0,22058.50083333333,57,1,4,Bronze,3931
15695168,France,0.0,21978.64,26,0,4,Bronze,3932
15640917,France,0.0,21958.07,72,0,4,Bronze,3933
15583026,France,135919.33,21804.95,3,0,4,Bronze,3934
15646563,France,0.0,21738.79,145,0,4,Bronze,3935
15771000,France,0.0,21736.52,51,0,4,Bronze,3936
15732832,France,0.0,21655.778333333332,73,0,4,Bronze,3937
15709941,France,0.0,21578.65,42,1,4,Bronze,3938
15763218,France,0.0,21441.73,22,0,4,Bronze,3939
15668445,France,0.0,21425.62,45,0,4,Bronze,3940
15634632,France,0.0,21415.62,47,0,4,Bronze,3941
15715988,France,0.0,21415.52,36,0,4,Bronze,3942
15811877,France,0.0,21334.02,34,0,4,Bronze,3943
15781210,France,0.0,21317.13,85,0,4,Bronze,3944
15658435,France,0.0,21316.25,43,0,4,Bronze,3945
15638269,France,0.0,21282.91,33,0,4,Bronze,3946
15731569,France,0.0,21271.49,83,0,4,Bronze,3947
15784491,France,0.0,21269.05,54,0,4,Bronze,3948
15708193,France,0.0,21241.92,29,0,4,Bronze,3949
15585280,France,0.0,21230.52,41,0,4,Bronze,3950
15639133,France,0.0,21219.5,35,0,4,Bronze,3951
15620577,France,0.0,21180.89,72,0,4,Bronze,3952
15726931,France,56214.85,21140.29,5,1,4,Bronze,3953
15733883,France,0.0,21100.22,75,0,4,Bronze,3954
15705379,France,0.0,21097.81,36,0,4,Bronze,3955
15627847,France,0.0,21062.37,30,1,4,Bronze,3956
15797475,France,86102.27,21061.11,3,1,4,Bronze,3957
15688963,France,0.0,21034.59,128,1,4,Bronze,3958
15758449,France,0.0,21033.99,136,0,4,Bronze,3959
15755241,France,0.0,20957.28,24,1,4,Bronze,3960
15626143,France,0.0,20950.85,32,0,4,Bronze,3961
15684316,France,0.0,20935.71,17,1,4,Bronze,3962
15587443,France,0.0,20913.2,28,0,4,Bronze,3963
15671249,France,0.0,20908.28,28,0,4,Bronze,3964
15747097,France,0.0,20883.98,142,1,4,Bronze,3965
15774277,France,0.0,20874.57,35,0,4,Bronze,3966
15727421,France,0.0,20839.77,97,0,4,Bronze,3967
15672082,France,0.0,20810.07,31,0,4,Bronze,3968
15607112,France,0.0,20802.65,107,0,4,Bronze,3969
15805704,France,0.0,20764.53,12,1,4,Bronze,3970
15717984,France,144900.58,20746.65,2,1,4,Bronze,3971
15620751,France,0.0,20713.84,25,0,4,Bronze,3972
15665088,France,0.0,20701.99,37,0,4,Bronze,3973
15588123,France,0.0,20687.84,34,0,4,Bronze,3974
15811200,France,0.0,20685.25,23,0,4,Bronze,3975
15756655,France,0.0,20671.43,23,0,4,Bronze,3976
15734311,France,0.0,20623.43,47,0,4,Bronze,3977
15796958,France,0.0,20565.89,70,0,4,Bronze,3978
15608688,France,0.0,20477.97,42,0,4,Bronze,3979
15585455,France,0.0,20472.85,89,0,4,Bronze,3980
15682639,France,0.0,20421.22,39,0,4,Bronze,3981
15795936,France,0.0,20421.18,30,0,4,Bronze,3982
15579062,France,0.0,20418.93,103,0,4,Bronze,3983
15573971,France,0.0,20412.32,60,0,4,Bronze,3984
15731829,France,0.0,20411.19,119,0,4,Bronze,3985
15782735,France,0.0,20388.68,31,0,4,Bronze,3986
15637131,France,0.0,20372.1,93,0,4,Bronze,3987
15772073,France,0.0,20340.13,26,1,4,Bronze,3988
15655171,France,0.0,20331.57,54,0,4,Bronze,3989
15672481,France,0.0,20313.65,56,0,4,Bronze,3990
15774393,France,0.0,20305.46,136,0,4,Bronze,3991
15720725,France,0.0,20297.28,21,0,4,Bronze,3992
15618182,France,0.0,20265.96,24,0,4,Bronze,3993
15648577,France,0.0,20235.329999999998,15,1,4,Bronze,3994
15774854,France,0.0,20220.94,110,1,4,Bronze,3995
15630321,France,0.0,20175.44,39,0,4,Bronze,3996
15807555,France,0.0,20120.86,24,0,4,Bronze,3997
15649853,France,0.0,20100.9,19,1,4,Bronze,3998
15576774,France,0.0,20061.02,72,0,4,Bronze,3999
15609804,France,0.0,20054.09,12,0,4,Bronze,4000
15675749,France,0.0,20052.78,27,0,4,Bronze,4001
15603674,France,0.0,20050.64,22,0,4,Bronze,4002
15755868,France,0.0,20018.38,66,0,4,Bronze,4003
15739578,France,128663.9,20015.2,4,1,4,Bronze,4004
15632439,France,0.0,20000.6,68,0,4,Bronze,4005
15606901,France,0.0,19942.24,68,0,4,Bronze,4006
15713505,France,0.0,19789.63,18,0,4,Bronze,4007
15780628,France,0.0,19786.32,73,0,4,Bronze,4008
15578515,France,0.0,19785.32,25,0,4,Bronze,4009
15747974,France,0.0,19774.46,15,0,4,Bronze,4010
15674929,France,0.0,19755.39,66,0,4,Bronze,4011
15577402,France,0.0,19716.59,166,0,4,Bronze,4012
15588614,France,0.0,19711.670000000002,18,1,4,Bronze,4013
15756850,France,0.0,19708.43,18,0,4,Bronze,4014
15622985,France,0.0,19638.19,24,1,4,Bronze,4015
15727490,France,0.0,19625.57,27,1,4,Bronze,4016
15655648,France,0.0,19610.98,20,0,4,Bronze,4017
15732660,France,0.0,19599.0,37,0,4,Bronze,4018
15611186,France,39344.83,19589.68,7,1,4,Bronze,4019
15780966,France,0.0,19574.8,28,0,4,Bronze,4020
15789413,France,0.0,19534.66,39,0,4,Bronze,4021
15769110,France,0.0,19486.91,58,0,4,Bronze,4022
15643330,France,0.0,19483.53,34,0,4,Bronze,4023
15758606,France,0.0,19472.24,69,1,4,Bronze,4024
15762172,France,0.0,19467.37,19,0,4,Bronze,4025
15744423,France,0.0,19423.4,42,0,4,Bronze,4026
15643819,France,0.0,19384.65,51,0,4,Bronze,4027
15645184,France,0.0,19356.54,15,0,4,Bronze,4028
15577478,France,0.0,19332.3,50,0,4,Bronze,4029
15582259,France,0.0,19299.56,116,0,4,Bronze,4030
15689081,France,0.0,19293.95,39,1,4,Bronze,4031
15641782,France,0.0,19279.18,26,1,4,Bronze,4032
15630592,France,0.0,19244.21,35,1,4,Bronze,4033
15734365,France,0.0,19214.07,86,0,4,Bronze,4034
15634896,France,0.0,19179.34,101,0,4,Bronze,4035
15606177,France,0.0,19179.15,25,0,4,Bronze,4036
15751167,France,0.0,18931.68,65,0,4,Bronze,4037
15574283,France,0.0,18835.5,37,0,4,Bronze,4038
15624451,France,0.0,18807.69,36,0,4,Bronze,4039
15644833,France,0.0,18792.54,12,1,4,Bronze,4040
15759805,France,0.0,18773.75083333333,47,0,4,Bronze,4041
15682211,France,0.0,18749.48,16,0,4,Bronze,4042
15694995,France,0.0,18682.56,47,0,4,Bronze,4043
15579617,France,0.0,18682.38,18,1,4,Bronze,4044
15814004,France,0.0,18639.31,36,0,4,Bronze,4045
15594685,France,0.0,18567.69,22,0,4,Bronze,4046
15614230,France,0.0,18437.82,59,0,4,Bronze,4047
15667944,France,86843.61,18419.51,7,0,4,Bronze,4048
15717935,France,0.0,18401.09,56,0,4,Bronze,4049
15605293,France,0.0,18353.36,18,0,4,Bronze,4050
15774491,France,0.0,18346.27,66,0,4,Bronze,4051
15682528,France,0.0,18311.9,79,0,4,Bronze,4052
15605698,France,0.0,18280.44,27,1,4,Bronze,4053
15682084,France,0.0,18278.26,77,0,4,Bronze,4054
15711028,France,0.0,18242.9,24,1,4,Bronze,4055
15775625,France,0.0,18233.72,52,0,4,Bronze,4056
15792328,France,0.0,18223.35,66,1,4,Bronze,4057
15805212,France,0.0,18220.23,26,0,4,Bronze,4058
15758477,France,0.0,18198.66,24,0,4,Bronze,4059
15760570,France,0.0,18087.24,45,0,4,Bronze,4060
15720687,France,112609.91,18076.21,4,1,4,Bronze,4061
15759284,France,0.0,17994.68,30,1,4,Bronze,4062
15619436,France,0.0,17983.28,26,0,4,Bronze,4063
15785367,France,0.0,17952.48,38,1,4,Bronze,4064
15631054,France,0.0,17943.0,22,0,4,Bronze,4065
15751175,France,0.0,17926.510000000002,46,0,4,Bronze,4066
15766776,France,0.0,17828.57,18,0,4,Bronze,4067
15566708,France,0.0,17763.25,20,1,4,Bronze,4068
15654060,France,0.0,17729.57,35,0,4,Bronze,4069
15579969,France,0.0,17729.53,126,0,4,Bronze,4070
15754113,France,0.0,17695.853333333333,7,0,4,Bronze,4071
15658032,France,0.0,17677.65,32,0,4,Bronze,4072
15794014,France,0.0,17661.29,89,0,4,Bronze,4073
15767793,France,0.0,17625.49,96,0,4,Bronze,4074
15599792,France,0.0,17576.8,16,0,4,Bronze,4075
15645543,France,0.0,17562.89,63,0,4,Bronze,4076
15748589,France,0.0,17554.11,90,0,4,Bronze,4077
15592994,France,0.0,17544.77,12,0,4,Bronze,4078
15814092,France,0.0,17531.72,16,1,4,Bronze,4079
15655274,France,0.0,17524.4,61,0,4,Bronze,4080
15571756,France,0.0,17470.17,46,0,4,Bronze,4081
15812184,France,0.0,17464.28,18,0,4,Bronze,4082
15797165,France,0.0,17449.38,42,1,4,Bronze,4083
15703117,France,0.0,17429.19,27,0,4,Bronze,4084
15814040,France,0.0,17423.24,21,0,4,Bronze,4085
15656426,France,0.0,17409.65,35,0,4,Bronze,4086
15644119,France,0.0,17404.76,69,0,4,Bronze,4087
15730460,France,0.0,17348.95,33,0,4,Bronze,4088
15700693,France,0.0,17340.31,40,0,4,Bronze,4089
15778830,France,0.0,17327.02,23,0,4,Bronze,4090
15629094,France,156948.41,17301.489999999998,2,1,4,Bronze,4091
15589329,France,0.0,17274.19,53,0,4,Bronze,4092
15740283,France,0.0,17244.37,14,0,4,Bronze,4093
15584532,France,0.0,17209.45,61,1,4,Bronze,4094
15654183,France,0.0,17156.75,42,0,4,Bronze,4095
15742404,France,0.0,17148.98,75,0,4,Bronze,4096
15632789,France,0.0,17143.48,113,0,4,Bronze,4097
15650864,France,0.0,17125.02,62,0,4,Bronze,4098
15812470,France,0.0,17103.32,93,0,4,Bronze,4099
15806570,France,0.0,17096.33,40,1,4,Bronze,4100
15719294,France,0.0,17067.98,21,0,4,Bronze,4101
15759133,France,0.0,17046.83,93,0,4,Bronze,4102
15808326,France,0.0,17046.74,140,0,4,Bronze,4103
15673877,France,0.0,17045.46,14,1,4,Bronze,4104
15694677,France,0.0,17042.0,18,0,4,Bronze,4105
15733303,France,0.0,16967.56,83,0,4,Bronze,4106
15750396,France,0.0,16928.81,26,0,4,Bronze,4107
15566269,France,0.0,16897.1,68,0,4,Bronze,4108
15601324,France,0.0,16874.33,33,0,4,Bronze,4109
15746569,France,0.0,16860.76,26,1,4,Bronze,4110
15792868,France,0.0,16833.93,17,0,4,Bronze,4111
15581626,France,0.0,16817.19,13,1,4,Bronze,4112
15699095,France,0.0,16808.57,5,1,4,Bronze,4113
15581968,France,0.0,16797.38,22,0,4,Bronze,4114
15738980,France,0.0,16779.85,28,0,4,Bronze,4115
15565806,France,0.0,16745.29,86,0,4,Bronze,4116
15744770,France,0.0,16740.02,32,0,4,Bronze,4117
15582066,France,0.0,16696.01,73,0,4,Bronze,4118
15782231,France,0.0,16682.59,67,0,4,Bronze,4119
15785869,France,0.0,16605.22,75,0,4,Bronze,4120
15583576,France,0.0,16549.86,40,0,4,Bronze,4121
15810786,France,0.0,16482.79,69,0,4,Bronze,4122
15585066,France,0.0,16436.17833333333,15,1,4,Bronze,4123
15809302,France,0.0,16428.38,23,0,4,Bronze,4124
15722212,France,0.0,16405.39,88,0,4,Bronze,4125
15729201,France,0.0,16400.63,21,1,4,Bronze,4126
15589428,France,0.0,16299.210000000001,80,0,4,Bronze,4127
15605327,France,0.0,16271.76,30,0,4,Bronze,4128
15668521,France,0.0,16157.629166666668,22,0,4,Bronze,4129
15694321,France,0.0,16137.43,33,0,4,Bronze,4130
15790455,France,0.0,16119.95,29,1,4,Bronze,4131
15612418,France,0.0,16103.87,108,0,4,Bronze,4132
15643438,France,0.0,16072.84,87,0,4,Bronze,4133
15641136,France,0.0,16055.699999999999,48,0,4,Bronze,4134
15673342,France,0.0,16049.289999999999,20,0,4,Bronze,4135
15728605,France,0.0,16026.99,76,0,4,Bronze,4136
15632264,France,0.0,16015.81,103,0,4,Bronze,4137
15810845,France,0.0,16014.36,46,0,4,Bronze,4138
15576928,France,0.0,15987.47,21,0,4,Bronze,4139
15702631,France,0.0,15969.86,34,0,4,Bronze,4140
15738018,France,0.0,15968.69,34,0,4,Bronze,4141
15786200,France,0.0,15967.26,42,0,4,Bronze,4142
15764661,France,0.0,15963.62,26,0,4,Bronze,4143
15606861,France,0.0,15958.2,76,0,4,Bronze,4144
15787322,France,0.0,15941.0775,92,0,4,Bronze,4145
15779620,France,0.0,15925.9,25,0,4,Bronze,4146
15604158,France,0.0,15923.13,149,0,4,Bronze,4147
15668943,France,0.0,15910.38,18,0,4,Bronze,4148
15573278,France,0.0,15908.66,57,0,4,Bronze,4149
15700749,France,0.0,15867.39,100,0,4,Bronze,4150
15748673,France,0.0,15810.78,102,0,4,Bronze,4151
15752588,France,0.0,15672.01,24,0,4,Bronze,4152
15780805,France,0.0,15636.19,19,1,4,Bronze,4153
15566494,France,0.0,15567.8,31,0,4,Bronze,4154
15601873,France,0.0,15549.77,64,0,4,Bronze,4155
15672330,France,0.0,15503.619999999999,26,0,4,Bronze,4156
15804357,France,0.0,15485.1975,56,0,4,Bronze,4157
15812324,France,0.0,15473.12,14,0,4,Bronze,4158
15794122,France,0.0,15428.31,48,0,4,Bronze,4159
15798200,France,0.0,15422.1,35,0,4,Bronze,4160
15605916,France,0.0,15418.24,10,1,4,Bronze,4161
15633516,France,0.0,15351.73,21,0,4,Bronze,4162
15783225,France,0.0,15334.25,34,1,4,Bronze,4163
15666055,France,0.0,15311.41,38,1,4,Bronze,4164
15710111,France,0.0,15276.21,66,0,4,Bronze,4165
15708713,France,0.0,15243.12,61,0,4,Bronze,4166
15604551,France,0.0,15183.84,34,0,4,Bronze,4167
15762902,France,0.0,15173.87,110,0,4,Bronze,4168
15808473,France,0.0,15027.94,18,0,4,Bronze,4169
15725166,France,0.0,15027.26,82,0,4,Bronze,4170
15723437,France,0.0,15007.75,47,0,4,Bronze,4171
15729958,France,0.0,15003.31,21,0,4,Bronze,4172
15711288,France,0.0,14968.75,60,0,4,Bronze,4173
15808689,France,0.0,14949.540833333333,61,0,4,Bronze,4174
15581620,France,0.0,14946.35,32,0,4,Bronze,4175
15593250,France,0.0,14942.04,55,0,4,Bronze,4176
15622774,France,0.0,14938.45,15,0,4,Bronze,4177
15571689,France,0.0,14890.91,92,0,4,Bronze,4178
15646190,France,119963.45,14873.53,2,1,4,Bronze,4179
15657812,France,0.0,14841.03,20,0,4,Bronze,4180
15787884,France,0.0,14749.26,126,0,4,Bronze,4181
15752846,France,0.0,14726.08,107,0,4,Bronze,4182
15607509,France,0.0,14676.86,60,0,4,Bronze,4183
15592386,France,0.0,14645.36,55,0,4,Bronze,4184
15808662,France,0.0,14645.15,32,0,4,Bronze,4185
15621004,France,0.0,14593.11,8,1,4,Bronze,4186
15639368,France,110942.9,14572.17,4,0,4,Bronze,4187
15677435,France,98263.46,14563.88,3,0,4,Bronze,4188
15597901,France,0.0,14554.67,17,0,4,Bronze,4189
15791452,France,0.0,14538.55,13,0,4,Bronze,4190
15576680,France,0.0,14522.35,43,0,4,Bronze,4191
15768387,France,0.0,14499.07,82,0,4,Bronze,4192
15748473,France,0.0,14472.210000000001,52,0,4,Bronze,4193
15591386,France,0.0,14464.89,50,0,4,Bronze,4194
15606841,France,0.0,14452.5,14,0,4,Bronze,4195
15667215,France,0.0,14436.81,34,0,4,Bronze,4196
15713608,France,0.0,14406.66,81,0,4,Bronze,4197
15800233,France,0.0,14402.532500000001,69,0,4,Bronze,4198
15748616,France,0.0,14396.98,62,0,4,Bronze,4199
15620988,France,0.0,14381.53,13,0,4,Bronze,4200
15589030,France,0.0,14361.6,15,0,4,Bronze,4201
15631063,France,0.0,14342.34,24,0,4,Bronze,4202
15574783,France,0.0,14337.7,18,0,4,Bronze,4203
15652069,France,0.0,14312.48,19,0,4,Bronze,4204
15760825,France,0.0,14296.76,19,0,4,Bronze,4205
15662901,France,0.0,14288.08,35,0,4,Bronze,4206
15805627,France,0.0,14285.2,42,0,4,Bronze,4207
15582616,France,0.0,14283.86,41,0,4,Bronze,4208
15719827,France,0.0,14260.21,37,0,4,Bronze,4209
15645323,France,0.0,14259.3,31,1,4,Bronze,4210
15605284,France,0.0,14245.210000000001,17,0,4,Bronze,4211
15701354,France,0.0,14204.94,16,0,4,Bronze,4212
15758482,France,0.0,14193.85,9,0,4,Bronze,4213
15801351,France,0.0,14158.96,47,0,4,Bronze,4214
15736413,France,0.0,14131.54,19,0,4,Bronze,4215
15699340,France,0.0,14124.68,39,0,4,Bronze,4216
15689514,France,201696.07,14105.68,2,1,4,Bronze,4217
15742269,France,0.0,14086.04,13,0,4,Bronze,4218
15634602,France,0.0,14081.71,29,1,4,Bronze,4219
15745080,France,0.0,14074.97,93,0,4,Bronze,4220
15575391,France,0.0,14068.82,55,0,4,Bronze,4221
15733768,France,0.0,14061.59,27,0,4,Bronze,4222
15591985,France,70754.18,14005.32,5,1,4,Bronze,4223
15691627,France,0.0,13970.76,135,0,4,Bronze,4224
15647402,France,0.0,13944.46,54,0,4,Bronze,4225
15654700,France,102967.41,13938.07,2,1,4,Bronze,4226
15769586,France,0.0,13931.09,22,0,4,Bronze,4227
15641122,France,0.0,13925.4,22,0,4,Bronze,4228
15717010,France,0.0,13921.84,71,0,4,Bronze,4229
15741295,France,0.0,13920.48,50,0,4,Bronze,4230
15586479,France,0.0,13787.89,11,1,4,Bronze,4231
15750121,France,0.0,13787.460000000001,36,0,4,Bronze,4232
15577970,France,0.0,13766.42,56,0,4,Bronze,4233
15749050,France,0.0,13742.21,37,0,4,Bronze,4234
15813871,France,0.0,13737.130000000001,21,0,4,Bronze,4235
15610165,France,0.0,13736.09,18,0,4,Bronze,4236
15783030,France,0.0,13733.59,18,1,4,Bronze,4237
15769645,France,0.0,13731.45,54,0,4,Bronze,4238
15632272,France,0.0,13701.47,24,0,4,Bronze,4239
15658693,France,0.0,13684.85,38,0,4,Bronze,4240
15706128,France,0.0,13659.92,22,0,4,Bronze,4241
15779743,France,0.0,13652.47,72,0,4,Bronze,4242
15807546,France,0.0,13623.789999999999,37,0,4,Bronze,4243
15774258,France,0.0,13581.18,14,0,4,Bronze,4244
15772632,France,0.0,13579.43,13,0,4,Bronze,4245
15807473,France,0.0,13544.210000000001,30,0,4,Bronze,4246
15812616,France,0.0,13509.39,24,1,4,Bronze,4247
15719017,France,0.0,13494.62,121,0,4,Bronze,4248
15571059,France,0.0,13482.380000000001,14,1,4,Bronze,4249
15786469,France,0.0,13478.18,14,0,4,Bronze,4250
15622527,France,0.0,13453.08,97,0,4,Bronze,4251
15688865,France,0.0,13448.49,91,0,4,Bronze,4252
15578866,France,0.0,13423.31,44,0,4,Bronze,4253
15701081,France,0.0,13407.09,37,0,4,Bronze,4254
15637644,France,0.0,13282.130000000001,58,0,4,Bronze,4255
15738627,France,0.0,13248.35,93,0,4,Bronze,4256
15622729,France,0.0,13234.74,35,0,4,Bronze,4257
15603156,France,0.0,13167.9,23,0,4,Bronze,4258
15708714,France,0.0,13141.4,55,0,4,Bronze,4259
15595592,France,0.0,13072.59,17,1,4,Bronze,4260
15806486,France,0.0,13019.76,13,0,4,Bronze,4261
15711130,France,0.0,12996.7,26,0,4,Bronze,4262
15770121,France,0.0,12986.39,98,0,4,Bronze,4263
15616122,France,0.0,12972.27,130,0,4,Bronze,4264
15579262,France,0.0,12968.67,90,0,4,Bronze,4265
15757425,France,0.0,12960.44,26,0,4,Bronze,4266
15799350,France,106134.46,12936.0,2,0,4,Bronze,4267
15768124,France,0.0,12901.46,35,0,4,Bronze,4268
15610594,France,0.0,12887.95,89,0,4,Bronze,4269
15776454,France,0.0,12851.71,26,1,4,Bronze,4270
15600106,France,0.0,12820.97,11,0,4,Bronze,4271
15651352,France,0.0,12812.0,13,1,4,Bronze,4272
15611599,France,0.0,12793.78,36,0,4,Bronze,4273
15701280,France,0.0,12774.6,23,1,4,Bronze,4274
15656029,France,0.0,12767.06,101,0,4,Bronze,4275
15659175,France,0.0,12761.24,87,0,4,Bronze,4276
15730868,France,0.0,12749.11,82,0,4,Bronze,4277
15598097,France,0.0,12729.33,88,0,4,Bronze,4278
15587299,France,0.0,12721.74,41,0,4,Bronze,4279
15772892,France,0.0,12719.06,24,0,4,Bronze,4280
15801125,France,0.0,12714.21,20,0,4,Bronze,4281
15716186,France,0.0,12666.09,18,0,4,Bronze,4282
15656293,France,0.0,12660.2,29,0,4,Bronze,4283
15786035,France,0.0,12626.61,99,0,4,Bronze,4284
15629117,France,0.0,12618.69,103,0,4,Bronze,4285
15729040,France,0.0,12533.283333333333,27,0,4,Bronze,4286
15683503,France,0.0,12516.15,24,1,4,Bronze,4287
15646262,France,0.0,12471.24,69,0,4,Bronze,4288
15812888,France,0.0,12464.35,10,1,4,Bronze,4289
15773242,France,0.0,12421.42,13,0,4,Bronze,4290
15677828,France,0.0,12394.45,44,0,4,Bronze,4291
15775116,France,0.0,12373.45,29,0,4,Bronze,4292
15675431,France,0.0,12373.16,59,0,4,Bronze,4293
15644849,France,0.0,12362.32,32,0,4,Bronze,4294
15576623,France,0.0,12340.25,52,0,4,Bronze,4295
15697546,France,0.0,12328.33,29,0,4,Bronze,4296
15765173,France,0.0,12270.81,21,1,4,Bronze,4297
15652469,France,0.0,12251.22,14,0,4,Bronze,4298
15722473,France,0.0,12225.58,32,0,4,Bronze,4299
15648876,France,0.0,12203.84,55,0,4,Bronze,4300
15620344,France,0.0,12172.2,59,0,4,Bronze,4301
15792607,France,0.0,12157.8,20,0,4,Bronze,4302
15568006,France,0.0,12136.72,20,1,4,Bronze,4303
15742638,France,0.0,12127.3,72,0,4,Bronze,4304
15723613,France,0.0,12098.98,40,0,4,Bronze,4305
15600280,France,0.0,12097.81,58,0,4,Bronze,4306
15719561,France,0.0,12095.05,38,0,4,Bronze,4307
15671609,France,0.0,12089.8,82,0,4,Bronze,4308
15720910,France,0.0,12085.39,140,0,4,Bronze,4309
15809227,France,0.0,12064.07,30,0,4,Bronze,4310
15734610,France,89838.71,12060.939999999999,2,1,4,Bronze,4311
15640258,France,94238.75,12043.47,1,1,4,Bronze,4312
15585215,France,0.0,12026.07,55,0,4,Bronze,4313
15645095,France,0.0,11993.76,36,0,4,Bronze,4314
15685829,France,0.0,11960.4,45,0,4,Bronze,4315
15675360,France,0.0,11959.03,136,0,4,Bronze,4316
15742028,France,0.0,11941.68,55,0,4,Bronze,4317
15753337,France,0.0,11922.53,5,1,4,Bronze,4318
15726088,France,0.0,11908.4,105,0,4,Bronze,4319
15811613,France,0.0,11866.710000000001,82,0,4,Bronze,4320
15663706,France,0.0,11815.05,16,1,4,Bronze,4321
15658813,France,0.0,11796.14,116,0,4,Bronze,4322
15636238,France,0.0,11736.47,19,0,4,Bronze,4323
15763381,France,90963.49,11728.96,2,0,4,Bronze,4324
15620030,France,0.0,11727.49,19,0,4,Bronze,4325
15622443,France,0.0,11686.539999999999,70,0,4,Bronze,4326
15804937,France,0.0,11678.56,25,0,4,Bronze,4327
15754605,France,0.0,11673.08,86,0,4,Bronze,4328
15774127,France,0.0,11590.72,30,0,4,Bronze,4329
15624068,France,0.0,11565.12,13,0,4,Bronze,4330
15677739,France,0.0,11544.54,63,0,4,Bronze,4331
15813532,France,0.0,11498.27,51,0,4,Bronze,4332
15607746,France,0.0,11467.11,23,0,4,Bronze,4333
15728456,France,0.0,11445.68,39,1,4,Bronze,4334
15777873,France,0.0,11436.68,10,1,4,Bronze,4335
15623082,France,0.0,11434.73,26,0,4,Bronze,4336
15745794,France,0.0,11409.34,100,0,4,Bronze,4337
15736274,France,0.0,11404.25,97,0,4,Bronze,4338
15660200,France,0.0,11402.86,18,0,4,Bronze,4339
15632344,France,99045.93,11365.369999999999,3,0,4,Bronze,4340
15675626,France,0.0,11332.03,26,0,4,Bronze,4341
15586848,France,0.0,11325.14,15,0,4,Bronze,4342
15629150,France,0.0,11291.4,22,0,4,Bronze,4343
15643229,France,0.0,11225.460000000001,113,0,4,Bronze,4344
15815259,France,0.0,11217.58,44,0,4,Bronze,4345
15778897,France,0.0,11152.22,15,0,4,Bronze,4346
15762110,France,0.0,11142.11,14,0,4,Bronze,4347
15748920,France,0.0,11128.85,137,0,4,Bronze,4348
15574523,France,0.0,11126.04,28,0,4,Bronze,4349
15666200,France,0.0,11069.42,18,0,4,Bronze,4350
15700650,France,0.0,11061.03,37,0,4,Bronze,4351
15631170,France,0.0,11047.02,60,0,4,Bronze,4352
15758702,France,0.0,11034.43,124,0,4,Bronze,4353
15727361,France,0.0,11021.12,25,0,4,Bronze,4354
15696098,France,0.0,11010.44,116,0,4,Bronze,4355
15704651,France,0.0,10995.15,21,0,4,Bronze,4356
15592387,France,0.0,10988.1,29,1,4,Bronze,4357
15719348,France,0.0,10985.69,29,1,4,Bronze,4358
15760431,France,0.0,10973.14,21,0,4,Bronze,4359
15640648,France,0.0,10943.84,97,0,4,Bronze,4360
15610343,France,0.0,10940.65,135,1,4,Bronze,4361
15657214,France,0.0,10903.74,37,0,4,Bronze,4362
15605037,France,0.0,10837.76,12,1,4,Bronze,4363
15626806,France,0.0,10825.85,38,0,4,Bronze,4364
15716800,France,0.0,10797.42,43,0,4,Bronze,4365
15632345,France,0.0,10779.86,44,0,4,Bronze,4366
15804586,France,0.0,10768.35,14,1,4,Bronze,4367
15804516,France,0.0,10751.22,23,0,4,Bronze,4368
15720676,France,0.0,10713.11,79,0,4,Bronze,4369
15789669,France,0.0,10672.94,49,0,4,Bronze,4370
15751455,France,0.0,10619.65,10,1,4,Bronze,4371
15806403,France,0.0,10579.6,96,0,4,Bronze,4372
15588701,France,0.0,10578.83,39,0,4,Bronze,4373
15594515,France,0.0,10549.2,29,1,4,Bronze,4374
15653620,France,0.0,10488.65,133,0,4,Bronze,4375
15606507,France,0.0,10479.46,46,0,4,Bronze,4376
15752953,France,0.0,10439.49,100,0,4,Bronze,4377
15678317,France,0.0,10429.39,36,0,4,Bronze,4378
15741336,France,118590.41,10399.869999999999,2,1,4,Bronze,4379
15693543,France,0.0,10374.83,136,0,4,Bronze,4380
15697567,France,0.0,10373.46,51,0,4,Bronze,4381
15607629,France,0.0,10358.49,84,0,4,Bronze,4382
15807433,France,0.0,10353.23,153,0,4,Bronze,4383
15744327,France,0.0,10350.9,20,1,4,Bronze,4384
15801414,France,0.0,10350.15,19,0,4,Bronze,4385
15593555,France,0.0,10341.92,135,0,4,Bronze,4386
15685314,France,0.0,10325.96,38,0,4,Bronze,4387
15783026,France,0.0,10253.48,31,0,4,Bronze,4388
15762543,France,0.0,10250.92,18,0,4,Bronze,4389
15580213,France,0.0,10214.83,17,0,4,Bronze,4390
15636395,France,0.0,10201.41,51,0,4,Bronze,4391
15569867,France,0.0,10197.119999999999,79,0,4,Bronze,4392
15642515,France,0.0,10196.53,17,0,4,Bronze,4393
15601848,France,0.0,10172.34,21,0,4,Bronze,4394
15781619,France,0.0,10166.65,13,1,4,Bronze,4395
15777907,France,0.0,10149.58,16,1,4,Bronze,4396
15606554,France,0.0,10090.95,16,0,4,Bronze,4397
15748625,France,0.0,10063.8,98,0,4,Bronze,4398
15730418,France,0.0,10058.16,36,0,4,Bronze,4399
15627360,France,152603.45,10042.25,2,1,4,Bronze,4400
15656286,France,0.0,10010.79,14,0,4,Bronze,4401
15740428,France,0.0,9977.74,18,0,4,Bronze,4402
15805671,France,0.0,9972.01,10,0,4,Bronze,4403
15645248,France,0.0,9910.16,10,0,4,Bronze,4404
15709621,France,0.0,9888.4,52,0,4,Bronze,4405
15665695,France,0.0,9887.9,63,0,4,Bronze,4406
15710456,France,0.0,9835.01,20,0,4,Bronze,4407
15723786,France,0.0,9826.46,98,0,4,Bronze,4408
15655368,France,0.0,9786.73,17,0,4,Bronze,4409
15586821,France,0.0,9774.59,79,0,4,Bronze,4410
15760450,France,0.0,9754.36,25,0,4,Bronze,4411
15743828,France,0.0,9726.45,32,1,4,Bronze,4412
15644692,France,0.0,9722.2,18,1,4,Bronze,4413
15787174,France,0.0,9715.03,17,0,4,Bronze,4414
15641655,France,0.0,9663.65,29,0,4,Bronze,4415
15712938,France,0.0,9647.84,51,0,4,Bronze,4416
15813850,France,0.0,9605.23,116,0,4,Bronze,4417
15682454,France,0.0,9581.09,56,0,4,Bronze,4418
15576185,France,0.0,9528.0,32,0,4,Bronze,4419
15786539,France,0.0,9488.56,33,0,4,Bronze,4420
15600651,France,0.0,9466.76,32,0,4,Bronze,4421
15668323,France,143443.61,9405.6,1,1,4,Bronze,4422
15786418,France,0.0,9403.72,93,0,4,Bronze,4423
15678571,France,0.0,9395.04,56,0,4,Bronze,4424
15806822,France,0.0,9370.76,4,0,4,Bronze,4425
15763806,France,0.0,9364.31,64,0,4,Bronze,4426
15655464,France,0.0,9339.88,40,0,4,Bronze,4427
15658969,France,0.0,9334.12,42,1,4,Bronze,4428
15679307,France,0.0,9326.64,15,0,4,Bronze,4429
15693199,France,0.0,9282.34,11,1,4,Bronze,4430
15668283,France,118317.27,9248.9,1,1,4,Bronze,4431
15723620,France,0.0,9229.35,108,0,4,Bronze,4432
15575247,France,0.0,9224.39,14,0,4,Bronze,4433
15745543,France,0.0,9222.36,61,0,4,Bronze,4434
15685109,France,0.0,9140.64,82,0,4,Bronze,4435
15766417,France,0.0,9135.82,38,0,4,Bronze,4436
15736963,France,0.0,9133.16,19,0,4,Bronze,4437
15728683,France,0.0,9126.91,7,0,4,Bronze,4438
15614778,France,0.0,9071.06,49,0,4,Bronze,4439
15614054,France,0.0,9063.539999999999,19,0,4,Bronze,4440
15739438,France,0.0,9023.91,7,0,4,Bronze,4441
15729718,France,0.0,8997.880000000001,31,1,4,Bronze,4442
15609356,France,0.0,8981.42,19,0,4,Bronze,4443
15636590,France,0.0,8967.99,17,0,4,Bronze,4444
15725002,France,0.0,8943.68,79,0,4,Bronze,4445
15641110,France,0.0,8925.09,9,0,4,Bronze,4446
15571928,France,0.0,8892.38,11,1,4,Bronze,4447
15610765,France,0.0,8855.18,11,0,4,Bronze,4448
15581282,France,0.0,8812.92,69,0,4,Bronze,4449
15661409,France,0.0,8757.64,13,1,4,Bronze,4450
15736250,France,117810.79,8748.74,2,1,4,Bronze,4451
15642544,France,0.0,8709.75,77,0,4,Bronze,4452
15686974,France,0.0,8694.38,51,1,4,Bronze,4453
15724834,France,0.0,8667.84,11,0,4,Bronze,4454
15608873,France,0.0,8663.75,28,0,4,Bronze,4455
15652540,France,0.0,8636.16,26,0,4,Bronze,4456
15684960,France,0.0,8628.46,55,1,4,Bronze,4457
15568519,France,0.0,8613.58,99,0,4,Bronze,4458
15712930,France,0.0,8584.21,13,0,4,Bronze,4459
15651868,France,0.0,8573.37,77,0,4,Bronze,4460
15610140,France,0.0,8563.17,58,0,4,Bronze,4461
15756954,France,0.0,8561.47,22,0,4,Bronze,4462
15577999,France,124678.35,8555.69,1,1,4,Bronze,4463
15701291,France,0.0,8554.19,33,0,4,Bronze,4464
15649423,France,0.0,8550.63,126,0,4,Bronze,4465
15646632,France,0.0,8543.28,88,0,4,Bronze,4466
15664895,France,0.0,8529.55,14,0,4,Bronze,4467
15681332,France,0.0,8470.38,6,1,4,Bronze,4468
15628308,France,0.0,8387.26,100,0,4,Bronze,4469
15727539,France,0.0,8282.17,44,0,4,Bronze,4470
15610433,France,0.0,8274.94,97,0,4,Bronze,4471
15752186,France,0.0,8270.380000000001,40,0,4,Bronze,4472
15691950,France,0.0,8247.9,31,0,4,Bronze,4473
15753591,France,0.0,8230.23,12,0,4,Bronze,4474
15782454,France,0.0,8224.96,7,1,4,Bronze,4475
15671610,France,0.0,8172.5,106,0,4,Bronze,4476
15585466,France,0.0,8156.13,99,0,4,Bronze,4477
15685329,France,114715.71,8127.33,3,1,4,Bronze,4478
15791851,France,185734.75,8109.28,1,0,4,Bronze,4479
15589715,France,0.0,8103.72,18,1,4,Bronze,4480
15701238,France,0.0,8075.719999999999,13,0,4,Bronze,4481
15615126,France,0.0,8063.36,8,1,4,Bronze,4482
15607874,France,144450.58,8052.75,2,0,4,Bronze,4483
15716328,France,0.0,8048.37,11,0,4,Bronze,4484
15731865,France,0.0,7975.08,18,0,4,Bronze,4485
15623346,France,0.0,7961.75,43,0,4,Bronze,4486
15655658,France,0.0,7944.01,37,0,4,Bronze,4487
15623730,France,0.0,7915.4,15,0,4,Bronze,4488
15596984,France,0.0,7898.68,67,1,4,Bronze,4489
15809772,France,0.0,7891.24,17,0,4,Bronze,4490
15793825,France,0.0,7879.5199999999995,43,0,4,Bronze,4491
15637411,France,0.0,7873.7,17,0,4,Bronze,4492
15629519,France,0.0,7845.74,29,0,4,Bronze,4493
15771222,France,0.0,7835.94,55,0,4,Bronze,4494
15742323,France,0.0,7817.11,64,0,4,Bronze,4495
15657771,France,0.0,7804.58,80,0,4,Bronze,4496
15781665,France,0.0,7741.08,57,0,4,Bronze,4497
15579212,France,0.0,7733.55,38,1,4,Bronze,4498
15729954,France,0.0,7727.2300000000005,8,1,4,Bronze,4499
15718443,France,0.0,7690.71,37,0,4,Bronze,4500
15599956,France,0.0,7682.0,100,0,4,Bronze,4501
15651093,France,0.0,7660.33,21,0,4,Bronze,4502
15690169,France,161171.7,7659.83,3,1,4,Bronze,4503
15680804,France,0.0,7654.43,105,0,4,Bronze,4504
15616954,France,0.0,7637.3,63,0,4,Bronze,4505
15650068,France,149117.31,7621.09,1,0,4,Bronze,4506
15808780,France,0.0,7613.98,29,0,4,Bronze,4507
15775886,France,0.0,7560.46,7,1,4,Bronze,4508
15757777,France,0.0,7515.11,44,0,4,Bronze,4509
15689147,France,0.0,7471.95,15,0,4,Bronze,4510
15667521,France,0.0,7464.76,37,0,4,Bronze,4511
15764105,France,0.0,7449.04,15,0,4,Bronze,4512
15813659,France,0.0,7448.62,51,1,4,Bronze,4513
15576263,France,0.0,7445.22,54,0,4,Bronze,4514
15623989,France,0.0,7421.13,8,1,4,Bronze,4515
15625592,France,0.0,7406.45,40,0,4,Bronze,4516
15672237,France,0.0,7396.01,15,0,4,Bronze,4517
15575486,France,0.0,7386.68,23,0,4,Bronze,4518
15639277,France,0.0,7337.23,105,0,4,Bronze,4519
15747000,France,0.0,7309.38,61,0,4,Bronze,4520
15767432,France,0.0,7268.349999999999,109,0,4,Bronze,4521
15636592,France,181821.96,7245.0599999999995,2,1,4,Bronze,4522
15617454,France,0.0,7224.8,12,0,4,Bronze,4523
15625247,France,0.0,7220.55,6,0,4,Bronze,4524
15708693,France,0.0,7175.4400000000005,21,0,4,Bronze,4525
15725767,France,0.0,7173.150000000001,32,0,4,Bronze,4526
15758056,France,0.0,7154.63,14,0,4,Bronze,4527
15677052,France,0.0,7119.97,17,1,4,Bronze,4528
15806307,France,0.0,7109.12,50,0,4,Bronze,4529
15604217,France,0.0,7106.88,86,0,4,Bronze,4530
15803633,France,0.0,7060.4,12,0,4,Bronze,4531
15757559,France,0.0,7041.83,24,1,4,Bronze,4532
15649136,France,0.0,7036.0,91,0,4,Bronze,4533
15758726,France,0.0,6978.09,11,0,4,Bronze,4534
15778219,France,0.0,6945.6,55,0,4,Bronze,4535
15644446,France,0.0,6914.78,111,0,4,Bronze,4536
15776807,France,0.0,6889.1,10,0,4,Bronze,4537
15775295,France,118633.08,6845.69,1,1,4,Bronze,4538
15639788,France,0.0,6836.87,114,0,4,Bronze,4539
15684198,France,0.0,6829.41,173,0,4,Bronze,4540
15737025,France,0.0,6797.47,9,1,4,Bronze,4541
15569364,France,0.0,6779.37,28,0,4,Bronze,4542
15714981,France,0.0,6763.2,19,1,4,Bronze,4543
15614782,France,0.0,6756.51,11,0,4,Bronze,4544
15626985,France,104386.53,6753.29,1,0,4,Bronze,4545
15700263,France,0.0,6736.49,6,1,4,Bronze,4546
15734711,France,0.0,6707.58,14,1,4,Bronze,4547
15661007,France,72783.42,6674.66,1,0,4,Bronze,4548
15746674,France,0.0,6649.57,33,1,4,Bronze,4549
15718779,France,0.0,6635.42,23,0,4,Bronze,4550
15645572,France,0.0,6628.070000000001,34,1,4,Bronze,4551
15669887,France,0.0,6564.06,19,1,4,Bronze,4552
15730441,France,0.0,6479.68,162,0,4,Bronze,4553
15813412,France,44020.89,6462.71,6,1,4,Bronze,4554
15716236,France,0.0,6447.09,100,0,4,Bronze,4555
15777076,France,0.0,6443.28,73,0,4,Bronze,4556
15740160,France,0.0,6432.32,23,0,4,Bronze,4557
15596228,France,0.0,6420.4400000000005,32,0,4,Bronze,4558
15609824,France,176845.41,6396.13,2,1,4,Bronze,4559
15584899,France,0.0,6380.86,88,0,4,Bronze,4560
15591915,France,0.0,6370.12,9,1,4,Bronze,4561
15813283,France,0.0,6356.39,31,0,4,Bronze,4562
15645717,France,0.0,6331.66,40,0,4,Bronze,4563
15766663,France,0.0,6265.0599999999995,43,0,4,Bronze,4564
15709643,France,0.0,6260.43,13,0,4,Bronze,4565
15624374,France,0.0,6254.94,167,0,4,Bronze,4566
15570931,France,0.0,6245.03,49,1,4,Bronze,4567
15767626,France,0.0,6240.65,164,0,4,Bronze,4568
15720071,France,0.0,6229.2,11,1,4,Bronze,4569
15642160,France,0.0,6214.05,57,0,4,Bronze,4570
15718071,France,0.0,6195.96,50,0,4,Bronze,4571
15769955,France,0.0,6171.35,15,0,4,Bronze,4572
15585362,France,0.0,6149.47,62,1,4,Bronze,4573
15595136,France,0.0,6117.86,19,0,4,Bronze,4574
15597930,France,59669.43,6112.2,1,1,4,Bronze,4575
15733973,France,0.0,6111.8099999999995,52,1,4,Bronze,4576
15807568,France,0.0,6074.91,20,0,4,Bronze,4577
15764293,France,0.0,6056.96,16,0,4,Bronze,4578
15737047,France,0.0,6051.58,13,1,4,Bronze,4579
15706463,France,0.0,6037.64,146,0,4,Bronze,4580
15763544,France,0.0,6035.59,14,0,4,Bronze,4581
15697360,France,79951.9,6025.07,3,1,4,Bronze,4582
15656471,France,0.0,5996.42,141,0,4,Bronze,4583
15689781,France,0.0,5975.78,5,1,4,Bronze,4584
15614213,France,107548.94,5965.15,1,0,4,Bronze,4585
15611331,France,0.0,5959.8,5,1,4,Bronze,4586
15715877,France,0.0,5930.37,24,0,4,Bronze,4587
15789097,France,0.0,5925.13,25,1,4,Bronze,4588
15701037,France,0.0,5922.2,14,0,4,Bronze,4589
15627630,France,0.0,5895.76,14,0,4,Bronze,4590
15800554,France,0.0,5893.68,16,0,4,Bronze,4591
15671097,France,0.0,5839.87,22,0,4,Bronze,4592
15794056,France,0.0,5816.2300000000005,8,1,4,Bronze,4593
15723737,France,0.0,5803.01,40,0,4,Bronze,4594
15744717,France,0.0,5789.38,42,0,4,Bronze,4595
15579183,France,0.0,5643.49,18,0,4,Bronze,4596
15712596,France,0.0,5641.14,42,0,4,Bronze,4597
15726634,France,0.0,5600.86,9,0,4,Bronze,4598
15722246,France,0.0,5583.57,65,1,4,Bronze,4599
15600626,France,0.0,5581.734166666667,93,0,4,Bronze,4600
15791988,France,0.0,5571.68,85,0,4,Bronze,4601
15678201,France,0.0,5565.68,9,1,4,Bronze,4602
15637428,France,0.0,5550.74,66,0,4,Bronze,4603
15592531,France,0.0,5433.25,105,0,4,Bronze,4604
15641732,France,0.0,5429.69,36,0,4,Bronze,4605
15685243,France,0.0,5404.42,145,0,4,Bronze,4606
15733597,France,150219.41,5395.81,1,0,4,Bronze,4607
15573851,France,0.0,5367.67,9,1,4,Bronze,4608
15645269,France,0.0,5367.67,51,0,4,Bronze,4608
15648735,France,0.0,5359.08,128,0,4,Bronze,4610
15603065,France,0.0,5356.79,62,0,4,Bronze,4611
15754569,France,0.0,5351.51,20,0,4,Bronze,4612
15576945,France,0.0,5342.64,12,0,4,Bronze,4613
15794297,France,0.0,5324.45,15,0,4,Bronze,4614
15766163,France,0.0,5315.72,29,0,4,Bronze,4615
15630402,France,0.0,5261.06,146,0,4,Bronze,4616
15720353,France,0.0,5232.53,8,0,4,Bronze,4617
15616811,France,160729.1,5200.38,1,0,4,Bronze,4618
15640133,France,0.0,5191.99,6,0,4,Bronze,4619
15701522,France,0.0,5179.94,138,0,4,Bronze,4620
15734005,France,0.0,5170.73,10,0,4,Bronze,4621
15760446,France,0.0,5110.31,50,1,4,Bronze,4622
15627697,France,0.0,5069.11,40,0,4,Bronze,4623
15674833,France,0.0,5058.58,16,0,4,Bronze,4624
15715117,France,0.0,5014.66,68,0,4,Bronze,4625
15574858,France,0.0,4994.1,136,0,4,Bronze,4626
15695699,France,0.0,4992.59,80,0,4,Bronze,4627
15761554,France,89299.81,4992.12,2,1,4,Bronze,4628
15746127,France,0.0,4975.85,32,0,4,Bronze,4629
15796617,France,0.0,4968.91,20,0,4,Bronze,4630
15720924,France,0.0,4946.43,13,0,4,Bronze,4631
15797748,France,0.0,4916.51,86,0,4,Bronze,4632
15813640,France,0.0,4909.29,72,0,4,Bronze,4633
15690546,France,0.0,4903.0599999999995,9,1,4,Bronze,4634
15634719,France,0.0,4861.43,4,0,4,Bronze,4635
15723028,France,0.0,4847.82,10,0,4,Bronze,4636
15608886,France,0.0,4829.7,13,0,4,Bronze,4637
15686242,France,0.0,4812.74,7,1,4,Bronze,4638
15687626,France,0.0,4752.17,7,1,4,Bronze,4639
15764537,France,0.0,4750.41,80,0,4,Bronze,4640
15780492,France,0.0,4734.26,35,0,4,Bronze,4641
15610446,France,88308.87,4693.41,1,1,4,Bronze,4642
15701537,France,0.0,4666.900000000001,7,1,4,Bronze,4643
15618936,France,0.0,4661.58,11,1,4,Bronze,4644
15692235,France,0.0,4660.67,15,0,4,Bronze,4645
15580560,France,0.0,4654.07,14,0,4,Bronze,4646
15783816,France,0.0,4652.6,58,0,4,Bronze,4647
15620936,France,0.0,4650.16,65,0,4,Bronze,4648
15809462,France,0.0,4624.96,47,0,4,Bronze,4649
15745012,France,0.0,4624.21,103,0,4,Bronze,4650
15592326,France,0.0,4620.57,135,0,4,Bronze,4651
15631240,France,0.0,4615.71,69,1,4,Bronze,4652
15568044,France,0.0,4597.65,123,0,4,Bronze,4653
15600583,France,0.0,4588.75,14,0,4,Bronze,4654
15637324,France,0.0,4579.94,127,0,4,Bronze,4655
15570194,France,0.0,4563.3,59,0,4,Bronze,4656
15660809,France,0.0,4539.88,61,0,4,Bronze,4657
15662626,France,0.0,4515.47,23,0,4,Bronze,4658
15791972,France,0.0,4506.6900000000005,68,0,4,Bronze,4659
15712536,France,0.0,4498.91,18,1,4,Bronze,4660
15691513,France,0.0,4486.74,57,1,4,Bronze,4661
15678779,France,0.0,4486.33,117,0,4,Bronze,4662
15699294,France,0.0,4482.61,12,0,4,Bronze,4663
15681327,France,0.0,4477.12,135,0,4,Bronze,4664
15592104,France,0.0,4474.73,18,1,4,Bronze,4665
15593468,France,0.0,4426.6,56,0,4,Bronze,4666
15590606,France,0.0,4422.56,103,0,4,Bronze,4667
15756894,France,0.0,4386.88,27,0,4,Bronze,4668
15592451,France,0.0,4380.28,120,0,4,Bronze,4669
15645353,France,0.0,4360.56,24,0,4,Bronze,4670
15605804,France,0.0,4347.71,106,0,4,Bronze,4671
15700212,France,0.0,4338.79,7,1,4,Bronze,4672
15804950,France,0.0,4307.65,108,0,4,Bronze,4673
15655335,France,0.0,4283.49,9,0,4,Bronze,4674
15623966,France,0.0,4271.61,32,0,4,Bronze,4675
15586699,France,0.0,4266.0,82,0,4,Bronze,4676
15710164,France,0.0,4206.0,8,1,4,Bronze,4677
15608230,France,0.0,4192.7,10,0,4,Bronze,4678
15757952,France,0.0,4172.96,5,1,4,Bronze,4679
15687648,France,0.0,4163.91,14,0,4,Bronze,4680
15747130,France,0.0,4160.31,126,0,4,Bronze,4681
15753248,France,0.0,4134.16,31,0,4,Bronze,4682
15649523,France,0.0,4124.17,13,0,4,Bronze,4683
15772781,France,0.0,4105.5,5,1,4,Bronze,4684
15805162,France,0.0,4105.41,4,0,4,Bronze,4685
15696733,France,0.0,4094.28,65,0,4,Bronze,4686
15813095,France,0.0,4093.6,21,0,4,Bronze,4687
15625021,France,0.0,4081.84,33,0,4,Bronze,4688
15569595,France,0.0,4077.15,75,0,4,Bronze,4689
15737080,France,0.0,4063.98,27,0,4,Bronze,4690
15777060,France,0.0,4058.6,23,1,4,Bronze,4691
15602851,France,0.0,4055.62,92,0,4,Bronze,4692
15616028,France,0.0,4047.2599999999998,50,0,4,Bronze,4693
15643048,France,0.0,4028.1800000000003,15,0,4,Bronze,4694
15580579,France,0.0,3953.88,14,1,4,Bronze,4695
15657306,France,0.0,3944.4199999999996,5,1,4,Bronze,4696
15790314,France,0.0,3935.88,5,0,4,Bronze,4697
15594409,France,0.0,3915.1600000000003,20,0,4,Bronze,4698
15617197,France,0.0,3893.98,28,1,4,Bronze,4699
15686670,France,0.0,3891.49,7,1,4,Bronze,4700
15736287,France,0.0,3886.78,87,0,4,Bronze,4701
15728885,France,0.0,3883.05,6,0,4,Bronze,4702
15794171,France,134264.04,3870.4,1,1,4,Bronze,4703
15626457,France,116234.61,3860.66,1,0,4,Bronze,4704
15658100,France,0.0,3842.8900000000003,4,0,4,Bronze,4705
15668460,France,0.0,3818.59,95,0,4,Bronze,4706
15640421,France,0.0,3816.05,109,0,4,Bronze,4707
15767722,France,117704.73,3813.11,1,0,4,Bronze,4708
15779064,France,0.0,3802.92,36,0,4,Bronze,4709
15622494,France,0.0,3801.01,17,0,4,Bronze,4710
15606158,France,0.0,3794.51,102,0,4,Bronze,4711
15627365,France,0.0,3789.0299999999997,4,0,4,Bronze,4712
15680303,France,0.0,3763.57,35,1,4,Bronze,4713
15618239,France,0.0,3759.5,7,0,4,Bronze,4714
15641822,France,0.0,3717.09,28,0,4,Bronze,4715
15746422,France,0.0,3692.04,18,0,4,Bronze,4716
15711991,France,0.0,3673.77,92,0,4,Bronze,4717
15695792,France,0.0,3665.61,10,0,4,Bronze,4718
15680399,France,0.0,3664.5,30,0,4,Bronze,4719
15686913,France,0.0,3642.1800000000003,9,0,4,Bronze,4720
15611430,France,0.0,3641.0,56,1,4,Bronze,4721
15609160,France,0.0,3640.31,22,0,4,Bronze,4722
15785290,France,0.0,3630.89,76,0,4,Bronze,4723
15620832,France,0.0,3615.59,11,0,4,Bronze,4724
15651369,France,0.0,3589.96,10,0,4,Bronze,4725
15736879,France,0.0,3584.74,11,0,4,Bronze,4726
15609623,France,0.0,3569.82,21,1,4,Bronze,4727
15624229,France,0.0,3563.38,61,0,4,Bronze,4728
15610416,France,0.0,3521.12,23,1,4,Bronze,4729
15724632,France,0.0,3520.14,4,0,4,Bronze,4730
15651955,France,0.0,3490.09,66,0,4,Bronze,4731
15619898,France,0.0,3481.86,80,0,4,Bronze,4732
15641675,France,88915.37,3469.27,1,1,4,Bronze,4733
15792360,France,0.0,3467.5,101,0,4,Bronze,4734
15572022,France,0.0,3444.37,103,0,4,Bronze,4735
15609704,France,0.0,3438.93,8,1,4,Bronze,4736
15743538,France,0.0,3436.78,21,0,4,Bronze,4737
15616029,France,0.0,3398.24,64,0,4,Bronze,4738
15803764,France,0.0,3397.13,64,0,4,Bronze,4739
15621687,France,0.0,3396.18,10,0,4,Bronze,4740
15780215,France,0.0,3393.1,99,0,4,Bronze,4741
15754537,France,0.0,3392.69,9,0,4,Bronze,4742
15748481,France,0.0,3362.62,57,0,4,Bronze,4743
15711921,France,0.0,3346.78,91,0,4,Bronze,4744
15783463,France,0.0,3321.24,11,0,4,Bronze,4745
15605067,France,0.0,3321.08,74,0,4,Bronze,4746
15778947,France,0.0,3295.59,63,0,4,Bronze,4747
15782210,France,0.0,3294.48,3,1,4,Bronze,4748
15769516,France,0.0,3254.16,93,0,4,Bronze,4749
15700549,France,0.0,3248.44,91,0,4,Bronze,4750
15801821,France,0.0,3227.25,15,0,4,Bronze,4751
15755178,France,0.0,3207.21,4,1,4,Bronze,4752
15736578,France,0.0,3179.56,19,0,4,Bronze,4753
15616365,France,0.0,3164.29,19,0,4,Bronze,4754
15751912,France,0.0,3152.14,109,0,4,Bronze,4755
15679693,France,0.0,3124.62,84,0,4,Bronze,4756
15592116,France,0.0,3113.04,76,0,4,Bronze,4757
15755678,France,0.0,3101.7999999999997,5,1,4,Bronze,4758
15666181,France,98064.97,3083.16,1,0,4,Bronze,4759
15739692,France,0.0,3064.57,9,0,4,Bronze,4760
15638730,France,82844.33,3045.11,1,0,4,Bronze,4761
15642710,France,0.0,3033.29,82,0,4,Bronze,4762
15644179,France,0.0,2993.84,13,1,4,Bronze,4763
15786237,France,0.0,2974.63,66,0,4,Bronze,4764
15685536,France,0.0,2963.71,90,0,4,Bronze,4765
15808544,France,0.0,2954.9300000000003,7,1,4,Bronze,4766
15766896,France,0.0,2948.63,32,0,4,Bronze,4767
15673584,France,0.0,2942.32,80,0,4,Bronze,4768
15734588,France,0.0,2909.48,13,0,4,Bronze,4769
15738063,France,0.0,2901.28,33,0,4,Bronze,4770
15576219,France,0.0,2891.02,77,0,4,Bronze,4771
15667093,France,0.0,2885.57,40,0,4,Bronze,4772
15798850,France,0.0,2878.31,84,0,4,Bronze,4773
15589210,France,0.0,2868.76,33,0,4,Bronze,4774
15783875,France,0.0,2858.11,36,0,4,Bronze,4775
15801605,France,0.0,2854.83,2,0,4,Bronze,4776
15613319,France,0.0,2834.81,3,0,4,Bronze,4777
15725737,France,0.0,2832.85,49,0,4,Bronze,4778
15728706,France,0.0,2826.08,35,1,4,Bronze,4779
15592716,France,0.0,2819.7799999999997,5,1,4,Bronze,4780
15776780,France,0.0,2819.55,7,1,4,Bronze,4781
15642004,France,0.0,2810.8300000000004,20,0,4,Bronze,4782
15679663,France,0.0,2754.56,4,0,4,Bronze,4783
15737971,France,0.0,2736.0099999999998,44,0,4,Bronze,4784
15633059,France,0.0,2685.9,92,0,4,Bronze,4785
15648721,France,0.0,2673.68,68,0,4,Bronze,4786
15747960,France,0.0,2666.04,50,0,4,Bronze,4787
15603914,France,0.0,2644.64,21,1,4,Bronze,4788
15590349,France,0.0,2629.29,69,1,4,Bronze,4789
15717995,France,0.0,2619.83,4,0,4,Bronze,4790
15677550,France,0.0,2616.29,20,0,4,Bronze,4791
15607263,France,0.0,2614.58,34,1,4,Bronze,4792
15790630,France,0.0,2611.22,32,1,4,Bronze,4793
15616922,France,0.0,2597.64,23,0,4,Bronze,4794
15636658,France,0.0,2589.17,37,0,4,Bronze,4795
15617348,France,0.0,2588.02,8,0,4,Bronze,4796
15641312,France,0.0,2581.48,13,1,4,Bronze,4797
15612525,France,0.0,2546.32,4,1,4,Bronze,4798
15797010,France,0.0,2530.09,34,0,4,Bronze,4799
15685096,France,0.0,2527.5,68,0,4,Bronze,4800
15698028,France,0.0,2518.48,16,0,4,Bronze,4801
15694456,France,0.0,2510.02,35,1,4,Bronze,4802
15724223,France,0.0,2497.88,35,1,4,Bronze,4803
15809585,France,0.0,2483.38,87,0,4,Bronze,4804
15656683,France,0.0,2481.02,8,1,4,Bronze,4805
15581526,France,0.0,2479.49,6,0,4,Bronze,4806
15713479,France,0.0,2469.43,61,0,4,Bronze,4807
15762803,France,0.0,2452.42,36,0,4,Bronze,4808
15773949,France,0.0,2395.38,50,0,4,Bronze,4809
15758769,France,0.0,2394.4900000000002,80,0,4,Bronze,4810
15575955,France,0.0,2392.56,7,0,4,Bronze,4811
15617401,France,0.0,2389.77,21,0,4,Bronze,4812
15810390,France,0.0,2376.08,15,1,4,Bronze,4813
15638607,France,0.0,2358.51,3,1,4,Bronze,4814
15757607,France,0.0,2306.27,3,1,4,Bronze,4815
15580249,France,0.0,2282.93,6,0,4,Bronze,4816
15688264,France,0.0,2264.76,2,0,4,Bronze,4817
15735330,France,0.0,2253.09,13,0,4,Bronze,4818
15588461,France,0.0,2252.87,46,0,4,Bronze,4819
15649738,France,0.0,2250.79,4,0,4,Bronze,4820
15732175,France,0.0,2228.82,34,0,4,Bronze,4821
15706232,France,0.0,2219.1,5,1,4,Bronze,4822
15653037,France,0.0,2207.87,19,0,4,Bronze,4823
15663625,France,0.0,2167.83,37,0,4,Bronze,4824
15582849,France,0.0,2161.4700000000003,20,1,4,Bronze,4825
15668679,France,0.0,2077.52,10,0,4,Bronze,4826
15626795,France,0.0,2068.74,4,1,4,Bronze,4827
15635240,France,0.0,2033.73,20,0,4,Bronze,4828
15603203,France,0.0,2029.92,54,0,4,Bronze,4829
15768293,France,0.0,2027.69,59,0,4,Bronze,4830
15709447,France,146286.22,2000.67,1,0,4,Bronze,4831
15639314,France,0.0,1989.2,32,0,4,Bronze,4832
15782121,France,0.0,1988.02,25,0,4,Bronze,4833
15730076,France,0.0,1982.48,7,1,4,Bronze,4834
15777893,France,0.0,1969.99,17,0,4,Bronze,4835
15567442,France,0.0,1962.06,62,0,4,Bronze,4836
15809087,France,0.0,1929.29,2,1,4,Bronze,4837
15603883,France,0.0,1927.05,54,0,4,Bronze,4838
15606003,France,0.0,1912.2,51,0,4,Bronze,4839
15750684,France,0.0,1907.76,10,1,4,Bronze,4840
15809800,France,0.0,1884.27,45,0,4,Bronze,4841
15735080,France,0.0,1832.01,38,0,4,Bronze,4842
15579647,France,0.0,1823.42,2,0,4,Bronze,4843
15573284,France,0.0,1807.26,24,0,4,Bronze,4844
15696588,France,0.0,1779.56,53,0,4,Bronze,4845
15738751,France,0.0,1769.83,41,0,4,Bronze,4846
15649359,France,0.0,1735.65,22,0,4,Bronze,4847
15596303,France,0.0,1719.3400000000001,3,1,4,Bronze,4848
15672432,France,0.0,1703.42,34,1,4,Bronze,4849
15681075,France,0.0,1696.79,37,0,4,Bronze,4850
15793883,France,0.0,1664.51,42,0,4,Bronze,4851
15710687,France,95927.04,1654.83,1,0,4,Bronze,4852
15742834,France,0.0,1650.08,16,0,4,Bronze,4853
15754301,France,0.0,1638.71,53,0,4,Bronze,4854
15653455,France,0.0,1635.05,27,0,4,Bronze,4855
15585855,France,0.0,1633.66,22,0,4,Bronze,4856
15608956,France,0.0,1624.86,7,0,4,Bronze,4857
15734609,France,0.0,1623.38,41,0,4,Bronze,4858
15582847,France,0.0,1610.48,6,0,4,Bronze,4859
15662245,France,0.0,1610.28,30,0,4,Bronze,4860
15608541,France,91857.66,1588.23,1,1,4,Bronze,4861
15660866,France,0.0,1572.68,40,0,4,Bronze,4862
15719377,France,0.0,1567.88,26,1,4,Bronze,4863
15780411,France,0.0,1553.37,39,0,4,Bronze,4864
15756918,France,0.0,1545.76,32,0,4,Bronze,4865
15598751,France,0.0,1525.87,2,1,4,Bronze,4866
15584338,France,0.0,1517.9,5,0,4,Bronze,4867
15738487,France,0.0,1516.28,35,0,4,Bronze,4868
15647191,France,0.0,1486.86,34,0,4,Bronze,4869
15664907,France,0.0,1484.4,13,1,4,Bronze,4870
15782144,France,0.0,1481.46,55,0,4,Bronze,4871
15725794,France,0.0,1473.6,3,1,4,Bronze,4872
15684925,France,0.0,1455.29,29,0,4,Bronze,4873
15732438,France,0.0,1451.94,8,1,4,Bronze,4874
15610147,France,0.0,1446.24,37,0,4,Bronze,4875
15770474,France,0.0,1437.3400000000001,4,1,4,Bronze,4876
15589541,France,0.0,1417.11,42,0,4,Bronze,4877
15687130,France,0.0,1416.77,3,0,4,Bronze,4878
15628007,France,0.0,1412.7,11,0,4,Bronze,4879
15619653,France,0.0,1409.82,11,1,4,Bronze,4880
15730161,France,0.0,1380.09,30,0,4,Bronze,4881
15636736,France,0.0,1344.94,2,1,4,Bronze,4882
15804822,France,0.0,1342.7,44,0,4,Bronze,4883
15701524,France,0.0,1327.5,7,0,4,Bronze,4884
15617877,France,0.0,1322.27,4,0,4,Bronze,4885
15607560,France,0.0,1313.56,36,0,4,Bronze,4886
15807525,France,0.0,1298.96,6,1,4,Bronze,4887
15648064,France,0.0,1294.27,30,0,4,Bronze,4888
15662488,France,0.0,1294.09,7,1,4,Bronze,4889
15677522,France,0.0,1285.74,19,0,4,Bronze,4890
15616172,France,0.0,1273.84,23,0,4,Bronze,4891
15719778,France,0.0,1269.31,13,0,4,Bronze,4892
15710743,France,0.0,1263.08,4,1,4,Bronze,4893
15670416,France,0.0,1257.21,13,0,4,Bronze,4894
15600710,France,0.0,1244.8600000000001,4,0,4,Bronze,4895
15654519,France,0.0,1229.51,26,0,4,Bronze,4896
15639662,France,0.0,1227.27,37,0,4,Bronze,4897
15665956,France,0.0,1223.1499999999999,3,1,4,Bronze,4898
15694160,France,0.0,1214.5,2,0,4,Bronze,4899
15673372,France,0.0,1209.9,7,1,4,Bronze,4900
15632665,France,0.0,1195.2,2,1,4,Bronze,4901
15734524,France,0.0,1187.7,1,1,4,Bronze,4902
15667633,France,0.0,1169.72,27,0,4,Bronze,4903
15693526,France,0.0,1154.38,4,0,4,Bronze,4904
15733247,France,0.0,1124.12,38,1,4,Bronze,4905
15676404,France,0.0,1123.7,10,1,4,Bronze,4906
15773809,France,0.0,1121.36,38,0,4,Bronze,4907
15708916,France,0.0,1119.97,4,0,4,Bronze,4908
15648479,France,0.0,1092.98,2,0,4,Bronze,4909
15577988,France,0.0,1083.29,24,0,4,Bronze,4910
15699225,France,0.0,1070.36,5,0,4,Bronze,4911
15799031,France,0.0,1057.95,31,0,4,Bronze,4912
15707114,France,0.0,1056.07,32,0,4,Bronze,4913
15744691,France,0.0,1055.13,32,0,4,Bronze,4914
15712403,France,0.0,1047.94,5,1,4,Bronze,4915
15720371,France,0.0,1047.9,2,1,4,Bronze,4916
15769216,France,0.0,1047.74,6,1,4,Bronze,4917
15743871,France,0.0,1045.87,11,1,4,Bronze,4918
15765287,France,0.0,1010.9200000000001,21,0,4,Bronze,4919
15722479,France,0.0,982.21,20,0,4,Bronze,4920
15664555,France,0.0,962.23,2,1,4,Bronze,4921
15741094,France,0.0,885.09,21,0,4,Bronze,4922
15706764,France,0.0,838.31,17,0,4,Bronze,4923
15672016,France,0.0,832.74,29,0,4,Bronze,4924
15567855,France,0.0,813.25,5,0,4,Bronze,4925
15786717,France,0.0,756.83,11,0,4,Bronze,4926
15671137,France,0.0,755.98,16,1,4,Bronze,4927
15658768,France,0.0,751.21,2,1,4,Bronze,4928
15621244,France,107379.68,731.78,1,0,4,Bronze,4929
15700864,France,0.0,712.17,1,0,4,Bronze,4930
15713655,France,0.0,701.23,5,1,4,Bronze,4931
15715796,France,0.0,696.1700000000001,2,0,4,Bronze,4932
15744127,France,0.0,666.27,21,0,4,Bronze,4933
15769451,France,0.0,664.13,13,0,4,Bronze,4934
15803479,France,0.0,661.03,18,0,4,Bronze,4935
15637138,France,0.0,656.3,13,0,4,Bronze,4936
15691785,France,0.0,637.2,2,1,4,Bronze,4937
15680752,France,0.0,616.12,1,1,4,Bronze,4938
15626474,France,0.0,593.93,20,0,4,Bronze,4939
15595391,France,0.0,586.73,18,0,4,Bronze,4940
15756150,France,0.0,585.8199999999999,13,0,4,Bronze,4941
15811970,France,0.0,581.6899999999999,18,0,4,Bronze,4942
15749328,France,0.0,579.37,2,1,4,Bronze,4943
15590234,France,0.0,571.35,14,1,4,Bronze,4944
15765266,France,0.0,547.82,16,0,4,Bronze,4945
15676571,France,0.0,544.96,13,1,4,Bronze,4946
15737267,France,0.0,522.6800000000001,2,1,4,Bronze,4947
15717489,France,0.0,515.84,6,1,4,Bronze,4948
15812945,France,0.0,501.08,1,0,4,Bronze,4949
15810829,France,0.0,488.62,5,1,4,Bronze,4950
15627840,France,0.0,485.41,1,1,4,Bronze,4951
15594305,France,0.0,473.90000000000003,15,0,4,Bronze,4952
15775294,France,0.0,456.71,1,1,4,Bronze,4953
15808930,France,0.0,433.65000000000003,13,0,4,Bronze,4954
15809847,France,0.0,433.07,5,0,4,Bronze,4955
15643158,France,0.0,422.57,1,1,4,Bronze,4956
15649121,France,0.0,401.2,1,1,4,Bronze,4957
15579706,France,0.0,378.38,1,1,4,Bronze,4958
15715939,France,0.0,375.63,11,0,4,Bronze,4959
15714466,France,0.0,336.1,8,1,4,Bronze,4960
15707637,France,0.0,335.53,4,1,4,Bronze,4961
15788025,France,0.0,324.66,11,0,4,Bronze,4962
15746333,France,0.0,316.5,8,1,4,Bronze,4963
15761348,France,0.0,300.53,1,0,4,Bronze,4964
15798084,France,0.0,298.67,1,0,4,Bronze,4965
15570417,France,0.0,250.22,8,0,4,Bronze,4966
15568469,France,0.0,245.76,1,0,4,Bronze,4967
15611612,France,0.0,235.29,1,0,4,Bronze,4968
15794413,France,0.0,207.16,8,0,4,Bronze,4969
15768763,France,0.0,203.82999999999998,2,1,4,Bronze,4970
15773013,France,0.0,202.28,4,1,4,Bronze,4971
15640377,France,0.0,176.78,1,0,4,Bronze,4972
15599211,France,0.0,153.63,3,1,4,Bronze,4973
15704583,France,0.0,143.25,1,1,4,Bronze,4974
15799480,France,0.0,111.42999999999999,3,0,4,Bronze,4975
15627665,France,0.0,109.49,1,1,4,Bronze,4976
15627000,France,0.0,49.22,1,0,4,Bronze,4977
15732334,France,0.0,30.09,1,0,4,Bronze,4978
15588248,France,0.0,20.89,1,1,4,Bronze,4979
15644699,France,0.0,14.09,1,0,4,Bronze,4980
15576094,France,0.0,0.0,0,0,4,Bronze,4981
15578825,France,139994.66,0.0,0,0,4,Bronze,4981
15588080,France,0.0,0.0,0,1,4,Bronze,4981
15605742,France,80090.93,0.0,0,1,4,Bronze,4981
15617166,France,0.0,0.0,0,0,4,Bronze,4981
15622217,France,88758.95,0.0,0,1,4,Bronze,4981
15628947,France,0.0,0.0,0,1,4,Bronze,4981
15637954,France,155470.55,0.0,0,0,4,Bronze,4981
15640686,France,95872.86,0.0,0,1,4,Bronze,4981
15643824,France,132255.99,0.0,0,0,4,Bronze,4981
15649292,France,29602.08,0.0,0,1,4,Bronze,4981
15652084,France,109542.29,0.0,0,0,4,Bronze,4981
15664547,France,0.0,0.0,0,1,4,Bronze,4981
15666711,France,0.0,0.0,0,1,4,Bronze,4981
15683657,France,79340.95,0.0,0,0,4,Bronze,4981
15684801,France,93871.95,0.0,0,1,4,Bronze,4981
15706557,France,0.0,0.0,0,1,4,Bronze,4981
15706587,France,0.0,0.0,0,0,4,Bronze,4981
15711716,France,131368.3,0.0,0,1,4,Bronze,4981
15718773,France,0.0,0.0,0,0,4,Bronze,4981
15721024,France,0.0,0.0,0,0,4,Bronze,4981
15722731,France,119556.1,0.0,0,1,4,Bronze,4981
15723318,France,0.0,0.0,0,1,4,Bronze,4981
15723706,France,90124.64,0.0,0,0,4,Bronze,4981
15738715,France,0.0,0.0,0,1,4,Bronze,4981
15755521,France,90044.32,0.0,0,1,4,Bronze,4981
15779522,France,0.0,0.0,0,1,4,Bronze,4981
15782659,France,0.0,0.0,0,0,4,Bronze,4981
15784301,France,0.0,0.0,0,0,4,Bronze,4981
15785024,France,137409.19,0.0,0,1,4,Bronze,4981
15792228,France,152335.7,0.0,0,1,4,Bronze,4981
15796787,France,105969.42,0.0,0,0,4,Bronze,4981
15798895,France,55328.4,0.0,0,1,4,Bronze,4981
15806771,France,3768.69,0.0,0,1,4,Bronze,4981
