customer_id,exited,signup_date,geography,first_transaction_date,last_transaction_date,active_lifespan_days,days_since_last_transaction,churn_risk_flag
15650432,0,2015-07-17,Germany,2015-07-18,2026-06-10,3980,20,Active
15594577,0,2015-07-06,France,2015-07-12,2026-06-01,3977,29,Active
15638494,0,2015-07-21,Germany,2015-07-28,2026-06-15,3975,15,Active
15782993,0,2015-07-06,France,2015-07-14,2026-05-25,3968,36,Active
15759274,0,2015-07-04,France,2015-07-19,2026-05-27,3965,34,Active
15632264,0,2015-07-24,France,2015-08-02,2026-06-07,3962,23,Active
15667462,0,2015-07-06,Spain,2015-07-21,2026-05-26,3962,35,Active
15687558,0,2015-07-31,Germany,2015-08-16,2026-06-15,3956,15,Active
15721383,0,2015-07-23,Spain,2015-08-16,2026-06-13,3954,17,Active
15625941,0,2015-07-07,Spain,2015-07-16,2026-05-11,3952,50,Active
15754713,0,2015-07-23,Spain,2015-08-10,2026-06-03,3950,27,Active
15724307,0,2015-08-08,France,2015-08-10,2026-06-03,3950,27,Active
15641582,0,2015-07-22,Germany,2015-08-03,2026-05-24,3947,37,Active
15654901,0,2015-08-09,France,2015-08-14,2026-06-04,3947,26,Active
15699619,0,2015-08-07,France,2015-08-11,2026-05-31,3946,30,Active
15802088,0,2015-07-07,Spain,2015-08-08,2026-05-27,3945,34,Active
15755978,0,2015-08-05,France,2015-08-13,2026-06-01,3945,29,Active
15628999,0,2015-07-15,France,2015-08-09,2026-05-27,3944,34,Active
15694143,0,2015-07-25,France,2015-09-01,2026-06-18,3943,12,Active
15758775,0,2015-08-05,Spain,2015-08-15,2026-05-31,3942,30,Active
15683213,0,2015-08-03,France,2015-08-07,2026-05-21,3940,40,Active
15747265,0,2015-07-14,Germany,2015-07-20,2026-05-01,3938,60,Active
15671390,0,2015-08-27,Spain,2015-09-08,2026-06-20,3938,10,Active
15757628,0,2015-08-08,France,2015-08-13,2026-05-24,3937,37,Active
15695499,0,2015-08-11,France,2015-08-17,2026-05-28,3937,33,Active
15590327,0,2015-08-23,Germany,2015-08-31,2026-06-06,3932,24,Active
15596074,0,2015-07-11,France,2015-08-05,2026-05-11,3932,50,Active
15622470,0,2015-08-17,Spain,2015-09-02,2026-06-08,3932,22,Active
15576615,0,2015-08-21,Spain,2015-09-11,2026-06-17,3932,13,Active
15697307,0,2015-07-08,Spain,2015-07-28,2026-04-30,3929,61,Active
15771997,0,2015-07-26,France,2015-09-08,2026-06-11,3929,19,Active
15580719,0,2015-08-05,France,2015-08-28,2026-05-30,3928,31,Active
15636684,0,2015-07-08,France,2015-07-28,2026-04-27,3926,64,Active
15744913,0,2015-08-17,Spain,2015-08-27,2026-05-24,3923,37,Active
15716926,0,2015-07-08,France,2015-07-30,2026-04-23,3920,68,Active
15649668,0,2015-08-28,Germany,2015-10-02,2026-06-21,3915,9,Active
15643908,0,2015-09-17,France,2015-09-18,2026-06-07,3915,23,Active
15614936,0,2015-09-24,Spain,2015-09-30,2026-06-19,3915,11,Active
15626385,0,2015-07-14,Spain,2015-08-26,2026-05-14,3914,47,Active
15786643,0,2015-09-21,France,2015-09-26,2026-06-14,3914,16,Active
15715920,0,2015-08-30,Spain,2015-09-23,2026-06-10,3913,20,Active
15775709,0,2015-08-29,France,2015-09-05,2026-05-23,3913,38,Active
15684198,0,2015-08-21,France,2015-08-31,2026-05-16,3911,45,Active
15614302,0,2015-09-28,Germany,2015-10-06,2026-06-18,3908,12,Active
15637110,0,2015-08-18,Spain,2015-08-19,2026-05-01,3908,60,Active
15767818,0,2015-07-04,France,2015-09-09,2026-05-22,3908,39,Active
15738166,0,2015-09-06,France,2015-09-09,2026-05-21,3907,40,Active
15634281,0,2015-07-14,Germany,2015-08-25,2026-05-03,3904,58,Active
15667321,0,2015-07-27,Spain,2015-09-15,2026-05-24,3904,37,Active
15764892,0,2015-09-10,Spain,2015-09-14,2026-05-21,3902,40,Active
15706593,0,2015-09-04,Spain,2015-09-19,2026-05-24,3900,37,Active
15615330,0,2015-09-21,France,2015-09-22,2026-05-26,3899,35,Active
15675190,0,2015-09-13,France,2015-10-07,2026-06-09,3898,21,Active
15710404,0,2015-09-24,France,2015-09-30,2026-05-31,3896,30,Active
15683841,0,2015-09-30,Germany,2015-10-16,2026-06-16,3896,14,Active
15599956,0,2015-09-18,France,2015-10-03,2026-06-02,3895,28,Active
15748856,0,2015-09-22,France,2015-10-13,2026-06-11,3894,19,Active
15815530,0,2015-07-25,France,2015-08-02,2026-03-31,3894,91,At risk (inactive 90+ days)
15705777,0,2015-09-20,Germany,2015-10-05,2026-06-03,3894,27,Active
15735346,0,2015-08-18,Germany,2015-10-13,2026-06-09,3892,21,Active
15756848,0,2015-09-26,Spain,2015-10-06,2026-06-02,3892,28,Active
15728078,0,2015-10-14,France,2015-10-15,2026-06-10,3891,20,Active
15587210,0,2015-08-13,Germany,2015-09-14,2026-05-10,3891,51,Active
15788723,1,2015-08-22,Germany,2015-08-22,2026-04-17,3891,74,Churned
15770420,0,2015-07-08,Germany,2015-09-27,2026-05-22,3890,39,Active
15609286,0,2015-10-22,France,2015-10-26,2026-06-17,3887,13,Active
15573741,0,2015-09-03,Spain,2015-10-08,2026-05-30,3887,31,Active
15764491,0,2015-08-19,Spain,2015-09-05,2026-04-26,3886,65,Active
15584453,0,2015-09-11,Spain,2015-10-06,2026-05-26,3885,35,Active
15585466,0,2015-07-13,France,2015-07-16,2026-03-05,3885,117,At risk (inactive 90+ days)
15572631,0,2015-08-11,France,2015-10-01,2026-05-20,3884,41,Active
15805955,0,2015-10-12,France,2015-10-14,2026-06-01,3883,29,Active
15701364,0,2015-09-26,France,2015-10-20,2026-06-07,3883,23,Active
15743456,0,2015-07-15,France,2015-08-31,2026-04-17,3882,74,Active
15636767,0,2015-09-20,Spain,2015-10-11,2026-05-27,3881,34,Active
15566594,0,2015-09-23,Spain,2015-10-30,2026-06-14,3880,16,Active
15761733,0,2015-10-07,France,2015-10-07,2026-05-22,3880,39,Active
15717225,0,2015-08-05,France,2015-08-05,2026-03-19,3879,103,At risk (inactive 90+ days)
15737542,0,2015-10-05,Germany,2015-10-05,2026-05-19,3879,42,Active
15805254,0,2015-07-25,Spain,2015-09-20,2026-05-03,3878,58,Active
15748360,0,2015-10-16,Germany,2015-10-21,2026-06-03,3878,27,Active
15629787,0,2015-10-05,France,2015-10-13,2026-05-24,3876,37,Active
15701376,0,2015-10-04,Germany,2015-10-12,2026-05-22,3875,39,Active
15637646,0,2015-07-10,France,2015-07-29,2026-03-07,3874,115,At risk (inactive 90+ days)
15713599,0,2015-10-19,France,2015-10-27,2026-06-05,3874,25,Active
15747724,0,2015-10-13,Spain,2015-10-14,2026-05-22,3873,39,Active
15790757,0,2015-08-07,France,2015-09-10,2026-04-16,3871,75,Active
15610781,0,2015-07-13,France,2015-11-02,2026-06-08,3871,22,Active
15616550,0,2015-07-07,Germany,2015-09-26,2026-05-01,3870,60,Active
15737732,0,2015-08-03,France,2015-09-06,2026-04-09,3868,82,Active
15712264,0,2015-09-05,France,2015-09-22,2026-04-23,3866,68,Active
15572360,0,2015-09-24,France,2015-11-13,2026-06-08,3860,22,Active
15736399,0,2015-10-19,Spain,2015-11-08,2026-06-01,3858,29,Active
15677387,0,2015-10-29,Germany,2015-11-23,2026-06-14,3856,16,Active
15689953,0,2015-10-11,Spain,2015-10-15,2026-05-06,3856,55,Active
15627203,0,2015-11-19,Spain,2015-11-24,2026-06-14,3855,16,Active
15658158,0,2015-11-21,Germany,2015-11-23,2026-06-12,3854,18,Active
15794868,0,2015-11-30,Germany,2015-11-30,2026-06-18,3853,12,Active
15702715,0,2015-11-16,France,2015-11-19,2026-06-07,3853,23,Active
15667932,0,2015-11-15,Spain,2015-11-15,2026-06-02,3852,28,Active
15611191,0,2015-11-11,Germany,2015-11-18,2026-06-04,3851,26,Active
15565796,0,2015-08-01,Germany,2015-08-17,2026-03-01,3849,121,At risk (inactive 90+ days)
15696859,0,2015-08-09,France,2015-08-12,2026-02-23,3848,127,At risk (inactive 90+ days)
15759566,0,2015-10-25,France,2015-11-14,2026-05-27,3847,34,Active
15708917,0,2015-11-11,Germany,2015-11-16,2026-05-28,3846,33,Active
15760085,0,2015-10-12,Germany,2015-10-19,2026-04-29,3845,62,Active
15652883,0,2015-10-30,Germany,2015-11-07,2026-05-18,3845,43,Active
15644882,0,2015-10-22,Germany,2015-11-01,2026-05-12,3845,49,Active
15639788,0,2015-11-06,France,2015-11-16,2026-05-26,3844,35,Active
15693264,0,2015-11-22,France,2015-11-30,2026-06-08,3843,22,Active
15631739,0,2015-11-19,Spain,2015-11-28,2026-06-06,3843,24,Active
15723872,0,2015-11-19,Spain,2015-12-07,2026-06-14,3842,16,Active
15642725,0,2015-10-01,France,2015-10-19,2026-04-25,3841,66,Active
15761525,0,2015-09-16,Spain,2015-10-16,2026-04-21,3840,70,Active
15571281,0,2015-10-30,France,2015-11-21,2026-05-27,3840,34,Active
15735968,0,2015-11-17,France,2015-12-09,2026-06-13,3839,17,Active
15771211,0,2015-11-27,France,2015-12-09,2026-06-12,3838,18,Active
15649101,0,2015-10-23,France,2015-11-04,2026-05-08,3838,53,Active
15694859,0,2015-11-03,Germany,2015-11-11,2026-05-15,3838,46,Active
15716431,0,2015-11-27,France,2015-12-17,2026-06-19,3837,11,Active
15725221,0,2015-11-09,Germany,2015-11-25,2026-05-27,3836,34,Active
15612670,0,2015-11-18,Spain,2015-11-29,2026-05-31,3836,30,Active
15603134,0,2015-10-07,Spain,2015-11-14,2026-05-15,3835,46,Active
15759298,0,2015-11-09,Spain,2015-11-15,2026-05-15,3834,46,Active
15732621,0,2015-11-01,France,2015-11-24,2026-05-24,3834,37,Active
15731463,0,2015-09-11,Germany,2015-11-25,2026-05-25,3834,36,Active
15777639,0,2015-08-10,Spain,2015-09-13,2026-03-12,3833,110,At risk (inactive 90+ days)
15669282,0,2015-09-03,France,2015-11-03,2026-04-30,3831,61,Active
15801395,0,2015-07-04,France,2015-11-12,2026-05-08,3830,53,Active
15699461,0,2015-10-17,Spain,2015-11-07,2026-05-02,3829,59,Active
15729804,0,2015-11-25,France,2015-12-19,2026-06-11,3827,19,Active
15699430,0,2015-11-24,France,2015-12-21,2026-06-12,3826,18,Active
15712568,0,2015-11-30,Spain,2015-12-23,2026-06-14,3826,16,Active
15633870,0,2015-11-22,France,2015-12-28,2026-06-18,3825,12,Active
15670587,0,2015-11-06,Germany,2015-11-09,2026-04-29,3824,62,Active
15716236,0,2015-12-08,France,2015-12-08,2026-05-24,3820,37,Active
15605339,0,2015-12-11,France,2015-12-19,2026-06-03,3819,27,Active
15769125,0,2015-10-03,Spain,2015-11-14,2026-04-26,3816,65,Active
15590888,0,2015-10-31,Spain,2015-12-31,2026-06-12,3816,18,Active
15796569,0,2015-10-18,Spain,2016-01-01,2026-06-12,3815,18,Active
15767626,0,2015-11-19,France,2015-12-23,2026-06-02,3814,28,Active
15686964,0,2015-10-03,France,2015-10-07,2026-03-17,3814,105,At risk (inactive 90+ days)
15707011,0,2015-11-25,France,2015-12-27,2026-06-06,3814,24,Active
15667216,0,2015-12-26,France,2016-01-08,2026-06-17,3813,13,Active
15753874,0,2015-12-13,France,2015-12-15,2026-05-23,3812,38,Active
15684769,0,2015-12-13,France,2015-12-18,2026-05-26,3812,35,Active
15624850,0,2015-12-29,France,2016-01-11,2026-06-18,3811,12,Active
15661219,0,2015-11-27,France,2016-01-03,2026-06-08,3809,22,Active
15656176,0,2015-12-16,France,2015-12-26,2026-05-30,3808,31,Active
15774872,0,2015-10-04,France,2015-12-23,2026-05-24,3805,37,Active
15597983,0,2015-12-17,France,2015-12-20,2026-05-20,3804,41,Active
15730441,0,2015-11-08,France,2015-12-27,2026-05-26,3803,35,Active
15702430,0,2015-12-20,France,2016-01-10,2026-06-05,3799,25,Active
15640491,0,2015-12-20,France,2015-12-21,2026-05-16,3799,45,Active
15627699,0,2016-01-11,France,2016-01-12,2026-06-07,3799,23,Active
15633194,1,2015-11-26,France,2015-12-22,2026-05-16,3798,45,Churned
15803685,0,2015-12-04,Germany,2015-12-21,2026-05-13,3796,48,Active
15699325,0,2015-12-18,Germany,2016-01-13,2026-06-04,3795,26,Active
15720713,0,2015-12-31,France,2016-01-25,2026-06-16,3795,14,Active
15569438,0,2015-09-23,Germany,2016-01-14,2026-06-05,3795,25,Active
15571752,0,2015-11-18,Germany,2015-12-02,2026-04-22,3794,69,Active
15713346,0,2015-12-04,France,2015-12-26,2026-05-16,3794,45,Active
15766609,0,2015-10-28,France,2015-12-12,2026-05-01,3793,60,Active
15570895,0,2015-07-19,France,2015-11-03,2026-03-22,3792,100,At risk (inactive 90+ days)
15595388,0,2015-12-18,France,2016-01-06,2026-05-24,3791,37,Active
15697606,0,2015-09-24,France,2016-01-14,2026-06-01,3791,29,Active
15624623,0,2015-12-03,France,2016-01-07,2026-05-24,3790,37,Active
15718673,0,2015-07-06,Spain,2015-08-20,2026-01-01,3787,180,At risk (inactive 90+ days)
15703682,0,2016-01-19,Spain,2016-01-29,2026-06-12,3787,18,Active
15786389,0,2016-01-29,Spain,2016-02-07,2026-06-21,3787,9,Active
15630661,0,2015-11-22,Spain,2015-12-01,2026-04-13,3786,78,Active
15729908,0,2016-01-14,France,2016-01-17,2026-05-29,3785,32,Active
15618401,0,2016-01-05,Germany,2016-01-16,2026-05-28,3785,33,Active
15665416,0,2016-01-18,France,2016-02-01,2026-06-12,3784,18,Active
15759140,0,2016-01-12,France,2016-01-18,2026-05-27,3782,34,Active
15573045,0,2016-01-04,France,2016-01-14,2026-05-22,3781,39,Active
15735221,0,2016-01-18,France,2016-01-29,2026-06-05,3780,25,Active
15731246,0,2016-01-20,Spain,2016-01-23,2026-05-30,3780,31,Active
15738411,0,2015-12-30,France,2016-01-14,2026-05-20,3779,41,Active
15727819,0,2016-01-15,Spain,2016-01-16,2026-05-21,3778,40,Active
15690620,0,2015-12-20,France,2016-02-12,2026-06-16,3777,14,Active
15750299,0,2016-01-12,Spain,2016-02-05,2026-06-08,3776,22,Active
15763460,0,2015-12-12,France,2015-12-31,2026-05-03,3776,58,Active
15767793,0,2016-01-17,France,2016-01-30,2026-06-01,3775,29,Active
15731755,0,2016-01-05,France,2016-01-27,2026-05-29,3775,32,Active
15601387,0,2015-12-26,France,2016-01-12,2026-05-12,3773,49,Active
15607986,0,2016-01-26,France,2016-02-20,2026-06-19,3772,11,Active
15660571,0,2016-01-21,Spain,2016-02-14,2026-06-12,3771,18,Active
15715208,0,2016-01-20,Germany,2016-02-09,2026-06-05,3769,25,Active
15743051,0,2016-02-25,France,2016-02-25,2026-06-21,3769,9,Active
15592089,0,2015-11-08,France,2015-12-16,2026-04-10,3768,81,Active
15788683,0,2016-02-16,Germany,2016-02-16,2026-06-11,3768,19,Active
15598586,0,2015-12-05,France,2016-01-25,2026-05-19,3767,42,Active
15681115,0,2016-02-22,Spain,2016-02-25,2026-06-18,3766,12,Active
15662294,0,2015-12-01,France,2015-12-15,2026-04-06,3765,85,Active
15733014,0,2015-12-06,France,2015-12-21,2026-04-12,3765,79,Active
15755722,0,2015-10-10,France,2015-11-23,2026-03-14,3764,108,At risk (inactive 90+ days)
15633729,0,2016-02-05,France,2016-02-06,2026-05-28,3764,33,Active
15617419,0,2016-01-04,Germany,2016-01-30,2026-05-20,3763,41,Active
15568506,0,2016-01-14,Germany,2016-02-08,2026-05-27,3761,34,Active
15731829,0,2016-02-20,France,2016-02-22,2026-06-08,3759,22,Active
15607753,0,2016-02-16,Spain,2016-02-27,2026-06-12,3758,18,Active
15598894,0,2016-02-25,Spain,2016-02-27,2026-06-09,3755,21,Active
15703707,0,2015-12-21,France,2015-12-28,2026-04-09,3755,82,Active
15791925,0,2016-02-26,France,2016-03-08,2026-06-18,3754,12,Active
15612193,0,2015-12-24,Spain,2016-02-15,2026-05-24,3751,37,Active
15568240,0,2016-02-10,Germany,2016-02-27,2026-06-04,3750,26,Active
15696637,0,2016-01-23,France,2016-03-12,2026-06-18,3750,12,Active
15579074,0,2016-02-14,Germany,2016-02-26,2026-06-02,3749,28,Active
15761717,0,2016-02-27,France,2016-03-12,2026-06-16,3748,14,Active
15622017,0,2016-02-03,Spain,2016-02-11,2026-05-16,3747,45,Active
15800251,0,2016-01-15,Germany,2016-02-29,2026-06-03,3747,27,Active
15770309,0,2016-02-23,France,2016-03-12,2026-06-14,3746,16,Active
15794236,0,2016-02-24,Germany,2016-03-07,2026-06-08,3745,22,Active
15770255,0,2016-01-15,Germany,2016-02-18,2026-05-20,3744,41,Active
15669169,0,2016-01-04,Spain,2016-01-27,2026-04-27,3743,64,Active
15592300,0,2016-01-01,Spain,2016-01-19,2026-04-17,3741,74,Active
15681439,0,2015-12-03,Germany,2015-12-24,2026-03-22,3741,100,At risk (inactive 90+ days)
15760880,0,2016-01-25,France,2016-03-13,2026-06-08,3739,22,Active
15775206,0,2016-03-28,France,2016-03-29,2026-06-24,3739,6,Active
15687688,0,2016-02-11,Germany,2016-02-15,2026-05-12,3739,49,Active
15630244,0,2016-02-08,France,2016-02-25,2026-05-22,3739,39,Active
15591150,0,2016-01-12,Spain,2016-01-17,2026-04-12,3738,79,Active
15641004,0,2016-03-08,Spain,2016-03-08,2026-05-30,3735,31,Active
15748532,0,2016-02-16,Spain,2016-03-03,2026-05-25,3735,36,Active
15612776,0,2016-01-14,Spain,2016-01-25,2026-04-16,3734,75,Active
15754919,0,2016-03-08,France,2016-03-13,2026-06-02,3733,28,Active
15761141,0,2016-01-26,Spain,2016-02-10,2026-04-29,3731,62,Active
15672027,0,2016-03-03,Germany,2016-03-11,2026-05-28,3730,33,Active
15686611,0,2016-01-30,France,2016-03-26,2026-06-11,3729,19,Active
15805764,0,2016-03-16,France,2016-03-23,2026-06-07,3728,23,Active
15706036,0,2016-03-10,Germany,2016-03-11,2026-05-26,3728,35,Active
15569526,0,2015-12-22,France,2016-01-10,2026-03-25,3727,97,At risk (inactive 90+ days)
15704340,0,2016-01-06,France,2016-02-27,2026-05-10,3725,51,Active
15605804,0,2016-02-22,France,2016-03-29,2026-06-09,3724,21,Active
15813303,0,2016-03-15,Spain,2016-03-15,2026-05-25,3723,36,Active
15777958,0,2016-03-26,France,2016-04-05,2026-06-14,3722,16,Active
15762708,0,2016-01-04,Spain,2016-01-31,2026-04-09,3721,82,Active
15624072,0,2016-01-12,Spain,2016-03-06,2026-05-13,3720,48,Active
15705994,0,2016-02-17,Spain,2016-02-21,2026-04-29,3720,62,Active
15762268,0,2016-01-29,France,2016-04-02,2026-06-08,3719,22,Active
15733297,0,2016-02-25,France,2016-04-09,2026-06-14,3718,16,Active
15654096,0,2016-02-20,Germany,2016-03-05,2026-05-10,3718,51,Active
15566380,0,2016-03-18,Spain,2016-04-03,2026-06-08,3718,22,Active
15703019,0,2016-03-05,France,2016-03-18,2026-05-22,3717,39,Active
15749489,0,2015-12-31,Germany,2016-01-09,2026-03-14,3717,108,At risk (inactive 90+ days)
15588341,0,2016-03-04,Spain,2016-03-27,2026-05-31,3717,30,Active
15599829,0,2016-03-14,France,2016-03-23,2026-05-26,3716,35,Active
15580805,0,2016-01-04,France,2016-01-15,2026-03-18,3715,104,At risk (inactive 90+ days)
15755018,0,2015-12-03,Germany,2016-01-25,2026-03-27,3714,95,At risk (inactive 90+ days)
15740147,0,2016-03-31,France,2016-04-12,2026-06-13,3714,17,Active
15778752,0,2016-01-02,France,2016-01-15,2026-03-16,3713,106,At risk (inactive 90+ days)
15801247,0,2016-02-15,Spain,2016-03-25,2026-05-22,3710,39,Active
15667458,0,2016-03-04,Germany,2016-03-28,2026-05-24,3709,37,Active
15713621,0,2016-04-12,Germany,2016-04-14,2026-06-08,3707,22,Active
15622833,0,2015-10-26,Germany,2015-12-30,2026-02-20,3705,130,At risk (inactive 90+ days)
15661349,0,2016-03-16,France,2016-04-08,2026-05-30,3704,31,Active
15687079,0,2016-01-14,Spain,2016-01-31,2026-03-22,3703,100,At risk (inactive 90+ days)
15569892,0,2016-04-16,France,2016-04-18,2026-06-08,3703,22,Active
15672692,0,2016-04-23,France,2016-04-25,2026-06-14,3702,16,Active
15644356,0,2016-01-14,Spain,2016-01-17,2026-03-06,3701,116,At risk (inactive 90+ days)
15643523,0,2016-04-27,Spain,2016-05-05,2026-06-23,3701,7,Active
15653050,0,2016-03-10,Germany,2016-04-03,2026-05-22,3701,39,Active
15681758,0,2015-12-24,Spain,2016-03-19,2026-05-05,3699,56,Active
15643439,0,2016-02-11,France,2016-04-02,2026-05-19,3699,42,Active
15611223,0,2016-03-28,Germany,2016-04-28,2026-06-14,3699,16,Active
15612071,0,2016-04-23,Spain,2016-04-29,2026-06-14,3698,16,Active
15631162,0,2016-02-20,France,2016-03-31,2026-05-15,3697,46,Active
15690664,0,2016-03-28,Spain,2016-05-11,2026-06-23,3695,7,Active
15799631,0,2016-03-08,Spain,2016-03-16,2026-04-28,3695,63,Active
15685243,0,2016-03-20,France,2016-03-23,2026-05-05,3695,56,Active
15586974,0,2016-03-10,France,2016-04-25,2026-06-06,3694,24,Active
15684103,0,2016-04-09,France,2016-04-18,2026-05-30,3694,31,Active
15664759,0,2016-02-16,Spain,2016-02-19,2026-03-31,3693,91,At risk (inactive 90+ days)
15602909,0,2016-04-16,Spain,2016-05-01,2026-06-11,3693,19,Active
15759480,0,2016-03-25,France,2016-03-31,2026-05-11,3693,50,Active
15778959,0,2016-04-16,France,2016-04-24,2026-06-03,3692,27,Active
15632609,0,2016-02-10,France,2016-04-05,2026-05-14,3691,47,Active
15604158,0,2016-04-23,France,2016-05-12,2026-06-19,3690,11,Active
15673223,0,2016-03-18,France,2016-04-30,2026-06-06,3689,24,Active
15692577,0,2016-03-14,Germany,2016-04-23,2026-05-29,3688,32,Active
15772777,0,2016-04-13,Spain,2016-05-02,2026-06-03,3684,27,Active
15806511,0,2016-03-01,Spain,2016-04-19,2026-05-21,3684,40,Active
15678057,0,2015-12-24,France,2016-05-18,2026-06-19,3684,11,Active
15767781,0,2016-03-03,France,2016-03-16,2026-04-16,3683,75,Active
15767339,0,2016-02-14,France,2016-04-10,2026-05-10,3682,51,Active
15763111,0,2016-03-18,Spain,2016-05-03,2026-06-01,3681,29,Active
15571144,0,2016-05-07,France,2016-05-08,2026-06-03,3678,27,Active
15674000,0,2016-04-28,France,2016-05-08,2026-06-01,3676,29,Active
15680197,0,2016-05-29,France,2016-06-03,2026-06-25,3674,5,Active
15585192,0,2016-01-18,Spain,2016-04-30,2026-05-22,3674,39,Active
15593622,0,2016-04-09,France,2016-04-23,2026-05-14,3673,47,Active
15679062,0,2016-05-11,Germany,2016-05-13,2026-06-02,3672,28,Active
15790750,0,2016-04-22,Germany,2016-05-14,2026-06-03,3672,27,Active
15803682,0,2016-05-03,Germany,2016-05-04,2026-05-23,3671,38,Active
15799932,0,2016-05-30,France,2016-06-09,2026-06-25,3668,5,Active
15751022,0,2016-05-04,Germany,2016-05-10,2026-05-25,3667,36,Active
15812720,0,2016-03-21,Germany,2016-04-17,2026-04-30,3665,61,Active
15809248,0,2016-05-13,France,2016-05-19,2026-05-31,3664,30,Active
15599289,0,2016-03-22,France,2016-06-01,2026-06-11,3662,19,Active
15688071,0,2016-05-28,Spain,2016-06-12,2026-06-20,3660,10,Active
15627439,0,2016-05-20,Spain,2016-05-29,2026-06-06,3660,24,Active
15815443,0,2016-05-25,Spain,2016-06-09,2026-06-16,3659,14,Active
15719950,0,2016-05-10,France,2016-05-26,2026-06-01,3658,29,Active
15717736,0,2016-04-30,Germany,2016-05-16,2026-05-22,3658,39,Active
15803136,0,2016-05-21,Germany,2016-05-23,2026-05-28,3657,33,Active
15609458,0,2016-05-28,France,2016-06-06,2026-06-11,3657,19,Active
15602994,0,2016-05-12,France,2016-05-12,2026-05-17,3657,44,Active
15722532,0,2016-03-04,Spain,2016-03-20,2026-03-25,3657,97,At risk (inactive 90+ days)
15683276,0,2016-05-27,Spain,2016-06-15,2026-06-19,3656,11,Active
15658946,0,2016-05-11,Germany,2016-05-19,2026-05-23,3656,38,Active
15621653,0,2016-05-27,France,2016-06-18,2026-06-21,3655,9,Active
15741633,0,2016-05-09,Spain,2016-05-15,2026-05-18,3655,43,Active
15671766,0,2016-05-25,France,2016-06-12,2026-06-14,3654,16,Active
15750447,1,2015-12-24,France,2016-01-05,2026-01-05,3653,176,Churned
15632050,0,2016-04-12,France,2016-05-17,2026-05-18,3653,43,Active
15680767,0,2016-05-20,Germany,2016-05-23,2026-05-24,3653,37,Active
15746065,0,2016-05-18,Germany,2016-06-05,2026-06-06,3653,24,Active
15747558,0,2016-05-16,Spain,2016-06-07,2026-06-08,3653,22,Active
15649239,0,2016-04-29,Spain,2016-05-22,2026-05-23,3653,38,Active
15807003,0,2016-05-06,France,2016-05-28,2026-05-27,3651,34,Active
15771750,0,2016-05-21,Germany,2016-06-16,2026-06-12,3648,18,Active
15644501,0,2016-03-16,France,2016-06-10,2026-06-04,3646,26,Active
15629117,0,2016-03-18,France,2016-06-07,2026-05-31,3645,30,Active
15777616,0,2016-02-26,Germany,2016-05-10,2026-05-03,3645,58,Active
15566660,0,2016-02-23,France,2016-05-18,2026-05-10,3644,51,Active
15780220,0,2016-04-10,France,2016-05-25,2026-05-14,3641,47,Active
15693018,0,2016-06-22,Germany,2016-06-30,2026-06-18,3640,12,Active
15579781,0,2016-04-06,Germany,2016-05-12,2026-04-30,3640,61,Active
15679294,0,2016-05-17,France,2016-05-19,2026-05-04,3637,57,Active
15757829,0,2016-04-24,Germany,2016-05-17,2026-05-02,3637,59,Active
15752534,0,2016-06-23,France,2016-06-30,2026-06-14,3636,16,Active
15658668,0,2016-06-09,Spain,2016-06-18,2026-06-01,3635,29,Active
15686983,0,2016-06-24,Germany,2016-07-08,2026-06-20,3634,10,Active
15598161,0,2016-02-28,France,2016-06-08,2026-05-19,3632,42,Active
15777217,0,2016-04-14,Spain,2016-06-14,2026-05-25,3632,36,Active
15657085,0,2016-05-16,France,2016-05-28,2026-05-04,3628,57,Active
15802060,0,2016-06-01,Germany,2016-06-05,2026-05-12,3628,49,Active
15806796,0,2016-06-06,Germany,2016-06-25,2026-06-01,3628,29,Active
15770185,0,2016-04-22,France,2016-04-26,2026-04-01,3627,90,Active
15741092,0,2016-04-18,Spain,2016-07-07,2026-06-11,3626,19,Active
15584704,0,2016-06-10,France,2016-06-13,2026-05-18,3626,43,Active
15579040,0,2016-05-26,France,2016-06-14,2026-05-18,3625,43,Active
15691446,0,2016-06-13,Spain,2016-06-13,2026-05-15,3623,46,Active
15691170,0,2016-06-05,Spain,2016-06-17,2026-05-19,3623,42,Active
15769312,0,2016-06-03,Spain,2016-06-28,2026-05-29,3622,32,Active
15650591,1,2015-07-29,Germany,2015-09-21,2025-08-21,3622,313,Churned
15658459,0,2016-02-27,Spain,2016-03-18,2026-02-15,3621,135,At risk (inactive 90+ days)
15751524,0,2016-06-03,Germany,2016-06-11,2026-05-11,3621,50,Active
15618437,0,2016-05-10,Spain,2016-05-31,2026-04-28,3619,63,Active
15750049,0,2015-11-29,France,2016-07-02,2026-05-30,3619,31,Active
15576706,0,2016-07-13,Germany,2016-07-15,2026-06-09,3616,21,Active
15809817,0,2016-05-01,Spain,2016-07-03,2026-05-26,3614,35,Active
15741429,0,2016-07-13,Spain,2016-07-14,2026-06-05,3613,25,Active
15631721,0,2016-07-12,Germany,2016-07-17,2026-06-08,3613,22,Active
15713378,0,2016-03-09,France,2016-03-13,2026-01-31,3611,150,At risk (inactive 90+ days)
15615020,0,2016-07-12,Germany,2016-07-15,2026-06-03,3610,27,Active
15803908,0,2016-07-30,France,2016-08-04,2026-06-23,3610,7,Active
15568849,0,2016-06-19,Spain,2016-07-14,2026-06-02,3610,28,Active
15652789,0,2016-07-02,Spain,2016-07-10,2026-05-28,3609,33,Active
15672826,0,2016-06-27,France,2016-07-18,2026-06-05,3609,25,Active
15599403,0,2016-06-17,France,2016-07-07,2026-05-23,3607,38,Active
15742210,0,2016-07-27,France,2016-07-30,2026-06-14,3606,16,Active
15808326,0,2016-07-13,France,2016-07-22,2026-06-06,3606,24,Active
15720637,1,2015-09-13,Germany,2015-09-17,2025-07-31,3605,334,Churned
15632793,0,2016-07-23,France,2016-08-05,2026-06-19,3605,11,Active
15764405,0,2016-06-07,France,2016-06-10,2026-04-24,3605,67,Active
15797194,0,2016-04-03,France,2016-05-09,2026-03-23,3605,99,At risk (inactive 90+ days)
15752953,0,2016-07-20,France,2016-07-30,2026-06-12,3604,18,Active
15754929,0,2016-04-19,France,2016-07-23,2026-06-05,3604,25,Active
15750055,0,2016-07-23,Spain,2016-07-25,2026-06-07,3604,23,Active
15589361,0,2016-07-09,Spain,2016-07-22,2026-06-03,3603,27,Active
15698932,0,2016-05-09,Germany,2016-06-03,2026-04-14,3602,77,Active
15692918,0,2016-06-10,Germany,2016-06-27,2026-05-07,3601,54,Active
15644132,0,2016-07-28,France,2016-08-04,2026-06-14,3601,16,Active
15657228,0,2016-07-13,Germany,2016-07-25,2026-06-03,3600,27,Active
15675522,0,2016-07-07,Germany,2016-07-24,2026-06-01,3599,29,Active
15614818,0,2016-07-18,Spain,2016-08-06,2026-06-14,3599,16,Active
15724764,0,2016-06-18,Germany,2016-07-18,2026-05-25,3598,36,Active
15738721,0,2016-07-15,Spain,2016-07-25,2026-05-29,3595,32,Active
15714877,0,2016-04-07,France,2016-07-26,2026-05-30,3595,31,Active
15737310,0,2016-06-13,France,2016-07-17,2026-05-21,3595,40,Active
15577700,0,2016-06-20,France,2016-07-03,2026-05-07,3595,54,Active
15585427,0,2016-05-01,France,2016-05-28,2026-04-01,3595,90,Active
15771668,1,2016-04-23,France,2016-06-04,2026-04-08,3595,83,Churned
15696098,0,2016-02-26,France,2016-04-06,2026-02-07,3594,143,At risk (inactive 90+ days)
15752984,0,2016-07-08,France,2016-07-21,2026-05-24,3594,37,Active
15727703,0,2016-04-28,Germany,2016-06-10,2026-04-12,3593,79,Active
15647266,0,2016-03-17,Spain,2016-03-27,2026-01-25,3591,156,At risk (inactive 90+ days)
15740383,0,2015-12-11,Spain,2015-12-15,2025-10-14,3591,259,At risk (inactive 90+ days)
15693732,0,2016-07-12,France,2016-07-18,2026-05-17,3590,44,Active
15691952,0,2016-06-14,France,2016-06-22,2026-04-21,3590,70,Active
15739292,0,2016-07-25,Germany,2016-08-01,2026-05-31,3590,30,Active
15785576,0,2016-07-10,Germany,2016-08-06,2026-06-05,3590,25,Active
15650889,0,2016-05-15,Germany,2016-07-21,2026-05-19,3589,42,Active
15803941,0,2016-06-28,France,2016-08-14,2026-06-11,3588,19,Active
15746035,0,2016-07-06,Spain,2016-07-15,2026-05-12,3588,49,Active
15740868,0,2016-07-05,Germany,2016-07-21,2026-05-18,3588,43,Active
15716728,0,2016-06-21,Spain,2016-08-12,2026-06-08,3587,22,Active
15649451,0,2016-07-19,France,2016-08-06,2026-06-01,3586,29,Active
15619494,0,2016-07-16,Germany,2016-08-03,2026-05-29,3586,32,Active
15704081,0,2016-07-26,Germany,2016-08-12,2026-06-07,3586,23,Active
15707559,0,2016-07-10,France,2016-07-19,2026-05-14,3586,47,Active
15730059,0,2016-08-05,Spain,2016-08-07,2026-06-01,3585,29,Active
15708791,0,2016-07-23,Spain,2016-08-26,2026-06-19,3584,11,Active
15758362,0,2016-07-27,France,2016-08-18,2026-06-10,3583,20,Active
15589869,0,2016-07-04,France,2016-07-26,2026-05-18,3583,43,Active
15745088,0,2016-07-09,Germany,2016-08-03,2026-05-25,3582,36,Active
15740878,0,2016-08-27,Spain,2016-08-29,2026-06-20,3582,10,Active
15644400,0,2016-07-26,France,2016-07-30,2026-05-21,3582,40,Active
15765487,0,2016-07-28,Germany,2016-08-20,2026-06-11,3582,19,Active
15792489,0,2016-08-29,Spain,2016-08-31,2026-06-21,3581,9,Active
15792922,0,2016-08-23,Spain,2016-08-24,2026-06-14,3581,16,Active
15700696,0,2016-07-28,Spain,2016-08-23,2026-06-12,3580,18,Active
15670481,0,2016-07-15,France,2016-08-03,2026-05-23,3580,38,Active
15800412,0,2016-07-12,Germany,2016-07-24,2026-05-13,3580,48,Active
15567367,0,2016-08-13,Germany,2016-08-13,2026-06-01,3579,29,Active
15700209,0,2016-08-05,France,2016-08-11,2026-05-29,3578,32,Active
15691871,0,2016-08-03,Germany,2016-08-06,2026-05-24,3578,37,Active
15803840,0,2016-07-17,France,2016-07-21,2026-05-08,3578,53,Active
15575623,0,2016-06-07,France,2016-08-14,2026-06-01,3578,29,Active
15584229,0,2016-08-19,Germany,2016-08-29,2026-06-15,3577,15,Active
15611786,0,2016-07-30,Spain,2016-08-16,2026-06-02,3577,28,Active
15625904,0,2016-07-16,France,2016-08-28,2026-06-12,3575,18,Active
15578006,0,2016-06-06,France,2016-06-30,2026-04-14,3575,77,Active
15724150,0,2016-08-06,France,2016-08-14,2026-05-29,3575,32,Active
15725639,0,2016-07-05,France,2016-07-14,2026-04-28,3575,63,Active
15720820,0,2016-08-27,Germany,2016-08-30,2026-06-14,3575,16,Active
15656522,0,2016-02-08,Spain,2016-03-13,2025-12-26,3575,186,At risk (inactive 90+ days)
15611247,0,2016-03-23,France,2016-06-26,2026-04-10,3575,81,Active
15739160,0,2016-08-07,France,2016-08-17,2026-05-31,3574,30,Active
15578462,0,2016-07-05,Spain,2016-07-24,2026-05-07,3574,54,Active
15589323,0,2016-08-25,France,2016-09-07,2026-06-21,3574,9,Active
15781574,0,2016-08-30,Spain,2016-09-04,2026-06-18,3574,12,Active
15742116,0,2016-07-05,Germany,2016-07-08,2026-04-21,3574,70,Active
15678460,0,2016-07-05,France,2016-07-09,2026-04-21,3573,70,Active
15805681,0,2016-07-17,France,2016-08-06,2026-05-19,3573,42,Active
15607395,0,2016-08-30,France,2016-09-06,2026-06-18,3572,12,Active
15777179,0,2016-08-19,France,2016-08-22,2026-06-03,3572,27,Active
15611325,0,2016-07-27,Germany,2016-08-13,2026-05-24,3571,37,Active
15631392,0,2016-08-27,Germany,2016-08-28,2026-06-08,3571,22,Active
15583499,0,2016-08-25,France,2016-09-07,2026-06-17,3570,13,Active
15609254,0,2016-07-26,Spain,2016-08-19,2026-05-29,3570,32,Active
15652667,0,2016-07-12,France,2016-08-24,2026-06-02,3569,28,Active
15719606,0,2016-07-21,France,2016-08-15,2026-05-23,3568,38,Active
15657747,0,2016-08-01,Germany,2016-08-03,2026-05-11,3568,50,Active
15783276,0,2016-07-23,France,2016-08-07,2026-05-15,3568,46,Active
15768120,0,2016-08-18,Germany,2016-08-21,2026-05-29,3568,32,Active
15770811,0,2016-08-03,France,2016-08-14,2026-05-21,3567,40,Active
15803976,0,2016-06-18,France,2016-08-12,2026-05-19,3567,42,Active
15616700,0,2016-08-28,Spain,2016-09-05,2026-06-12,3567,18,Active
15570769,0,2016-07-25,France,2016-08-28,2026-06-03,3566,27,Active
15646566,0,2016-08-27,France,2016-09-02,2026-06-07,3565,23,Active
15608166,0,2016-08-30,France,2016-09-06,2026-06-11,3565,19,Active
15682322,0,2016-08-04,France,2016-08-08,2026-05-13,3565,48,Active
15585455,0,2016-08-29,France,2016-09-07,2026-06-11,3564,19,Active
15655252,0,2016-07-02,Germany,2016-08-12,2026-05-16,3564,45,Active
15617432,0,2016-08-30,Germany,2016-09-17,2026-06-21,3564,9,Active
15763107,0,2016-08-12,France,2016-08-24,2026-05-27,3563,34,Active
15617655,0,2016-08-05,Spain,2016-08-29,2026-06-01,3563,29,Active
15786035,0,2016-08-02,France,2016-08-23,2026-05-26,3563,35,Active
15781987,0,2016-08-18,France,2016-09-04,2026-06-06,3562,24,Active
15663252,0,2016-08-17,Spain,2016-08-17,2026-05-18,3561,43,Active
15680421,0,2016-06-04,France,2016-07-15,2026-04-15,3561,76,Active
15571873,0,2016-08-23,France,2016-08-30,2026-05-30,3560,31,Active
15617301,0,2016-08-19,Germany,2016-08-30,2026-05-27,3557,34,Active
15754747,0,2016-08-11,Germany,2016-09-01,2026-05-29,3557,32,Active
15613673,0,2016-08-14,France,2016-09-01,2026-05-27,3555,34,Active
15718572,0,2016-08-15,Germany,2016-08-25,2026-05-20,3555,41,Active
15732963,0,2016-09-08,Spain,2016-09-09,2026-06-03,3554,27,Active
15787071,0,2016-08-28,Spain,2016-09-08,2026-05-30,3551,31,Active
15578186,0,2016-08-24,Germany,2016-08-27,2026-05-18,3551,43,Active
15737782,0,2016-09-10,France,2016-09-16,2026-06-06,3550,24,Active
15598695,0,2016-08-21,Germany,2016-08-27,2026-05-16,3549,45,Active
15679587,0,2016-08-14,France,2016-08-21,2026-05-09,3548,52,Active
15665784,0,2016-07-25,France,2016-07-26,2026-04-13,3548,78,Active
15615254,0,2016-06-25,France,2016-07-20,2026-04-06,3547,85,Active
15657396,0,2016-09-26,France,2016-10-05,2026-06-22,3547,8,Active
15625716,0,2016-08-24,France,2016-09-28,2026-06-15,3547,15,Active
15799128,0,2016-09-24,Spain,2016-09-25,2026-06-10,3545,20,Active
15724851,0,2016-07-22,Germany,2016-08-12,2026-04-27,3545,64,Active
15636700,0,2016-08-12,France,2016-08-14,2026-04-28,3544,63,Active
15721715,0,2016-09-19,France,2016-09-23,2026-06-07,3544,23,Active
15810910,0,2016-09-20,Spain,2016-09-28,2026-06-11,3543,19,Active
15763063,0,2016-05-09,Spain,2016-06-04,2026-02-14,3542,136,At risk (inactive 90+ days)
15700476,0,2016-09-20,Germany,2016-09-25,2026-06-06,3541,24,Active
15612465,0,2016-09-06,Spain,2016-09-15,2026-05-27,3541,34,Active
15806134,0,2016-08-29,Germany,2016-09-12,2026-05-24,3541,37,Active
15811314,0,2016-08-08,Germany,2016-09-10,2026-05-21,3540,40,Active
15732740,0,2016-07-28,Spain,2016-09-24,2026-06-04,3540,26,Active
15715079,0,2016-08-29,France,2016-09-10,2026-05-21,3540,40,Active
15687540,0,2016-08-04,France,2016-09-05,2026-05-16,3540,45,Active
15654611,0,2016-09-30,Germany,2016-10-08,2026-06-17,3539,13,Active
15698619,0,2016-09-29,France,2016-10-09,2026-06-17,3538,13,Active
15612358,0,2016-09-08,Germany,2016-09-17,2026-05-26,3538,35,Active
15618171,0,2016-08-18,France,2016-08-26,2026-05-04,3538,57,Active
15697183,0,2016-09-01,Spain,2016-09-01,2026-05-08,3536,53,Active
15767681,0,2016-09-18,Spain,2016-09-20,2026-05-26,3535,35,Active
15604732,0,2016-08-11,France,2016-09-05,2026-05-11,3535,50,Active
15757646,0,2016-09-18,France,2016-10-05,2026-06-09,3534,21,Active
15589204,0,2016-09-06,France,2016-09-16,2026-05-21,3534,40,Active
15758531,0,2016-01-24,France,2016-05-12,2026-01-14,3534,167,At risk (inactive 90+ days)
15596011,0,2016-08-26,Spain,2016-10-05,2026-06-09,3534,21,Active
15658449,0,2016-09-24,France,2016-09-30,2026-06-03,3533,27,Active
15739514,0,2016-09-28,France,2016-10-05,2026-06-08,3533,22,Active
15708610,0,2016-09-07,Germany,2016-09-14,2026-05-18,3533,43,Active
15568595,0,2016-08-14,France,2016-09-22,2026-05-25,3532,36,Active
15766649,0,2016-05-30,France,2016-10-22,2026-06-24,3532,6,Active
15684395,1,2016-02-29,Spain,2016-03-15,2025-11-14,3531,228,Churned
15611365,0,2016-08-17,France,2016-08-21,2026-04-22,3531,69,Active
15579062,0,2016-09-06,France,2016-09-25,2026-05-26,3530,35,Active
15588350,0,2016-05-04,France,2016-08-15,2026-04-14,3529,77,Active
15603088,0,2016-08-02,Spain,2016-09-21,2026-05-21,3529,40,Active
15688059,0,2016-09-25,Germany,2016-10-16,2026-06-15,3529,15,Active
15592846,0,2016-06-02,Germany,2016-08-20,2026-04-18,3528,73,Active
15786153,0,2016-09-29,Germany,2016-10-25,2026-06-22,3527,8,Active
15630580,0,2016-07-26,Germany,2016-10-04,2026-06-01,3527,29,Active
15735782,0,2016-09-19,France,2016-10-07,2026-06-02,3525,28,Active
15797733,0,2016-06-30,Germany,2016-08-26,2026-04-19,3523,72,Active
15747174,0,2016-10-11,Germany,2016-10-13,2026-06-06,3523,24,Active
15797595,0,2016-09-15,France,2016-10-09,2026-06-02,3523,28,Active
15604515,0,2016-06-18,Germany,2016-09-29,2026-05-21,3521,40,Active
15742632,0,2016-09-29,France,2016-10-09,2026-05-30,3520,31,Active
15795124,0,2016-10-27,Germany,2016-11-02,2026-06-23,3520,7,Active
15750181,0,2016-10-18,Germany,2016-10-24,2026-06-13,3519,17,Active
15781884,0,2016-10-19,Germany,2016-10-20,2026-06-09,3519,21,Active
15659175,0,2016-10-17,France,2016-10-21,2026-06-09,3518,21,Active
15702806,0,2016-08-29,Spain,2016-10-30,2026-06-18,3518,12,Active
15667460,0,2016-10-23,France,2016-10-27,2026-06-15,3518,15,Active
15706131,0,2016-09-14,Spain,2016-09-19,2026-05-07,3517,54,Active
15693382,0,2016-09-21,France,2016-10-13,2026-05-31,3517,30,Active
15790744,0,2016-08-09,France,2016-08-26,2026-04-13,3517,78,Active
15752488,0,2016-09-24,Spain,2016-09-24,2026-05-11,3516,50,Active
15691723,0,2016-08-21,Spain,2016-09-30,2026-05-17,3516,44,Active
15624633,0,2016-07-03,France,2016-07-15,2026-03-01,3516,121,At risk (inactive 90+ days)
15739046,0,2016-09-19,Spain,2016-10-02,2026-05-15,3512,46,Active
15684934,0,2016-09-12,France,2016-10-05,2026-05-18,3512,43,Active
15798615,0,2016-09-14,France,2016-09-27,2026-05-10,3512,51,Active
15630419,0,2016-08-05,France,2016-08-27,2026-04-08,3511,83,Active
15751788,0,2016-10-13,Spain,2016-10-23,2026-06-04,3511,26,Active
15622289,0,2016-10-15,Spain,2016-10-24,2026-06-05,3511,25,Active
15747097,1,2016-01-13,France,2016-01-17,2025-08-26,3509,308,Churned
15682070,0,2016-10-01,France,2016-10-17,2026-05-27,3509,34,Active
15677324,0,2016-10-21,Germany,2016-11-07,2026-06-17,3509,13,Active
15706365,0,2016-10-01,France,2016-10-13,2026-05-22,3508,39,Active
15633227,0,2016-09-13,France,2016-10-09,2026-05-18,3508,43,Active
15688337,0,2016-10-18,France,2016-10-22,2026-05-30,3507,31,Active
15716041,0,2016-09-18,Spain,2016-10-28,2026-06-05,3507,25,Active
15660679,0,2016-10-23,Spain,2016-10-25,2026-06-02,3507,28,Active
15800773,0,2016-09-17,Spain,2016-09-25,2026-05-03,3507,58,Active
15702442,0,2016-10-09,Germany,2016-10-13,2026-05-21,3507,40,Active
15728823,0,2016-04-02,Spain,2016-09-22,2026-04-29,3506,62,Active
15733114,0,2016-10-05,Spain,2016-10-16,2026-05-22,3505,39,Active
15640865,0,2016-09-05,Germany,2016-09-16,2026-04-22,3505,69,Active
15701318,0,2016-09-06,Spain,2016-10-22,2026-05-28,3505,33,Active
15804104,0,2016-10-11,France,2016-10-16,2026-05-22,3505,39,Active
15638774,0,2016-08-27,Spain,2016-09-03,2026-04-09,3505,82,Active
15668747,0,2016-10-06,France,2016-10-06,2026-05-11,3504,50,Active
15610379,0,2016-09-11,France,2016-09-27,2026-05-02,3504,59,Active
15661290,0,2016-10-16,Germany,2016-10-28,2026-06-02,3504,28,Active
15610454,0,2016-10-24,Germany,2016-10-27,2026-06-01,3504,29,Active
15694453,0,2016-10-30,Germany,2016-11-10,2026-06-14,3503,16,Active
15625494,0,2016-09-19,France,2016-10-21,2026-05-25,3503,36,Active
15693893,0,2016-10-15,Germany,2016-10-21,2026-05-25,3503,36,Active
15775131,0,2016-10-11,Spain,2016-10-16,2026-05-19,3502,42,Active
15606552,0,2016-10-26,France,2016-11-10,2026-06-13,3502,17,Active
15609643,0,2016-09-15,Germany,2016-09-30,2026-05-03,3502,58,Active
15665766,0,2016-09-08,Germany,2016-11-02,2026-06-04,3501,26,Active
15777772,0,2016-10-20,Spain,2016-11-11,2026-06-13,3501,17,Active
15747534,1,2016-03-27,France,2016-03-27,2025-10-27,3501,246,Churned
15743076,0,2016-09-08,Spain,2016-10-29,2026-05-31,3501,30,Active
15601351,0,2016-09-22,France,2016-10-06,2026-05-07,3500,54,Active
15707681,0,2016-10-14,Germany,2016-10-21,2026-05-22,3500,39,Active
15746704,0,2016-08-26,Spain,2016-10-16,2026-05-17,3500,44,Active
15755825,0,2016-05-07,France,2016-06-17,2026-01-15,3499,166,At risk (inactive 90+ days)
15814022,0,2016-09-22,France,2016-11-12,2026-06-10,3497,20,Active
15619935,0,2016-10-12,Spain,2016-10-17,2026-05-14,3496,47,Active
15698510,0,2016-10-10,Germany,2016-10-26,2026-05-22,3495,39,Active
15656471,0,2016-10-05,France,2016-11-01,2026-05-28,3495,33,Active
15658504,0,2016-10-07,Germany,2016-10-22,2026-05-18,3495,43,Active
15659105,0,2016-11-12,France,2016-11-13,2026-06-08,3494,22,Active
15741385,0,2016-08-30,Germany,2016-09-08,2026-04-03,3494,88,Active
15789582,0,2016-08-04,France,2016-08-22,2026-03-17,3494,105,At risk (inactive 90+ days)
15654300,0,2016-10-15,Germany,2016-11-11,2026-06-06,3494,24,Active
15697574,0,2016-08-18,France,2016-10-04,2026-04-28,3493,63,Active
15649280,0,2016-10-18,Germany,2016-11-08,2026-06-01,3492,29,Active
15683677,0,2016-10-03,Spain,2016-10-29,2026-05-22,3492,39,Active
15612109,0,2016-11-06,France,2016-11-07,2026-05-31,3492,30,Active
15700654,0,2016-09-04,Germany,2016-09-29,2026-04-22,3492,69,Active
15709256,0,2016-10-05,France,2016-10-24,2026-05-17,3492,44,Active
15723217,0,2016-10-27,France,2016-11-16,2026-06-08,3491,22,Active
15686718,0,2016-11-21,Germany,2016-11-22,2026-06-12,3489,18,Active
15775741,0,2016-10-05,France,2016-10-30,2026-05-19,3488,42,Active
15719624,0,2016-09-18,France,2016-11-09,2026-05-28,3487,33,Active
15729359,0,2016-08-14,France,2016-10-02,2026-04-19,3486,72,Active
15806403,0,2016-10-02,France,2016-11-09,2026-05-25,3484,36,Active
15801701,0,2016-11-02,Spain,2016-11-09,2026-05-25,3484,36,Active
15623972,0,2016-10-26,Germany,2016-11-29,2026-06-14,3484,16,Active
15711572,0,2016-10-18,Germany,2016-11-18,2026-06-03,3484,27,Active
15626578,0,2016-10-07,France,2016-11-02,2026-05-17,3483,44,Active
15577402,0,2016-10-21,France,2016-11-10,2026-05-25,3483,36,Active
15805884,0,2016-09-10,France,2016-10-23,2026-05-07,3483,54,Active
15803032,0,2016-09-29,Germany,2016-10-10,2026-04-24,3483,67,Active
15705050,0,2016-09-18,France,2016-09-27,2026-04-11,3483,80,Active
15771477,0,2016-10-22,France,2016-11-23,2026-06-06,3482,24,Active
15780650,0,2016-10-30,France,2016-11-19,2026-05-30,3479,31,Active
15769254,0,2016-10-31,Germany,2016-12-07,2026-06-17,3479,13,Active
15628272,0,2016-10-12,France,2016-11-18,2026-05-29,3479,32,Active
15784148,0,2016-09-08,France,2016-11-03,2026-05-14,3479,47,Active
15658980,0,2016-10-14,Germany,2016-11-25,2026-06-05,3479,25,Active
15792649,0,2016-07-12,Spain,2016-10-28,2026-05-07,3478,54,Active
15675963,0,2016-09-02,France,2016-10-23,2026-05-02,3478,59,Active
15589200,0,2016-07-24,Spain,2016-09-30,2026-04-09,3478,82,Active
15620341,0,2016-11-29,Germany,2016-12-12,2026-06-20,3477,10,Active
15568519,0,2016-11-05,France,2016-11-17,2026-05-26,3477,35,Active
15729087,0,2016-11-18,Germany,2016-11-21,2026-05-30,3477,31,Active
15647099,0,2016-08-06,France,2016-09-11,2026-03-19,3476,103,At risk (inactive 90+ days)
15667417,0,2016-10-09,France,2016-11-04,2026-05-12,3476,49,Active
15687094,0,2016-11-11,Germany,2016-11-21,2026-05-27,3474,34,Active
15598266,0,2016-11-27,France,2016-12-02,2026-06-07,3474,23,Active
15705085,0,2016-09-20,Spain,2016-12-03,2026-06-08,3474,22,Active
15623566,0,2016-11-24,France,2016-12-03,2026-06-08,3474,22,Active
15782569,0,2016-11-24,France,2016-11-30,2026-06-04,3473,26,Active
15635939,0,2016-09-11,France,2016-10-29,2026-05-02,3472,59,Active
15573348,0,2016-11-07,France,2016-11-18,2026-05-22,3472,39,Active
15605965,0,2016-11-24,France,2016-11-28,2026-05-31,3471,30,Active
15644621,0,2016-11-08,Germany,2016-11-12,2026-05-15,3471,46,Active
15612030,0,2016-11-17,France,2016-11-19,2026-05-22,3471,39,Active
15814757,0,2016-11-27,Spain,2016-12-14,2026-06-16,3471,14,Active
15694296,0,2016-11-17,France,2016-12-05,2026-06-05,3469,25,Active
15780561,0,2016-09-08,France,2016-09-18,2026-03-19,3469,103,At risk (inactive 90+ days)
15626212,0,2016-11-01,France,2016-11-08,2026-05-09,3469,52,Active
15723786,0,2016-10-11,France,2016-11-22,2026-05-21,3467,40,Active
15669262,0,2016-11-11,France,2016-11-22,2026-05-21,3467,40,Active
15576077,0,2016-09-17,France,2016-09-20,2026-03-19,3467,103,At risk (inactive 90+ days)
15575445,0,2016-04-04,Spain,2016-04-07,2025-10-04,3467,269,At risk (inactive 90+ days)
15716284,0,2016-11-12,France,2016-11-23,2026-05-21,3466,40,Active
15664150,0,2016-09-09,Germany,2016-10-22,2026-04-19,3466,72,Active
15654296,0,2016-07-15,Spain,2016-08-24,2026-02-19,3466,131,At risk (inactive 90+ days)
15579826,0,2016-11-03,France,2016-11-11,2026-05-08,3465,53,Active
15610433,0,2016-10-14,France,2016-11-18,2026-05-15,3465,46,Active
15637131,0,2016-09-27,France,2016-12-23,2026-06-18,3464,12,Active
15628170,0,2016-09-15,Germany,2016-10-12,2026-04-07,3464,84,Active
15780256,0,2016-11-01,France,2016-11-14,2026-05-10,3464,51,Active
15733904,0,2016-11-08,France,2016-11-18,2026-05-12,3462,49,Active
15618363,0,2016-11-12,Germany,2016-12-15,2026-06-07,3461,23,Active
15592451,0,2016-08-15,France,2016-12-07,2026-05-30,3461,31,Active
15673570,0,2016-11-11,France,2016-12-07,2026-05-29,3460,32,Active
15691011,0,2016-12-13,France,2016-12-17,2026-06-08,3460,22,Active
15807433,0,2016-11-18,France,2016-11-27,2026-05-19,3460,42,Active
15658240,0,2016-10-29,France,2016-12-29,2026-06-20,3460,10,Active
15770225,0,2016-11-16,France,2016-12-01,2026-05-22,3459,39,Active
15715541,0,2016-11-03,France,2016-12-09,2026-05-30,3459,31,Active
15771535,0,2016-08-12,Spain,2016-11-18,2026-05-09,3459,52,Active
15778838,0,2016-10-14,France,2016-11-20,2026-05-11,3459,50,Active
15663312,0,2016-11-06,France,2016-11-18,2026-05-08,3458,53,Active
15702499,0,2016-11-10,Spain,2016-12-05,2026-05-23,3456,38,Active
15698522,0,2016-09-06,Germany,2016-12-06,2026-05-24,3456,37,Active
15590078,0,2016-11-30,Spain,2016-12-15,2026-06-01,3455,29,Active
15703264,0,2016-10-07,France,2016-11-12,2026-04-28,3454,63,Active
15732265,0,2016-11-16,France,2016-11-19,2026-05-05,3454,56,Active
15684211,0,2016-08-29,Spain,2017-01-08,2026-06-23,3453,7,Active
15736769,0,2016-11-27,France,2016-12-24,2026-06-08,3453,22,Active
15772383,0,2016-10-15,France,2016-11-23,2026-05-08,3453,53,Active
15676117,0,2016-09-11,France,2016-10-13,2026-03-28,3453,94,At risk (inactive 90+ days)
15738634,0,2016-12-19,France,2016-12-21,2026-06-04,3452,26,Active
15761606,0,2016-09-16,Spain,2016-09-20,2026-03-04,3452,118,At risk (inactive 90+ days)
15612418,0,2016-11-25,France,2016-11-30,2026-05-13,3451,48,Active
15680611,0,2016-12-11,France,2016-12-19,2026-06-01,3451,29,Active
15565879,0,2016-12-05,France,2016-12-10,2026-05-23,3451,38,Active
15788218,0,2016-12-31,Spain,2016-12-31,2026-06-12,3450,18,Active
15718852,0,2016-12-02,France,2016-12-16,2026-05-28,3450,33,Active
15631882,0,2016-12-25,Germany,2017-01-07,2026-06-19,3450,11,Active
15700656,0,2016-08-25,France,2016-10-20,2026-03-31,3449,91,At risk (inactive 90+ days)
15621546,0,2016-10-16,France,2016-10-25,2026-04-05,3449,86,Active
15576313,0,2016-11-11,Germany,2016-11-27,2026-05-07,3448,54,Active
15617934,0,2016-12-17,France,2016-12-19,2026-05-29,3448,32,Active
15713374,0,2016-12-05,Germany,2016-12-22,2026-06-01,3448,29,Active
15649129,0,2016-10-02,France,2016-10-08,2026-03-18,3448,104,At risk (inactive 90+ days)
15767794,0,2016-10-16,France,2016-11-24,2026-05-03,3447,58,Active
15786308,0,2016-12-05,Spain,2016-12-18,2026-05-26,3446,35,Active
15565806,0,2016-12-26,France,2017-01-08,2026-06-16,3446,14,Active
15814940,0,2016-11-15,Spain,2016-12-11,2026-05-19,3446,42,Active
15614361,0,2016-12-28,Spain,2017-01-11,2026-06-18,3445,12,Active
15803337,0,2016-10-19,France,2016-12-31,2026-06-07,3445,23,Active
15677395,0,2016-10-04,France,2016-11-11,2026-04-18,3445,73,Active
15684645,0,2016-11-11,Germany,2016-12-17,2026-05-24,3445,37,Active
15595071,0,2016-12-17,France,2017-01-02,2026-06-08,3444,22,Active
15694946,0,2016-11-01,France,2016-11-21,2026-04-27,3444,64,Active
15749693,0,2016-10-01,France,2016-11-09,2026-04-15,3444,76,Active
15633378,0,2016-10-14,Spain,2016-11-26,2026-05-02,3444,59,Active
15600813,0,2016-11-18,France,2016-12-09,2026-05-14,3443,47,Active
15648136,0,2016-12-06,Germany,2016-12-11,2026-05-16,3443,45,Active
15675888,0,2016-12-03,Spain,2016-12-16,2026-05-20,3442,41,Active
15645766,0,2016-10-08,Spain,2016-12-12,2026-05-15,3441,46,Active
15679550,0,2016-11-03,France,2016-12-22,2026-05-23,3439,38,Active
15743818,0,2016-12-26,Spain,2016-12-28,2026-05-29,3439,32,Active
15607230,0,2016-12-20,Germany,2017-01-12,2026-06-13,3439,17,Active
15653404,0,2016-11-20,Spain,2016-12-21,2026-05-22,3439,39,Active
15569187,0,2016-11-17,Spain,2016-12-23,2026-05-23,3438,38,Active
15757916,0,2016-11-25,France,2017-01-17,2026-06-17,3438,13,Active
15626322,0,2016-07-25,Spain,2016-10-27,2026-03-27,3438,95,At risk (inactive 90+ days)
15571550,0,2016-11-08,France,2016-11-20,2026-04-19,3437,72,Active
15768095,0,2016-12-11,France,2016-12-19,2026-05-18,3437,43,Active
15644686,0,2016-12-16,Spain,2016-12-24,2026-05-23,3437,38,Active
15794874,0,2016-12-20,Spain,2017-01-06,2026-06-04,3436,26,Active
15621140,0,2016-11-24,Spain,2016-12-12,2026-05-10,3436,51,Active
15773469,0,2016-11-10,Germany,2016-12-10,2026-05-06,3434,55,Active
15748882,0,2016-10-19,Spain,2016-12-14,2026-05-10,3434,51,Active
15746805,0,2016-12-12,France,2016-12-14,2026-05-09,3433,52,Active
15598097,0,2016-11-29,France,2017-01-16,2026-06-11,3433,19,Active
15810218,0,2016-11-14,Spain,2016-12-03,2026-04-26,3431,65,Active
15693468,0,2016-11-04,Spain,2016-12-13,2026-05-06,3431,55,Active
15637993,0,2016-12-03,France,2016-12-25,2026-05-18,3431,43,Active
15705676,0,2017-01-27,France,2017-01-27,2026-06-20,3431,10,Active
15624703,0,2016-12-11,Germany,2017-01-03,2026-05-27,3431,34,Active
15677173,0,2016-12-14,France,2016-12-26,2026-05-17,3429,44,Active
15589666,0,2016-12-23,France,2017-01-14,2026-06-05,3429,25,Active
15739548,0,2016-10-30,France,2016-12-22,2026-05-13,3429,48,Active
15780124,0,2016-12-13,France,2016-12-27,2026-05-16,3427,45,Active
15796336,0,2016-12-10,Spain,2016-12-11,2026-04-29,3426,62,Active
15723671,0,2016-12-12,France,2016-12-15,2026-05-02,3425,59,Active
15793425,0,2017-01-11,Spain,2017-01-16,2026-06-03,3425,27,Active
15728005,0,2017-01-16,France,2017-01-25,2026-06-12,3425,18,Active
15781702,0,2016-10-15,Germany,2016-12-17,2026-05-03,3424,58,Active
15732199,0,2017-01-24,Spain,2017-01-27,2026-06-12,3423,18,Active
15624374,0,2017-01-01,France,2017-01-02,2026-05-18,3423,43,Active
15752731,0,2017-01-30,France,2017-02-04,2026-06-19,3422,11,Active
15662500,0,2016-07-23,Spain,2017-01-01,2026-05-16,3422,45,Active
15736287,0,2017-01-16,France,2017-01-28,2026-06-11,3421,19,Active
15767894,0,2016-12-21,France,2017-01-11,2026-05-24,3420,37,Active
15595609,0,2016-12-12,Germany,2016-12-14,2026-04-26,3420,65,Active
15787710,0,2016-10-31,Spain,2016-12-08,2026-04-20,3420,71,Active
15813917,0,2016-12-27,Germany,2017-02-02,2026-06-14,3419,16,Active
15645045,0,2017-01-27,France,2017-02-06,2026-06-17,3418,13,Active
15770121,0,2016-12-22,France,2016-12-28,2026-05-08,3418,53,Active
15647890,0,2017-01-20,France,2017-01-22,2026-06-02,3418,28,Active
15723169,0,2016-12-02,France,2017-01-19,2026-05-29,3417,32,Active
15619616,0,2016-12-31,France,2017-01-17,2026-05-26,3416,35,Active
15570970,0,2017-01-03,France,2017-01-09,2026-05-18,3416,43,Active
15582180,0,2017-01-26,France,2017-02-11,2026-06-19,3415,11,Active
15739502,0,2016-12-26,Germany,2017-01-06,2026-05-14,3415,47,Active
15701522,0,2016-11-07,France,2016-12-02,2026-04-09,3415,82,Active
15642636,0,2017-01-09,France,2017-01-17,2026-05-24,3414,37,Active
15580146,0,2016-12-17,France,2017-01-29,2026-06-04,3413,26,Active
15728608,0,2017-01-02,Germany,2017-01-16,2026-05-22,3413,39,Active
15645772,0,2017-01-17,France,2017-01-27,2026-05-31,3411,30,Active
15792008,0,2017-01-03,Spain,2017-01-08,2026-05-12,3411,49,Active
15630402,0,2017-01-08,France,2017-01-09,2026-05-12,3410,49,Active
15695148,0,2017-01-02,Spain,2017-01-22,2026-05-25,3410,36,Active
15713853,0,2016-12-15,Germany,2016-12-19,2026-04-20,3409,71,Active
15640580,0,2016-08-16,France,2016-11-21,2026-03-23,3409,99,At risk (inactive 90+ days)
15728963,1,2016-01-03,Germany,2016-01-05,2025-05-06,3409,420,Churned
15605036,0,2016-11-10,Spain,2016-11-18,2026-03-19,3408,103,At risk (inactive 90+ days)
15658485,0,2016-12-25,France,2017-02-18,2026-06-18,3407,12,Active
15581286,0,2017-01-11,France,2017-01-24,2026-05-24,3407,37,Active
15578369,0,2016-10-03,Germany,2016-12-15,2026-04-12,3405,79,Active
15672930,0,2016-12-17,Spain,2017-02-08,2026-06-06,3405,24,Active
15766064,0,2016-11-30,France,2017-02-05,2026-06-01,3403,29,Active
15672966,0,2017-01-27,Spain,2017-02-02,2026-05-29,3403,32,Active
15573893,0,2016-12-30,Germany,2017-01-01,2026-04-26,3402,65,Active
15756475,0,2017-01-30,Germany,2017-02-06,2026-05-31,3401,30,Active
15746737,0,2016-12-02,Germany,2016-12-11,2026-04-03,3400,88,Active
15795246,0,2017-01-06,Germany,2017-01-18,2026-05-11,3400,50,Active
15675450,0,2017-02-03,France,2017-02-05,2026-05-29,3400,32,Active
15633537,0,2017-02-03,Germany,2017-02-05,2026-05-28,3399,33,Active
15671243,0,2016-12-25,France,2017-02-06,2026-05-29,3399,32,Active
15612095,1,2016-07-16,France,2016-07-27,2025-11-16,3399,226,Churned
15747772,0,2016-12-16,Germany,2017-02-16,2026-06-08,3399,22,Active
15757588,0,2016-12-23,France,2017-01-03,2026-04-24,3398,67,Active
15584776,0,2017-02-11,Spain,2017-02-11,2026-06-02,3398,28,Active
15695632,0,2017-01-08,France,2017-02-08,2026-05-29,3397,32,Active
15585255,0,2016-11-19,France,2016-12-04,2026-03-24,3397,98,At risk (inactive 90+ days)
15769389,0,2017-01-16,Germany,2017-02-16,2026-06-06,3397,24,Active
15770406,0,2017-01-24,Germany,2017-02-06,2026-05-27,3397,34,Active
15732704,0,2017-01-09,Spain,2017-02-14,2026-06-02,3395,28,Active
15814035,0,2017-02-15,France,2017-02-22,2026-06-09,3394,21,Active
15607065,0,2016-12-26,France,2017-01-17,2026-05-04,3394,57,Active
15633059,0,2017-01-17,France,2017-01-23,2026-05-09,3393,52,Active
15634245,0,2016-12-05,Germany,2017-01-06,2026-04-22,3393,69,Active
15727138,0,2017-02-08,Spain,2017-02-14,2026-05-30,3392,31,Active
15623858,0,2017-02-02,France,2017-02-07,2026-05-23,3392,38,Active
15677871,0,2017-01-24,France,2017-02-19,2026-06-03,3391,27,Active
15585748,0,2017-02-26,Germany,2017-03-03,2026-06-15,3391,15,Active
15720910,0,2017-02-26,France,2017-02-26,2026-06-09,3390,21,Active
15726032,0,2017-01-11,France,2017-02-02,2026-05-15,3389,46,Active
15809347,0,2017-02-28,Germany,2017-03-15,2026-06-24,3388,6,Active
15808971,0,2017-02-20,Spain,2017-03-04,2026-06-12,3387,18,Active
15611088,0,2017-02-20,France,2017-02-21,2026-05-31,3386,30,Active
15734058,0,2017-02-08,Germany,2017-02-15,2026-05-25,3386,36,Active
15682489,0,2017-02-21,France,2017-02-25,2026-06-04,3386,26,Active
15587676,0,2017-01-10,France,2017-01-26,2026-05-05,3386,56,Active
15645835,0,2017-02-04,France,2017-02-16,2026-05-25,3385,36,Active
15598259,0,2017-01-05,Germany,2017-02-08,2026-05-17,3385,44,Active
15694098,0,2017-02-20,France,2017-02-26,2026-06-03,3384,27,Active
15769308,0,2016-10-24,Germany,2017-01-14,2026-04-20,3383,71,Active
15673619,0,2017-02-07,France,2017-02-25,2026-05-31,3382,30,Active
15780088,0,2016-12-10,Spain,2016-12-10,2026-03-15,3382,107,At risk (inactive 90+ days)
15591607,0,2017-01-14,France,2017-02-06,2026-05-11,3381,50,Active
15703482,0,2016-12-06,Germany,2017-02-15,2026-05-20,3381,41,Active
15713604,0,2017-02-12,Germany,2017-02-27,2026-06-01,3381,29,Active
15790564,0,2017-02-17,Germany,2017-02-28,2026-06-01,3380,29,Active
15799790,0,2017-02-07,France,2017-03-01,2026-06-02,3380,28,Active
15682084,0,2016-08-07,France,2016-12-29,2026-04-01,3380,90,Active
15642468,0,2016-11-16,France,2017-03-04,2026-06-04,3379,26,Active
15649124,0,2017-01-26,France,2017-02-01,2026-05-04,3379,57,Active
15658935,0,2017-01-05,Germany,2017-02-24,2026-05-26,3378,35,Active
15792729,0,2016-09-29,Germany,2017-02-10,2026-05-12,3378,49,Active
15659100,0,2016-11-08,France,2016-12-02,2026-03-01,3376,121,At risk (inactive 90+ days)
15799479,0,2017-02-13,Spain,2017-03-02,2026-05-29,3375,32,Active
15590011,0,2017-02-04,Spain,2017-03-03,2026-05-30,3375,31,Active
15673995,0,2017-02-08,Spain,2017-02-09,2026-05-08,3375,53,Active
15646037,0,2017-03-09,France,2017-03-10,2026-06-05,3374,25,Active
15686137,0,2017-03-17,Spain,2017-03-17,2026-06-11,3373,19,Active
15605926,0,2017-01-20,Germany,2017-02-23,2026-05-20,3373,41,Active
15726267,0,2017-02-22,France,2017-03-07,2026-06-01,3373,29,Active
15623430,0,2017-02-01,France,2017-02-28,2026-05-24,3372,37,Active
15596624,0,2017-02-11,France,2017-02-22,2026-05-18,3372,43,Active
15683195,0,2017-02-01,France,2017-02-12,2026-05-07,3371,54,Active
15666252,0,2017-03-31,Spain,2017-04-04,2026-06-26,3370,4,Active
15744614,0,2017-02-28,France,2017-04-01,2026-06-23,3370,7,Active
15761374,0,2017-02-28,France,2017-03-26,2026-06-17,3370,13,Active
15636812,0,2016-12-11,France,2017-01-25,2026-04-18,3370,73,Active
15594450,0,2017-01-29,France,2017-02-23,2026-05-17,3370,44,Active
15717700,0,2017-02-04,Spain,2017-02-26,2026-05-19,3369,42,Active
15690589,0,2017-02-05,France,2017-03-08,2026-05-29,3369,32,Active
15703563,0,2016-09-19,France,2016-09-28,2025-12-19,3369,193,At risk (inactive 90+ days)
15716324,0,2017-01-13,France,2017-03-04,2026-05-24,3368,37,Active
15637650,0,2017-02-27,France,2017-03-22,2026-06-11,3368,19,Active
15716449,0,2017-01-25,Spain,2017-01-26,2026-04-17,3368,74,Active
15579262,0,2017-01-07,France,2017-01-11,2026-04-02,3368,89,Active
15688876,0,2017-01-04,Spain,2017-03-09,2026-05-29,3368,32,Active
15642870,0,2017-02-13,France,2017-03-01,2026-05-21,3368,40,Active
15607634,0,2017-01-08,Germany,2017-01-20,2026-04-11,3368,80,Active
15565701,0,2017-02-27,Spain,2017-03-10,2026-05-29,3367,32,Active
15687310,0,2017-02-15,Spain,2017-03-02,2026-05-21,3367,40,Active
15720509,0,2017-02-05,France,2017-02-09,2026-04-30,3367,61,Active
15755225,0,2016-12-24,Germany,2017-01-15,2026-04-05,3367,86,Active
15766787,0,2017-03-24,France,2017-04-01,2026-06-19,3366,11,Active
15739042,0,2017-02-21,France,2017-03-16,2026-06-03,3366,27,Active
15753229,0,2017-02-16,France,2017-02-21,2026-05-11,3366,50,Active
15602554,0,2017-02-24,France,2017-03-08,2026-05-24,3364,37,Active
15742172,0,2016-12-22,Germany,2017-01-14,2026-04-01,3364,90,Active
15665811,0,2017-01-07,France,2017-03-17,2026-06-01,3363,29,Active
15584462,0,2017-02-13,France,2017-02-28,2026-05-15,3363,46,Active
15784597,0,2017-03-24,France,2017-04-06,2026-06-20,3362,10,Active
15681956,0,2017-03-01,France,2017-03-08,2026-05-22,3362,39,Active
15722364,0,2017-03-06,France,2017-03-08,2026-05-21,3361,40,Active
15748696,0,2017-02-03,France,2017-03-02,2026-05-15,3361,46,Active
15580935,0,2016-10-25,Germany,2017-03-22,2026-06-04,3361,26,Active
15733460,0,2016-12-05,Spain,2016-12-27,2026-03-11,3361,111,At risk (inactive 90+ days)
15724527,0,2017-03-21,France,2017-03-24,2026-06-05,3360,25,Active
15760121,0,2017-01-07,France,2017-02-23,2026-05-07,3360,54,Active
15610226,0,2017-01-20,France,2017-03-16,2026-05-28,3360,33,Active
15590606,0,2017-01-06,France,2017-02-06,2026-04-19,3359,72,Active
15623927,0,2017-02-13,France,2017-02-16,2026-04-29,3359,62,Active
15761692,0,2017-01-18,France,2017-03-15,2026-05-26,3359,35,Active
15720134,0,2017-02-22,Germany,2017-03-04,2026-05-15,3359,46,Active
15813163,0,2016-12-14,Spain,2017-02-08,2026-04-20,3358,71,Active
15692761,0,2017-03-01,France,2017-03-04,2026-05-14,3358,47,Active
15604818,0,2016-12-20,France,2017-02-27,2026-05-09,3358,52,Active
15567339,0,2017-03-14,France,2017-03-26,2026-06-05,3358,25,Active
15772250,0,2017-02-13,Spain,2017-03-27,2026-06-05,3357,25,Active
15656865,0,2017-02-08,Germany,2017-03-05,2026-05-14,3357,47,Active
15772243,1,2016-08-05,France,2016-12-11,2026-02-18,3356,132,Churned
15655238,0,2017-03-03,France,2017-03-22,2026-05-30,3356,31,Active
15659486,0,2017-01-04,Germany,2017-03-05,2026-05-12,3355,49,Active
15641250,0,2017-03-31,Spain,2017-04-14,2026-06-20,3354,10,Active
15691387,0,2017-03-28,France,2017-04-05,2026-06-10,3353,20,Active
15592914,0,2017-03-12,France,2017-03-21,2026-05-26,3353,35,Active
15666982,0,2016-09-10,Germany,2016-09-25,2025-11-30,3353,212,At risk (inactive 90+ days)
15589949,0,2017-02-17,Spain,2017-02-28,2026-05-05,3353,56,Active
15581115,0,2017-01-17,France,2017-03-08,2026-05-13,3353,48,Active
15591100,0,2017-03-06,Spain,2017-03-28,2026-06-01,3352,29,Active
15697318,0,2017-02-25,Germany,2017-03-17,2026-05-21,3352,40,Active
15628697,0,2017-03-05,Spain,2017-03-26,2026-05-30,3352,31,Active
15701885,0,2017-02-16,France,2017-02-19,2026-04-25,3352,66,Active
15664035,0,2017-02-16,Spain,2017-03-16,2026-05-20,3352,41,Active
15678058,0,2017-03-11,France,2017-03-28,2026-05-31,3351,30,Active
15737521,0,2017-02-15,Germany,2017-03-22,2026-05-25,3351,36,Active
15566843,0,2017-03-01,Germany,2017-03-11,2026-05-13,3350,48,Active
15787848,0,2017-03-28,Spain,2017-04-12,2026-06-14,3350,16,Active
15785342,0,2017-01-29,France,2017-03-09,2026-05-11,3350,50,Active
15740264,0,2017-03-12,France,2017-04-03,2026-06-04,3349,26,Active
15733974,0,2017-02-25,Spain,2017-04-19,2026-06-19,3348,11,Active
15662152,0,2017-02-21,France,2017-03-10,2026-05-10,3348,51,Active
15781326,0,2017-02-10,France,2017-02-13,2026-04-15,3348,76,Active
15782219,0,2017-02-14,Spain,2017-04-01,2026-05-31,3347,30,Active
15764409,0,2017-03-09,France,2017-03-25,2026-05-24,3347,37,Active
15625151,0,2017-03-30,France,2017-04-04,2026-06-03,3347,27,Active
15722425,0,2017-02-08,France,2017-02-18,2026-04-19,3347,72,Active
15716501,0,2017-03-12,France,2017-03-27,2026-05-26,3347,35,Active
15586699,0,2017-03-17,France,2017-04-07,2026-06-05,3346,25,Active
15789201,0,2017-02-16,Germany,2017-02-19,2026-04-19,3346,72,Active
15746995,0,2017-03-31,Germany,2017-04-04,2026-06-02,3346,28,Active
15789865,0,2017-03-20,France,2017-04-02,2026-05-31,3346,30,Active
15739803,0,2016-11-08,Spain,2017-02-26,2026-04-24,3344,67,Active
15775880,0,2017-01-30,France,2017-04-20,2026-06-16,3344,14,Active
15731543,0,2017-03-17,Spain,2017-04-02,2026-05-29,3344,32,Active
15713578,0,2017-03-01,France,2017-03-18,2026-05-13,3343,48,Active
15764237,0,2017-02-03,Spain,2017-03-19,2026-05-14,3343,47,Active
15585734,0,2017-03-02,Germany,2017-03-28,2026-05-23,3343,38,Active
15696506,0,2017-03-23,Spain,2017-03-31,2026-05-26,3343,35,Active
15790019,0,2017-03-28,France,2017-04-13,2026-06-08,3343,22,Active
15649858,0,2017-04-21,Spain,2017-04-21,2026-06-16,3343,14,Active
15598331,0,2017-03-29,France,2017-04-10,2026-06-04,3342,26,Active
15622003,0,2017-04-02,France,2017-04-03,2026-05-27,3341,34,Active
15746902,0,2017-01-09,Spain,2017-03-13,2026-05-05,3340,56,Active
15669957,0,2017-02-22,Germany,2017-04-14,2026-06-06,3340,24,Active
15629133,0,2017-04-26,France,2017-04-30,2026-06-21,3339,9,Active
15801431,0,2017-04-14,Spain,2017-04-16,2026-06-06,3338,24,Active
15623521,0,2017-02-24,Spain,2017-03-15,2026-05-04,3337,57,Active
15758755,0,2017-03-04,France,2017-03-24,2026-05-13,3337,48,Active
15592379,0,2016-10-28,Spain,2017-04-14,2026-06-03,3337,27,Active
15663883,0,2017-04-26,Germany,2017-05-02,2026-06-21,3337,9,Active
15647295,0,2017-01-27,France,2017-03-02,2026-04-21,3337,70,Active
15617136,0,2017-03-29,Germany,2017-04-10,2026-05-29,3336,32,Active
15719265,0,2017-04-09,France,2017-04-10,2026-05-29,3336,32,Active
15595037,0,2017-03-19,France,2017-04-13,2026-06-01,3336,29,Active
15793196,0,2017-04-19,France,2017-04-22,2026-06-09,3335,21,Active
15793693,0,2017-04-20,France,2017-04-27,2026-06-14,3335,16,Active
15590094,0,2016-11-27,Germany,2017-03-24,2026-05-10,3334,51,Active
15699550,0,2017-03-07,Spain,2017-03-22,2026-05-07,3333,54,Active
15642996,0,2017-04-21,Germany,2017-04-21,2026-06-06,3333,24,Active
15692259,0,2017-02-01,France,2017-02-04,2026-03-21,3332,101,At risk (inactive 90+ days)
15704378,0,2017-03-26,Germany,2017-04-22,2026-06-06,3332,24,Active
15785488,0,2017-04-25,Spain,2017-05-04,2026-06-18,3332,12,Active
15785865,0,2017-03-05,France,2017-03-15,2026-04-28,3331,63,Active
15717962,0,2017-04-29,Spain,2017-04-30,2026-06-13,3331,17,Active
15651063,0,2017-04-29,Germany,2017-05-12,2026-06-24,3330,6,Active
15735719,0,2017-04-22,France,2017-04-27,2026-06-09,3330,21,Active
15641298,0,2017-03-25,Germany,2017-04-14,2026-05-27,3330,34,Active
15774393,0,2017-03-26,France,2017-04-03,2026-05-15,3329,46,Active
15652266,0,2017-03-10,Germany,2017-04-17,2026-05-29,3329,32,Active
15653762,0,2017-01-04,France,2017-04-07,2026-05-19,3329,42,Active
15727281,0,2016-12-04,France,2017-03-06,2026-04-17,3329,74,Active
15596136,0,2017-04-23,France,2017-04-30,2026-06-11,3329,19,Active
15776743,0,2017-04-09,France,2017-04-19,2026-05-30,3328,31,Active
15798053,0,2017-01-03,Spain,2017-04-12,2026-05-23,3328,38,Active
15605215,0,2017-03-30,France,2017-04-20,2026-05-31,3328,30,Active
15611024,0,2017-04-19,France,2017-04-26,2026-06-05,3327,25,Active
15767757,0,2017-03-26,Spain,2017-04-26,2026-06-05,3327,25,Active
15714832,0,2016-12-26,Germany,2017-05-09,2026-06-18,3327,12,Active
15781989,0,2017-04-14,France,2017-04-25,2026-06-02,3325,28,Active
15667938,0,2017-04-14,France,2017-05-02,2026-06-09,3325,21,Active
15639576,0,2017-04-28,France,2017-05-11,2026-06-18,3325,12,Active
15702561,0,2017-03-06,France,2017-04-08,2026-05-16,3325,45,Active
15783589,0,2017-03-09,France,2017-04-16,2026-05-24,3325,37,Active
15674991,0,2017-04-27,France,2017-05-16,2026-06-22,3324,8,Active
15660101,0,2016-12-04,France,2017-01-12,2026-02-18,3324,132,At risk (inactive 90+ days)
15750547,0,2017-03-20,France,2017-04-07,2026-05-14,3324,47,Active
15600173,0,2017-02-01,France,2017-02-16,2026-03-25,3324,97,At risk (inactive 90+ days)
15695383,0,2017-02-06,Spain,2017-04-11,2026-05-18,3324,43,Active
15638047,0,2017-04-24,Germany,2017-05-06,2026-06-12,3324,18,Active
15585388,0,2017-03-21,Germany,2017-04-28,2026-06-03,3323,27,Active
15591969,0,2017-03-22,Spain,2017-05-08,2026-06-13,3323,17,Active
15736271,0,2016-12-12,France,2017-01-08,2026-02-13,3323,137,At risk (inactive 90+ days)
15700511,0,2017-04-01,Germany,2017-04-11,2026-05-17,3323,44,Active
15760514,0,2017-04-24,Germany,2017-05-10,2026-06-13,3321,17,Active
15706463,0,2017-04-16,France,2017-04-28,2026-06-01,3321,29,Active
15808023,0,2017-04-12,France,2017-04-30,2026-06-03,3321,27,Active
15607312,1,2015-08-16,Spain,2015-09-30,2024-11-01,3320,606,Churned
15688963,1,2016-02-25,France,2016-03-03,2025-04-05,3320,451,Churned
15706637,0,2017-04-12,Spain,2017-04-24,2026-05-27,3320,34,Active
15592194,0,2016-12-25,France,2016-12-29,2026-01-30,3319,151,At risk (inactive 90+ days)
15783083,0,2017-01-29,France,2017-05-19,2026-06-20,3319,10,Active
15785339,0,2016-12-18,France,2017-04-06,2026-05-08,3319,53,Active
15699047,0,2017-03-13,France,2017-03-17,2026-04-18,3319,73,Active
15625759,0,2017-03-04,France,2017-03-14,2026-04-14,3318,77,Active
15605067,0,2016-12-08,France,2016-12-11,2026-01-11,3318,170,At risk (inactive 90+ days)
15795298,0,2017-04-02,Germany,2017-04-16,2026-05-16,3317,45,Active
15648272,0,2017-03-09,Spain,2017-04-10,2026-05-10,3317,51,Active
15612633,0,2017-04-01,Spain,2017-04-06,2026-05-05,3316,56,Active
15670943,0,2017-02-09,Germany,2017-02-12,2026-03-12,3315,110,At risk (inactive 90+ days)
15567839,0,2017-04-20,France,2017-05-14,2026-06-11,3315,19,Active
15733876,0,2017-03-10,France,2017-03-22,2026-04-18,3314,73,Active
15790247,0,2017-02-14,Spain,2017-02-21,2026-03-20,3314,102,At risk (inactive 90+ days)
15603082,0,2017-03-12,France,2017-04-28,2026-05-25,3314,36,Active
15720893,0,2017-02-04,Spain,2017-04-12,2026-05-08,3313,53,Active
15632899,0,2017-04-27,Spain,2017-05-14,2026-06-09,3313,21,Active
15609913,0,2017-03-31,France,2017-04-24,2026-05-20,3313,41,Active
15664539,0,2016-10-18,Spain,2017-02-24,2026-03-22,3313,100,At risk (inactive 90+ days)
15651103,0,2017-04-09,Spain,2017-04-22,2026-05-17,3312,44,Active
15808851,0,2017-04-03,Germany,2017-04-24,2026-05-19,3312,42,Active
15700772,0,2017-04-29,France,2017-05-05,2026-05-29,3311,32,Active
15763625,0,2017-02-08,Spain,2017-02-11,2026-03-07,3311,115,At risk (inactive 90+ days)
15646632,0,2017-02-17,France,2017-03-31,2026-04-24,3311,67,Active
15675422,0,2017-05-27,France,2017-05-31,2026-06-23,3310,7,Active
15606158,0,2017-05-09,France,2017-05-13,2026-06-04,3309,26,Active
15793324,0,2017-03-30,Spain,2017-04-08,2026-04-30,3309,61,Active
15770091,0,2017-05-20,Germany,2017-05-23,2026-06-14,3309,16,Active
15677249,0,2017-04-12,Spain,2017-04-22,2026-05-13,3308,48,Active
15646563,0,2017-05-28,France,2017-06-01,2026-06-22,3308,8,Active
15781914,0,2017-05-31,Germany,2017-06-03,2026-06-23,3307,7,Active
15573152,0,2017-01-23,France,2017-05-15,2026-06-03,3306,27,Active
15676715,0,2017-03-19,France,2017-03-21,2026-04-09,3306,82,Active
15617434,0,2017-04-27,Spain,2017-05-05,2026-05-23,3305,38,Active
15660688,0,2017-05-01,Spain,2017-05-06,2026-05-23,3304,38,Active
15693322,0,2017-04-16,Germany,2017-05-17,2026-06-03,3304,27,Active
15697045,0,2017-04-27,Spain,2017-06-03,2026-06-20,3304,10,Active
15761364,0,2017-04-15,France,2017-05-10,2026-05-27,3304,34,Active
15591248,0,2017-05-25,France,2017-05-30,2026-06-16,3304,14,Active
15588537,0,2017-01-11,Spain,2017-03-31,2026-04-16,3303,75,Active
15697497,0,2017-04-30,France,2017-05-25,2026-06-10,3303,20,Active
15790299,0,2017-05-16,Spain,2017-05-19,2026-06-04,3303,26,Active
15807909,0,2017-04-16,France,2017-05-23,2026-06-08,3303,22,Active
15696277,0,2017-02-02,France,2017-03-19,2026-04-03,3302,88,Active
15683118,0,2017-03-25,France,2017-05-30,2026-06-14,3302,16,Active
15694039,0,2017-05-11,Germany,2017-05-20,2026-06-04,3302,26,Active
15797389,0,2017-05-03,Spain,2017-05-10,2026-05-23,3300,38,Active
15791769,0,2017-02-25,France,2017-03-08,2026-03-21,3300,101,At risk (inactive 90+ days)
15725311,0,2017-04-03,France,2017-05-03,2026-05-14,3298,47,Active
15794266,0,2017-04-25,France,2017-04-29,2026-05-10,3298,51,Active
15602551,0,2017-01-18,Spain,2017-04-01,2026-04-11,3297,80,Active
15595010,0,2017-05-23,Spain,2017-05-23,2026-06-02,3297,28,Active
15642709,0,2017-04-11,France,2017-05-17,2026-05-25,3295,36,Active
15630704,0,2017-02-27,Germany,2017-05-11,2026-05-19,3295,42,Active
15762218,0,2017-05-08,France,2017-05-20,2026-05-26,3293,35,Active
15730738,0,2017-05-18,Spain,2017-06-06,2026-06-12,3293,18,Active
15623143,0,2017-05-30,France,2017-06-11,2026-06-17,3293,13,Active
15730735,0,2017-04-10,France,2017-05-16,2026-05-21,3292,40,Active
15691061,0,2017-04-02,France,2017-04-02,2026-04-07,3292,84,Active
15638247,0,2017-05-02,Spain,2017-05-16,2026-05-21,3292,40,Active
15663249,0,2017-01-11,Spain,2017-05-01,2026-05-05,3291,56,Active
15681327,0,2017-05-31,France,2017-06-15,2026-06-19,3291,11,Active
15575748,0,2017-05-13,France,2017-05-24,2026-05-28,3291,33,Active
15730810,0,2017-05-04,Spain,2017-05-16,2026-05-20,3291,41,Active
15793723,0,2017-01-28,Germany,2017-02-03,2026-02-07,3291,143,At risk (inactive 90+ days)
15793688,1,2016-12-15,France,2016-12-23,2025-12-26,3290,186,Churned
15606149,0,2017-04-29,Germany,2017-05-24,2026-05-26,3289,35,Active
15769516,0,2017-04-09,France,2017-05-04,2026-05-06,3289,55,Active
15672598,0,2017-05-05,Spain,2017-05-25,2026-05-26,3288,35,Active
15778025,0,2017-05-06,Germany,2017-05-24,2026-05-24,3287,37,Active
15798532,0,2017-05-15,France,2017-05-16,2026-05-16,3287,45,Active
15679200,0,2017-05-21,Spain,2017-06-14,2026-06-13,3286,17,Active
15632051,1,2015-12-13,Germany,2016-03-05,2025-03-04,3286,483,Churned
15639669,0,2017-05-18,France,2017-05-27,2026-05-25,3285,36,Active
15725036,0,2017-05-02,France,2017-05-08,2026-05-06,3285,55,Active
15809143,0,2017-05-30,Germany,2017-06-05,2026-06-02,3284,28,Active
15771540,0,2017-05-26,France,2017-06-15,2026-06-12,3284,18,Active
15748589,0,2017-04-08,France,2017-05-19,2026-05-16,3284,45,Active
15660524,0,2017-05-24,Germany,2017-06-13,2026-06-10,3284,20,Active
15724889,0,2017-04-05,Spain,2017-04-23,2026-04-19,3283,72,Active
15604345,0,2017-04-04,France,2017-05-26,2026-05-22,3283,39,Active
15778489,0,2017-04-06,Germany,2017-04-27,2026-04-23,3283,68,Active
15641474,0,2017-05-06,France,2017-05-21,2026-05-16,3282,45,Active
15641877,0,2017-05-26,France,2017-05-31,2026-05-26,3282,35,Active
15785290,0,2017-04-06,France,2017-04-25,2026-04-20,3282,71,Active
15660475,0,2017-05-22,France,2017-06-23,2026-06-18,3282,12,Active
15605455,0,2017-02-08,France,2017-05-26,2026-05-20,3281,41,Active
15686345,0,2017-05-20,Spain,2017-06-10,2026-06-03,3280,27,Active
15782311,0,2017-06-13,France,2017-06-16,2026-06-09,3280,21,Active
15777046,0,2016-10-27,France,2017-05-10,2026-05-02,3279,59,Active
15613962,0,2017-05-11,France,2017-05-27,2026-05-18,3278,43,Active
15718369,0,2017-06-28,Germany,2017-06-29,2026-06-19,3277,11,Active
15653696,0,2017-05-28,France,2017-07-03,2026-06-23,3277,7,Active
15693088,0,2017-06-21,France,2017-06-22,2026-06-12,3277,18,Active
15734737,0,2017-06-27,France,2017-06-29,2026-06-19,3277,11,Active
15566543,0,2017-06-15,Spain,2017-06-20,2026-06-10,3277,20,Active
15759021,0,2017-04-07,France,2017-06-13,2026-06-02,3276,28,Active
15664639,0,2017-06-17,France,2017-06-23,2026-06-11,3275,19,Active
15705281,0,2017-01-26,Spain,2017-02-22,2026-02-10,3275,140,At risk (inactive 90+ days)
15810347,0,2017-05-20,Spain,2017-06-14,2026-05-31,3273,30,Active
15709780,0,2017-06-02,France,2017-06-04,2026-05-21,3273,40,Active
15647474,0,2017-05-20,France,2017-06-08,2026-05-24,3272,37,Active
15795129,0,2017-06-01,France,2017-06-01,2026-05-17,3272,44,Active
15685654,0,2017-06-08,Spain,2017-06-15,2026-05-31,3272,30,Active
15682778,0,2017-05-01,France,2017-05-13,2026-04-27,3271,64,Active
15753719,0,2017-05-18,Germany,2017-05-27,2026-05-10,3270,51,Active
15760177,0,2017-05-17,Spain,2017-05-21,2026-05-04,3270,57,Active
15712825,0,2017-05-25,Spain,2017-07-06,2026-06-18,3269,12,Active
15662085,0,2017-06-28,France,2017-07-06,2026-06-17,3268,13,Active
15719858,0,2017-06-14,Spain,2017-06-24,2026-06-05,3268,25,Active
15689268,0,2017-06-11,France,2017-06-21,2026-06-02,3268,28,Active
15801994,0,2017-05-17,France,2017-06-10,2026-05-21,3267,40,Active
15688880,1,2016-06-05,Germany,2016-06-12,2025-05-22,3266,404,Churned
15790689,0,2017-06-03,Spain,2017-06-14,2026-05-24,3266,37,Active
15570912,0,2017-06-17,Germany,2017-07-02,2026-06-10,3265,20,Active
15632575,0,2017-06-07,France,2017-06-10,2026-05-18,3264,43,Active
15764654,0,2017-06-04,France,2017-06-11,2026-05-19,3264,42,Active
15786078,0,2017-05-14,France,2017-06-02,2026-05-09,3263,52,Active
15748673,0,2017-06-22,France,2017-07-13,2026-06-18,3262,12,Active
15774336,0,2017-06-06,Germany,2017-06-16,2026-05-22,3262,39,Active
15726494,1,2016-07-03,France,2016-07-18,2025-06-22,3261,373,Churned
15763148,0,2017-06-17,France,2017-06-26,2026-05-31,3261,30,Active
15775750,0,2017-03-01,France,2017-06-16,2026-05-21,3261,40,Active
15681509,0,2017-06-25,Spain,2017-07-03,2026-06-07,3261,23,Active
15762331,0,2017-04-13,France,2017-05-02,2026-04-06,3261,85,Active
15578977,0,2017-05-29,France,2017-07-20,2026-06-23,3260,7,Active
15810457,0,2017-04-23,Germany,2017-04-26,2026-03-30,3260,92,At risk (inactive 90+ days)
15646817,0,2017-04-27,France,2017-05-15,2026-04-18,3260,73,Active
15690695,0,2017-06-16,France,2017-06-24,2026-05-28,3260,33,Active
15568742,0,2017-04-23,France,2017-05-01,2026-04-03,3259,88,Active
15708904,0,2017-05-12,France,2017-07-02,2026-06-04,3259,26,Active
15591428,0,2017-05-17,France,2017-05-30,2026-04-29,3256,62,Active
15593555,0,2017-06-30,France,2017-07-01,2026-05-30,3255,31,Active
15591628,0,2017-06-29,Germany,2017-07-13,2026-06-10,3254,20,Active
15778936,0,2017-03-13,France,2017-06-05,2026-05-01,3252,60,Active
15654074,0,2017-07-19,France,2017-07-19,2026-06-12,3250,18,Active
15738662,0,2017-03-23,Germany,2017-04-02,2026-02-23,3249,127,At risk (inactive 90+ days)
15785798,0,2017-06-18,France,2017-06-29,2026-05-21,3248,40,Active
15809279,0,2017-07-07,France,2017-07-11,2026-06-02,3248,28,Active
15639277,0,2017-05-15,France,2017-05-26,2026-04-16,3247,75,Active
15670496,0,2017-05-14,Spain,2017-07-18,2026-06-08,3247,22,Active
15602572,0,2017-05-08,France,2017-06-29,2026-05-20,3247,41,Active
15733444,0,2017-04-04,France,2017-05-19,2026-04-09,3247,82,Active
15682585,0,2017-03-24,France,2017-06-29,2026-05-19,3246,42,Active
15633818,0,2017-06-17,France,2017-07-11,2026-05-30,3245,31,Active
15759290,0,2017-06-07,Spain,2017-07-14,2026-06-01,3244,29,Active
15707120,0,2017-03-01,France,2017-05-17,2026-04-03,3243,88,Active
15575146,0,2017-07-21,Germany,2017-07-25,2026-06-11,3243,19,Active
15778934,0,2017-07-08,Spain,2017-07-18,2026-06-03,3242,27,Active
15689612,0,2017-07-26,Spain,2017-07-30,2026-06-14,3241,16,Active
15578799,1,2015-07-22,France,2015-08-16,2024-06-30,3241,730,Churned
15607748,0,2017-07-24,Germany,2017-08-06,2026-06-20,3240,10,Active
15582335,0,2017-06-02,France,2017-06-08,2026-04-22,3240,69,Active
15624611,0,2017-07-05,Spain,2017-07-11,2026-05-25,3240,36,Active
15591822,0,2017-05-28,Spain,2017-07-03,2026-05-17,3240,44,Active
15634792,0,2017-05-27,France,2017-07-07,2026-05-20,3239,41,Active
15752097,0,2017-07-07,Spain,2017-07-16,2026-05-29,3239,32,Active
15729362,0,2017-07-21,France,2017-07-22,2026-06-03,3238,27,Active
15727546,0,2017-06-22,France,2017-07-03,2026-05-15,3238,46,Active
15706269,0,2017-07-25,France,2017-07-31,2026-06-12,3238,18,Active
15651022,1,2015-11-07,Germany,2015-11-13,2024-09-23,3237,645,Churned
15567446,0,2017-06-07,Germany,2017-06-22,2026-05-03,3237,58,Active
15699911,0,2017-07-24,Spain,2017-08-08,2026-06-19,3237,11,Active
15705991,0,2017-06-24,Germany,2017-07-04,2026-05-15,3237,46,Active
15727021,0,2017-07-28,Germany,2017-08-03,2026-06-14,3237,16,Active
15588560,0,2017-07-24,Germany,2017-08-09,2026-06-20,3237,10,Active
15610711,0,2017-07-14,Germany,2017-07-26,2026-06-06,3237,24,Active
15759872,0,2017-04-04,France,2017-06-15,2026-04-26,3237,65,Active
15631912,0,2017-07-13,France,2017-07-21,2026-05-31,3236,30,Active
15806945,0,2017-04-04,France,2017-04-21,2026-03-01,3236,121,At risk (inactive 90+ days)
15719579,0,2017-06-01,Germany,2017-07-02,2026-05-11,3235,50,Active
15658360,0,2017-02-01,Spain,2017-05-10,2026-03-18,3234,104,At risk (inactive 90+ days)
15763097,0,2017-07-14,Spain,2017-07-14,2026-05-22,3234,39,Active
15602851,0,2017-05-01,France,2017-07-03,2026-05-11,3234,50,Active
15732113,0,2017-07-20,Spain,2017-07-26,2026-06-03,3234,27,Active
15772262,0,2017-03-11,Germany,2017-04-26,2026-03-03,3233,119,At risk (inactive 90+ days)
15661412,0,2017-07-19,France,2017-07-25,2026-06-01,3233,29,Active
15644005,0,2017-06-27,France,2017-07-31,2026-06-06,3232,24,Active
15678129,0,2017-04-20,Spain,2017-07-20,2026-05-26,3232,35,Active
15579969,0,2017-06-28,France,2017-07-05,2026-05-11,3232,50,Active
15631848,0,2017-06-04,France,2017-06-30,2026-05-04,3230,57,Active
15654489,0,2017-07-28,France,2017-08-09,2026-06-12,3229,18,Active
15566111,0,2017-04-08,France,2017-04-13,2026-02-13,3228,137,At risk (inactive 90+ days)
15633531,0,2017-06-24,France,2017-07-12,2026-05-14,3228,47,Active
15586504,0,2016-11-11,France,2017-07-01,2026-05-03,3228,58,Active
15629551,0,2017-05-29,Germany,2017-07-23,2026-05-24,3227,37,Active
15788068,1,2016-01-08,Germany,2016-03-16,2025-01-14,3226,532,Churned
15684995,0,2017-07-10,Spain,2017-07-13,2026-05-13,3226,48,Active
15731522,0,2017-07-24,Spain,2017-07-31,2026-05-30,3225,31,Active
15652192,0,2017-05-19,France,2017-06-06,2026-04-04,3224,87,Active
15760988,0,2017-06-01,Germany,2017-06-04,2026-04-02,3224,89,Active
15624936,0,2017-07-22,France,2017-08-14,2026-06-12,3224,18,Active
15687607,0,2017-03-29,France,2017-06-02,2026-03-29,3222,93,At risk (inactive 90+ days)
15761149,0,2017-07-05,France,2017-07-12,2026-05-08,3222,53,Active
15807709,0,2017-06-14,Germany,2017-08-01,2026-05-27,3221,34,Active
15679622,0,2017-07-21,France,2017-08-14,2026-06-09,3221,21,Active
15730705,0,2017-06-21,France,2017-07-14,2026-05-08,3220,53,Active
15669290,0,2017-07-06,France,2017-07-19,2026-05-13,3220,48,Active
15585222,0,2017-07-17,France,2017-07-21,2026-05-14,3219,47,Active
15622801,0,2017-07-07,France,2017-07-15,2026-05-08,3219,53,Active
15736274,0,2017-07-27,France,2017-08-31,2026-06-23,3218,7,Active
15733581,0,2017-02-10,Germany,2017-06-03,2026-03-26,3218,96,At risk (inactive 90+ days)
15681446,0,2017-06-24,Germany,2017-07-13,2026-05-04,3217,57,Active
15717527,0,2017-06-09,France,2017-07-04,2026-04-23,3215,68,Active
15777504,0,2017-08-12,France,2017-08-19,2026-06-07,3214,23,Active
15582841,0,2017-08-27,France,2017-09-01,2026-06-19,3213,11,Active
15704231,0,2017-08-12,France,2017-08-21,2026-06-08,3213,22,Active
15674932,0,2017-03-09,Spain,2017-06-11,2026-03-28,3212,94,At risk (inactive 90+ days)
15604146,0,2017-08-19,Germany,2017-08-24,2026-06-10,3212,20,Active
15724145,0,2017-07-15,Germany,2017-08-25,2026-06-10,3211,20,Active
15762928,0,2017-07-13,Spain,2017-08-05,2026-05-21,3211,40,Active
15616555,0,2017-08-03,Germany,2017-08-12,2026-05-28,3211,33,Active
15790658,0,2017-07-30,Spain,2017-08-22,2026-06-07,3211,23,Active
15743149,0,2017-08-09,France,2017-08-17,2026-06-02,3211,28,Active
15674750,0,2017-07-22,Spain,2017-08-25,2026-06-10,3211,20,Active
15628715,0,2017-08-27,France,2017-09-06,2026-06-22,3211,8,Active
15751208,0,2017-07-06,Spain,2017-07-25,2026-05-09,3210,52,Active
15594084,0,2017-06-12,France,2017-08-01,2026-05-16,3210,45,Active
15647546,0,2017-07-11,Germany,2017-07-28,2026-05-12,3210,49,Active
15765375,0,2017-07-27,France,2017-08-05,2026-05-20,3210,41,Active
15594720,0,2017-07-30,Germany,2017-08-19,2026-06-02,3209,28,Active
15640260,0,2017-08-11,Germany,2017-08-19,2026-06-02,3209,28,Active
15712176,0,2017-08-26,France,2017-09-02,2026-06-16,3209,14,Active
15703292,0,2017-07-19,France,2017-08-15,2026-05-28,3208,33,Active
15799825,0,2017-08-15,France,2017-08-18,2026-05-30,3207,31,Active
15681550,0,2017-07-16,France,2017-07-17,2026-04-28,3207,63,Active
15702788,0,2017-04-16,France,2017-08-24,2026-06-05,3207,25,Active
15675231,0,2017-07-10,France,2017-08-02,2026-05-14,3207,47,Active
15571121,0,2017-08-16,France,2017-08-20,2026-06-01,3207,29,Active
15613787,0,2017-07-04,Spain,2017-08-04,2026-05-16,3207,45,Active
15811589,0,2017-08-20,Spain,2017-08-24,2026-06-04,3206,26,Active
15642530,1,2015-12-25,Germany,2016-02-05,2024-11-15,3206,592,Churned
15646366,0,2017-08-07,Germany,2017-08-08,2026-05-19,3206,42,Active
15787168,0,2017-08-19,Spain,2017-08-31,2026-06-11,3206,19,Active
15676521,0,2017-07-30,France,2017-08-01,2026-05-11,3205,50,Active
15650351,0,2017-07-05,France,2017-07-09,2026-04-18,3205,73,Active
15722061,0,2017-07-19,Germany,2017-08-24,2026-06-03,3205,27,Active
15763414,0,2017-06-17,Germany,2017-08-30,2026-06-09,3205,21,Active
15766378,0,2017-06-08,Germany,2017-08-09,2026-05-19,3205,42,Active
15791501,0,2017-08-21,France,2017-08-23,2026-06-02,3205,28,Active
15810807,0,2017-05-25,France,2017-07-22,2026-04-30,3204,61,Active
15579994,0,2017-08-18,France,2017-08-28,2026-06-06,3204,24,Active
15596761,1,2017-02-06,Germany,2017-02-07,2025-11-15,3203,227,Churned
15652615,0,2017-08-18,France,2017-08-22,2026-05-30,3203,31,Active
15778287,0,2017-08-25,France,2017-08-28,2026-06-04,3202,26,Active
15802585,0,2017-07-08,France,2017-07-21,2026-04-27,3202,64,Active
15720338,0,2017-08-18,Spain,2017-09-05,2026-06-12,3202,18,Active
15714355,0,2017-07-09,Germany,2017-08-11,2026-05-18,3202,43,Active
15677135,0,2017-08-02,Germany,2017-08-23,2026-05-29,3201,32,Active
15665087,0,2017-08-19,Germany,2017-08-21,2026-05-27,3201,34,Active
15713250,0,2017-08-15,France,2017-08-21,2026-05-27,3201,34,Active
15726695,0,2017-04-13,Spain,2017-08-25,2026-05-31,3201,30,Active
15618446,0,2017-08-22,France,2017-09-11,2026-06-17,3201,13,Active
15759244,0,2017-08-23,Germany,2017-09-10,2026-06-15,3200,15,Active
15741865,0,2017-06-06,France,2017-06-11,2026-03-15,3199,107,At risk (inactive 90+ days)
15641715,0,2017-07-03,France,2017-07-27,2026-04-30,3199,61,Active
15624423,0,2017-08-23,France,2017-08-24,2026-05-28,3199,33,Active
15599976,0,2017-06-06,France,2017-08-27,2026-05-31,3199,30,Active
15722599,0,2017-06-13,France,2017-07-20,2026-04-23,3199,68,Active
15588839,0,2017-08-30,Spain,2017-09-15,2026-06-19,3199,11,Active
15771154,0,2017-08-22,France,2017-09-14,2026-06-17,3198,13,Active
15604348,0,2017-08-29,Spain,2017-09-05,2026-06-07,3197,23,Active
15768244,0,2017-08-20,Spain,2017-08-30,2026-06-01,3197,29,Active
15787014,0,2017-08-09,Germany,2017-08-20,2026-05-22,3197,39,Active
15592765,0,2017-07-05,France,2017-08-13,2026-05-14,3196,47,Active
15572626,0,2017-08-26,Spain,2017-09-05,2026-06-06,3196,24,Active
15589428,0,2017-06-14,France,2017-08-15,2026-05-16,3196,45,Active
15800295,0,2017-05-20,Germany,2017-06-27,2026-03-28,3196,94,At risk (inactive 90+ days)
15638788,0,2017-08-07,France,2017-08-24,2026-05-25,3196,36,Active
15632069,0,2017-08-15,France,2017-08-29,2026-05-29,3195,32,Active
15639552,0,2017-07-07,Germany,2017-08-21,2026-05-20,3194,41,Active
15628298,0,2017-08-12,Spain,2017-09-01,2026-05-30,3193,31,Active
15615444,0,2017-08-10,Germany,2017-08-24,2026-05-22,3193,39,Active
15721469,0,2017-03-13,Germany,2017-08-30,2026-05-28,3193,33,Active
15591995,0,2017-07-06,Germany,2017-07-15,2026-04-11,3192,80,Active
15764073,0,2017-06-20,Spain,2017-07-25,2026-04-21,3192,70,Active
15570086,0,2017-05-19,Germany,2017-07-16,2026-04-12,3192,79,Active
15624180,1,2016-06-19,Germany,2016-07-10,2025-04-06,3192,450,Churned
15726945,0,2017-08-18,France,2017-08-29,2026-05-25,3191,36,Active
15642248,0,2017-08-23,Spain,2017-09-08,2026-06-04,3191,26,Active
15744046,0,2017-09-16,Spain,2017-09-16,2026-06-12,3191,18,Active
15785705,1,2015-12-17,Germany,2016-01-28,2024-10-23,3191,615,Churned
15780362,0,2017-05-30,France,2017-09-08,2026-06-04,3191,26,Active
15725068,0,2017-06-01,Spain,2017-06-22,2026-03-17,3190,105,At risk (inactive 90+ days)
15774262,0,2017-08-06,Germany,2017-09-02,2026-05-28,3190,33,Active
15675650,0,2017-08-21,France,2017-09-10,2026-06-05,3190,25,Active
15806420,0,2017-06-24,France,2017-08-13,2026-05-08,3190,53,Active
15728480,0,2017-08-08,France,2017-08-30,2026-05-25,3190,36,Active
15658670,0,2017-07-11,France,2017-08-24,2026-05-17,3188,44,Active
15723006,0,2017-09-13,France,2017-09-13,2026-06-04,3186,26,Active
15642336,0,2017-06-09,France,2017-09-05,2026-05-27,3186,34,Active
15748995,0,2017-07-01,Spain,2017-08-22,2026-05-13,3186,48,Active
15707007,0,2017-08-25,France,2017-09-14,2026-06-03,3184,27,Active
15660871,0,2017-09-30,France,2017-10-03,2026-06-21,3183,9,Active
15665678,0,2017-09-10,Spain,2017-09-18,2026-06-03,3180,27,Active
15592326,0,2017-08-25,France,2017-09-20,2026-06-05,3180,25,Active
15620103,0,2017-09-22,France,2017-09-29,2026-06-14,3180,16,Active
15733491,0,2017-08-02,Germany,2017-09-13,2026-05-29,3180,32,Active
15730540,0,2017-08-17,Spain,2017-09-19,2026-06-03,3179,27,Active
15718588,0,2017-01-24,France,2017-10-01,2026-06-15,3179,15,Active
15664752,0,2017-08-12,Germany,2017-08-20,2026-05-03,3178,58,Active
15674343,0,2017-08-07,France,2017-09-21,2026-06-03,3177,27,Active
15631481,0,2017-09-13,France,2017-09-22,2026-06-04,3177,26,Active
15736008,1,2016-12-22,France,2017-04-08,2025-12-18,3176,194,Churned
15596060,0,2017-08-06,Spain,2017-08-06,2026-04-17,3176,74,Active
15705639,0,2017-08-16,France,2017-08-20,2026-04-30,3175,61,Active
15747222,0,2017-09-13,Spain,2017-09-28,2026-06-08,3175,22,Active
15593280,0,2017-09-24,Germany,2017-10-01,2026-06-11,3175,19,Active
15702566,0,2017-09-28,Spain,2017-10-03,2026-06-13,3175,17,Active
15700325,0,2017-08-06,France,2017-08-21,2026-05-01,3175,60,Active
15577913,0,2017-09-17,France,2017-09-29,2026-06-09,3175,21,Active
15640635,0,2017-09-30,France,2017-10-09,2026-06-18,3174,12,Active
15797227,0,2017-09-08,France,2017-09-17,2026-05-27,3174,34,Active
15796179,0,2017-09-24,France,2017-10-05,2026-06-14,3174,16,Active
15673333,0,2017-09-07,Germany,2017-09-21,2026-05-31,3174,30,Active
15610343,1,2015-10-04,France,2015-10-16,2024-06-24,3174,736,Churned
15572728,0,2017-09-23,Spain,2017-10-10,2026-06-18,3173,12,Active
15590730,0,2017-04-15,Spain,2017-09-15,2026-05-23,3172,38,Active
15628904,0,2017-08-24,Spain,2017-09-30,2026-06-07,3172,23,Active
15621629,0,2017-09-25,Germany,2017-10-09,2026-06-15,3171,15,Active
15566633,0,2017-08-18,Germany,2017-08-26,2026-05-02,3171,59,Active
15782531,0,2017-09-28,Spain,2017-10-11,2026-06-16,3170,14,Active
15577905,0,2017-09-03,France,2017-09-06,2026-05-10,3168,51,Active
15767594,0,2017-08-09,France,2017-09-26,2026-05-30,3168,31,Active
15692926,0,2017-07-26,Germany,2017-09-27,2026-05-30,3167,31,Active
15600832,0,2017-05-21,France,2017-07-26,2026-03-28,3167,94,At risk (inactive 90+ days)
15607301,0,2017-09-29,Spain,2017-10-15,2026-06-17,3167,13,Active
15714993,0,2017-03-30,France,2017-10-16,2026-06-17,3166,13,Active
15751531,0,2017-09-06,Spain,2017-09-22,2026-05-24,3166,37,Active
15697283,0,2017-09-07,Spain,2017-09-16,2026-05-18,3166,43,Active
15801767,0,2017-07-15,Spain,2017-07-17,2026-03-18,3166,104,At risk (inactive 90+ days)
15770974,0,2017-09-23,Germany,2017-10-16,2026-06-17,3166,13,Active
15752375,0,2017-09-27,Germany,2017-09-30,2026-05-31,3165,30,Active
15809901,0,2017-07-09,France,2017-09-18,2026-05-19,3165,42,Active
15733661,0,2017-09-24,Spain,2017-10-14,2026-06-14,3165,16,Active
15761706,0,2017-09-22,Spain,2017-09-22,2026-05-23,3165,38,Active
15781589,0,2017-09-01,Spain,2017-09-04,2026-05-04,3164,57,Active
15601892,0,2017-09-13,France,2017-10-06,2026-06-05,3164,25,Active
15565891,0,2017-09-20,France,2017-09-23,2026-05-23,3164,38,Active
15815097,0,2017-06-23,France,2017-09-14,2026-05-14,3164,47,Active
15607691,0,2017-09-12,France,2017-09-28,2026-05-24,3160,37,Active
15768270,0,2017-05-18,Spain,2017-10-01,2026-05-27,3160,34,Active
15622171,0,2017-09-23,France,2017-10-23,2026-06-16,3158,14,Active
15595991,0,2017-10-18,France,2017-10-19,2026-06-11,3157,19,Active
15742358,0,2017-07-06,Germany,2017-07-24,2026-03-15,3156,107,At risk (inactive 90+ days)
15785899,0,2017-09-06,Germany,2017-09-17,2026-05-09,3156,52,Active
15618314,0,2017-07-25,France,2017-07-25,2026-03-16,3156,106,At risk (inactive 90+ days)
15640769,0,2017-09-26,France,2017-10-10,2026-06-01,3156,29,Active
15783477,0,2017-09-12,Germany,2017-10-16,2026-06-07,3156,23,Active
15798341,0,2017-09-08,France,2017-09-23,2026-05-15,3156,46,Active
15571778,1,2016-04-11,France,2016-05-13,2025-01-01,3155,545,Churned
15710928,0,2017-09-28,France,2017-10-17,2026-06-07,3155,23,Active
15646756,0,2017-10-07,France,2017-10-12,2026-06-02,3155,28,Active
15595153,0,2017-09-18,Germany,2017-10-20,2026-06-09,3154,21,Active
15662641,0,2017-08-24,France,2017-10-12,2026-06-01,3154,29,Active
15611759,0,2017-09-07,Spain,2017-09-25,2026-05-14,3153,47,Active
15690130,0,2017-07-09,France,2017-08-23,2026-04-11,3153,80,Active
15802857,0,2017-09-06,Spain,2017-09-23,2026-05-12,3153,49,Active
15779103,0,2017-02-26,Germany,2017-10-03,2026-05-22,3153,39,Active
15804256,0,2017-09-15,Germany,2017-09-29,2026-05-17,3152,44,Active
15773447,0,2017-08-18,Spain,2017-09-05,2026-04-23,3152,68,Active
15620579,0,2017-10-10,Spain,2017-10-15,2026-06-02,3152,28,Active
15775339,0,2017-08-16,France,2017-08-31,2026-04-18,3152,73,Active
15595640,0,2017-10-18,France,2017-10-24,2026-06-11,3152,19,Active
15619238,0,2017-08-12,Spain,2017-08-17,2026-04-03,3151,88,Active
15721917,0,2017-09-06,France,2017-10-14,2026-05-30,3150,31,Active
15573319,0,2017-09-25,Germany,2017-09-27,2026-05-13,3150,48,Active
15753215,0,2017-09-20,Spain,2017-09-26,2026-05-12,3150,49,Active
15781127,0,2017-10-31,Spain,2017-11-03,2026-06-19,3150,11,Active
15716835,0,2017-10-24,France,2017-11-03,2026-06-18,3149,12,Active
15676353,0,2017-10-12,France,2017-10-15,2026-05-30,3149,31,Active
15768566,0,2017-07-07,France,2017-08-27,2026-04-11,3149,80,Active
15725429,0,2017-10-23,Germany,2017-11-01,2026-06-15,3148,15,Active
15790412,0,2017-10-01,Spain,2017-10-09,2026-05-23,3148,38,Active
15691627,0,2017-10-14,France,2017-10-21,2026-06-04,3148,26,Active
15813844,0,2017-09-13,France,2017-10-15,2026-05-28,3147,33,Active
15748920,0,2017-10-04,France,2017-10-14,2026-05-27,3147,34,Active
15751710,0,2017-10-20,Spain,2017-11-01,2026-06-13,3146,17,Active
15736760,0,2017-06-17,Spain,2017-08-06,2026-03-18,3146,104,At risk (inactive 90+ days)
15679075,0,2017-10-24,France,2017-10-26,2026-06-06,3145,24,Active
15690796,0,2017-10-20,France,2017-10-27,2026-06-07,3145,23,Active
15703167,0,2017-09-05,France,2017-09-10,2026-04-21,3145,70,Active
15647807,0,2017-10-05,France,2017-10-11,2026-05-22,3145,39,Active
15782456,0,2017-06-21,France,2017-08-09,2026-03-19,3144,103,At risk (inactive 90+ days)
15799384,0,2017-09-12,France,2017-10-20,2026-05-29,3143,32,Active
15788775,0,2017-09-02,Germany,2017-09-02,2026-04-11,3143,80,Active
15579808,0,2017-10-28,Germany,2017-10-29,2026-06-06,3142,24,Active
15789546,0,2017-07-11,Spain,2017-09-24,2026-05-01,3141,60,Active
15602405,0,2017-06-03,Germany,2017-07-19,2026-02-23,3141,127,At risk (inactive 90+ days)
15793343,0,2017-08-05,France,2017-08-24,2026-03-31,3141,91,At risk (inactive 90+ days)
15688865,0,2017-02-17,France,2017-10-20,2026-05-27,3141,34,Active
15646161,0,2017-10-02,Spain,2017-10-07,2026-05-13,3140,48,Active
15761763,0,2017-07-23,France,2017-07-28,2026-03-03,3140,119,At risk (inactive 90+ days)
15769781,0,2017-09-21,Spain,2017-10-21,2026-05-27,3140,34,Active
15595162,0,2017-10-31,Spain,2017-11-11,2026-06-17,3140,13,Active
15684348,0,2017-10-27,France,2017-11-05,2026-06-11,3140,19,Active
15604044,0,2017-09-21,France,2017-10-02,2026-05-07,3139,54,Active
15797686,0,2017-08-13,France,2017-10-18,2026-05-23,3139,38,Active
15742613,0,2017-09-28,Germany,2017-10-16,2026-05-21,3139,40,Active
15669410,0,2017-10-11,France,2017-10-15,2026-05-20,3139,41,Active
15592877,0,2017-06-09,Spain,2017-07-13,2026-02-15,3139,135,At risk (inactive 90+ days)
15776467,0,2017-08-06,Spain,2017-09-17,2026-04-21,3138,70,Active
15772381,0,2017-09-19,Germany,2017-10-28,2026-06-01,3138,29,Active
15703778,0,2017-10-16,France,2017-10-17,2026-05-21,3138,40,Active
15697035,0,2017-10-26,Spain,2017-11-07,2026-06-11,3138,19,Active
15691874,0,2017-04-12,France,2017-09-16,2026-04-20,3138,71,Active
15644934,0,2017-06-26,France,2017-10-27,2026-05-31,3138,30,Active
15605341,0,2017-10-31,France,2017-11-17,2026-06-21,3138,9,Active
15607877,0,2017-10-20,Spain,2017-11-07,2026-06-11,3138,19,Active
15628893,0,2017-08-24,France,2017-10-09,2026-05-12,3137,49,Active
15781465,0,2017-08-20,Germany,2017-09-07,2026-04-09,3136,82,Active
15799211,0,2017-10-24,Spain,2017-11-13,2026-06-15,3136,15,Active
15800620,0,2017-05-08,France,2017-09-24,2026-04-26,3136,65,Active
15704315,0,2017-09-04,France,2017-10-25,2026-05-27,3136,34,Active
15676869,0,2017-09-16,Spain,2017-10-08,2026-05-10,3136,51,Active
15653253,0,2017-10-20,Spain,2017-11-08,2026-06-09,3135,21,Active
15589320,0,2017-10-16,Spain,2017-10-23,2026-05-24,3135,37,Active
15722083,0,2017-08-15,Spain,2017-09-02,2026-04-03,3135,88,Active
15738501,1,2017-03-23,Germany,2017-04-02,2025-11-01,3135,241,Churned
15588372,1,2016-09-07,Germany,2016-09-16,2025-04-16,3134,440,Churned
15615828,0,2017-09-24,France,2017-09-26,2026-04-26,3134,65,Active
15754820,0,2017-10-09,Germany,2017-10-23,2026-05-23,3134,38,Active
15778290,0,2017-09-26,France,2017-10-11,2026-05-11,3134,50,Active
15581551,0,2017-10-05,Spain,2017-10-14,2026-05-14,3134,47,Active
15713912,0,2017-09-16,Spain,2017-09-28,2026-04-26,3132,65,Active
15740411,0,2017-10-29,Germany,2017-11-02,2026-05-31,3132,30,Active
15593470,0,2017-08-24,Germany,2017-10-08,2026-05-05,3131,56,Active
15674206,0,2017-09-29,France,2017-11-04,2026-05-31,3130,30,Active
15796496,0,2017-10-02,France,2017-11-02,2026-05-29,3130,32,Active
15757541,1,2017-02-14,France,2017-02-24,2025-09-19,3129,284,Churned
15567993,0,2017-10-11,Spain,2017-11-04,2026-05-29,3128,32,Active
15643294,0,2017-10-24,France,2017-11-01,2026-05-26,3128,35,Active
15813894,0,2017-06-11,Spain,2017-09-22,2026-04-16,3128,75,Active
15643361,0,2017-09-23,Germany,2017-09-30,2026-04-23,3127,68,Active
15741921,0,2017-10-02,Spain,2017-10-20,2026-05-12,3126,49,Active
15654870,0,2017-10-08,France,2017-10-20,2026-05-12,3126,49,Active
15732293,0,2017-08-21,Spain,2017-10-13,2026-05-05,3126,56,Active
15711396,0,2017-11-07,Spain,2017-11-10,2026-06-02,3126,28,Active
15723373,0,2017-09-08,Spain,2017-09-27,2026-04-18,3125,73,Active
15587596,0,2017-09-05,Spain,2017-10-22,2026-05-13,3125,48,Active
15790678,0,2017-09-26,France,2017-11-02,2026-05-23,3124,38,Active
15746726,0,2017-09-26,Germany,2017-10-17,2026-05-06,3123,55,Active
15612187,0,2017-08-11,Germany,2017-09-23,2026-04-12,3123,79,Active
15595537,0,2017-06-21,Germany,2017-11-26,2026-06-15,3123,15,Active
15810563,0,2017-11-06,Spain,2017-11-06,2026-05-26,3123,35,Active
15604217,0,2017-04-03,France,2017-06-25,2026-01-11,3122,170,At risk (inactive 90+ days)
15679963,0,2017-11-15,Germany,2017-11-16,2026-06-04,3122,26,Active
15741197,0,2017-08-30,Spain,2017-09-15,2026-04-03,3122,88,Active
15657321,0,2017-09-14,Germany,2017-11-01,2026-05-19,3121,42,Active
15758449,0,2017-11-27,France,2017-12-01,2026-06-17,3120,13,Active
15749688,0,2017-11-13,France,2017-11-13,2026-05-30,3120,31,Active
15762615,0,2017-11-15,Spain,2017-11-25,2026-06-10,3119,20,Active
15594862,0,2017-11-19,France,2017-11-27,2026-06-12,3119,18,Active
15770375,0,2017-09-22,Germany,2017-10-31,2026-05-16,3119,45,Active
15635285,0,2017-09-20,France,2017-09-26,2026-04-10,3118,81,Active
15799156,0,2017-07-31,Spain,2017-11-06,2026-05-20,3117,41,Active
15664523,0,2017-11-06,Germany,2017-11-10,2026-05-24,3117,37,Active
15683993,0,2017-11-05,France,2017-11-14,2026-05-28,3117,33,Active
15811032,0,2017-10-13,Germany,2017-11-09,2026-05-23,3117,38,Active
15578073,0,2017-08-02,Spain,2017-11-08,2026-05-21,3116,40,Active
15768495,1,2017-07-21,France,2017-08-02,2026-02-11,3115,139,Churned
15583595,0,2017-11-27,France,2017-12-02,2026-06-12,3114,18,Active
15732448,0,2017-11-23,France,2017-12-04,2026-06-14,3114,16,Active
15636872,0,2017-08-03,France,2017-08-06,2026-02-14,3114,136,At risk (inactive 90+ days)
15691111,0,2017-10-04,Germany,2017-11-18,2026-05-27,3112,34,Active
15566689,0,2017-11-09,Spain,2017-11-16,2026-05-25,3112,36,Active
15614520,0,2017-10-07,France,2017-11-16,2026-05-25,3112,36,Active
15605791,0,2017-06-21,Germany,2017-07-04,2026-01-10,3112,171,At risk (inactive 90+ days)
15567919,0,2017-11-25,Germany,2017-12-14,2026-06-21,3111,9,Active
15727391,0,2017-06-15,Germany,2017-09-25,2026-04-02,3111,89,Active
15794345,0,2017-11-19,Spain,2017-11-26,2026-05-31,3108,30,Active
15638463,0,2017-11-21,Germany,2017-11-22,2026-05-26,3107,35,Active
15635597,0,2017-11-16,France,2017-11-19,2026-05-23,3107,38,Active
15623744,0,2017-10-29,France,2017-11-10,2026-05-14,3107,47,Active
15634141,0,2017-08-05,Germany,2017-09-26,2026-03-29,3106,93,At risk (inactive 90+ days)
15619529,0,2017-10-02,Spain,2017-10-03,2026-04-05,3106,86,Active
15730273,0,2017-11-19,France,2017-12-10,2026-06-12,3106,18,Active
15775756,0,2017-09-28,Germany,2017-11-09,2026-05-12,3106,49,Active
15568885,0,2017-10-03,Germany,2017-11-10,2026-05-13,3106,48,Active
15699532,0,2017-10-03,France,2017-11-12,2026-05-15,3106,46,Active
15599433,0,2017-10-23,Germany,2017-11-04,2026-05-06,3105,55,Active
15775892,0,2017-09-16,Spain,2017-11-20,2026-05-22,3105,39,Active
15708003,0,2017-11-07,Spain,2017-11-20,2026-05-22,3105,39,Active
15797900,1,2017-06-22,France,2017-07-14,2026-01-13,3105,168,Churned
15668058,0,2017-10-17,Germany,2017-10-26,2026-04-26,3104,65,Active
15659677,0,2017-11-12,France,2017-12-04,2026-06-04,3104,26,Active
15632365,0,2017-11-29,Germany,2017-12-14,2026-06-13,3103,17,Active
15814750,0,2017-11-03,Spain,2017-11-15,2026-05-15,3103,46,Active
15774133,0,2017-11-04,France,2017-11-15,2026-05-14,3102,47,Active
15629002,0,2017-10-14,Germany,2017-11-09,2026-05-08,3102,53,Active
15739576,0,2017-10-16,Spain,2017-11-20,2026-05-18,3101,43,Active
15711991,0,2017-10-22,France,2017-11-16,2026-05-14,3101,47,Active
15813451,0,2017-10-05,Spain,2017-10-17,2026-04-14,3101,77,Active
15682472,0,2017-10-07,France,2017-10-26,2026-04-22,3100,69,Active
15718247,0,2017-11-27,Spain,2017-12-07,2026-06-03,3100,27,Active
15680843,0,2017-10-18,France,2017-11-14,2026-05-11,3100,50,Active
15586752,0,2017-11-01,Germany,2017-11-22,2026-05-19,3100,42,Active
15722212,0,2017-07-13,France,2017-08-15,2026-02-08,3099,142,At risk (inactive 90+ days)
15762134,0,2017-11-03,Germany,2017-11-16,2026-05-12,3099,49,Active
15566790,0,2017-11-27,France,2017-12-13,2026-06-08,3099,22,Active
15655574,0,2017-10-13,Germany,2017-10-19,2026-04-13,3098,78,Active
15574072,0,2017-11-08,France,2017-11-22,2026-05-17,3098,44,Active
15720941,0,2017-11-29,Germany,2017-11-30,2026-05-25,3098,36,Active
15623277,0,2017-11-25,France,2017-12-10,2026-06-03,3097,27,Active
15775234,0,2017-08-23,France,2017-10-23,2026-04-16,3097,75,Active
15709136,0,2017-12-07,France,2017-12-10,2026-06-02,3096,28,Active
15761241,0,2017-12-24,Germany,2017-12-25,2026-06-16,3095,14,Active
15585892,0,2017-11-22,France,2017-12-17,2026-06-08,3095,22,Active
15756277,0,2017-11-09,Germany,2017-11-29,2026-05-21,3095,40,Active
15664227,0,2017-10-25,Germany,2017-12-11,2026-06-01,3094,29,Active
15757981,0,2017-09-21,France,2017-12-12,2026-06-02,3094,28,Active
15567078,0,2017-11-18,France,2017-12-22,2026-06-11,3093,19,Active
15645059,0,2017-12-10,France,2017-12-12,2026-06-01,3093,29,Active
15586243,0,2017-11-14,France,2017-12-08,2026-05-27,3092,34,Active
15615896,0,2017-09-06,Spain,2017-10-14,2026-04-01,3091,90,Active
15768465,0,2017-12-31,Germany,2018-01-02,2026-06-20,3091,10,Active
15614827,0,2017-12-10,France,2017-12-14,2026-05-31,3090,30,Active
15743478,0,2017-12-16,Germany,2017-12-19,2026-06-05,3090,25,Active
15625035,0,2017-11-26,France,2017-12-19,2026-06-05,3090,25,Active
15659807,0,2017-11-25,Spain,2017-12-15,2026-06-01,3090,29,Active
15713144,0,2017-12-23,Spain,2018-01-01,2026-06-17,3089,13,Active
15666141,0,2017-11-07,Spain,2017-11-08,2026-04-24,3089,67,Active
15696852,1,2017-01-28,France,2017-02-11,2025-07-28,3089,337,Churned
15708608,0,2017-12-23,France,2017-12-27,2026-06-11,3088,19,Active
15700255,0,2017-10-12,Germany,2017-11-06,2026-04-21,3088,70,Active
15767598,0,2017-12-31,Spain,2018-01-08,2026-06-22,3087,8,Active
15662571,0,2017-09-27,France,2017-11-06,2026-04-20,3087,71,Active
15792722,0,2017-12-05,France,2017-12-05,2026-05-18,3086,43,Active
15662955,0,2017-10-30,France,2018-01-06,2026-06-19,3086,11,Active
15582714,1,2016-11-10,Germany,2016-11-28,2025-05-11,3086,415,Churned
15812647,0,2017-12-20,France,2017-12-20,2026-06-02,3086,28,Active
15735784,0,2017-12-16,France,2017-12-26,2026-06-08,3086,22,Active
15596021,0,2017-08-27,Spain,2017-11-19,2026-05-01,3085,60,Active
15770291,0,2017-11-04,France,2017-12-10,2026-05-22,3085,39,Active
15800845,0,2017-12-12,Spain,2017-12-14,2026-05-25,3084,36,Active
15730353,0,2017-03-11,Germany,2017-04-12,2025-09-21,3084,282,At risk (inactive 90+ days)
15705918,0,2017-12-22,France,2018-01-05,2026-06-16,3084,14,Active
15594915,0,2017-11-13,France,2017-12-06,2026-05-17,3084,44,Active
15709441,0,2017-12-22,Spain,2017-12-23,2026-06-02,3083,28,Active
15707441,0,2017-12-06,Spain,2017-12-15,2026-05-25,3083,36,Active
15679642,0,2017-12-18,Spain,2017-12-18,2026-05-27,3082,34,Active
15795881,0,2017-12-12,Spain,2017-12-16,2026-05-25,3082,36,Active
15659064,0,2017-11-18,Spain,2017-12-14,2026-05-22,3081,39,Active
15670619,0,2017-11-12,France,2017-12-27,2026-06-02,3079,28,Active
15572792,0,2017-11-14,Spain,2017-12-11,2026-05-17,3079,44,Active
15599452,0,2017-12-19,Germany,2017-12-22,2026-05-28,3079,33,Active
15763327,0,2017-11-17,France,2017-11-20,2026-04-26,3079,65,Active
15581388,0,2017-11-18,Spain,2017-11-20,2026-04-26,3079,65,Active
15805261,0,2017-10-10,Spain,2017-10-25,2026-03-31,3079,91,At risk (inactive 90+ days)
15703068,0,2017-12-19,Germany,2017-12-29,2026-06-03,3078,27,Active
15754999,0,2017-12-17,France,2018-01-08,2026-06-12,3077,18,Active
15664506,0,2017-12-12,Spain,2017-12-16,2026-05-20,3077,41,Active
15725664,0,2017-11-19,France,2017-12-21,2026-05-24,3076,37,Active
15684861,0,2017-12-30,France,2018-01-18,2026-06-21,3076,9,Active
15621031,0,2017-12-04,Spain,2017-12-28,2026-05-31,3076,30,Active
15806027,1,2017-03-07,France,2017-07-03,2025-12-03,3075,209,Churned
15654106,0,2017-10-08,France,2017-12-15,2026-05-17,3075,44,Active
15785042,0,2017-08-01,France,2017-12-24,2026-05-26,3075,35,Active
15812365,0,2017-11-26,France,2017-12-30,2026-06-01,3075,29,Active
15635531,0,2017-12-19,Spain,2018-01-06,2026-06-08,3075,22,Active
15757577,0,2017-12-08,France,2017-12-16,2026-05-17,3074,44,Active
15663939,0,2017-12-24,Germany,2017-12-28,2026-05-29,3074,32,Active
15568162,0,2017-12-25,Spain,2018-01-18,2026-06-19,3074,11,Active
15790235,0,2017-11-04,Spain,2017-11-15,2026-04-15,3073,76,Active
15710726,0,2017-12-22,France,2018-01-11,2026-06-10,3072,20,Active
15680918,0,2017-12-22,Spain,2017-12-30,2026-05-28,3071,33,Active
15777553,1,2017-01-10,France,2017-01-21,2025-06-18,3070,377,Churned
15794479,0,2017-11-02,Spain,2017-11-21,2026-04-17,3069,74,Active
15655794,0,2017-11-09,France,2017-12-06,2026-04-30,3067,61,Active
15580043,0,2017-11-25,Spain,2017-12-06,2026-04-30,3067,61,Active
15654506,0,2017-12-08,France,2017-12-15,2026-05-08,3066,53,Active
15660602,0,2017-11-06,Germany,2017-11-15,2026-04-08,3066,83,Active
15701074,0,2017-12-09,Germany,2017-12-30,2026-05-23,3066,38,Active
15593683,0,2017-10-28,Spain,2017-10-31,2026-03-24,3066,98,At risk (inactive 90+ days)
15747867,0,2017-06-09,France,2017-08-13,2026-01-03,3065,178,At risk (inactive 90+ days)
15654341,0,2017-11-14,France,2018-01-15,2026-06-07,3065,23,Active
15585599,0,2017-12-12,France,2018-01-03,2026-05-26,3065,35,Active
15717065,0,2017-07-15,France,2017-09-16,2026-02-06,3065,144,At risk (inactive 90+ days)
15625445,0,2018-01-21,France,2018-01-23,2026-06-15,3065,15,Active
15680346,0,2017-12-11,Spain,2017-12-20,2026-05-11,3064,50,Active
15613197,0,2017-11-19,France,2018-01-25,2026-06-15,3063,15,Active
15769783,0,2017-12-01,Spain,2017-12-15,2026-05-04,3062,57,Active
15725166,0,2017-11-07,France,2017-11-23,2026-04-11,3061,80,Active
15685844,0,2018-01-11,Germany,2018-01-19,2026-06-07,3061,23,Active
15764537,0,2017-12-17,France,2018-01-23,2026-06-09,3059,21,Active
15733705,0,2018-01-15,France,2018-01-24,2026-06-10,3059,20,Active
15761976,0,2017-11-18,Spain,2017-11-21,2026-04-06,3058,85,Active
15685279,0,2018-01-04,Spain,2018-01-11,2026-05-27,3058,34,Active
15591257,0,2018-01-04,France,2018-01-15,2026-05-30,3057,31,Active
15671804,0,2017-12-02,Spain,2017-12-25,2026-05-09,3057,52,Active
15599024,0,2018-01-06,Spain,2018-01-06,2026-05-21,3057,40,Active
15595447,0,2017-12-14,Spain,2018-01-17,2026-06-01,3057,29,Active
15637857,0,2017-12-03,France,2017-12-21,2026-05-05,3057,56,Active
15685357,0,2017-12-04,Spain,2017-12-21,2026-05-04,3056,57,Active
15600103,0,2018-01-17,Germany,2018-01-17,2026-05-31,3056,30,Active
15721921,0,2018-01-30,France,2018-02-12,2026-06-26,3056,4,Active
15727197,1,2017-02-28,France,2017-03-02,2025-07-13,3055,352,Churned
15801934,0,2018-01-26,France,2018-02-03,2026-06-16,3055,14,Active
15733872,1,2016-04-29,Germany,2016-07-10,2024-11-20,3055,587,Churned
15665222,0,2017-10-12,Spain,2017-11-25,2026-04-06,3054,85,Active
15799422,0,2017-12-04,France,2017-12-26,2026-05-05,3052,56,Active
15601008,0,2017-12-12,France,2018-01-24,2026-06-03,3052,27,Active
15601627,0,2018-01-07,France,2018-01-22,2026-06-01,3052,29,Active
15693683,0,2017-12-07,Germany,2018-01-10,2026-05-19,3051,42,Active
15690079,0,2017-12-16,Spain,2018-01-27,2026-06-05,3051,25,Active
15761654,0,2017-12-11,Spain,2018-01-03,2026-05-12,3051,49,Active
15615832,0,2017-12-15,Spain,2018-01-15,2026-05-24,3051,37,Active
15718531,0,2017-11-01,France,2017-12-25,2026-05-03,3051,58,Active
15815420,0,2018-01-23,Spain,2018-02-11,2026-06-19,3050,11,Active
15736495,0,2017-11-23,France,2018-01-05,2026-05-13,3050,48,Active
15782159,0,2018-01-09,France,2018-01-13,2026-05-21,3050,40,Active
15613292,0,2017-07-20,France,2017-12-03,2026-04-10,3050,81,Active
15723481,0,2018-01-17,Spain,2018-02-05,2026-06-13,3050,17,Active
15678725,0,2017-12-10,France,2017-12-27,2026-05-03,3049,58,Active
15802106,0,2017-11-20,France,2017-12-28,2026-05-04,3049,57,Active
15719931,0,2018-01-16,France,2018-01-28,2026-06-04,3049,26,Active
15793585,0,2017-12-15,France,2018-01-10,2026-05-16,3048,45,Active
15709511,0,2018-01-02,France,2018-01-03,2026-05-09,3048,52,Active
15582951,0,2017-12-20,France,2017-12-31,2026-05-06,3048,55,Active
15632789,0,2018-01-11,France,2018-01-12,2026-05-17,3047,44,Active
15663808,0,2018-01-25,Germany,2018-02-09,2026-06-14,3047,16,Active
15744979,0,2017-11-19,France,2018-01-21,2026-05-26,3047,35,Active
15574554,0,2017-12-05,Germany,2018-01-08,2026-05-13,3047,48,Active
15687270,0,2018-01-29,Spain,2018-02-08,2026-06-12,3046,18,Active
15749472,0,2017-09-12,France,2017-11-08,2026-03-12,3046,110,At risk (inactive 90+ days)
15673907,0,2017-11-24,France,2018-02-09,2026-06-13,3046,17,Active
15678910,0,2018-01-20,France,2018-02-10,2026-06-13,3045,17,Active
15574858,0,2018-01-25,France,2018-02-17,2026-06-20,3045,10,Active
15605673,0,2018-01-25,Spain,2018-01-25,2026-05-28,3045,33,Active
15653620,0,2018-01-18,France,2018-01-23,2026-05-25,3044,36,Active
15589147,0,2018-01-06,Spain,2018-01-27,2026-05-29,3044,32,Active
15580623,0,2017-10-14,Spain,2018-01-01,2026-05-03,3044,58,Active
15642885,0,2017-12-28,France,2017-12-28,2026-04-28,3043,63,Active
15790204,1,2016-09-11,Spain,2016-12-19,2025-04-19,3043,437,Churned
15744606,0,2018-01-27,Spain,2018-01-29,2026-05-30,3043,31,Active
15576714,0,2018-01-25,Spain,2018-01-28,2026-05-28,3042,33,Active
15607142,0,2018-01-19,France,2018-02-12,2026-06-12,3042,18,Active
15792726,0,2018-01-09,France,2018-01-18,2026-05-18,3042,43,Active
15746341,0,2018-01-20,France,2018-01-22,2026-05-21,3041,40,Active
15574558,0,2017-12-16,Spain,2018-02-02,2026-06-01,3041,29,Active
15795990,1,2015-11-20,Germany,2015-12-05,2024-04-01,3040,820,Churned
15705707,0,2017-11-25,Spain,2017-12-31,2026-04-27,3039,64,Active
15735632,0,2018-01-23,France,2018-02-04,2026-05-31,3038,30,Active
15574608,0,2017-12-18,France,2018-01-01,2026-04-27,3038,64,Active
15615753,0,2018-01-01,Germany,2018-01-06,2026-05-02,3038,59,Active
15657566,0,2018-01-13,Germany,2018-01-24,2026-05-19,3037,42,Active
15581102,0,2017-12-15,France,2018-01-11,2026-05-06,3037,55,Active
15673747,0,2018-01-11,France,2018-01-28,2026-05-23,3037,38,Active
15704987,0,2018-02-13,France,2018-02-14,2026-06-08,3036,22,Active
15677610,0,2018-01-26,Germany,2018-02-18,2026-06-11,3035,19,Active
15600462,0,2018-02-28,France,2018-03-04,2026-06-24,3034,6,Active
15734565,0,2017-12-21,France,2018-02-23,2026-06-14,3033,16,Active
15672756,0,2018-01-26,France,2018-02-18,2026-06-08,3032,22,Active
15583748,0,2017-11-30,Spain,2017-12-19,2026-04-08,3032,83,Active
15642448,0,2018-02-13,Spain,2018-02-18,2026-06-08,3032,22,Active
15781530,0,2017-12-15,France,2018-01-25,2026-05-15,3032,46,Active
15743976,0,2018-01-10,Germany,2018-01-26,2026-05-15,3031,46,Active
15661734,0,2017-11-21,Germany,2018-01-04,2026-04-23,3031,68,Active
15764226,0,2018-02-16,Germany,2018-02-18,2026-06-07,3031,23,Active
15794159,0,2018-01-22,France,2018-02-04,2026-05-24,3031,37,Active
15656901,0,2018-02-14,France,2018-02-15,2026-06-04,3031,26,Active
15670755,0,2017-12-02,France,2018-01-02,2026-04-20,3030,71,Active
15660636,0,2018-01-20,Spain,2018-01-22,2026-05-09,3029,52,Active
15660147,0,2018-01-26,Spain,2018-02-15,2026-06-01,3028,29,Active
15728333,0,2018-02-21,France,2018-02-24,2026-06-10,3028,20,Active
15597945,0,2018-01-06,Spain,2018-01-16,2026-05-01,3027,60,Active
15758081,0,2018-01-22,Spain,2018-01-23,2026-05-08,3027,53,Active
15764343,0,2018-01-30,Spain,2018-02-18,2026-06-03,3027,27,Active
15634591,0,2018-01-24,France,2018-01-30,2026-05-15,3027,46,Active
15577657,0,2018-01-29,France,2018-02-15,2026-05-30,3026,31,Active
15700854,1,2017-09-06,Spain,2017-09-20,2026-01-02,3026,179,Churned
15769191,0,2018-02-08,France,2018-02-10,2026-05-24,3025,37,Active
15799998,0,2018-02-03,France,2018-02-08,2026-05-21,3024,40,Active
15734942,0,2018-02-24,Germany,2018-02-27,2026-06-08,3023,22,Active
15684512,0,2017-12-28,Germany,2018-01-28,2026-05-09,3023,52,Active
15758546,0,2018-02-28,Spain,2018-03-02,2026-06-11,3023,19,Active
15653110,0,2018-02-03,France,2018-02-05,2026-05-17,3023,44,Active
15617705,0,2018-02-21,France,2018-02-22,2026-06-02,3022,28,Active
15603170,1,2017-02-21,France,2017-03-28,2025-07-06,3022,359,Churned
15783522,0,2017-12-22,Spain,2018-01-01,2026-04-11,3022,80,Active
15792934,0,2018-01-29,France,2018-02-05,2026-05-16,3022,45,Active
15599440,0,2018-02-08,France,2018-02-20,2026-05-30,3021,31,Active
15749365,0,2018-01-26,France,2018-02-03,2026-05-13,3021,48,Active
15742854,0,2018-02-12,Spain,2018-02-27,2026-06-05,3020,25,Active
15789425,1,2017-07-18,Germany,2017-08-25,2025-12-01,3020,211,Churned
15629846,0,2017-10-14,Germany,2018-03-04,2026-06-10,3020,20,Active
15579559,0,2018-02-14,Spain,2018-03-02,2026-06-08,3020,22,Active
15788676,0,2018-02-09,Spain,2018-02-21,2026-05-29,3019,32,Active
15604891,0,2018-02-11,Spain,2018-02-27,2026-06-04,3019,26,Active
15588450,0,2018-02-02,France,2018-02-17,2026-05-25,3019,36,Active
15662532,0,2018-01-29,Germany,2018-02-17,2026-05-24,3018,37,Active
15593694,0,2018-01-04,France,2018-01-25,2026-05-01,3018,60,Active
15750929,0,2018-01-03,Spain,2018-01-15,2026-04-20,3017,71,Active
15805909,0,2017-10-02,Spain,2017-10-11,2026-01-14,3017,167,At risk (inactive 90+ days)
15650437,0,2018-02-21,Germany,2018-03-01,2026-06-04,3017,26,Active
15627971,0,2017-12-21,France,2018-02-12,2026-05-18,3017,43,Active
15672875,0,2018-02-08,Germany,2018-02-14,2026-05-19,3016,42,Active
15772933,0,2018-02-15,Spain,2018-03-08,2026-06-09,3015,21,Active
15725355,0,2018-02-22,France,2018-02-26,2026-05-29,3014,32,Active
15687738,0,2018-02-16,France,2018-03-09,2026-06-09,3014,21,Active
15763874,0,2018-02-12,Spain,2018-03-05,2026-06-05,3014,25,Active
15618203,0,2018-02-13,Germany,2018-02-26,2026-05-28,3013,33,Active
15631512,0,2018-01-25,France,2018-03-06,2026-06-05,3013,25,Active
15804009,0,2018-02-01,Germany,2018-02-18,2026-05-20,3013,41,Active
15622117,0,2017-11-21,Spain,2018-01-14,2026-04-14,3012,77,Active
15641490,0,2018-01-26,Germany,2018-03-15,2026-06-13,3012,17,Active
15762855,0,2018-02-07,Spain,2018-02-24,2026-05-25,3012,36,Active
15791302,0,2018-01-15,France,2018-01-18,2026-04-17,3011,74,Active
15792107,0,2018-02-02,Spain,2018-02-15,2026-05-15,3011,46,Active
15668893,0,2018-02-21,France,2018-03-04,2026-05-31,3010,30,Active
15681697,0,2018-03-18,France,2018-03-18,2026-06-14,3010,16,Active
15687153,1,2017-09-05,Germany,2017-11-20,2026-02-16,3010,134,Churned
15671800,0,2018-02-01,France,2018-02-15,2026-05-13,3009,48,Active
15605835,0,2018-03-17,France,2018-03-17,2026-06-11,3008,19,Active
15620111,0,2017-12-08,France,2018-02-24,2026-05-21,3008,40,Active
15715643,0,2018-03-05,France,2018-03-06,2026-05-31,3008,30,Active
15796790,0,2017-12-12,France,2018-01-21,2026-04-17,3008,74,Active
15778190,0,2018-01-22,Spain,2018-02-06,2026-05-02,3007,59,Active
15585133,0,2017-08-03,Spain,2017-09-19,2025-12-13,3007,199,At risk (inactive 90+ days)
15771139,0,2017-12-18,Germany,2018-02-02,2026-04-27,3006,64,Active
15798024,0,2018-02-02,Germany,2018-02-27,2026-05-22,3006,39,Active
15707551,0,2018-02-10,France,2018-02-25,2026-05-20,3006,41,Active
15695225,0,2018-03-10,Spain,2018-03-12,2026-06-04,3006,26,Active
15756118,0,2018-01-02,Spain,2018-02-08,2026-05-03,3006,58,Active
15757385,0,2018-01-24,Spain,2018-02-15,2026-05-10,3006,51,Active
15686870,0,2018-02-09,Germany,2018-02-19,2026-05-11,3003,50,Active
15629603,0,2018-01-12,France,2018-01-26,2026-04-17,3003,74,Active
15688689,0,2018-03-02,Germany,2018-03-02,2026-05-22,3003,39,Active
15729970,0,2018-03-03,Germany,2018-03-09,2026-05-28,3002,33,Active
15665008,0,2018-03-27,Germany,2018-03-31,2026-06-19,3002,11,Active
15610090,0,2018-03-22,France,2018-03-22,2026-06-10,3002,20,Active
15712068,0,2017-12-05,Spain,2018-02-21,2026-05-10,3000,51,Active
15613282,0,2018-01-19,France,2018-03-29,2026-06-14,2999,16,Active
15794792,0,2018-03-22,France,2018-03-26,2026-06-11,2999,19,Active
15690330,0,2018-01-20,Germany,2018-02-03,2026-04-21,2999,70,Active
15770041,0,2018-02-06,Spain,2018-02-14,2026-05-02,2999,59,Active
15784161,0,2018-01-03,Germany,2018-01-26,2026-04-12,2998,79,Active
15750755,0,2018-03-28,Spain,2018-04-03,2026-06-16,2996,14,Active
15681705,0,2018-03-11,France,2018-03-14,2026-05-26,2995,35,Active
15811613,0,2017-11-02,France,2017-11-10,2026-01-22,2995,159,At risk (inactive 90+ days)
15665340,0,2018-02-04,Spain,2018-03-10,2026-05-22,2995,39,Active
15815628,0,2017-11-19,France,2017-12-24,2026-03-06,2994,116,At risk (inactive 90+ days)
15572145,0,2018-03-18,France,2018-03-23,2026-06-03,2994,27,Active
15810716,0,2018-02-19,Germany,2018-03-19,2026-05-30,2994,31,Active
15754443,1,2016-08-14,France,2016-11-29,2025-02-09,2994,506,Churned
15650018,0,2018-02-24,France,2018-03-01,2026-05-12,2994,49,Active
15775662,0,2018-02-27,France,2018-03-10,2026-05-20,2993,41,Active
15708196,0,2018-03-05,Spain,2018-03-15,2026-05-25,2993,36,Active
15596647,0,2018-02-20,France,2018-03-31,2026-06-10,2993,20,Active
15793197,0,2018-02-04,France,2018-03-16,2026-05-26,2993,35,Active
15717185,0,2018-02-21,France,2018-03-07,2026-05-16,2992,45,Active
15659094,0,2017-10-30,Germany,2018-03-04,2026-05-13,2992,48,Active
15739972,1,2017-06-01,Germany,2017-08-05,2025-10-13,2991,260,Churned
15614049,0,2018-03-31,France,2018-04-11,2026-06-18,2990,12,Active
15778157,0,2018-02-01,Spain,2018-02-02,2026-04-11,2990,80,Active
15649078,0,2018-03-18,Germany,2018-04-07,2026-06-14,2990,16,Active
15631333,0,2018-02-03,Spain,2018-03-06,2026-05-12,2989,49,Active
15585106,0,2018-01-04,Germany,2018-01-10,2026-03-18,2989,104,At risk (inactive 90+ days)
15629793,0,2018-02-23,Spain,2018-03-02,2026-05-08,2989,53,Active
15596811,0,2017-11-10,France,2018-03-23,2026-05-29,2989,32,Active
15618581,0,2018-03-05,Spain,2018-03-22,2026-05-27,2988,34,Active
15627881,0,2018-03-12,France,2018-03-24,2026-05-29,2988,32,Active
15591433,0,2018-03-05,Germany,2018-03-24,2026-05-28,2987,33,Active
15698335,0,2018-03-03,France,2018-03-11,2026-05-15,2987,46,Active
15578435,0,2018-03-16,France,2018-04-08,2026-06-12,2987,18,Active
15634564,0,2018-03-11,Spain,2018-03-23,2026-05-27,2987,34,Active
15664720,0,2018-01-22,Spain,2018-02-22,2026-04-27,2986,64,Active
15647570,0,2017-11-10,Germany,2017-12-27,2026-03-01,2986,121,At risk (inactive 90+ days)
15574947,0,2018-02-08,France,2018-03-16,2026-05-18,2985,43,Active
15585100,1,2017-04-20,Germany,2017-05-31,2025-08-02,2985,332,Churned
15678412,0,2018-03-31,France,2018-04-18,2026-06-20,2985,10,Active
15654625,0,2018-03-07,Germany,2018-03-27,2026-05-28,2984,33,Active
15699797,0,2018-02-28,France,2018-04-16,2026-06-17,2984,13,Active
15633877,0,2018-02-23,Spain,2018-04-06,2026-06-06,2983,24,Active
15592078,0,2018-03-16,Germany,2018-03-28,2026-05-28,2983,33,Active
15607988,0,2018-03-30,Germany,2018-04-08,2026-06-08,2983,22,Active
15624397,0,2018-02-04,France,2018-02-26,2026-04-28,2983,63,Active
15662976,0,2018-03-23,Spain,2018-04-15,2026-06-14,2982,16,Active
15768104,0,2018-03-15,Spain,2018-04-05,2026-06-04,2982,26,Active
15686812,0,2018-03-31,Spain,2018-04-09,2026-06-08,2982,22,Active
15744622,0,2018-02-19,France,2018-03-31,2026-05-29,2981,32,Active
15785547,0,2018-02-18,France,2018-03-14,2026-05-12,2981,49,Active
15687903,0,2018-02-25,France,2018-04-19,2026-06-16,2980,14,Active
15663168,0,2018-02-04,France,2018-02-24,2026-04-23,2980,68,Active
15723053,0,2018-02-07,Germany,2018-03-01,2026-04-27,2979,64,Active
15770968,0,2017-12-19,Germany,2018-03-29,2026-05-25,2979,36,Active
15643574,0,2017-12-19,France,2018-02-26,2026-04-23,2978,68,Active
15610594,0,2017-12-31,France,2018-03-31,2026-05-24,2976,37,Active
15779809,0,2018-03-15,France,2018-03-29,2026-05-21,2975,40,Active
15565996,0,2018-03-12,France,2018-03-26,2026-05-18,2975,43,Active
15801462,0,2018-04-29,France,2018-04-29,2026-06-21,2975,9,Active
15750658,0,2018-04-29,France,2018-05-03,2026-06-24,2974,6,Active
15632850,0,2018-03-29,France,2018-04-15,2026-06-06,2974,24,Active
15609823,0,2018-03-16,Spain,2018-04-18,2026-06-08,2973,22,Active
15782475,0,2018-04-05,France,2018-04-10,2026-05-30,2972,31,Active
15667896,0,2018-04-26,France,2018-04-29,2026-06-16,2970,14,Active
15607629,0,2018-03-29,France,2018-05-06,2026-06-23,2970,7,Active
15755648,0,2018-01-11,France,2018-03-10,2026-04-26,2969,65,Active
15717893,0,2018-02-09,Germany,2018-04-04,2026-05-21,2969,40,Active
15772650,1,2016-08-08,France,2016-08-16,2024-10-01,2968,637,Churned
15621870,0,2017-10-21,Spain,2017-10-22,2025-12-06,2967,206,At risk (inactive 90+ days)
15675787,0,2017-12-06,France,2017-12-17,2026-01-30,2966,151,At risk (inactive 90+ days)
15636820,0,2018-01-20,Germany,2018-02-07,2026-03-23,2966,99,At risk (inactive 90+ days)
15801924,0,2018-03-31,Spain,2018-04-07,2026-05-21,2966,40,Active
15774285,0,2018-04-19,Spain,2018-04-29,2026-06-12,2966,18,Active
15775627,0,2018-04-13,France,2018-04-21,2026-06-03,2965,27,Active
15569641,1,2017-10-26,Germany,2017-10-27,2025-12-08,2964,204,Churned
15676513,0,2018-01-19,Germany,2018-02-14,2026-03-28,2964,94,At risk (inactive 90+ days)
15579223,0,2018-01-11,Germany,2018-04-22,2026-06-03,2964,27,Active
15574584,0,2018-02-24,France,2018-05-09,2026-06-20,2964,10,Active
15752081,1,2015-09-02,France,2015-09-05,2023-10-16,2963,988,Churned
15744529,0,2018-04-17,France,2018-04-27,2026-06-07,2963,23,Active
15788494,0,2018-04-19,France,2018-04-22,2026-06-02,2963,28,Active
15651389,0,2018-03-12,Spain,2018-04-01,2026-05-12,2963,49,Active
15699238,0,2018-03-07,Spain,2018-03-10,2026-04-20,2963,71,Active
15649183,0,2018-04-22,Spain,2018-05-02,2026-06-12,2963,18,Active
15637977,0,2018-02-09,Germany,2018-02-13,2026-03-26,2963,96,At risk (inactive 90+ days)
15656592,0,2018-03-17,Germany,2018-04-06,2026-05-17,2963,44,Active
15593973,0,2018-04-24,Spain,2018-04-26,2026-06-05,2962,25,Active
15779247,0,2018-04-07,Spain,2018-04-23,2026-06-02,2962,28,Active
15686999,0,2018-04-11,France,2018-04-19,2026-05-29,2962,32,Active
15724402,0,2017-12-10,France,2018-03-18,2026-04-26,2961,65,Active
15675360,0,2018-04-29,France,2018-05-06,2026-06-14,2961,16,Active
15786215,0,2018-01-12,France,2018-01-30,2026-03-10,2961,112,At risk (inactive 90+ days)
15755138,0,2018-04-18,France,2018-05-05,2026-06-12,2960,18,Active
15649211,0,2018-03-08,Spain,2018-04-20,2026-05-28,2960,33,Active
15648735,0,2018-04-10,France,2018-04-29,2026-06-05,2959,25,Active
15606861,0,2017-12-18,France,2018-01-06,2026-02-12,2959,138,At risk (inactive 90+ days)
15618750,0,2018-04-02,France,2018-04-14,2026-05-21,2959,40,Active
15642570,0,2018-03-03,Spain,2018-04-19,2026-05-25,2958,36,Active
15721569,0,2018-04-08,Germany,2018-04-27,2026-06-02,2958,28,Active
15595557,0,2018-03-31,France,2018-04-05,2026-05-10,2957,51,Active
15809722,0,2017-09-17,France,2017-10-24,2025-11-27,2956,215,At risk (inactive 90+ days)
15701175,0,2018-04-05,France,2018-04-28,2026-06-01,2956,29,Active
15800583,0,2018-03-20,Spain,2018-04-28,2026-06-01,2956,29,Active
15605827,0,2018-03-14,France,2018-04-17,2026-05-21,2956,40,Active
15684484,0,2018-03-30,France,2018-04-14,2026-05-17,2955,44,Active
15566253,1,2017-05-11,Germany,2017-05-16,2025-06-18,2955,377,Churned
15741652,0,2018-04-09,Spain,2018-05-03,2026-06-05,2955,25,Active
15694381,0,2017-12-31,France,2018-05-06,2026-06-07,2954,23,Active
15583394,0,2018-04-30,Germany,2018-05-02,2026-06-03,2954,27,Active
15585067,1,2017-01-18,Spain,2017-02-12,2025-03-15,2953,472,Churned
15583090,0,2018-03-21,Spain,2018-04-14,2026-05-15,2953,46,Active
15787035,0,2018-04-08,France,2018-04-19,2026-05-19,2952,42,Active
15634375,0,2017-12-22,Spain,2018-02-22,2026-03-23,2951,99,At risk (inactive 90+ days)
15583278,0,2018-04-15,Spain,2018-04-30,2026-05-29,2951,32,Active
15586970,0,2018-03-04,Germany,2018-03-31,2026-04-28,2950,63,Active
15666197,0,2018-03-06,Germany,2018-03-31,2026-04-28,2950,63,Active
15618950,0,2018-04-23,Spain,2018-05-14,2026-06-10,2949,20,Active
15665238,0,2017-11-13,Germany,2018-01-14,2026-02-09,2948,141,At risk (inactive 90+ days)
15750248,0,2018-03-24,France,2018-04-20,2026-05-16,2948,45,Active
15647782,0,2018-02-22,Germany,2018-03-07,2026-04-02,2948,89,Active
15610042,0,2017-12-08,France,2017-12-22,2026-01-17,2948,164,At risk (inactive 90+ days)
15690898,0,2018-05-04,France,2018-05-05,2026-05-31,2948,30,Active
15706186,0,2018-03-09,Germany,2018-03-31,2026-04-25,2947,66,Active
15667134,0,2018-03-28,France,2018-05-11,2026-06-05,2947,25,Active
15615575,0,2018-03-31,France,2018-04-15,2026-05-10,2947,51,Active
15629739,0,2018-04-16,Germany,2018-05-01,2026-05-26,2947,35,Active
15635034,1,2016-09-28,Germany,2016-10-25,2024-11-19,2947,588,Churned
15773487,0,2018-04-26,Germany,2018-05-18,2026-06-11,2946,19,Active
15671014,0,2018-04-13,Spain,2018-05-01,2026-05-25,2946,36,Active
15738042,0,2018-03-03,Germany,2018-04-12,2026-05-06,2946,55,Active
15654292,0,2018-03-23,Germany,2018-05-23,2026-06-15,2945,15,Active
15613180,0,2018-03-13,Germany,2018-04-06,2026-04-29,2945,62,Active
15790379,0,2018-04-22,Germany,2018-05-08,2026-05-30,2944,31,Active
15621063,0,2018-05-17,France,2018-05-19,2026-06-10,2944,20,Active
15788686,0,2018-05-31,Spain,2018-06-02,2026-06-24,2944,6,Active
15788189,0,2018-04-04,France,2018-04-19,2026-05-11,2944,50,Active
15568106,0,2018-05-17,France,2018-05-23,2026-06-13,2943,17,Active
15671514,0,2018-03-15,Spain,2018-05-16,2026-06-06,2943,24,Active
15798737,0,2018-02-04,France,2018-04-05,2026-04-26,2943,65,Active
15606944,1,2016-07-28,Germany,2016-08-02,2024-08-22,2942,677,Churned
15580988,0,2018-04-06,France,2018-04-18,2026-05-07,2941,54,Active
15764444,0,2018-04-21,Germany,2018-05-22,2026-06-10,2941,20,Active
15590810,1,2016-12-11,Germany,2016-12-13,2025-01-01,2941,545,Churned
15622993,0,2018-04-12,Germany,2018-04-28,2026-05-16,2940,45,Active
15615820,0,2018-05-19,France,2018-05-22,2026-06-09,2940,21,Active
15587712,0,2018-02-23,France,2018-05-30,2026-06-17,2940,13,Active
15727251,0,2018-05-13,France,2018-05-15,2026-06-01,2939,29,Active
15724428,0,2018-04-10,France,2018-04-26,2026-05-13,2939,48,Active
15629187,0,2018-05-01,France,2018-05-02,2026-05-18,2938,43,Active
15704168,1,2018-03-22,Germany,2018-04-01,2026-04-17,2938,74,Churned
15784890,0,2018-04-21,Spain,2018-05-30,2026-06-15,2938,15,Active
15598485,0,2018-04-21,Spain,2018-05-18,2026-06-03,2938,27,Active
15691504,0,2018-04-12,Germany,2018-05-14,2026-05-29,2937,32,Active
15807989,0,2018-02-16,Germany,2018-04-03,2026-04-17,2936,74,Active
15572657,0,2018-05-17,France,2018-05-30,2026-06-13,2936,17,Active
15734917,0,2018-03-06,Germany,2018-03-14,2026-03-28,2936,94,At risk (inactive 90+ days)
15662067,0,2018-03-15,France,2018-05-22,2026-06-04,2935,26,Active
15618225,0,2018-03-21,Germany,2018-04-11,2026-04-23,2934,68,Active
15722611,0,2018-05-31,France,2018-06-09,2026-06-21,2934,9,Active
15754577,1,2017-08-31,France,2017-09-02,2025-09-14,2934,289,Churned
15605968,0,2018-05-23,France,2018-06-02,2026-06-13,2933,17,Active
15693543,0,2018-05-31,France,2018-06-02,2026-06-13,2933,17,Active
15704509,0,2018-03-11,France,2018-05-16,2026-05-27,2933,34,Active
15681220,0,2018-05-02,France,2018-05-06,2026-05-16,2932,45,Active
15636562,0,2018-04-03,Spain,2018-05-16,2026-05-26,2932,35,Active
15745196,0,2018-04-11,France,2018-04-25,2026-05-04,2931,57,Active
15684669,1,2016-11-19,France,2017-01-04,2025-01-13,2931,533,Churned
15657139,0,2018-05-24,France,2018-05-30,2026-06-07,2930,23,Active
15597033,0,2018-05-11,Germany,2018-05-11,2026-05-18,2929,43,Active
15695280,0,2018-05-01,Germany,2018-05-19,2026-05-26,2929,35,Active
15691792,0,2017-12-16,Spain,2018-05-06,2026-05-13,2929,48,Active
15630466,0,2018-05-10,France,2018-05-19,2026-05-26,2929,35,Active
15645600,0,2018-05-12,Spain,2018-05-13,2026-05-20,2929,41,Active
15658852,0,2018-05-26,France,2018-06-16,2026-06-22,2928,8,Active
15596649,0,2018-05-14,France,2018-05-26,2026-06-01,2928,29,Active
15768455,0,2018-05-30,France,2018-06-19,2026-06-24,2927,6,Active
15604073,0,2018-05-28,Germany,2018-06-01,2026-06-05,2926,25,Active
15701281,0,2018-05-15,France,2018-05-17,2026-05-21,2926,40,Active
15799720,0,2018-05-31,Spain,2018-06-09,2026-06-13,2926,17,Active
15723250,0,2018-02-08,France,2018-03-19,2026-03-22,2925,100,At risk (inactive 90+ days)
15642833,0,2018-01-31,France,2018-06-12,2026-06-15,2925,15,Active
15803378,0,2018-02-16,Spain,2018-03-06,2026-03-09,2925,113,At risk (inactive 90+ days)
15762745,0,2018-02-12,Spain,2018-04-14,2026-04-16,2924,75,Active
15748986,0,2018-05-23,Germany,2018-06-10,2026-06-12,2924,18,Active
15659194,0,2018-05-30,France,2018-06-02,2026-06-03,2923,27,Active
15719017,0,2018-05-03,France,2018-05-17,2026-05-18,2923,43,Active
15573318,0,2018-05-08,France,2018-05-29,2026-05-29,2922,32,Active
15781210,0,2018-05-22,France,2018-06-17,2026-06-17,2922,13,Active
15579616,0,2018-05-23,France,2018-06-18,2026-06-18,2922,12,Active
15668830,0,2018-03-06,Spain,2018-05-12,2026-05-12,2922,49,Active
15688210,0,2017-11-11,France,2018-01-27,2026-01-27,2922,154,At risk (inactive 90+ days)
15642291,0,2018-05-30,France,2018-06-15,2026-06-14,2921,16,Active
15641114,0,2018-05-19,France,2018-06-10,2026-06-09,2921,21,Active
15600720,0,2018-02-26,Spain,2018-05-22,2026-05-20,2920,41,Active
15812832,0,2018-05-15,Germany,2018-05-19,2026-05-16,2919,45,Active
15707505,0,2018-03-22,Spain,2018-06-16,2026-06-13,2919,17,Active
15599081,0,2018-05-30,Germany,2018-06-05,2026-06-01,2918,29,Active
15776404,0,2018-05-20,France,2018-05-30,2026-05-26,2918,35,Active
15734246,0,2018-06-08,France,2018-06-08,2026-06-03,2917,27,Active
15750476,0,2018-04-28,Spain,2018-06-12,2026-06-07,2917,23,Active
15708357,0,2018-05-17,Spain,2018-06-05,2026-05-31,2917,30,Active
15637235,0,2018-01-26,Spain,2018-02-20,2026-02-14,2916,136,At risk (inactive 90+ days)
15608804,0,2018-05-14,Germany,2018-06-05,2026-05-30,2916,31,Active
15619892,0,2018-04-08,Spain,2018-05-04,2026-04-28,2916,63,Active
15578098,0,2018-06-30,France,2018-06-30,2026-06-24,2916,6,Active
15712319,0,2018-06-28,Spain,2018-07-01,2026-06-24,2915,6,Active
15659031,0,2018-04-21,France,2018-05-11,2026-05-04,2915,57,Active
15568238,0,2018-03-30,Spain,2018-04-11,2026-04-03,2914,88,Active
15574237,0,2018-05-31,France,2018-07-01,2026-06-23,2914,7,Active
15798429,0,2018-05-28,France,2018-06-22,2026-06-13,2913,17,Active
15585287,1,2016-09-29,Germany,2016-10-04,2024-09-25,2913,643,Churned
15607278,0,2018-04-19,Spain,2018-06-08,2026-05-29,2912,32,Active
15692631,0,2018-05-20,Spain,2018-06-09,2026-05-30,2912,31,Active
15667651,0,2018-02-06,Spain,2018-06-06,2026-05-26,2911,35,Active
15758702,0,2018-04-24,France,2018-04-26,2026-04-15,2911,76,Active
15733429,0,2018-05-07,Germany,2018-05-28,2026-05-16,2910,45,Active
15719426,1,2018-01-13,France,2018-01-13,2026-01-01,2910,180,Churned
15597467,0,2018-05-06,France,2018-06-07,2026-05-26,2910,35,Active
15744279,0,2018-06-21,Spain,2018-06-22,2026-06-09,2909,21,Active
15810432,0,2018-05-29,Spain,2018-07-02,2026-06-18,2908,12,Active
15727350,0,2018-04-16,France,2018-04-17,2026-04-03,2908,88,Active
15720671,0,2018-06-11,France,2018-06-17,2026-06-02,2907,28,Active
15713094,0,2018-04-08,France,2018-05-01,2026-04-16,2907,75,Active
15798943,0,2018-05-16,France,2018-06-16,2026-06-01,2907,29,Active
15624592,0,2018-06-30,France,2018-07-12,2026-06-26,2906,4,Active
15649423,0,2018-06-15,France,2018-06-17,2026-05-31,2905,30,Active
15633650,0,2018-06-18,Germany,2018-06-29,2026-06-12,2905,18,Active
15811486,0,2018-06-11,Germany,2018-06-15,2026-05-29,2905,32,Active
15784958,1,2016-06-30,France,2016-07-20,2024-07-03,2905,727,Churned
15761775,0,2018-06-22,Germany,2018-06-25,2026-06-07,2904,23,Active
15680046,0,2018-04-30,Spain,2018-06-26,2026-06-08,2904,22,Active
15794323,0,2018-04-08,France,2018-04-17,2026-03-30,2904,92,At risk (inactive 90+ days)
15666559,0,2018-06-29,Germany,2018-07-06,2026-06-17,2903,13,Active
15646310,0,2018-06-27,Spain,2018-07-01,2026-06-12,2903,18,Active
15786905,0,2018-05-24,Germany,2018-06-09,2026-05-20,2902,41,Active
15679909,0,2018-05-17,Spain,2018-06-20,2026-05-31,2902,30,Active
15746594,0,2018-04-13,Spain,2018-05-26,2026-05-05,2901,56,Active
15660608,0,2018-04-27,France,2018-07-12,2026-06-21,2901,9,Active
15651958,0,2018-05-04,France,2018-06-07,2026-05-17,2901,44,Active
15573876,0,2018-04-19,Spain,2018-06-12,2026-05-21,2900,40,Active
15737509,0,2018-06-17,Spain,2018-07-04,2026-06-11,2899,19,Active
15632280,1,2016-12-18,Spain,2017-01-21,2024-12-29,2899,548,Churned
15641183,0,2018-05-04,Spain,2018-06-22,2026-05-29,2898,32,Active
15804038,1,2016-09-01,France,2016-10-06,2024-09-12,2898,656,Churned
15630328,0,2018-06-16,France,2018-06-30,2026-06-04,2896,26,Active
15594404,0,2018-05-19,France,2018-06-25,2026-05-30,2896,31,Active
15688128,0,2018-05-02,Spain,2018-05-11,2026-04-15,2896,76,Active
15702741,0,2018-06-10,France,2018-06-20,2026-05-24,2895,37,Active
15626485,0,2018-05-21,France,2018-06-23,2026-05-27,2895,34,Active
15674620,0,2018-05-29,Germany,2018-07-17,2026-06-20,2895,10,Active
15616122,0,2018-06-13,France,2018-07-03,2026-06-06,2895,24,Active
15699284,0,2018-05-01,France,2018-06-19,2026-05-22,2894,39,Active
15727408,0,2018-04-18,Germany,2018-05-31,2026-05-03,2894,58,Active
15571666,0,2018-03-20,Germany,2018-04-11,2026-03-14,2894,108,At risk (inactive 90+ days)
15580487,0,2018-06-10,Germany,2018-06-24,2026-05-27,2894,34,Active
15792077,0,2018-05-16,Germany,2018-05-18,2026-04-20,2894,71,Active
15616931,0,2018-04-20,France,2018-06-29,2026-05-31,2893,30,Active
15644296,0,2018-05-04,France,2018-05-17,2026-04-18,2893,73,Active
15726178,0,2018-06-03,Spain,2018-06-17,2026-05-19,2893,42,Active
15665834,0,2018-05-18,Spain,2018-06-09,2026-05-09,2891,52,Active
15601589,0,2018-05-18,France,2018-06-09,2026-05-09,2891,52,Active
15612050,0,2018-05-18,Spain,2018-06-03,2026-05-03,2891,58,Active
15711299,0,2018-05-03,Germany,2018-06-22,2026-05-22,2891,39,Active
15572021,0,2018-06-13,Germany,2018-06-24,2026-05-24,2891,37,Active
15629744,0,2018-06-18,France,2018-07-09,2026-06-07,2890,23,Active
15666430,0,2018-05-10,France,2018-05-12,2026-04-10,2890,81,Active
15697042,0,2018-06-02,Spain,2018-06-12,2026-05-11,2890,50,Active
15588235,0,2018-06-03,France,2018-06-09,2026-05-07,2889,54,Active
15701096,0,2018-06-02,France,2018-06-05,2026-05-02,2888,59,Active
15809830,0,2018-06-11,France,2018-06-24,2026-05-21,2888,40,Active
15776725,0,2018-06-09,Germany,2018-07-01,2026-05-28,2888,33,Active
15728224,1,2017-04-16,Germany,2017-04-28,2025-03-24,2887,463,Churned
15682839,0,2018-05-07,France,2018-06-30,2026-05-26,2887,35,Active
15695699,0,2018-06-07,France,2018-07-08,2026-06-02,2886,28,Active
15784130,0,2018-06-14,Germany,2018-07-02,2026-05-27,2886,34,Active
15706116,0,2018-05-05,Germany,2018-06-20,2026-05-15,2886,46,Active
15707291,0,2018-05-13,Germany,2018-06-25,2026-05-20,2886,41,Active
15635256,0,2018-07-27,France,2018-07-28,2026-06-22,2886,8,Active
15659305,0,2018-06-08,Germany,2018-07-02,2026-05-27,2886,34,Active
15645569,0,2018-07-22,Spain,2018-07-25,2026-06-18,2885,12,Active
15745080,0,2018-06-15,France,2018-07-03,2026-05-27,2885,34,Active
15607577,0,2018-06-23,Spain,2018-07-15,2026-06-08,2885,22,Active
15657829,1,2018-06-03,Germany,2018-06-06,2026-04-30,2885,61,Churned
15660422,0,2018-07-19,France,2018-07-19,2026-06-11,2884,19,Active
15568562,0,2018-01-21,France,2018-07-12,2026-06-04,2884,26,Active
15671322,0,2018-07-30,Germany,2018-07-31,2026-06-22,2883,8,Active
15721426,1,2016-02-27,Germany,2016-04-30,2024-03-22,2883,830,Churned
15568025,0,2018-05-01,France,2018-05-20,2026-04-11,2883,80,Active
15715907,1,2017-04-03,France,2017-05-05,2025-03-27,2883,460,Churned
15733119,0,2018-04-14,France,2018-04-14,2026-03-05,2882,117,At risk (inactive 90+ days)
15810167,0,2018-07-30,Spain,2018-08-01,2026-06-22,2882,8,Active
15710421,0,2018-04-02,Spain,2018-04-08,2026-02-26,2881,124,At risk (inactive 90+ days)
15726058,0,2018-07-23,Germany,2018-07-23,2026-06-12,2881,18,Active
15628274,0,2018-05-08,Germany,2018-06-04,2026-04-24,2881,67,Active
15742229,0,2018-07-27,France,2018-07-31,2026-06-19,2880,11,Active
15794014,0,2018-02-23,France,2018-02-23,2026-01-12,2880,169,At risk (inactive 90+ days)
15684419,0,2018-06-29,Spain,2018-07-18,2026-06-06,2880,24,Active
15775124,0,2018-06-16,Spain,2018-07-16,2026-06-04,2880,26,Active
15751084,0,2018-04-19,France,2018-06-11,2026-04-30,2880,61,Active
15670615,0,2018-07-22,Spain,2018-07-23,2026-06-10,2879,20,Active
15734044,0,2018-07-24,France,2018-08-02,2026-06-20,2879,10,Active
15796958,0,2018-07-18,France,2018-07-21,2026-06-08,2879,22,Active
15812628,0,2018-01-28,Germany,2018-05-07,2026-03-24,2878,98,At risk (inactive 90+ days)
15815645,0,2018-06-04,France,2018-06-25,2026-05-12,2878,49,Active
15649992,0,2018-07-21,Spain,2018-07-22,2026-06-07,2877,23,Active
15595135,0,2018-07-12,Germany,2018-07-19,2026-06-04,2877,26,Active
15707479,0,2018-07-15,France,2018-07-22,2026-06-07,2877,23,Active
15709737,0,2018-07-12,France,2018-07-24,2026-06-08,2876,22,Active
15682540,0,2018-06-17,France,2018-06-28,2026-05-13,2876,48,Active
15660271,0,2018-06-17,Germany,2018-07-21,2026-06-04,2875,26,Active
15607884,0,2018-07-01,France,2018-07-04,2026-05-18,2875,43,Active
15761713,0,2018-07-17,France,2018-07-19,2026-06-02,2875,28,Active
15683758,0,2018-07-09,France,2018-07-19,2026-06-01,2874,29,Active
15813503,0,2018-05-04,Spain,2018-07-11,2026-05-24,2874,37,Active
15741275,0,2018-07-06,France,2018-07-17,2026-05-29,2873,32,Active
15752137,0,2018-07-24,France,2018-07-25,2026-06-05,2872,25,Active
15729454,0,2018-05-20,France,2018-08-04,2026-06-15,2872,15,Active
15579433,0,2018-06-16,Spain,2018-07-30,2026-06-09,2871,21,Active
15665064,0,2018-06-10,France,2018-07-12,2026-05-22,2871,39,Active
15679743,0,2018-07-02,France,2018-07-20,2026-05-29,2870,32,Active
15642022,0,2018-06-29,Spain,2018-07-29,2026-06-06,2869,24,Active
15725039,0,2018-05-15,Spain,2018-06-10,2026-04-17,2868,74,Active
15575438,0,2018-07-26,France,2018-08-13,2026-06-20,2868,10,Active
15692671,0,2018-05-23,Spain,2018-08-10,2026-06-16,2867,14,Active
15568046,0,2018-07-31,France,2018-08-06,2026-06-11,2866,19,Active
15735400,0,2018-03-07,France,2018-05-25,2026-03-30,2866,92,At risk (inactive 90+ days)
15598802,0,2018-06-21,Spain,2018-07-27,2026-06-01,2866,29,Active
15679961,0,2018-07-14,Spain,2018-07-14,2026-05-17,2864,44,Active
15604832,0,2018-07-19,France,2018-07-27,2026-05-30,2864,31,Active
15696231,0,2018-07-30,France,2018-08-13,2026-06-15,2863,15,Active
15737051,0,2018-04-24,France,2018-04-28,2026-02-28,2863,122,At risk (inactive 90+ days)
15666675,0,2018-07-08,France,2018-07-13,2026-05-15,2863,46,Active
15746028,0,2018-07-28,France,2018-07-31,2026-06-02,2863,28,Active
15729975,0,2018-06-20,France,2018-07-31,2026-06-01,2862,29,Active
15615991,0,2018-07-12,France,2018-07-27,2026-05-28,2862,33,Active
15747130,0,2018-07-07,France,2018-07-22,2026-05-23,2862,38,Active
15709324,0,2018-07-25,France,2018-07-25,2026-05-25,2861,36,Active
15795166,0,2018-06-16,Germany,2018-07-18,2026-05-18,2861,43,Active
15748649,0,2018-04-17,France,2018-07-11,2026-05-10,2860,51,Active
15719479,0,2018-07-26,Spain,2018-08-15,2026-06-14,2860,16,Active
15797219,1,2016-04-29,France,2016-05-09,2024-03-07,2859,845,Churned
15689425,0,2018-06-30,Spain,2018-07-18,2026-05-16,2859,45,Active
15594556,0,2018-05-03,Spain,2018-05-26,2026-03-24,2859,98,At risk (inactive 90+ days)
15726796,0,2018-07-06,France,2018-07-24,2026-05-21,2858,40,Active
15600086,0,2018-07-25,France,2018-08-04,2026-06-01,2858,29,Active
15570192,0,2018-05-10,Germany,2018-06-26,2026-04-23,2858,68,Active
15581840,0,2018-05-25,France,2018-06-15,2026-04-11,2857,80,Active
15571529,0,2018-07-19,Germany,2018-07-27,2026-05-22,2856,39,Active
15699637,0,2018-06-24,Spain,2018-07-25,2026-05-19,2855,42,Active
15627637,0,2018-02-08,Germany,2018-07-17,2026-05-11,2855,50,Active
15610557,0,2018-08-14,Spain,2018-08-16,2026-06-10,2855,20,Active
15736299,0,2018-05-30,France,2018-08-14,2026-06-07,2854,23,Active
15769974,0,2018-03-24,Spain,2018-05-07,2026-02-27,2853,123,At risk (inactive 90+ days)
15601688,0,2018-06-26,France,2018-07-11,2026-05-03,2853,58,Active
15684865,0,2018-08-09,France,2018-08-10,2026-06-02,2853,28,Active
15810732,0,2018-04-28,France,2018-08-15,2026-06-07,2853,23,Active
15682868,1,2016-11-11,France,2016-12-13,2024-10-05,2853,633,Churned
15696141,0,2018-07-24,Spain,2018-08-10,2026-06-01,2852,29,Active
15729019,0,2018-06-30,Spain,2018-08-13,2026-06-04,2852,26,Active
15595036,0,2018-07-28,Germany,2018-07-31,2026-05-22,2852,39,Active
15619699,0,2018-07-31,France,2018-08-04,2026-05-26,2852,35,Active
15684921,0,2018-06-20,Spain,2018-08-16,2026-06-06,2851,24,Active
15616168,0,2018-07-09,France,2018-07-19,2026-05-09,2851,52,Active
15664754,1,2017-04-12,Germany,2017-04-17,2025-02-04,2850,511,Churned
15599591,0,2018-08-22,Germany,2018-08-29,2026-06-18,2850,12,Active
15722409,0,2018-06-16,Spain,2018-06-29,2026-04-18,2850,73,Active
15780514,0,2018-06-09,France,2018-07-09,2026-04-26,2848,65,Active
15618213,0,2018-07-06,France,2018-07-26,2026-05-13,2848,48,Active
15585823,0,2018-05-14,France,2018-06-15,2026-04-02,2848,89,Active
15662063,0,2018-08-13,France,2018-08-16,2026-06-02,2847,28,Active
15570508,0,2018-08-03,France,2018-08-03,2026-05-20,2847,41,Active
15730796,0,2018-07-08,France,2018-07-29,2026-05-14,2846,47,Active
15775949,0,2018-08-05,France,2018-08-10,2026-05-26,2846,35,Active
15633283,0,2018-06-05,France,2018-08-10,2026-05-25,2845,36,Active
15801296,0,2018-08-08,Germany,2018-08-14,2026-05-29,2845,32,Active
15787884,0,2018-08-31,France,2018-09-11,2026-06-26,2845,4,Active
15670492,0,2018-05-22,France,2018-07-26,2026-05-10,2845,51,Active
15583049,0,2018-07-21,Germany,2018-08-12,2026-05-26,2844,35,Active
15767921,0,2018-07-03,France,2018-07-14,2026-04-27,2844,64,Active
15805025,0,2018-08-04,France,2018-08-11,2026-05-25,2844,36,Active
15618566,0,2018-08-25,France,2018-08-31,2026-06-13,2843,17,Active
15659937,0,2018-07-18,France,2018-08-11,2026-05-23,2842,38,Active
15731553,0,2018-06-20,France,2018-07-26,2026-05-07,2842,54,Active
15632079,0,2018-05-14,Germany,2018-07-20,2026-04-30,2841,61,Active
15596405,0,2018-08-31,Spain,2018-09-02,2026-06-13,2841,17,Active
15790267,0,2018-08-03,France,2018-08-06,2026-05-16,2840,45,Active
15670080,0,2018-08-17,Germany,2018-09-01,2026-06-10,2839,20,Active
15768387,0,2018-06-08,France,2018-08-19,2026-05-28,2839,33,Active
15764335,0,2018-06-20,Germany,2018-08-04,2026-05-13,2839,48,Active
15579131,0,2018-08-13,France,2018-08-22,2026-05-31,2839,30,Active
15812594,0,2018-07-26,France,2018-07-26,2026-05-03,2838,58,Active
15615296,1,2016-06-26,France,2016-07-12,2024-04-18,2837,803,Churned
15637324,0,2018-08-14,France,2018-08-26,2026-06-02,2837,28,Active
15738291,0,2018-07-01,France,2018-07-19,2026-04-24,2836,67,Active
15741417,0,2018-08-17,Spain,2018-08-23,2026-05-29,2836,32,Active
15759537,0,2018-07-07,Germany,2018-08-27,2026-06-01,2835,29,Active
15805565,0,2018-07-27,Germany,2018-08-05,2026-05-10,2835,51,Active
15750497,0,2018-08-16,France,2018-08-16,2026-05-21,2835,40,Active
15665879,0,2018-07-01,France,2018-08-12,2026-05-17,2835,44,Active
15672894,0,2018-05-15,France,2018-06-16,2026-03-20,2834,102,At risk (inactive 90+ days)
15690939,0,2018-07-14,Spain,2018-08-24,2026-05-27,2833,34,Active
15650098,0,2018-08-17,France,2018-08-30,2026-06-01,2832,29,Active
15685706,0,2018-08-14,France,2018-08-29,2026-05-31,2832,30,Active
15741049,0,2018-08-26,France,2018-08-31,2026-06-02,2832,28,Active
15759717,0,2018-07-29,Spain,2018-08-15,2026-05-17,2832,44,Active
15809654,0,2018-08-31,France,2018-09-11,2026-06-13,2832,17,Active
15741745,0,2018-07-31,France,2018-08-15,2026-05-16,2831,45,Active
15725776,0,2018-07-05,Germany,2018-07-28,2026-04-28,2831,63,Active
15781307,0,2018-07-19,Germany,2018-07-29,2026-04-28,2830,63,Active
15567335,0,2018-08-22,France,2018-09-04,2026-06-04,2830,26,Active
15721740,0,2018-08-19,Germany,2018-08-26,2026-05-26,2830,35,Active
15645820,0,2018-07-12,France,2018-08-17,2026-05-17,2830,44,Active
15698927,0,2018-08-03,France,2018-08-24,2026-05-24,2830,37,Active
15813850,0,2018-08-29,France,2018-09-03,2026-06-02,2829,28,Active
15663386,0,2018-07-12,Spain,2018-07-27,2026-04-25,2829,66,Active
15598275,0,2018-08-31,France,2018-09-16,2026-06-15,2829,15,Active
15801256,0,2018-07-08,Spain,2018-07-31,2026-04-29,2829,62,Active
15626008,1,2017-04-03,Germany,2017-04-23,2025-01-19,2828,527,Churned
15812197,0,2018-07-30,France,2018-09-14,2026-06-11,2827,19,Active
15680243,0,2018-07-21,France,2018-08-04,2026-05-01,2827,60,Active
15643426,0,2018-05-08,Spain,2018-08-17,2026-05-14,2827,47,Active
15653065,0,2018-08-14,Spain,2018-08-31,2026-05-28,2827,33,Active
15650933,0,2018-06-11,Spain,2018-06-26,2026-03-22,2826,100,At risk (inactive 90+ days)
15813862,0,2018-08-07,Spain,2018-08-12,2026-05-08,2826,53,Active
15604804,0,2018-08-29,France,2018-09-05,2026-05-30,2824,31,Active
15665221,0,2018-08-22,France,2018-09-10,2026-06-04,2824,26,Active
15801316,0,2018-06-20,France,2018-06-29,2026-03-23,2824,99,At risk (inactive 90+ days)
15721935,0,2018-08-10,France,2018-08-12,2026-05-05,2823,56,Active
15785831,0,2018-08-13,France,2018-09-16,2026-06-09,2823,21,Active
15623450,0,2018-08-17,Germany,2018-08-25,2026-05-17,2822,44,Active
15771857,0,2018-09-21,Spain,2018-09-21,2026-06-13,2822,17,Active
15595440,0,2018-08-17,France,2018-08-30,2026-05-21,2821,40,Active
15715465,0,2018-08-20,Germany,2018-08-22,2026-05-13,2821,48,Active
15586300,0,2018-09-09,France,2018-09-14,2026-06-05,2821,25,Active
15680920,0,2018-09-01,France,2018-09-06,2026-05-27,2820,34,Active
15671969,0,2018-04-07,Spain,2018-06-14,2026-03-04,2820,118,At risk (inactive 90+ days)
15809178,1,2017-02-17,Germany,2017-04-06,2024-12-25,2820,552,Churned
15713370,1,2017-11-19,Spain,2017-12-06,2025-08-26,2820,308,Churned
15708505,0,2018-07-05,Germany,2018-07-25,2026-04-13,2819,78,Active
15787051,0,2018-07-04,Spain,2018-07-27,2026-04-14,2818,77,Active
15799042,0,2018-08-14,France,2018-08-26,2026-05-14,2818,47,Active
15655774,0,2018-09-08,France,2018-09-16,2026-06-03,2817,27,Active
15677538,0,2018-09-20,France,2018-09-29,2026-06-16,2817,14,Active
15617507,0,2018-09-23,Spain,2018-09-28,2026-06-14,2816,16,Active
15617617,0,2018-09-29,Spain,2018-10-04,2026-06-19,2815,11,Active
15637428,0,2018-09-09,France,2018-09-15,2026-05-30,2814,31,Active
15737169,0,2018-06-08,Spain,2018-07-05,2026-03-19,2814,103,At risk (inactive 90+ days)
15650237,0,2018-09-02,Spain,2018-09-14,2026-05-28,2813,33,Active
15693814,0,2018-09-26,Spain,2018-10-08,2026-06-21,2813,9,Active
15799515,0,2018-06-02,France,2018-08-13,2026-04-26,2813,65,Active
15769169,0,2018-08-16,France,2018-09-11,2026-05-25,2813,36,Active
15676576,0,2018-04-01,France,2018-08-25,2026-05-08,2813,53,Active
15663234,0,2018-09-29,France,2018-10-07,2026-06-19,2812,11,Active
15653521,0,2018-08-26,Germany,2018-09-17,2026-05-30,2812,31,Active
15745431,0,2018-09-09,France,2018-09-17,2026-05-29,2811,32,Active
15636572,0,2018-08-12,France,2018-09-07,2026-05-18,2810,43,Active
15662091,0,2018-09-04,Spain,2018-09-04,2026-05-15,2810,46,Active
15770543,0,2018-07-25,France,2018-09-21,2026-06-01,2810,29,Active
15621353,0,2018-07-24,Spain,2018-09-07,2026-05-17,2809,44,Active
15709653,0,2018-06-07,France,2018-09-18,2026-05-28,2809,33,Active
15617206,0,2018-06-12,Germany,2018-07-25,2026-04-03,2809,88,Active
15714920,0,2018-08-23,Germany,2018-09-18,2026-05-28,2809,33,Active
15636589,0,2018-07-23,France,2018-09-16,2026-05-25,2808,36,Active
15625522,0,2018-09-10,Spain,2018-09-20,2026-05-29,2808,32,Active
15632859,0,2018-07-15,France,2018-08-17,2026-04-25,2808,66,Active
15612729,0,2018-07-21,France,2018-08-09,2026-04-16,2807,75,Active
15658972,0,2018-06-29,France,2018-09-17,2026-05-25,2807,36,Active
15716781,0,2018-09-25,France,2018-10-15,2026-06-21,2806,9,Active
15635893,0,2018-07-01,France,2018-08-21,2026-04-27,2806,64,Active
15643359,0,2018-09-12,Spain,2018-09-13,2026-05-20,2806,41,Active
15685150,0,2018-09-23,Germany,2018-10-07,2026-06-12,2805,18,Active
15760550,0,2018-09-11,Spain,2018-10-03,2026-06-07,2804,23,Active
15573086,0,2018-09-25,France,2018-09-30,2026-06-04,2804,26,Active
15696361,0,2018-09-12,Germany,2018-09-21,2026-05-26,2804,35,Active
15621227,0,2018-09-22,Germany,2018-10-01,2026-06-04,2803,26,Active
15776124,0,2018-09-26,Spain,2018-10-02,2026-06-05,2803,25,Active
15588019,0,2018-08-29,France,2018-10-20,2026-06-23,2803,7,Active
15623202,1,2015-09-08,Germany,2015-11-15,2023-07-18,2802,1078,Churned
15570908,0,2018-09-20,Spain,2018-10-09,2026-06-11,2802,19,Active
15679029,0,2018-09-22,France,2018-09-25,2026-05-28,2802,33,Active
15597239,0,2018-08-18,Spain,2018-08-23,2026-04-24,2801,67,Active
15749727,0,2018-09-11,Spain,2018-10-01,2026-06-02,2801,28,Active
15785975,0,2018-09-22,Spain,2018-09-28,2026-05-30,2801,31,Active
15752601,0,2018-09-03,France,2018-09-23,2026-05-25,2801,36,Active
15613844,0,2018-07-15,France,2018-07-20,2026-03-17,2797,105,At risk (inactive 90+ days)
15756932,0,2018-09-06,Spain,2018-09-16,2026-05-14,2797,47,Active
15599084,0,2018-09-12,France,2018-09-27,2026-05-25,2797,36,Active
15585041,0,2018-09-17,France,2018-09-22,2026-05-19,2796,42,Active
15793116,0,2018-07-16,Germany,2018-07-30,2026-03-26,2796,96,At risk (inactive 90+ days)
15623644,0,2018-09-05,Spain,2018-09-22,2026-05-18,2795,43,Active
15615096,0,2018-09-30,France,2018-10-18,2026-06-13,2795,17,Active
15792180,0,2018-09-27,Germany,2018-10-12,2026-06-07,2795,23,Active
15771966,0,2018-05-15,France,2018-06-10,2026-02-03,2795,147,At risk (inactive 90+ days)
15636423,0,2018-09-17,France,2018-10-05,2026-05-31,2795,30,Active
15655229,0,2018-09-21,Germany,2018-10-13,2026-06-07,2794,23,Active
15653715,0,2018-10-08,France,2018-10-09,2026-06-02,2793,28,Active
15641604,1,2015-12-15,France,2016-01-28,2023-09-21,2793,1013,Churned
15611973,0,2018-09-01,France,2018-09-07,2026-05-01,2793,60,Active
15656062,0,2018-09-30,France,2018-10-03,2026-05-27,2793,34,Active
15770516,0,2018-09-16,Spain,2018-09-29,2026-05-22,2792,39,Active
15800229,0,2018-09-26,Germany,2018-10-28,2026-06-19,2791,11,Active
15589881,0,2018-10-07,France,2018-10-12,2026-06-03,2791,27,Active
15728829,0,2018-09-04,France,2018-10-01,2026-05-23,2791,38,Active
15660211,0,2018-07-24,Germany,2018-09-10,2026-05-01,2790,60,Active
15794493,0,2018-07-03,Spain,2018-09-28,2026-05-19,2790,42,Active
15699830,0,2018-10-15,France,2018-10-18,2026-06-08,2790,22,Active
15599090,0,2018-10-15,Germany,2018-10-17,2026-06-06,2789,24,Active
15713594,0,2018-08-16,France,2018-09-03,2026-04-23,2789,68,Active
15649086,0,2018-09-02,France,2018-09-07,2026-04-27,2789,64,Active
15740458,0,2018-07-29,Spain,2018-09-05,2026-04-25,2789,66,Active
15569867,0,2018-05-03,France,2018-10-03,2026-05-23,2789,38,Active
15702061,0,2018-10-24,France,2018-10-26,2026-06-15,2789,15,Active
15598493,0,2018-10-25,France,2018-10-31,2026-06-19,2788,11,Active
15596414,0,2017-12-24,Spain,2018-09-25,2026-05-14,2788,47,Active
15674331,0,2018-10-19,Germany,2018-10-25,2026-06-13,2788,17,Active
15760090,0,2018-10-31,France,2018-11-04,2026-06-23,2788,7,Active
15601045,0,2018-07-02,Spain,2018-09-27,2026-05-16,2788,45,Active
15570855,0,2018-08-06,France,2018-10-01,2026-05-19,2787,42,Active
15793424,0,2018-05-18,Spain,2018-07-24,2026-03-11,2787,111,At risk (inactive 90+ days)
15611699,0,2018-07-04,France,2018-07-16,2026-03-02,2786,120,At risk (inactive 90+ days)
15567725,0,2018-10-19,France,2018-10-23,2026-06-09,2786,21,Active
15646262,0,2018-09-10,France,2018-10-13,2026-05-30,2786,31,Active
15585047,0,2018-08-27,France,2018-09-03,2026-04-19,2785,72,Active
15689031,0,2018-07-16,Spain,2018-08-08,2026-03-24,2785,98,At risk (inactive 90+ days)
15664793,0,2018-08-14,Spain,2018-10-04,2026-05-20,2785,41,Active
15606901,0,2018-09-23,France,2018-09-26,2026-05-12,2785,49,Active
15750769,0,2018-10-18,France,2018-10-22,2026-06-06,2784,24,Active
15765192,0,2018-07-08,France,2018-07-13,2026-02-25,2784,125,At risk (inactive 90+ days)
15649618,0,2018-10-22,Germany,2018-11-03,2026-06-18,2784,12,Active
15568487,0,2018-10-20,France,2018-10-20,2026-06-03,2783,27,Active
15590349,1,2017-04-26,France,2017-09-13,2025-04-27,2783,429,Churned
15602844,0,2018-09-16,France,2018-10-25,2026-06-07,2782,23,Active
15721835,0,2018-10-21,Spain,2018-10-27,2026-06-09,2782,21,Active
15625819,0,2018-09-08,France,2018-10-20,2026-06-02,2782,28,Active
15651460,0,2018-10-06,Spain,2018-10-11,2026-05-24,2782,37,Active
15685109,0,2018-09-12,France,2018-10-14,2026-05-26,2781,35,Active
15614137,0,2018-09-20,France,2018-10-13,2026-05-25,2781,36,Active
15724269,0,2018-09-17,France,2018-10-08,2026-05-20,2781,41,Active
15641043,0,2018-10-23,Spain,2018-11-05,2026-06-16,2780,14,Active
15732774,0,2018-08-01,France,2018-08-12,2026-03-23,2780,99,At risk (inactive 90+ days)
15638513,0,2018-08-21,France,2018-10-25,2026-06-05,2780,25,Active
15802823,0,2018-10-23,Spain,2018-11-05,2026-06-16,2780,14,Active
15741078,0,2018-10-05,France,2018-10-08,2026-05-19,2780,42,Active
15728043,0,2018-08-17,Germany,2018-08-17,2026-03-28,2780,94,At risk (inactive 90+ days)
15652401,0,2018-08-12,France,2018-08-12,2026-03-22,2779,100,At risk (inactive 90+ days)
15598614,0,2018-06-13,Spain,2018-06-18,2026-01-26,2779,155,At risk (inactive 90+ days)
15778915,0,2018-10-27,France,2018-10-31,2026-06-10,2779,20,Active
15595047,0,2018-07-20,France,2018-08-26,2026-04-04,2778,87,Active
15639265,0,2018-10-21,France,2018-11-04,2026-06-13,2778,17,Active
15704597,0,2018-10-16,France,2018-10-28,2026-06-06,2778,24,Active
15729599,0,2018-10-09,Spain,2018-10-26,2026-06-03,2777,27,Active
15680141,0,2018-10-25,Spain,2018-11-11,2026-06-18,2776,12,Active
15649418,0,2018-10-07,France,2018-10-25,2026-05-31,2775,30,Active
15787151,0,2018-10-11,France,2018-10-27,2026-06-02,2775,28,Active
15733777,1,2017-11-08,France,2018-01-16,2025-08-22,2775,312,Churned
15671987,0,2018-06-06,Spain,2018-06-17,2026-01-20,2774,161,At risk (inactive 90+ days)
15642937,0,2018-08-19,France,2018-10-31,2026-06-04,2773,26,Active
15716347,0,2018-10-23,Germany,2018-11-09,2026-06-13,2773,17,Active
15624528,0,2018-10-22,Germany,2018-11-05,2026-06-08,2772,22,Active
15660385,0,2018-09-13,France,2018-10-01,2026-05-04,2772,57,Active
15720187,0,2018-09-23,Germany,2018-11-12,2026-06-14,2771,16,Active
15572777,0,2018-10-14,Spain,2018-11-02,2026-06-04,2771,26,Active
15590476,0,2018-07-30,France,2018-08-07,2026-03-08,2770,114,At risk (inactive 90+ days)
15573452,0,2018-10-30,Germany,2018-11-20,2026-06-21,2770,9,Active
15796167,0,2018-08-02,Germany,2018-10-28,2026-05-29,2770,32,Active
15615322,0,2018-10-31,Spain,2018-11-16,2026-06-16,2769,14,Active
15716605,0,2018-10-14,Germany,2018-10-19,2026-05-19,2769,42,Active
15608726,0,2018-10-01,France,2018-10-13,2026-05-13,2769,48,Active
15800806,0,2018-10-18,Spain,2018-10-26,2026-05-26,2769,35,Active
15580149,0,2018-10-29,Spain,2018-11-03,2026-06-03,2769,27,Active
15650244,0,2018-09-10,Spain,2018-10-20,2026-05-20,2769,41,Active
15747542,0,2018-10-16,France,2018-11-07,2026-06-06,2768,24,Active
15674929,0,2018-10-22,France,2018-10-25,2026-05-23,2767,38,Active
15799964,0,2018-09-09,Germany,2018-10-25,2026-05-23,2767,38,Active
15769548,0,2018-08-30,France,2018-09-05,2026-04-02,2766,89,Active
15575492,0,2018-09-06,France,2018-10-19,2026-05-15,2765,46,Active
15680001,0,2018-10-10,France,2018-11-01,2026-05-28,2765,33,Active
15732903,0,2018-08-15,France,2018-09-23,2026-04-19,2765,72,Active
15757473,0,2018-09-10,France,2018-09-14,2026-04-10,2765,81,Active
15649508,0,2018-02-03,Spain,2018-07-16,2026-02-09,2765,141,At risk (inactive 90+ days)
15733883,0,2018-10-03,France,2018-10-16,2026-05-11,2764,50,Active
15678168,0,2018-10-30,Spain,2018-11-18,2026-06-13,2764,17,Active
15763895,0,2018-09-17,France,2018-10-31,2026-05-26,2764,35,Active
15797905,0,2018-10-15,France,2018-10-27,2026-05-22,2764,39,Active
15749540,0,2018-08-29,France,2018-09-05,2026-03-31,2764,91,At risk (inactive 90+ days)
15771573,1,2017-01-18,Germany,2017-02-10,2024-09-04,2763,664,Churned
15600174,0,2018-10-31,France,2018-11-10,2026-06-04,2763,26,Active
15763859,0,2018-08-26,France,2018-09-05,2026-03-29,2762,93,At risk (inactive 90+ days)
15592570,0,2018-03-27,Spain,2018-09-19,2026-04-12,2762,79,Active
15751180,0,2018-08-19,France,2018-09-01,2026-03-25,2762,97,At risk (inactive 90+ days)
15636478,0,2018-11-11,France,2018-11-13,2026-06-06,2762,24,Active
15678333,0,2018-07-10,France,2018-10-07,2026-04-30,2762,61,Active
15663921,0,2018-09-09,France,2018-09-17,2026-04-09,2761,82,Active
15603550,0,2018-08-06,Germany,2018-08-09,2026-03-01,2761,121,At risk (inactive 90+ days)
15762984,0,2018-07-18,Spain,2018-07-31,2026-02-19,2760,131,At risk (inactive 90+ days)
15662908,0,2018-10-30,Germany,2018-11-17,2026-06-08,2760,22,Active
15694253,0,2018-10-07,France,2018-10-22,2026-05-12,2759,49,Active
15650442,1,2018-03-01,Germany,2018-03-01,2025-09-19,2759,284,Churned
15615176,0,2018-10-17,France,2018-11-09,2026-05-30,2759,31,Active
15794396,0,2018-08-15,Germany,2018-11-02,2026-05-22,2758,39,Active
15790659,0,2018-10-28,Spain,2018-11-10,2026-05-30,2758,31,Active
15706217,0,2018-09-24,Germany,2018-11-11,2026-05-31,2758,30,Active
15627859,0,2018-09-10,Germany,2018-09-14,2026-04-03,2758,88,Active
15723894,0,2018-09-03,France,2018-09-22,2026-04-10,2757,81,Active
15711254,0,2018-09-02,France,2018-09-09,2026-03-27,2756,95,At risk (inactive 90+ days)
15722535,0,2018-09-03,France,2018-09-22,2026-04-08,2755,83,Active
15732884,0,2018-10-17,France,2018-10-22,2026-05-07,2754,54,Active
15624428,0,2018-10-22,Germany,2018-11-14,2026-05-29,2753,32,Active
15617538,0,2018-09-20,Spain,2018-10-29,2026-05-13,2753,48,Active
15724321,1,2017-01-09,Germany,2017-05-24,2024-12-06,2753,571,Churned
15717426,0,2018-11-03,France,2018-11-09,2026-05-23,2752,38,Active
15755868,0,2018-11-09,France,2018-11-19,2026-06-02,2752,28,Active
15791304,0,2018-10-12,Germany,2018-10-24,2026-05-07,2752,54,Active
15676091,0,2018-09-12,France,2018-10-24,2026-05-07,2752,54,Active
15578374,0,2018-09-30,Spain,2018-11-13,2026-05-27,2752,34,Active
15722350,0,2018-10-06,Germany,2018-10-28,2026-05-10,2751,51,Active
15665783,0,2018-11-17,France,2018-11-29,2026-06-11,2751,19,Active
15599533,0,2018-11-09,France,2018-11-16,2026-05-27,2749,34,Active
15632010,0,2018-11-04,Spain,2018-11-16,2026-05-27,2749,34,Active
15643438,0,2018-09-04,France,2018-09-16,2026-03-26,2748,96,At risk (inactive 90+ days)
15737354,0,2018-10-18,France,2018-11-12,2026-05-22,2748,39,Active
15576162,0,2018-09-18,France,2018-10-11,2026-04-19,2747,72,Active
15696539,0,2018-11-09,France,2018-11-14,2026-05-23,2747,38,Active
15702293,0,2018-11-03,Spain,2018-11-18,2026-05-25,2745,36,Active
15737998,1,2017-08-16,France,2017-10-11,2025-04-16,2744,440,Churned
15801072,0,2018-11-24,France,2018-11-26,2026-06-01,2744,29,Active
15658614,0,2018-11-08,Germany,2018-11-28,2026-06-03,2744,27,Active
15803202,1,2016-02-05,France,2016-02-19,2023-08-25,2744,1040,Churned
15566958,0,2018-11-18,Spain,2018-11-19,2026-05-24,2743,37,Active
15592116,0,2018-11-04,France,2018-11-13,2026-05-17,2742,44,Active
15733169,0,2018-11-22,Spain,2018-11-22,2026-05-26,2742,35,Active
15646942,0,2018-11-27,Spain,2018-12-11,2026-06-14,2742,16,Active
15765311,0,2018-06-29,Spain,2018-12-10,2026-06-12,2741,18,Active
15673578,0,2018-11-15,Germany,2018-12-03,2026-06-05,2741,25,Active
15773221,1,2018-03-05,Spain,2018-08-12,2026-02-12,2741,138,Churned
15587133,0,2018-11-08,France,2018-11-22,2026-05-25,2741,36,Active
15699450,0,2018-11-10,France,2018-11-10,2026-05-12,2740,49,Active
15609637,0,2018-11-30,France,2018-12-06,2026-06-07,2740,23,Active
15761286,0,2018-11-22,Germany,2018-12-04,2026-06-05,2740,25,Active
15790717,0,2018-07-22,Spain,2018-07-29,2026-01-27,2739,154,At risk (inactive 90+ days)
15632324,0,2018-11-25,France,2018-12-15,2026-06-13,2737,17,Active
15767231,0,2018-10-12,France,2018-11-29,2026-05-28,2737,33,Active
15682533,0,2018-11-14,France,2018-11-21,2026-05-19,2736,42,Active
15592028,0,2018-11-04,France,2018-11-19,2026-05-16,2735,45,Active
15664504,0,2018-10-10,France,2018-10-24,2026-04-20,2735,71,Active
15769051,0,2018-12-13,Spain,2018-12-13,2026-06-08,2734,22,Active
15814923,0,2018-11-21,Spain,2018-11-27,2026-05-23,2734,38,Active
15592222,0,2018-11-05,France,2018-11-25,2026-05-20,2733,41,Active
15741643,0,2018-10-11,Germany,2018-11-04,2026-04-28,2732,63,Active
15697095,0,2018-08-25,Spain,2018-11-05,2026-04-28,2731,63,Active
15596397,0,2018-12-24,France,2018-12-26,2026-06-18,2731,12,Active
15588622,0,2018-12-08,Germany,2018-12-11,2026-06-03,2731,27,Active
15640421,0,2018-10-15,France,2018-11-09,2026-05-01,2730,60,Active
15653448,0,2018-12-07,France,2018-12-08,2026-05-30,2730,31,Active
15637461,0,2018-10-17,France,2018-11-30,2026-05-22,2730,39,Active
15779529,0,2018-11-04,France,2018-11-24,2026-05-15,2729,46,Active
15770984,0,2018-12-26,Spain,2018-12-30,2026-06-20,2729,10,Active
15601263,0,2018-10-05,Spain,2018-11-14,2026-05-05,2729,56,Active
15732563,0,2018-11-23,Germany,2018-12-06,2026-05-27,2729,34,Active
15777904,0,2018-11-19,France,2018-12-24,2026-06-13,2728,17,Active
15656005,0,2018-11-14,Germany,2018-12-03,2026-05-23,2728,38,Active
15809585,0,2018-10-20,France,2018-10-21,2026-04-10,2728,81,Active
15753831,0,2018-12-07,Spain,2018-12-15,2026-06-03,2727,27,Active
15690743,1,2018-03-31,France,2018-04-21,2025-10-08,2727,265,Churned
15793896,0,2018-11-23,Spain,2018-12-10,2026-05-29,2727,32,Active
15685226,0,2018-10-27,Germany,2018-12-22,2026-06-08,2725,22,Active
15664521,0,2018-10-29,Spain,2018-11-12,2026-04-29,2725,62,Active
15602124,0,2018-12-10,France,2018-12-20,2026-06-06,2725,24,Active
15645496,0,2018-11-12,France,2018-12-15,2026-06-01,2725,29,Active
15701908,0,2018-11-16,Spain,2018-11-23,2026-05-09,2724,52,Active
15588197,0,2018-09-02,France,2018-11-03,2026-04-19,2724,72,Active
15658475,1,2018-06-24,France,2018-07-20,2026-01-03,2724,178,Churned
15689412,0,2018-10-04,France,2018-11-28,2026-05-14,2724,47,Active
15738785,0,2018-12-02,France,2018-12-07,2026-05-23,2724,38,Active
15777033,0,2018-12-27,France,2019-01-01,2026-06-17,2724,13,Active
15767871,0,2018-12-27,Spain,2019-01-01,2026-06-16,2723,14,Active
15814519,0,2018-11-27,France,2018-12-03,2026-05-18,2723,43,Active
15653547,0,2018-12-08,France,2018-12-13,2026-05-27,2722,34,Active
15724161,1,2016-09-09,France,2016-09-22,2024-03-06,2722,846,Churned
15592025,0,2018-12-11,France,2018-12-18,2026-06-01,2722,29,Active
15640922,0,2018-12-29,France,2019-01-01,2026-06-14,2721,16,Active
15629390,0,2018-10-10,France,2018-10-22,2026-04-04,2721,87,Active
15794916,0,2018-12-28,France,2018-12-29,2026-06-10,2720,20,Active
15726484,0,2018-11-10,France,2018-11-19,2026-05-01,2720,60,Active
15811742,0,2018-12-24,Spain,2019-01-05,2026-06-17,2720,13,Active
15692142,1,2018-08-23,Germany,2018-09-23,2026-03-05,2720,117,Churned
15626491,0,2018-12-15,France,2018-12-22,2026-06-02,2719,28,Active
15567437,0,2018-11-22,Germany,2018-12-04,2026-05-15,2719,46,Active
15643828,0,2018-12-11,France,2018-12-13,2026-05-24,2719,37,Active
15710825,0,2018-12-11,Spain,2018-12-15,2026-05-25,2718,36,Active
15637414,0,2018-12-28,France,2018-12-28,2026-06-07,2718,23,Active
15776733,0,2018-07-24,Germany,2018-08-12,2026-01-20,2718,161,At risk (inactive 90+ days)
15569446,0,2018-06-22,France,2018-12-15,2026-05-25,2718,36,Active
15680370,0,2018-12-23,France,2019-01-07,2026-06-17,2718,13,Active
15704014,0,2018-10-03,Germany,2018-10-29,2026-04-08,2718,83,Active
15619932,0,2018-12-17,France,2018-12-21,2026-05-31,2718,30,Active
15749177,0,2018-12-06,Spain,2018-12-23,2026-06-01,2717,29,Active
15683471,0,2018-10-20,France,2018-11-14,2026-04-23,2717,68,Active
15694829,0,2018-12-21,Germany,2018-12-29,2026-06-07,2717,23,Active
15782418,1,2016-09-28,Germany,2016-10-11,2024-03-20,2717,832,Churned
15696301,1,2017-02-06,France,2017-02-19,2024-07-29,2717,701,Churned
15587297,0,2018-12-05,France,2018-12-05,2026-05-14,2717,47,Active
15714227,0,2018-10-25,France,2018-12-13,2026-05-21,2716,40,Active
15815560,0,2018-12-30,Germany,2019-01-01,2026-06-09,2716,21,Active
15806455,0,2018-11-10,France,2018-12-17,2026-05-24,2715,37,Active
15665629,0,2018-10-17,Spain,2018-11-19,2026-04-25,2714,66,Active
15686538,0,2018-10-12,France,2018-12-14,2026-05-20,2714,41,Active
15766765,0,2018-12-09,Germany,2018-12-29,2026-06-02,2712,28,Active
15673055,0,2018-11-16,Spain,2018-12-02,2026-05-05,2711,56,Active
15635972,0,2018-06-16,Spain,2018-06-23,2025-11-24,2711,218,At risk (inactive 90+ days)
15760873,0,2018-12-24,France,2019-01-14,2026-06-17,2711,13,Active
15756743,0,2018-07-26,France,2018-12-19,2026-05-21,2710,40,Active
15636548,0,2018-11-01,Spain,2018-11-05,2026-04-07,2710,84,Active
15591698,1,2017-03-23,Germany,2017-04-12,2024-09-12,2710,656,Churned
15761158,0,2018-12-29,France,2019-01-05,2026-06-06,2709,24,Active
15712543,0,2018-11-06,Germany,2018-11-17,2026-04-16,2707,75,Active
15704250,0,2018-11-26,France,2019-01-16,2026-06-15,2707,15,Active
15578738,0,2018-11-23,France,2018-12-27,2026-05-25,2706,36,Active
15689955,0,2018-08-10,France,2018-08-22,2026-01-17,2705,164,At risk (inactive 90+ days)
15672145,0,2018-11-17,France,2018-12-14,2026-05-10,2704,51,Active
15706647,0,2018-12-08,France,2019-01-01,2026-05-28,2704,33,Active
15669741,0,2018-11-07,France,2018-12-22,2026-05-18,2704,43,Active
15588406,0,2018-12-31,Spain,2019-01-22,2026-06-18,2704,12,Active
15757434,0,2018-11-29,France,2018-12-22,2026-05-17,2703,44,Active
15674179,0,2018-11-25,Germany,2018-12-04,2026-04-29,2703,62,Active
15622585,0,2018-12-30,France,2019-01-08,2026-06-02,2702,28,Active
15633525,0,2018-12-30,France,2019-01-21,2026-06-15,2702,15,Active
15587419,1,2018-05-20,France,2018-05-23,2025-10-14,2701,259,Churned
15637354,0,2018-12-15,France,2018-12-31,2026-05-24,2701,37,Active
15773591,0,2019-01-04,France,2019-01-05,2026-05-28,2700,33,Active
15735909,1,2017-10-03,Germany,2017-10-16,2025-03-08,2700,479,Churned
15800805,0,2019-01-31,France,2019-02-03,2026-06-26,2700,4,Active
15581089,0,2019-01-24,Spain,2019-01-24,2026-06-16,2700,14,Active
15783305,0,2018-12-12,France,2018-12-30,2026-05-21,2699,40,Active
15604813,0,2019-01-31,France,2019-01-31,2026-06-21,2698,9,Active
15587421,0,2018-12-10,Germany,2018-12-25,2026-05-14,2697,47,Active
15793813,0,2019-01-11,France,2019-01-11,2026-05-31,2697,30,Active
15616088,0,2019-01-25,France,2019-01-29,2026-06-18,2697,12,Active
15610727,0,2018-07-25,France,2019-01-10,2026-05-30,2697,31,Active
15650391,0,2018-11-10,France,2018-12-24,2026-05-12,2696,49,Active
15796114,0,2018-11-12,France,2018-11-14,2026-04-02,2696,89,Active
15807163,1,2015-10-30,France,2016-01-14,2023-06-02,2696,1124,Churned
15779886,0,2019-01-28,Spain,2019-02-03,2026-06-22,2696,8,Active
15606436,0,2018-09-12,Spain,2019-01-13,2026-06-01,2696,29,Active
15805312,0,2019-01-04,France,2019-01-13,2026-05-31,2695,30,Active
15710450,0,2019-01-29,Spain,2019-01-30,2026-06-17,2695,13,Active
15578096,0,2018-11-20,France,2018-12-22,2026-05-09,2695,52,Active
15654964,0,2018-12-16,Spain,2018-12-29,2026-05-16,2695,45,Active
15724944,0,2019-01-20,France,2019-01-29,2026-06-15,2694,15,Active
15573769,0,2019-01-20,France,2019-01-28,2026-06-14,2694,16,Active
15812338,0,2018-11-23,Spain,2018-12-24,2026-05-10,2694,51,Active
15752912,0,2018-12-18,France,2019-01-19,2026-06-05,2694,25,Active
15753955,0,2018-12-17,Spain,2018-12-23,2026-05-09,2694,52,Active
15763093,0,2018-08-18,Germany,2018-09-09,2026-01-24,2694,157,At risk (inactive 90+ days)
15743016,0,2019-01-26,Spain,2019-02-02,2026-06-18,2693,12,Active
15576517,0,2018-08-07,Germany,2018-08-09,2025-12-23,2693,189,At risk (inactive 90+ days)
15609510,0,2018-12-04,France,2019-01-05,2026-05-20,2692,41,Active
15659399,0,2018-09-22,Germany,2018-12-12,2026-04-26,2692,65,Active
15588186,0,2019-01-12,Spain,2019-01-22,2026-06-06,2692,24,Active
15726855,1,2017-04-24,Germany,2017-06-16,2024-10-29,2692,609,Churned
15718921,0,2019-01-05,Spain,2019-01-12,2026-05-27,2692,34,Active
15793317,0,2018-11-03,Spain,2018-12-13,2026-04-26,2691,65,Active
15709135,0,2019-01-29,Germany,2019-02-03,2026-06-17,2691,13,Active
15595221,0,2018-12-27,Germany,2019-01-02,2026-05-15,2690,46,Active
15636982,0,2019-01-25,Germany,2019-02-04,2026-06-17,2690,13,Active
15776605,0,2018-10-11,Spain,2019-01-24,2026-06-05,2689,25,Active
15722122,0,2019-01-13,France,2019-01-21,2026-06-02,2689,28,Active
15591942,0,2018-12-26,Spain,2019-01-18,2026-05-30,2689,31,Active
15755209,0,2018-11-03,Spain,2018-12-26,2026-05-06,2688,55,Active
15738954,0,2018-12-22,France,2019-02-07,2026-06-18,2688,12,Active
15675964,1,2017-02-16,France,2017-02-26,2024-07-06,2687,724,Churned
15633213,1,2017-12-13,Spain,2017-12-16,2025-04-25,2687,431,Churned
15569410,0,2018-11-23,Germany,2019-01-06,2026-05-15,2686,46,Active
15633586,0,2018-09-14,France,2018-12-22,2026-04-30,2686,61,Active
15628155,0,2018-12-05,France,2019-01-19,2026-05-28,2686,33,Active
15762573,0,2018-12-08,Spain,2018-12-18,2026-04-26,2686,65,Active
15759684,0,2019-01-28,France,2019-02-06,2026-06-14,2685,16,Active
15725478,0,2019-01-11,France,2019-01-27,2026-06-03,2684,27,Active
15634936,0,2019-01-12,France,2019-01-25,2026-06-01,2684,29,Active
15775797,0,2019-01-06,Spain,2019-01-09,2026-05-16,2684,45,Active
15611105,0,2019-01-30,Spain,2019-02-12,2026-06-18,2683,12,Active
15650545,0,2019-01-20,France,2019-01-27,2026-06-02,2683,28,Active
15713769,0,2019-01-05,Spain,2019-01-22,2026-05-28,2683,33,Active
15579714,0,2019-01-06,France,2019-01-17,2026-05-23,2683,38,Active
15704586,0,2019-01-05,France,2019-01-19,2026-05-24,2682,37,Active
15568044,0,2019-01-04,France,2019-01-24,2026-05-29,2682,32,Active
15609475,0,2019-01-25,Spain,2019-01-30,2026-06-04,2682,26,Active
15808831,0,2019-01-28,France,2019-02-06,2026-06-11,2682,19,Active
15680112,0,2018-10-23,Germany,2019-01-24,2026-05-29,2682,32,Active
15692110,0,2018-11-07,France,2019-01-12,2026-05-17,2682,44,Active
15591509,0,2018-11-15,France,2018-12-17,2026-04-20,2681,71,Active
15801817,0,2018-11-28,France,2019-02-01,2026-06-05,2681,25,Active
15725002,0,2019-01-24,France,2019-02-07,2026-06-11,2681,19,Active
15767488,0,2018-08-19,Spain,2018-11-25,2026-03-29,2681,93,At risk (inactive 90+ days)
15746664,0,2018-05-24,Spain,2018-07-26,2025-11-26,2680,216,At risk (inactive 90+ days)
15648951,0,2019-01-30,Spain,2019-02-03,2026-06-05,2679,25,Active
15672516,0,2018-12-02,Germany,2018-12-13,2026-04-12,2677,79,Active
15606133,0,2019-01-27,Spain,2019-01-30,2026-05-30,2677,31,Active
15597909,0,2018-11-14,Germany,2019-01-17,2026-05-16,2676,45,Active
15596713,0,2019-01-04,France,2019-01-07,2026-05-06,2676,55,Active
15815043,0,2018-06-21,Spain,2018-12-01,2026-03-30,2676,92,At risk (inactive 90+ days)
15665634,0,2019-01-27,France,2019-02-08,2026-06-07,2676,23,Active
15569120,0,2018-12-21,France,2019-01-15,2026-05-13,2675,48,Active
15692718,0,2018-11-24,France,2018-12-31,2026-04-27,2674,64,Active
15569266,0,2018-11-06,France,2019-01-06,2026-05-03,2674,58,Active
15678779,0,2019-01-25,France,2019-02-02,2026-05-29,2673,32,Active
15797665,0,2018-12-26,France,2019-02-22,2026-06-18,2673,12,Active
15759456,0,2019-01-26,Spain,2019-02-03,2026-05-29,2672,32,Active
15684248,0,2019-01-02,Spain,2019-01-13,2026-05-08,2672,53,Active
15608916,0,2019-01-15,France,2019-01-25,2026-05-20,2672,41,Active
15627395,0,2019-01-21,Germany,2019-02-02,2026-05-28,2672,33,Active
15758073,0,2018-11-24,France,2019-02-12,2026-06-06,2671,24,Active
15747323,1,2017-04-24,Spain,2017-05-06,2024-08-28,2671,671,Churned
15699507,0,2019-01-10,France,2019-02-05,2026-05-30,2671,31,Active
15653773,0,2019-02-21,France,2019-02-23,2026-06-16,2670,14,Active
15687431,0,2019-01-10,France,2019-02-05,2026-05-29,2670,32,Active
15646859,0,2019-01-20,Germany,2019-02-13,2026-06-05,2669,25,Active
15693326,0,2019-02-03,France,2019-02-05,2026-05-28,2669,33,Active
15705343,0,2019-01-14,Spain,2019-02-16,2026-06-08,2669,22,Active
15794204,0,2019-01-01,France,2019-01-11,2026-05-03,2669,58,Active
15779711,0,2018-12-19,Spain,2019-02-02,2026-05-24,2668,37,Active
15567333,0,2018-10-23,France,2019-02-10,2026-06-01,2668,29,Active
15611800,0,2019-01-23,France,2019-02-14,2026-06-05,2668,25,Active
15758685,0,2019-01-31,Spain,2019-02-18,2026-06-08,2667,22,Active
15734948,0,2018-10-21,Spain,2018-10-27,2026-02-14,2667,136,At risk (inactive 90+ days)
15770214,0,2018-12-28,France,2019-02-12,2026-06-02,2667,28,Active
15760063,0,2019-02-28,Spain,2019-03-04,2026-06-22,2667,8,Active
15733229,0,2018-10-02,Spain,2018-12-17,2026-04-06,2667,85,Active
15652048,0,2019-02-24,Germany,2019-03-01,2026-06-18,2666,12,Active
15593897,0,2019-02-08,Spain,2019-02-11,2026-05-30,2665,31,Active
15792916,0,2019-02-16,Spain,2019-02-21,2026-06-09,2665,21,Active
15624892,0,2018-10-19,Germany,2018-12-22,2026-04-09,2665,82,Active
15752626,0,2019-01-11,France,2019-02-13,2026-06-01,2665,29,Active
15767432,0,2019-01-03,France,2019-01-17,2026-05-04,2664,57,Active
15626383,0,2019-01-27,Spain,2019-02-10,2026-05-28,2664,33,Active
15608114,0,2019-01-16,Spain,2019-02-23,2026-06-09,2663,21,Active
15701109,0,2019-02-22,France,2019-02-22,2026-06-08,2663,22,Active
15711219,1,2018-06-10,Germany,2018-06-12,2025-09-26,2663,277,Churned
15711457,0,2019-02-13,France,2019-02-19,2026-06-05,2663,25,Active
15612832,0,2019-01-11,France,2019-02-19,2026-06-05,2663,25,Active
15809616,0,2018-04-12,Spain,2018-12-07,2026-03-22,2662,100,At risk (inactive 90+ days)
15778604,0,2018-12-24,France,2019-02-11,2026-05-27,2662,34,Active
15604119,0,2018-12-19,Spain,2019-03-03,2026-06-15,2661,15,Active
15636396,0,2019-02-12,France,2019-02-20,2026-06-04,2661,26,Active
15642816,0,2019-01-26,France,2019-02-27,2026-06-11,2661,19,Active
15578238,0,2019-01-11,France,2019-02-13,2026-05-27,2660,34,Active
15742323,0,2018-12-19,France,2018-12-23,2026-04-05,2660,86,Active
15640106,0,2019-01-09,France,2019-01-19,2026-05-02,2660,59,Active
15705174,0,2018-12-31,Germany,2019-02-22,2026-06-05,2660,25,Active
15662483,0,2019-01-13,France,2019-02-05,2026-05-18,2659,43,Active
15798850,0,2019-02-03,France,2019-02-17,2026-05-29,2658,32,Active
15570947,0,2019-01-23,Spain,2019-01-27,2026-05-08,2658,53,Active
15731511,0,2019-01-03,France,2019-02-10,2026-05-21,2657,40,Active
15800482,0,2019-02-02,Spain,2019-02-16,2026-05-27,2657,34,Active
15579996,0,2018-09-23,Germany,2018-10-17,2026-01-24,2656,157,At risk (inactive 90+ days)
15728709,0,2019-01-03,Germany,2019-02-05,2026-05-15,2656,46,Active
15726358,0,2018-11-30,France,2019-01-02,2026-04-10,2655,81,Active
15757661,0,2018-10-27,France,2018-11-27,2026-03-05,2655,117,At risk (inactive 90+ days)
15752622,0,2019-02-13,France,2019-02-23,2026-06-01,2655,29,Active
15783398,0,2019-01-09,Spain,2019-02-28,2026-06-05,2654,25,Active
15575694,0,2018-12-06,Spain,2019-02-18,2026-05-26,2654,35,Active
15758939,0,2019-02-13,Germany,2019-02-26,2026-06-03,2654,27,Active
15720203,0,2018-12-11,Spain,2018-12-11,2026-03-18,2654,104,At risk (inactive 90+ days)
15723685,0,2018-08-11,Germany,2019-01-16,2026-04-22,2653,69,Active
15784092,0,2019-02-13,France,2019-03-02,2026-06-06,2653,24,Active
15655007,0,2018-11-07,France,2018-12-17,2026-03-20,2650,102,At risk (inactive 90+ days)
15802256,0,2019-02-10,France,2019-03-04,2026-06-05,2650,25,Active
15763747,0,2019-02-11,France,2019-02-14,2026-05-18,2650,43,Active
15579166,0,2019-02-03,France,2019-02-09,2026-05-13,2650,48,Active
15792565,0,2019-02-06,France,2019-02-20,2026-05-24,2650,37,Active
15695197,0,2018-08-23,Germany,2018-09-17,2025-12-19,2650,193,At risk (inactive 90+ days)
15629545,0,2018-12-28,Spain,2019-01-10,2026-04-12,2649,79,Active
15811036,0,2019-02-27,France,2019-03-10,2026-06-10,2649,20,Active
15721719,0,2019-02-18,France,2019-02-28,2026-05-30,2648,31,Active
15576774,0,2018-12-11,France,2019-03-08,2026-06-07,2648,23,Active
15606076,0,2019-02-23,Germany,2019-03-15,2026-06-14,2648,16,Active
15752846,0,2019-02-01,France,2019-02-15,2026-05-16,2647,45,Active
15604782,0,2019-02-06,Germany,2019-02-08,2026-05-08,2646,53,Active
15748639,0,2019-01-20,Germany,2019-01-21,2026-04-20,2646,71,Active
15802466,0,2019-02-26,France,2019-03-23,2026-06-20,2646,10,Active
15588517,0,2019-02-21,France,2019-03-01,2026-05-28,2645,33,Active
15582903,0,2019-02-16,France,2019-02-20,2026-05-19,2645,42,Active
15693690,0,2019-01-16,Spain,2019-02-23,2026-05-22,2645,39,Active
15790809,0,2019-02-20,Spain,2019-03-20,2026-06-15,2644,15,Active
15594786,0,2019-02-10,Germany,2019-03-06,2026-06-01,2644,29,Active
15758035,0,2019-02-11,France,2019-02-20,2026-05-17,2643,44,Active
15702337,0,2019-02-12,France,2019-02-27,2026-05-24,2643,37,Active
15679299,0,2019-02-02,Spain,2019-02-17,2026-05-12,2641,49,Active
15587013,0,2019-03-28,France,2019-04-01,2026-06-24,2641,6,Active
15777855,0,2019-02-03,France,2019-02-15,2026-05-10,2641,51,Active
15785869,0,2019-01-25,France,2019-01-25,2026-04-18,2640,73,Active
15723620,0,2019-03-05,France,2019-03-10,2026-06-01,2640,29,Active
15646351,0,2019-01-16,Spain,2019-02-27,2026-05-21,2640,40,Active
15808849,0,2019-02-12,France,2019-03-05,2026-05-27,2640,34,Active
15752294,1,2017-07-01,France,2017-07-05,2024-09-26,2640,642,Churned
15765520,0,2018-12-07,Germany,2019-01-27,2026-04-19,2639,72,Active
15770424,0,2019-01-14,Germany,2019-02-25,2026-05-17,2638,44,Active
15639049,0,2019-01-07,France,2019-01-18,2026-04-09,2638,82,Active
15746258,0,2019-02-24,France,2019-03-17,2026-06-06,2638,24,Active
15638068,0,2018-12-31,Spain,2019-02-25,2026-05-17,2638,44,Active
15753213,0,2018-12-09,France,2019-02-25,2026-05-16,2637,45,Active
15729771,1,2017-05-17,Germany,2017-05-21,2024-08-09,2637,690,Churned
15705506,0,2019-02-25,Spain,2019-03-21,2026-06-09,2637,21,Active
15616029,0,2018-11-03,France,2019-01-20,2026-04-10,2637,81,Active
15673820,0,2018-12-17,France,2019-02-20,2026-05-11,2637,50,Active
15796834,0,2019-03-26,Germany,2019-04-01,2026-06-20,2637,10,Active
15600882,0,2019-03-21,Spain,2019-03-27,2026-06-14,2636,16,Active
15590097,0,2019-03-05,Spain,2019-03-07,2026-05-25,2636,36,Active
15712584,0,2019-02-04,France,2019-02-15,2026-05-04,2635,57,Active
15652914,0,2019-02-17,Spain,2019-03-04,2026-05-21,2635,40,Active
15697480,0,2019-03-17,France,2019-03-22,2026-06-07,2634,23,Active
15807595,0,2018-07-23,Germany,2018-10-15,2025-12-30,2633,182,At risk (inactive 90+ days)
15715744,0,2019-03-29,France,2019-04-07,2026-06-22,2633,8,Active
15654878,0,2019-03-28,France,2019-04-01,2026-06-16,2633,14,Active
15799653,0,2019-03-26,Germany,2019-04-03,2026-06-18,2633,12,Active
15672467,0,2019-03-15,France,2019-03-25,2026-06-09,2633,21,Active
15633274,0,2019-01-31,France,2019-04-01,2026-06-15,2632,15,Active
15625929,0,2018-08-15,France,2018-12-05,2026-02-18,2632,132,At risk (inactive 90+ days)
15617518,0,2019-02-14,Germany,2019-03-01,2026-05-14,2631,47,Active
15738219,0,2019-03-26,France,2019-03-30,2026-06-12,2631,18,Active
15756560,0,2018-10-23,Spain,2019-02-25,2026-05-10,2631,51,Active
15787830,0,2018-12-17,Germany,2019-02-23,2026-05-08,2631,53,Active
15681180,0,2019-01-04,France,2019-01-24,2026-04-08,2631,83,Active
15812073,0,2019-02-18,France,2019-03-22,2026-06-04,2631,26,Active
15627042,0,2019-03-18,France,2019-03-28,2026-06-10,2631,20,Active
15758769,0,2019-01-14,France,2019-02-19,2026-05-04,2631,57,Active
15665181,0,2019-01-22,Spain,2019-03-01,2026-05-13,2630,48,Active
15802617,0,2019-01-24,Germany,2019-02-05,2026-04-18,2629,73,Active
15657317,0,2019-03-18,France,2019-04-04,2026-06-14,2628,16,Active
15762902,0,2019-03-13,France,2019-03-28,2026-06-05,2626,25,Active
15629885,0,2019-02-11,France,2019-02-15,2026-04-25,2626,66,Active
15788930,0,2019-02-26,Spain,2019-04-04,2026-06-12,2626,18,Active
15791767,0,2019-01-23,France,2019-02-03,2026-04-12,2625,79,Active
15781710,0,2019-02-11,Spain,2019-03-31,2026-06-07,2625,23,Active
15814331,0,2019-02-26,Germany,2019-03-15,2026-05-22,2625,39,Active
15715667,0,2018-10-25,France,2019-02-17,2026-04-25,2624,66,Active
15582259,0,2019-03-29,France,2019-03-29,2026-06-04,2624,26,Active
15753550,0,2019-01-14,France,2019-03-25,2026-05-31,2624,30,Active
15581871,0,2019-02-01,Germany,2019-02-24,2026-05-02,2624,59,Active
15815131,0,2019-03-26,Spain,2019-04-11,2026-06-16,2623,14,Active
15749401,1,2016-08-05,France,2016-08-12,2023-10-18,2623,986,Churned
15795429,0,2019-03-16,France,2019-03-24,2026-05-29,2623,32,Active
15778589,0,2019-02-28,France,2019-04-19,2026-06-24,2623,6,Active
15758692,0,2019-01-21,France,2019-01-29,2026-04-04,2622,87,Active
15758513,0,2018-09-23,France,2019-02-13,2026-04-19,2622,72,Active
15748034,0,2019-03-23,France,2019-04-02,2026-06-05,2621,25,Active
15586996,0,2019-03-27,France,2019-03-27,2026-05-29,2620,32,Active
15642093,0,2019-02-09,France,2019-02-24,2026-04-28,2620,63,Active
15686941,0,2019-03-29,Spain,2019-03-29,2026-05-31,2620,30,Active
15662494,0,2019-03-28,Spain,2019-04-06,2026-06-08,2620,22,Active
15758639,0,2019-03-27,France,2019-03-29,2026-05-30,2619,31,Active
15721189,0,2019-01-18,France,2019-02-06,2026-04-09,2619,82,Active
15605684,0,2019-02-25,France,2019-03-13,2026-05-14,2619,47,Active
15637829,0,2019-03-14,France,2019-03-21,2026-05-22,2619,39,Active
15728773,0,2019-03-09,France,2019-03-09,2026-05-09,2618,52,Active
15793135,0,2019-03-07,Germany,2019-03-27,2026-05-27,2618,34,Active
15636388,0,2018-11-05,Germany,2019-02-28,2026-04-30,2618,61,Active
15774854,1,2017-10-06,France,2017-10-13,2024-12-12,2617,565,Churned
15648898,0,2019-03-24,Spain,2019-04-03,2026-06-01,2616,29,Active
15808389,0,2019-03-23,France,2019-03-26,2026-05-24,2616,37,Active
15794849,0,2019-03-03,Germany,2019-03-17,2026-05-14,2615,47,Active
15670859,0,2019-03-14,Germany,2019-03-23,2026-05-19,2614,42,Active
15734987,0,2018-11-01,France,2019-01-05,2026-03-03,2614,119,At risk (inactive 90+ days)
15742607,0,2019-03-09,Germany,2019-03-23,2026-05-19,2614,42,Active
15592531,0,2019-03-07,France,2019-03-13,2026-05-08,2613,53,Active
15806967,0,2019-04-27,France,2019-04-28,2026-06-23,2613,7,Active
15795963,0,2019-03-06,France,2019-03-24,2026-05-19,2613,42,Active
15678720,0,2019-04-14,France,2019-04-14,2026-06-09,2613,21,Active
15731330,0,2019-03-24,Spain,2019-03-29,2026-05-24,2613,37,Active
15749123,0,2019-03-02,Spain,2019-03-02,2026-04-27,2613,64,Active
15625141,0,2019-04-10,Spain,2019-04-10,2026-06-05,2613,25,Active
15652527,0,2019-02-10,France,2019-04-11,2026-06-05,2612,25,Active
15706552,0,2019-03-07,France,2019-03-28,2026-05-21,2611,40,Active
15763194,0,2019-03-31,France,2019-04-17,2026-06-10,2611,20,Active
15642001,1,2017-05-15,Germany,2017-05-19,2024-07-12,2611,718,Churned
15706394,0,2019-02-19,France,2019-03-02,2026-04-25,2611,66,Active
15672357,0,2019-02-07,Spain,2019-03-07,2026-04-30,2611,61,Active
15693637,0,2019-03-11,France,2019-03-23,2026-05-16,2611,45,Active
15814116,0,2018-12-23,France,2019-01-02,2026-02-24,2610,126,At risk (inactive 90+ days)
15801548,0,2019-03-04,France,2019-03-17,2026-05-08,2609,53,Active
15811842,0,2019-04-17,Spain,2019-04-21,2026-06-12,2609,18,Active
15779743,0,2019-03-06,France,2019-03-25,2026-05-16,2609,45,Active
15572038,1,2017-01-07,Germany,2017-01-07,2024-02-29,2609,852,Churned
15624343,0,2019-04-07,Spain,2019-04-09,2026-05-31,2609,30,Active
15702145,0,2019-04-19,Spain,2019-04-25,2026-06-15,2608,15,Active
15576723,0,2019-03-19,France,2019-04-03,2026-05-23,2607,38,Active
15642991,0,2019-01-24,Spain,2019-04-18,2026-06-07,2607,23,Active
15673790,0,2019-03-10,Germany,2019-04-16,2026-06-05,2607,25,Active
15621818,0,2019-04-15,Germany,2019-04-17,2026-06-06,2607,24,Active
15769402,0,2019-03-12,France,2019-03-28,2026-05-17,2607,44,Active
15752508,0,2019-03-30,Germany,2019-04-06,2026-05-24,2605,37,Active
15625713,0,2019-02-24,Spain,2019-03-23,2026-05-10,2605,51,Active
15625311,0,2019-04-11,Germany,2019-04-15,2026-06-02,2605,28,Active
15598521,0,2019-03-27,Germany,2019-05-02,2026-06-19,2605,11,Active
15678886,0,2019-03-28,Germany,2019-05-02,2026-06-18,2604,12,Active
15679983,0,2019-04-16,France,2019-04-20,2026-06-06,2604,24,Active
15592578,0,2019-04-18,Spain,2019-04-24,2026-06-10,2604,20,Active
15770576,0,2019-03-15,Spain,2019-04-18,2026-06-03,2603,27,Active
15714642,0,2019-01-29,Spain,2019-02-17,2026-04-04,2603,87,Active
15747762,0,2018-12-28,France,2019-03-02,2026-04-17,2603,74,Active
15672132,0,2018-11-19,France,2019-02-14,2026-03-31,2602,91,At risk (inactive 90+ days)
15699389,0,2019-04-27,France,2019-05-09,2026-06-22,2601,8,Active
15665760,0,2019-04-01,Spain,2019-04-11,2026-05-24,2600,37,Active
15568449,0,2019-04-20,Spain,2019-04-26,2026-06-07,2599,23,Active
15591552,0,2019-03-18,France,2019-04-18,2026-05-30,2599,31,Active
15805112,0,2019-04-17,France,2019-04-26,2026-06-06,2598,24,Active
15670602,0,2019-04-12,Germany,2019-04-14,2026-05-25,2598,36,Active
15756333,0,2019-03-08,France,2019-03-15,2026-04-25,2598,66,Active
15594270,0,2019-04-18,France,2019-04-18,2026-05-29,2598,32,Active
15797190,0,2019-03-02,Germany,2019-03-18,2026-04-28,2598,63,Active
15755649,0,2019-01-22,Germany,2019-03-01,2026-04-10,2597,81,Active
15736717,0,2019-04-08,France,2019-04-11,2026-05-21,2597,40,Active
15768449,0,2019-02-24,France,2019-05-08,2026-06-17,2597,13,Active
15585284,0,2019-04-29,Spain,2019-04-30,2026-06-08,2596,22,Active
15751131,0,2019-02-02,Spain,2019-03-07,2026-04-15,2596,76,Active
15680895,0,2018-10-14,Spain,2019-03-19,2026-04-27,2596,64,Active
15789548,0,2019-04-12,France,2019-04-22,2026-05-30,2595,31,Active
15637178,0,2019-03-01,Spain,2019-04-06,2026-05-14,2595,47,Active
15683560,0,2019-02-21,France,2019-04-28,2026-06-05,2595,25,Active
15789557,0,2019-04-18,Germany,2019-04-22,2026-05-30,2595,31,Active
15573926,0,2018-11-13,Spain,2019-04-15,2026-05-22,2594,39,Active
15612043,0,2019-04-19,France,2019-04-19,2026-05-26,2594,35,Active
15757865,0,2019-02-22,France,2019-03-04,2026-04-10,2594,81,Active
15784700,0,2019-03-03,France,2019-04-18,2026-05-24,2593,37,Active
15690456,0,2019-04-13,Germany,2019-04-17,2026-05-23,2593,38,Active
15596493,0,2019-04-06,France,2019-04-07,2026-05-12,2592,49,Active
15714241,1,2017-02-04,Spain,2017-04-21,2024-05-26,2592,765,Churned
15751628,0,2019-04-23,France,2019-05-12,2026-06-16,2592,14,Active
15700946,0,2019-04-19,France,2019-04-27,2026-05-31,2591,30,Active
15589195,0,2019-04-13,Germany,2019-04-15,2026-05-18,2590,43,Active
15726557,0,2019-02-20,France,2019-04-03,2026-05-06,2590,55,Active
15583681,0,2019-04-24,Spain,2019-05-11,2026-06-13,2590,17,Active
15720676,0,2019-03-15,France,2019-03-23,2026-04-25,2590,66,Active
15696175,0,2019-04-01,Germany,2019-04-17,2026-05-19,2589,42,Active
15719898,0,2019-04-20,France,2019-04-24,2026-05-25,2588,36,Active
15632256,0,2019-03-04,France,2019-03-16,2026-04-15,2587,76,Active
15798834,0,2018-11-17,Spain,2019-01-13,2026-02-12,2587,138,At risk (inactive 90+ days)
15722037,0,2019-02-19,Germany,2019-02-28,2026-03-30,2587,92,At risk (inactive 90+ days)
15777211,0,2019-04-06,France,2019-04-24,2026-05-22,2585,39,Active
15701333,0,2018-11-15,France,2019-02-04,2026-03-03,2584,119,At risk (inactive 90+ days)
15808044,1,2016-10-25,France,2016-11-08,2023-12-06,2584,937,Churned
15664737,0,2019-03-06,Spain,2019-03-10,2026-04-06,2584,85,Active
15780770,0,2019-04-26,France,2019-04-26,2026-05-22,2583,39,Active
15677123,0,2019-03-12,Spain,2019-04-25,2026-05-21,2583,40,Active
15785350,0,2019-04-26,Spain,2019-05-10,2026-06-05,2583,25,Active
15700964,0,2019-04-28,Germany,2019-05-14,2026-06-09,2583,21,Active
15608109,0,2019-05-13,Germany,2019-05-13,2026-06-08,2583,22,Active
15618926,0,2019-03-10,Spain,2019-03-19,2026-04-12,2581,79,Active
15581252,0,2019-03-21,Spain,2019-05-10,2026-06-02,2580,28,Active
15599251,0,2019-03-08,Germany,2019-05-09,2026-05-31,2579,30,Active
15567832,0,2019-03-20,France,2019-05-21,2026-06-11,2578,19,Active
15706706,0,2019-03-21,Germany,2019-05-01,2026-05-22,2578,39,Active
15604497,0,2019-04-07,Germany,2019-04-10,2026-05-01,2578,60,Active
15622461,0,2019-03-08,France,2019-04-12,2026-05-03,2578,58,Active
15619608,1,2016-02-23,Germany,2016-02-24,2023-03-16,2577,1202,Churned
15686461,0,2019-05-25,France,2019-05-31,2026-06-20,2577,10,Active
15791972,0,2018-11-23,France,2019-01-14,2026-02-02,2576,148,At risk (inactive 90+ days)
15670029,0,2019-04-19,France,2019-04-19,2026-05-07,2575,54,Active
15636069,0,2019-03-09,Spain,2019-04-02,2026-04-20,2575,71,Active
15714256,0,2019-05-16,France,2019-05-24,2026-06-10,2574,20,Active
15682618,0,2019-05-02,France,2019-05-09,2026-05-25,2573,36,Active
15783029,0,2019-04-29,France,2019-04-29,2026-05-15,2573,46,Active
15672798,0,2019-05-28,France,2019-06-01,2026-06-17,2573,13,Active
15724719,0,2018-07-10,France,2019-05-19,2026-06-03,2572,27,Active
15677049,0,2019-05-15,Germany,2019-05-22,2026-06-05,2571,25,Active
15742824,0,2019-04-07,Germany,2019-04-24,2026-05-08,2571,53,Active
15713160,0,2018-12-16,Spain,2019-05-02,2026-05-16,2571,45,Active
15642710,0,2019-01-16,France,2019-02-19,2026-03-04,2570,118,At risk (inactive 90+ days)
15731781,0,2019-01-16,France,2019-04-28,2026-05-11,2570,50,Active
15795747,0,2019-04-01,Spain,2019-05-10,2026-05-23,2570,38,Active
15641690,0,2019-05-27,Spain,2019-05-28,2026-06-09,2569,21,Active
15617082,0,2019-04-06,France,2019-04-27,2026-05-09,2569,52,Active
15703413,0,2019-01-31,France,2019-05-07,2026-05-19,2569,42,Active
15594594,0,2019-04-05,Spain,2019-05-02,2026-05-13,2568,48,Active
15575417,0,2019-04-13,Germany,2019-04-18,2026-04-29,2568,62,Active
15742126,0,2019-04-22,Germany,2019-05-08,2026-05-19,2568,42,Active
15693267,0,2019-04-11,Germany,2019-04-23,2026-05-03,2567,58,Active
15704844,0,2019-05-05,Spain,2019-05-21,2026-05-31,2567,30,Active
15700383,0,2019-04-18,France,2019-05-01,2026-05-11,2567,50,Active
15756820,0,2019-04-15,France,2019-04-26,2026-05-05,2566,56,Active
15575679,0,2019-02-11,France,2019-04-14,2026-04-23,2566,68,Active
15606232,0,2019-05-30,Spain,2019-06-09,2026-06-18,2566,12,Active
15772618,0,2019-05-11,France,2019-05-24,2026-06-01,2565,29,Active
15682356,0,2019-05-27,France,2019-05-31,2026-06-07,2564,23,Active
15743714,0,2019-04-02,France,2019-04-17,2026-04-24,2564,67,Active
15756472,0,2019-04-19,France,2019-05-24,2026-05-30,2563,31,Active
15574206,0,2019-05-20,France,2019-06-06,2026-06-12,2563,18,Active
15745543,0,2019-04-19,France,2019-04-27,2026-05-02,2562,59,Active
15601873,0,2019-02-15,France,2019-04-23,2026-04-28,2562,63,Active
15581323,0,2019-04-28,Germany,2019-05-14,2026-05-19,2562,42,Active
15611961,0,2019-04-02,France,2019-05-07,2026-05-11,2561,50,Active
15636634,0,2019-03-06,Germany,2019-04-20,2026-04-24,2561,67,Active
15714789,0,2019-04-02,France,2019-05-22,2026-05-25,2560,36,Active
15569807,1,2017-10-24,France,2017-12-19,2024-12-21,2559,556,Churned
15690647,1,2017-09-12,Spain,2017-10-02,2024-10-04,2559,634,Churned
15792388,0,2019-03-29,France,2019-05-16,2026-05-17,2558,44,Active
15754053,0,2019-04-05,France,2019-04-11,2026-04-12,2558,79,Active
15809558,0,2019-05-12,Spain,2019-05-12,2026-05-13,2558,48,Active
15571081,0,2019-05-31,France,2019-06-07,2026-06-08,2558,22,Active
15745716,0,2019-05-31,Spain,2019-06-21,2026-06-22,2558,8,Active
15572294,0,2019-05-31,France,2019-06-20,2026-06-21,2558,9,Active
15703923,0,2019-04-04,Germany,2019-05-17,2026-05-18,2558,43,Active
15814930,1,2016-01-14,Germany,2016-02-02,2023-02-02,2557,1244,Churned
15589435,0,2019-05-17,France,2019-05-30,2026-05-30,2557,31,Active
15575214,0,2019-05-15,France,2019-05-17,2026-05-16,2556,45,Active
15670822,0,2019-04-27,France,2019-05-28,2026-05-27,2556,34,Active
15684011,0,2019-05-04,Germany,2019-05-26,2026-05-25,2556,36,Active
15694879,0,2019-01-20,Spain,2019-03-11,2026-03-09,2555,113,At risk (inactive 90+ days)
15760749,0,2019-05-27,Spain,2019-06-01,2026-05-30,2555,31,Active
15679991,0,2019-05-06,France,2019-05-14,2026-05-11,2554,50,Active
15697844,1,2015-08-05,Spain,2015-09-27,2022-09-24,2554,1375,Churned
15807593,0,2019-03-15,Spain,2019-06-06,2026-06-03,2554,27,Active
15792360,0,2019-04-10,France,2019-04-28,2026-04-24,2553,67,Active
15742404,0,2019-02-05,France,2019-05-06,2026-05-02,2553,59,Active
15631693,0,2019-05-09,France,2019-05-24,2026-05-20,2553,41,Active
15590828,0,2019-05-04,Germany,2019-05-12,2026-05-06,2551,55,Active
15758451,0,2019-03-28,Germany,2019-04-20,2026-04-14,2551,77,Active
15667424,0,2019-04-25,Germany,2019-06-19,2026-06-13,2551,17,Active
15809777,0,2019-06-21,Germany,2019-06-22,2026-06-15,2550,15,Active
15593094,1,2016-12-10,France,2017-01-21,2024-01-15,2550,897,Churned
15802118,0,2019-05-24,Spain,2019-06-16,2026-06-09,2550,21,Active
15799710,0,2019-06-28,France,2019-06-30,2026-06-22,2549,8,Active
15773789,0,2018-12-24,Spain,2019-04-09,2026-04-01,2549,90,Active
15777352,0,2019-04-06,Spain,2019-06-08,2026-05-30,2548,31,Active
15641640,0,2019-04-25,Spain,2019-05-13,2026-05-04,2548,57,Active
15674442,0,2019-06-06,France,2019-06-07,2026-05-29,2548,32,Active
15788118,0,2019-02-20,France,2019-02-22,2026-02-13,2548,137,At risk (inactive 90+ days)
15577514,0,2019-05-10,Germany,2019-05-27,2026-05-17,2547,44,Active
15624695,0,2019-04-26,Spain,2019-05-23,2026-05-13,2547,48,Active
15735388,0,2019-03-03,France,2019-05-20,2026-05-09,2546,52,Active
15648461,0,2019-05-06,Spain,2019-05-24,2026-05-13,2546,48,Active
15581654,0,2019-06-30,France,2019-07-03,2026-06-21,2545,9,Active
15693200,0,2019-05-27,France,2019-06-08,2026-05-27,2545,34,Active
15671609,0,2019-03-21,France,2019-06-15,2026-06-02,2544,28,Active
15754112,0,2019-06-29,Spain,2019-07-06,2026-06-22,2543,8,Active
15687913,0,2019-06-06,Germany,2019-06-16,2026-06-02,2543,28,Active
15597309,0,2019-04-06,Spain,2019-04-25,2026-04-11,2543,80,Active
15584190,0,2019-06-15,France,2019-06-22,2026-06-06,2541,24,Active
15734970,0,2019-03-19,Spain,2019-04-02,2026-03-17,2541,105,At risk (inactive 90+ days)
15633666,0,2019-06-24,Spain,2019-07-02,2026-06-16,2541,14,Active
15727041,0,2019-05-19,France,2019-05-27,2026-05-11,2541,50,Active
15647207,0,2019-03-24,France,2019-05-29,2026-05-13,2541,48,Active
15776947,1,2018-03-21,Spain,2018-03-27,2025-03-11,2541,476,Churned
15755084,0,2019-04-04,France,2019-06-12,2026-05-27,2541,34,Active
15730287,1,2018-02-02,France,2018-02-14,2025-01-28,2540,518,Churned
15580845,0,2019-05-31,Germany,2019-07-08,2026-06-20,2539,10,Active
15699515,0,2019-05-09,Germany,2019-06-01,2026-05-14,2539,47,Active
15613427,0,2019-05-27,Germany,2019-05-31,2026-05-13,2539,48,Active
15664498,0,2019-04-27,France,2019-05-30,2026-05-10,2537,51,Active
15705352,0,2019-06-21,Spain,2019-07-06,2026-06-16,2537,14,Active
15806941,0,2019-05-23,France,2019-06-27,2026-06-07,2537,23,Active
15576269,0,2019-06-21,Spain,2019-06-26,2026-06-05,2536,25,Active
15787155,0,2019-06-09,Spain,2019-06-13,2026-05-21,2534,40,Active
15803764,0,2019-06-09,France,2019-06-16,2026-05-24,2534,37,Active
15587451,0,2019-05-09,Germany,2019-06-17,2026-05-24,2533,37,Active
15745001,0,2019-03-13,Spain,2019-05-26,2026-05-02,2533,59,Active
15658813,0,2019-06-03,France,2019-06-05,2026-05-11,2532,50,Active
15706537,0,2019-06-16,Germany,2019-06-21,2026-05-27,2532,34,Active
15754952,0,2019-06-30,Germany,2019-07-12,2026-06-16,2531,14,Active
15797692,0,2019-06-25,France,2019-06-26,2026-05-31,2531,30,Active
15685500,0,2019-06-26,Germany,2019-07-10,2026-06-13,2530,17,Active
15635396,1,2016-08-02,Germany,2016-08-15,2023-07-20,2530,1076,Churned
15756425,0,2019-04-28,France,2019-05-30,2026-05-03,2530,58,Active
15631871,0,2019-06-25,Germany,2019-07-08,2026-06-11,2530,19,Active
15736078,1,2018-12-22,Germany,2018-12-26,2025-11-29,2530,213,Churned
15802625,0,2019-06-16,Germany,2019-06-20,2026-05-24,2530,37,Active
15677305,0,2019-05-06,France,2019-06-15,2026-05-18,2529,43,Active
15681554,0,2019-06-04,Germany,2019-06-15,2026-05-18,2529,43,Active
15631927,0,2019-02-16,Spain,2019-03-24,2026-02-24,2529,126,At risk (inactive 90+ days)
15597265,0,2019-05-10,France,2019-05-20,2026-04-22,2529,69,Active
15648320,0,2019-02-18,France,2019-03-02,2026-02-01,2528,149,At risk (inactive 90+ days)
15646302,0,2019-06-19,France,2019-07-11,2026-06-11,2527,19,Active
15762048,0,2019-06-11,Germany,2019-07-03,2026-06-03,2527,27,Active
15771728,0,2019-06-15,Germany,2019-07-05,2026-06-05,2527,25,Active
15672905,0,2019-06-09,Spain,2019-06-18,2026-05-19,2527,42,Active
15659098,0,2019-06-11,France,2019-06-29,2026-05-29,2526,32,Active
15667632,0,2019-06-14,France,2019-06-27,2026-05-27,2526,34,Active
15722758,0,2019-05-28,France,2019-07-13,2026-06-11,2525,19,Active
15703763,0,2019-06-30,France,2019-07-19,2026-06-17,2525,13,Active
15594133,1,2018-09-14,Spain,2018-11-30,2025-10-29,2525,244,Churned
15665790,0,2019-04-26,Germany,2019-05-07,2026-04-04,2524,87,Active
15804950,0,2019-06-08,France,2019-06-25,2026-05-23,2524,38,Active
15695474,0,2019-04-08,France,2019-05-31,2026-04-28,2524,63,Active
15589643,0,2019-06-06,Spain,2019-06-14,2026-05-11,2523,50,Active
15658148,0,2019-04-07,France,2019-05-17,2026-04-13,2523,78,Active
15759381,0,2019-06-27,Spain,2019-07-18,2026-06-13,2522,17,Active
15793366,0,2019-05-17,Germany,2019-07-07,2026-06-02,2522,28,Active
15700714,0,2019-04-07,France,2019-04-18,2026-03-14,2522,108,At risk (inactive 90+ days)
15761132,0,2019-06-22,Spain,2019-07-05,2026-05-30,2521,31,Active
15774931,0,2019-05-07,France,2019-05-28,2026-04-22,2521,69,Active
15705301,0,2019-07-12,France,2019-07-13,2026-06-07,2521,23,Active
15579892,0,2019-06-08,Spain,2019-06-23,2026-05-18,2521,43,Active
15768295,0,2019-06-02,France,2019-06-11,2026-05-06,2521,55,Active
15745804,0,2019-04-01,France,2019-04-26,2026-03-21,2521,101,At risk (inactive 90+ days)
15600379,0,2019-05-30,Spain,2019-08-02,2026-06-26,2520,4,Active
15568120,0,2019-06-07,France,2019-06-13,2026-05-07,2520,54,Active
15699486,0,2019-06-18,Spain,2019-07-11,2026-06-04,2520,26,Active
15718667,0,2019-04-08,France,2019-07-02,2026-05-26,2520,35,Active
15621644,0,2019-07-08,Germany,2019-07-09,2026-06-02,2520,28,Active
15807239,0,2019-04-27,France,2019-06-07,2026-04-30,2519,61,Active
15746451,0,2019-06-25,Spain,2019-07-14,2026-06-04,2517,26,Active
15671610,0,2019-06-19,France,2019-07-06,2026-05-27,2517,34,Active
15741728,0,2019-06-11,Spain,2019-07-01,2026-05-20,2515,41,Active
15681991,0,2019-04-06,France,2019-05-31,2026-04-19,2515,72,Active
15784323,0,2019-06-01,France,2019-06-28,2026-05-17,2515,44,Active
15798348,0,2019-07-24,Spain,2019-07-30,2026-06-16,2513,14,Active
15763922,0,2019-05-13,France,2019-07-02,2026-05-19,2513,42,Active
15786237,0,2019-05-30,France,2019-08-03,2026-06-20,2513,10,Active
15603216,0,2019-03-12,France,2019-05-06,2026-03-22,2512,100,At risk (inactive 90+ days)
15694349,0,2019-06-06,Spain,2019-06-22,2026-05-07,2511,54,Active
15679668,0,2019-05-11,Spain,2019-06-26,2026-05-11,2511,50,Active
15568819,1,2017-11-21,Germany,2017-11-21,2024-10-06,2511,632,Churned
15574886,0,2019-07-16,France,2019-07-22,2026-06-05,2510,25,Active
15711468,0,2019-06-06,France,2019-07-12,2026-05-26,2510,35,Active
15713347,0,2019-07-12,Spain,2019-07-24,2026-06-06,2509,24,Active
15782899,0,2019-06-03,Spain,2019-07-17,2026-05-29,2508,32,Active
15630195,0,2019-07-05,France,2019-07-20,2026-06-01,2508,29,Active
15611329,0,2019-07-26,Spain,2019-07-31,2026-06-11,2507,19,Active
15757467,0,2019-07-04,Spain,2019-07-18,2026-05-29,2507,32,Active
15742809,0,2019-06-16,Spain,2019-07-21,2026-06-01,2507,29,Active
15607381,0,2019-01-29,Germany,2019-03-13,2026-01-21,2506,160,At risk (inactive 90+ days)
15665110,0,2019-06-09,France,2019-06-13,2026-04-23,2506,68,Active
15624641,1,2017-06-29,Spain,2017-07-25,2024-06-03,2505,757,Churned
15708236,0,2019-07-04,France,2019-07-08,2026-05-16,2504,45,Active
15723720,0,2019-06-21,France,2019-07-08,2026-05-15,2503,46,Active
15656829,0,2019-07-09,Spain,2019-07-10,2026-05-17,2503,44,Active
15802593,1,2018-12-20,France,2019-01-01,2025-11-07,2502,235,Churned
15810944,0,2018-12-31,France,2019-04-15,2026-02-18,2501,132,At risk (inactive 90+ days)
15618410,0,2019-05-15,Germany,2019-06-15,2026-04-20,2501,71,Active
15626144,0,2019-04-05,France,2019-04-06,2026-02-08,2500,142,At risk (inactive 90+ days)
15749947,0,2019-03-27,France,2019-04-06,2026-02-08,2500,142,At risk (inactive 90+ days)
15612092,1,2018-07-02,Germany,2018-08-25,2025-06-28,2499,367,Churned
15688612,0,2019-03-23,France,2019-07-08,2026-05-11,2499,50,Active
15660980,0,2019-07-14,Spain,2019-07-14,2026-05-17,2499,44,Active
15746410,0,2019-05-16,Spain,2019-06-16,2026-04-18,2498,73,Active
15717056,0,2019-06-09,Germany,2019-07-19,2026-05-21,2498,40,Active
15800688,0,2019-04-27,Spain,2019-06-05,2026-04-07,2498,84,Active
15723013,0,2019-07-02,Germany,2019-07-09,2026-05-11,2498,50,Active
15677184,0,2019-07-22,France,2019-08-06,2026-06-07,2497,23,Active
15803886,0,2019-07-13,Spain,2019-07-26,2026-05-27,2497,34,Active
15799217,0,2019-05-16,Germany,2019-06-20,2026-04-20,2496,71,Active
15814275,0,2019-07-17,France,2019-07-26,2026-05-26,2496,35,Active
15774744,0,2019-06-14,Germany,2019-08-02,2026-06-02,2496,28,Active
15590637,0,2019-06-20,France,2019-07-24,2026-05-23,2495,38,Active
15778049,0,2019-07-11,Germany,2019-08-06,2026-06-05,2495,25,Active
15721793,0,2019-06-08,Germany,2019-07-16,2026-05-14,2494,47,Active
15691703,1,2018-07-01,France,2018-07-19,2025-05-16,2493,410,Churned
15579208,0,2019-07-12,France,2019-07-21,2026-05-17,2492,44,Active
15642824,1,2017-12-14,Spain,2018-01-07,2024-11-02,2491,605,Churned
15751912,0,2019-06-03,France,2019-06-10,2026-04-05,2491,86,Active
15711750,0,2019-07-16,France,2019-07-22,2026-05-17,2491,44,Active
15786418,0,2019-07-26,France,2019-07-26,2026-05-21,2491,40,Active
15605666,0,2019-07-25,France,2019-08-07,2026-06-01,2490,29,Active
15810723,1,2016-05-18,France,2016-07-20,2023-05-15,2490,1142,Churned
15784761,1,2018-12-09,Spain,2018-12-17,2025-10-10,2489,263,Churned
15802274,0,2019-05-24,France,2019-05-25,2026-03-18,2489,104,At risk (inactive 90+ days)
15626898,0,2019-06-03,France,2019-06-29,2026-04-22,2489,69,Active
15712409,0,2019-08-19,Germany,2019-08-19,2026-06-11,2488,19,Active
15620123,0,2019-07-22,France,2019-07-24,2026-05-15,2487,46,Active
15624995,0,2019-07-07,Spain,2019-07-21,2026-05-12,2487,49,Active
15615177,0,2019-07-20,Spain,2019-07-20,2026-05-11,2487,50,Active
15800068,0,2019-08-04,Spain,2019-08-05,2026-05-27,2487,34,Active
15813640,0,2019-03-09,France,2019-03-09,2025-12-28,2486,184,At risk (inactive 90+ days)
15740900,0,2019-07-27,France,2019-08-15,2026-06-04,2485,26,Active
15767804,0,2019-07-04,France,2019-08-09,2026-05-29,2485,32,Active
15730673,0,2019-02-09,Germany,2019-05-21,2026-03-10,2485,112,At risk (inactive 90+ days)
15649793,0,2019-07-02,France,2019-08-09,2026-05-28,2484,33,Active
15627517,0,2019-05-08,Spain,2019-07-12,2026-04-30,2484,61,Active
15738835,0,2019-05-22,Germany,2019-05-31,2026-03-18,2483,104,At risk (inactive 90+ days)
15587266,0,2019-08-31,Germany,2019-09-04,2026-06-21,2482,9,Active
15743192,0,2019-07-28,France,2019-08-04,2026-05-20,2481,41,Active
15618391,0,2019-08-19,France,2019-08-30,2026-06-15,2481,15,Active
15726487,0,2019-08-21,France,2019-08-25,2026-06-09,2480,21,Active
15620276,0,2019-08-31,Spain,2019-09-04,2026-06-19,2480,11,Active
15719352,0,2019-07-25,Spain,2019-08-19,2026-06-02,2479,28,Active
15749557,0,2019-08-07,France,2019-08-10,2026-05-23,2478,38,Active
15702416,0,2019-04-12,France,2019-07-25,2026-05-07,2478,54,Active
15663478,0,2019-08-15,France,2019-08-22,2026-06-03,2477,27,Active
15590876,0,2019-06-30,France,2019-08-12,2026-05-24,2477,37,Active
15617078,0,2019-08-14,France,2019-08-14,2026-05-26,2477,35,Active
15653595,0,2019-08-31,France,2019-09-13,2026-06-25,2477,5,Active
15793881,0,2019-08-28,France,2019-09-05,2026-06-17,2477,13,Active
15773071,0,2019-08-08,Spain,2019-08-09,2026-05-21,2477,40,Active
15706904,0,2019-08-11,France,2019-08-11,2026-05-22,2476,39,Active
15614923,0,2019-06-04,Spain,2019-07-29,2026-05-08,2475,53,Active
15802560,0,2019-08-25,Spain,2019-09-10,2026-06-20,2475,10,Active
15766746,0,2019-07-09,France,2019-08-16,2026-05-25,2474,36,Active
15771270,1,2017-09-30,France,2017-10-02,2024-07-11,2474,719,Churned
15589969,0,2019-08-01,France,2019-08-11,2026-05-19,2473,42,Active
15801188,0,2019-07-22,France,2019-08-07,2026-05-15,2473,46,Active
15773776,0,2019-08-08,France,2019-08-18,2026-05-26,2473,35,Active
15635905,0,2019-08-21,Spain,2019-09-07,2026-06-14,2472,16,Active
15654654,0,2019-06-01,Germany,2019-06-17,2026-03-24,2472,98,At risk (inactive 90+ days)
15572093,0,2019-06-25,France,2019-07-13,2026-04-19,2472,72,Active
15606915,0,2019-05-12,France,2019-07-16,2026-04-22,2472,69,Active
15719508,1,2019-03-14,Germany,2019-04-04,2026-01-09,2472,172,Churned
15605424,0,2019-05-24,Spain,2019-06-18,2026-03-25,2472,97,At risk (inactive 90+ days)
15700752,0,2019-08-17,France,2019-08-28,2026-06-04,2472,26,Active
15726556,0,2019-08-12,Germany,2019-08-25,2026-05-31,2471,30,Active
15680901,0,2019-07-08,France,2019-08-22,2026-05-28,2471,33,Active
15655232,0,2019-08-24,Germany,2019-09-06,2026-06-12,2471,18,Active
15679453,1,2017-10-06,Germany,2017-10-12,2024-07-17,2470,713,Churned
15616451,0,2019-08-11,France,2019-08-17,2026-05-21,2469,40,Active
15634310,0,2019-08-25,France,2019-08-27,2026-05-31,2469,30,Active
15673908,0,2019-08-31,Germany,2019-09-13,2026-06-16,2468,14,Active
15812040,0,2019-07-09,France,2019-08-28,2026-05-30,2467,31,Active
15587311,0,2019-07-30,Spain,2019-09-10,2026-06-12,2467,18,Active
15774316,0,2019-08-02,France,2019-08-26,2026-05-27,2466,34,Active
15790594,0,2019-07-09,France,2019-07-10,2026-04-09,2465,82,Active
15610056,0,2019-08-02,Germany,2019-08-08,2026-05-07,2464,54,Active
15759913,0,2019-08-19,Germany,2019-08-22,2026-05-21,2464,40,Active
15635277,0,2019-05-13,Spain,2019-06-24,2026-03-23,2464,99,At risk (inactive 90+ days)
15768476,0,2019-07-10,Spain,2019-08-06,2026-05-05,2464,56,Active
15645896,0,2019-08-07,Germany,2019-08-15,2026-05-14,2464,47,Active
15653753,0,2019-08-27,Spain,2019-09-08,2026-06-06,2463,24,Active
15710390,0,2019-08-04,France,2019-08-22,2026-05-20,2463,41,Active
15675176,0,2019-08-31,France,2019-09-23,2026-06-21,2463,9,Active
15762091,0,2019-08-19,Germany,2019-08-27,2026-05-23,2461,38,Active
15651020,0,2019-08-10,France,2019-08-28,2026-05-24,2461,37,Active
15777076,0,2019-04-29,France,2019-06-29,2026-03-24,2460,98,At risk (inactive 90+ days)
15802478,0,2019-08-28,Spain,2019-09-07,2026-06-02,2460,28,Active
15660735,0,2019-07-07,Spain,2019-08-07,2026-05-02,2460,59,Active
15588918,0,2019-09-02,France,2019-09-02,2026-05-28,2460,33,Active
15810878,0,2019-08-20,Spain,2019-08-20,2026-05-15,2460,46,Active
15750099,0,2019-07-25,France,2019-09-09,2026-06-02,2458,28,Active
15665943,0,2019-08-04,France,2019-08-17,2026-05-09,2457,52,Active
15593954,0,2019-08-14,France,2019-08-31,2026-05-22,2456,39,Active
15680224,0,2019-09-20,France,2019-09-25,2026-06-16,2456,14,Active
15593128,1,2016-03-25,France,2016-04-15,2023-01-05,2456,1272,Churned
15686776,0,2019-08-31,France,2019-09-04,2026-05-25,2455,36,Active
15716082,0,2019-08-21,Spain,2019-09-14,2026-06-04,2455,26,Active
15569682,1,2016-08-06,Germany,2016-08-16,2023-05-07,2455,1150,Churned
15649414,0,2019-09-26,France,2019-09-28,2026-06-17,2454,13,Active
15570271,0,2019-09-06,Spain,2019-09-11,2026-05-31,2454,30,Active
15605130,0,2019-09-08,France,2019-09-08,2026-05-27,2453,34,Active
15681990,0,2019-09-17,Germany,2019-09-25,2026-06-12,2452,18,Active
15612140,0,2019-06-13,Spain,2019-06-17,2026-03-04,2452,118,At risk (inactive 90+ days)
15682860,0,2019-08-02,Spain,2019-09-06,2026-05-24,2452,37,Active
15631451,0,2019-08-19,Spain,2019-09-06,2026-05-24,2452,37,Active
15811415,0,2019-07-31,France,2019-08-19,2026-05-06,2452,55,Active
15667971,0,2019-09-10,Germany,2019-09-10,2026-05-27,2451,34,Active
15747757,1,2017-07-09,Germany,2017-07-11,2024-03-27,2451,825,Churned
15747807,0,2019-09-04,France,2019-09-04,2026-05-20,2450,41,Active
15705890,0,2019-05-16,France,2019-09-23,2026-06-08,2450,22,Active
15794414,0,2019-09-30,Spain,2019-10-08,2026-06-23,2450,7,Active
15719940,1,2015-11-11,Germany,2015-12-23,2022-09-07,2450,1392,Churned
15677062,0,2019-09-30,France,2019-10-02,2026-06-17,2450,13,Active
15790497,0,2019-09-08,Spain,2019-09-19,2026-06-03,2449,27,Active
15685826,0,2019-04-26,France,2019-08-31,2026-05-15,2449,46,Active
15690673,0,2019-09-12,France,2019-09-25,2026-06-08,2448,22,Active
15693233,0,2019-08-08,Germany,2019-09-21,2026-06-04,2448,26,Active
15606274,0,2019-08-18,Germany,2019-09-09,2026-05-23,2448,38,Active
15745232,0,2019-09-27,France,2019-10-09,2026-06-22,2448,8,Active
15674678,1,2017-03-05,Germany,2017-03-10,2023-11-22,2448,951,Churned
15707473,0,2019-07-12,Germany,2019-09-04,2026-05-17,2447,44,Active
15682021,0,2019-07-09,Germany,2019-09-13,2026-05-26,2447,35,Active
15700965,0,2019-08-06,France,2019-09-18,2026-05-31,2447,30,Active
15625126,0,2019-09-18,France,2019-09-27,2026-06-08,2446,22,Active
15574004,0,2019-09-13,France,2019-09-14,2026-05-25,2445,36,Active
15758856,0,2019-03-27,France,2019-08-18,2026-04-28,2445,63,Active
15627848,0,2019-05-09,France,2019-07-19,2026-03-29,2445,93,At risk (inactive 90+ days)
15630910,0,2019-03-11,France,2019-09-16,2026-05-26,2444,35,Active
15663830,0,2019-08-26,Spain,2019-09-13,2026-05-23,2444,38,Active
15762455,0,2019-08-24,Spain,2019-09-24,2026-06-03,2444,27,Active
15745417,0,2019-07-18,France,2019-09-12,2026-05-21,2443,40,Active
15770174,0,2019-07-08,France,2019-08-10,2026-04-17,2442,74,Active
15754526,0,2019-09-24,Germany,2019-10-08,2026-06-15,2442,15,Active
15809006,0,2019-04-28,France,2019-09-01,2026-05-08,2441,53,Active
15696514,0,2019-09-19,Germany,2019-10-09,2026-06-14,2440,16,Active
15678034,1,2017-05-08,France,2017-05-09,2024-01-12,2439,900,Churned
15569432,1,2017-06-18,France,2017-06-19,2024-02-22,2439,859,Churned
15619083,0,2019-09-21,France,2019-09-29,2026-06-03,2439,27,Active
15694200,1,2018-03-15,France,2018-04-22,2024-12-24,2438,553,Churned
15569678,0,2019-07-23,Germany,2019-09-11,2026-05-15,2438,46,Active
15773934,0,2019-07-04,France,2019-08-11,2026-04-09,2433,82,Active
15613518,0,2019-09-27,France,2019-10-14,2026-06-12,2433,18,Active
15607112,0,2019-07-18,France,2019-08-31,2026-04-29,2433,62,Active
15659501,0,2019-09-03,France,2019-09-11,2026-05-09,2432,52,Active
15777315,0,2019-09-09,France,2019-10-09,2026-06-05,2431,25,Active
15659843,0,2019-08-26,France,2019-09-19,2026-05-15,2430,46,Active
15739189,0,2019-09-23,Spain,2019-10-23,2026-06-18,2430,12,Active
15769902,0,2019-09-10,France,2019-09-27,2026-05-23,2430,38,Active
15653997,0,2019-08-20,Spain,2019-09-25,2026-05-21,2430,40,Active
15670354,0,2019-09-05,France,2019-09-23,2026-05-19,2430,42,Active
15702380,0,2019-10-02,Spain,2019-10-03,2026-05-28,2429,33,Active
15580203,0,2019-07-29,Spain,2019-10-17,2026-06-10,2428,20,Active
15812007,0,2019-10-26,Spain,2019-10-28,2026-06-20,2427,10,Active
15715117,0,2019-09-11,France,2019-10-14,2026-06-06,2427,24,Active
15683168,0,2019-10-10,France,2019-10-12,2026-06-04,2427,26,Active
15732967,0,2019-08-29,France,2019-09-15,2026-05-08,2427,53,Active
15598782,0,2019-09-09,Germany,2019-09-09,2026-05-01,2426,60,Active
15703059,0,2019-10-03,Germany,2019-10-03,2026-05-25,2426,36,Active
15584288,0,2019-09-30,France,2019-10-27,2026-06-18,2426,12,Active
15691808,0,2019-06-26,France,2019-08-28,2026-04-18,2425,73,Active
15589805,0,2019-07-19,France,2019-08-15,2026-04-04,2424,87,Active
15694566,1,2015-11-05,France,2015-11-11,2022-07-01,2424,1460,Churned
15800268,0,2019-10-22,Germany,2019-10-23,2026-06-12,2424,18,Active
15656029,0,2019-10-11,France,2019-10-19,2026-06-07,2423,23,Active
15771483,0,2019-10-29,France,2019-10-31,2026-06-18,2422,12,Active
15611544,0,2019-05-03,Germany,2019-08-11,2026-03-29,2422,93,At risk (inactive 90+ days)
15736043,0,2019-10-20,France,2019-10-21,2026-06-08,2422,22,Active
15796071,0,2019-07-02,Spain,2019-08-20,2026-04-07,2422,84,Active
15608968,0,2019-08-06,Germany,2019-09-27,2026-05-14,2421,47,Active
15718944,0,2019-08-06,France,2019-08-09,2026-03-26,2421,96,At risk (inactive 90+ days)
15682600,1,2017-05-31,Germany,2017-06-22,2024-02-07,2421,874,Churned
15733476,0,2019-10-22,Germany,2019-10-31,2026-06-17,2421,13,Active
15765643,0,2019-10-18,France,2019-10-21,2026-06-06,2420,24,Active
15679284,0,2019-09-21,Spain,2019-10-24,2026-06-08,2419,22,Active
15643229,0,2019-09-16,France,2019-09-27,2026-05-12,2419,49,Active
15744789,0,2019-08-21,Spain,2019-09-30,2026-05-14,2418,47,Active
15606855,0,2019-08-09,Spain,2019-10-03,2026-05-17,2418,44,Active
15780628,0,2019-08-23,France,2019-09-02,2026-04-15,2417,76,Active
15627162,0,2019-08-08,Germany,2019-09-15,2026-04-28,2417,63,Active
15667554,0,2019-08-14,France,2019-08-26,2026-04-07,2416,84,Active
15616666,0,2019-07-09,Germany,2019-10-05,2026-05-17,2416,44,Active
15717138,0,2019-10-12,Spain,2019-10-16,2026-05-28,2416,33,Active
15780215,0,2019-10-27,France,2019-11-08,2026-06-20,2416,10,Active
15718106,0,2019-10-10,France,2019-10-12,2026-05-23,2415,38,Active
15649136,0,2019-10-11,France,2019-10-13,2026-05-24,2415,37,Active
15571261,0,2019-08-18,Germany,2019-09-08,2026-04-18,2414,73,Active
15621457,0,2019-08-06,France,2019-10-16,2026-05-26,2414,35,Active
15784676,0,2019-08-24,France,2019-09-25,2026-05-03,2412,58,Active
15755223,0,2019-06-04,Germany,2019-07-24,2026-03-01,2412,121,At risk (inactive 90+ days)
15685576,0,2019-08-12,Spain,2019-09-23,2026-05-01,2412,60,Active
15575605,0,2019-10-14,France,2019-10-22,2026-05-30,2412,31,Active
15597885,0,2019-10-12,France,2019-10-20,2026-05-28,2412,33,Active
15661507,0,2019-09-28,Spain,2019-10-07,2026-05-14,2411,47,Active
15664668,1,2017-03-07,France,2017-03-19,2023-10-25,2411,979,Churned
15628008,0,2019-10-11,Spain,2019-10-12,2026-05-19,2411,42,Active
15710111,0,2019-09-23,France,2019-11-03,2026-06-10,2411,20,Active
15724623,1,2019-02-13,Germany,2019-02-15,2025-09-21,2410,282,Churned
15650313,0,2019-10-02,Germany,2019-10-10,2026-05-16,2410,45,Active
15791006,0,2019-09-05,Germany,2019-09-25,2026-05-01,2410,60,Active
15748625,0,2019-10-02,France,2019-10-24,2026-05-29,2409,32,Active
15625916,0,2019-08-31,Spain,2019-10-08,2026-05-13,2409,48,Active
15721487,0,2019-09-10,France,2019-10-14,2026-05-19,2409,42,Active
15806880,0,2019-10-21,Spain,2019-11-08,2026-06-13,2409,17,Active
15650575,1,2019-09-06,Spain,2019-09-23,2026-04-28,2409,63,Churned
15607786,0,2019-09-28,France,2019-10-11,2026-05-16,2409,45,Active
15812766,0,2019-09-21,Spain,2019-10-22,2026-05-27,2409,34,Active
15711386,0,2019-10-24,France,2019-10-27,2026-06-01,2409,29,Active
15775663,0,2019-10-14,Germany,2019-10-26,2026-05-30,2408,31,Active
15572398,0,2019-09-08,Spain,2019-10-01,2026-05-03,2406,58,Active
15722090,0,2019-10-05,Spain,2019-10-18,2026-05-20,2406,41,Active
15728082,0,2019-10-07,Spain,2019-10-09,2026-05-11,2406,50,Active
15611794,0,2019-09-20,Germany,2019-10-10,2026-05-11,2405,50,Active
15572022,0,2019-10-28,France,2019-11-02,2026-06-03,2405,27,Active
15732020,0,2019-09-08,Germany,2019-10-18,2026-05-18,2404,43,Active
15781409,0,2019-08-16,France,2019-09-12,2026-04-12,2404,79,Active
15648638,0,2019-10-06,Spain,2019-10-13,2026-05-12,2403,49,Active
15592979,0,2019-08-04,Germany,2019-08-12,2026-03-10,2402,112,At risk (inactive 90+ days)
15756539,0,2019-07-01,Germany,2019-08-28,2026-03-25,2401,97,At risk (inactive 90+ days)
15627262,0,2019-09-09,Germany,2019-10-19,2026-05-16,2401,45,Active
15782802,0,2019-10-14,Germany,2019-11-07,2026-06-04,2401,26,Active
15678206,0,2019-10-24,France,2019-11-13,2026-06-10,2401,20,Active
15669060,0,2019-08-19,France,2019-08-26,2026-03-21,2399,101,At risk (inactive 90+ days)
15638149,0,2019-09-02,France,2019-09-04,2026-03-29,2398,93,At risk (inactive 90+ days)
15812918,0,2019-09-17,France,2019-10-29,2026-05-23,2398,38,Active
15782089,0,2019-09-04,France,2019-10-31,2026-05-25,2398,36,Active
15717498,0,2019-10-22,France,2019-11-06,2026-05-31,2398,30,Active
15567422,0,2019-09-16,France,2019-10-12,2026-05-04,2396,57,Active
15787189,1,2017-10-22,Germany,2017-12-13,2024-07-05,2396,725,Churned
15744843,0,2019-09-05,Spain,2019-10-16,2026-05-07,2395,54,Active
15668460,0,2019-11-23,France,2019-11-29,2026-06-19,2394,11,Active
15614740,0,2019-10-15,France,2019-11-11,2026-05-31,2393,30,Active
15756920,1,2016-12-25,France,2017-03-04,2023-09-21,2392,1013,Churned
15595713,0,2019-11-05,Spain,2019-11-06,2026-05-25,2392,36,Active
15800890,0,2019-11-25,France,2019-11-30,2026-06-17,2391,13,Active
15580227,0,2019-07-10,France,2019-08-16,2026-03-03,2391,119,At risk (inactive 90+ days)
15595874,0,2019-10-20,Spain,2019-10-21,2026-05-08,2391,53,Active
15688713,0,2019-11-19,Spain,2019-11-19,2026-06-05,2390,25,Active
15651868,0,2019-10-25,France,2019-11-03,2026-05-20,2390,41,Active
15690731,0,2019-11-12,France,2019-11-21,2026-06-06,2389,24,Active
15667046,0,2019-06-23,Spain,2019-07-02,2026-01-14,2388,167,At risk (inactive 90+ days)
15626948,0,2019-10-05,France,2019-10-24,2026-05-08,2388,53,Active
15751445,0,2019-10-22,Germany,2019-11-08,2026-05-23,2388,38,Active
15756680,0,2019-10-22,France,2019-11-28,2026-06-11,2387,19,Active
15759067,1,2019-06-28,Germany,2019-07-21,2026-02-01,2387,149,Churned
15765532,0,2019-10-11,Germany,2019-10-31,2026-05-14,2387,47,Active
15585533,0,2019-10-20,France,2019-11-07,2026-05-20,2386,41,Active
15569572,0,2019-11-20,France,2019-11-28,2026-06-10,2386,20,Active
15695492,0,2019-10-23,France,2019-10-24,2026-05-05,2385,56,Active
15713479,0,2019-07-12,France,2019-11-14,2026-05-25,2384,36,Active
15778861,0,2019-08-18,Spain,2019-09-02,2026-03-12,2383,110,At risk (inactive 90+ days)
15789379,0,2019-09-25,France,2019-10-10,2026-04-19,2383,72,Active
15620443,0,2019-10-12,France,2019-10-22,2026-05-01,2383,60,Active
15758306,0,2019-11-30,France,2019-12-11,2026-06-19,2382,11,Active
15605826,1,2016-03-03,Germany,2016-03-08,2022-09-15,2382,1384,Churned
15801915,0,2019-09-18,France,2019-10-04,2026-04-12,2382,79,Active
15737506,0,2019-11-09,France,2019-11-26,2026-06-03,2381,27,Active
15573971,0,2019-03-04,France,2019-06-16,2025-12-22,2381,190,At risk (inactive 90+ days)
15640648,0,2019-10-08,France,2019-10-26,2026-05-03,2381,58,Active
15665802,0,2019-11-05,Spain,2019-11-20,2026-05-28,2381,33,Active
15701200,0,2019-11-06,France,2019-11-16,2026-05-23,2380,38,Active
15596979,0,2019-11-30,France,2019-12-03,2026-06-09,2380,21,Active
15713517,0,2019-10-17,France,2019-11-03,2026-05-10,2380,51,Active
15711635,0,2019-11-13,Germany,2019-11-26,2026-06-01,2379,29,Active
15776128,0,2019-09-03,France,2019-10-11,2026-04-15,2378,76,Active
15775430,0,2019-06-08,Germany,2019-10-11,2026-04-15,2378,76,Active
15575409,0,2019-11-24,Germany,2019-11-26,2026-05-30,2377,31,Active
15765982,1,2018-07-04,France,2018-07-18,2025-01-19,2377,527,Churned
15720529,0,2019-11-20,France,2019-11-22,2026-05-26,2377,35,Active
15605872,0,2019-10-27,France,2019-11-08,2026-05-12,2377,49,Active
15637427,0,2019-11-05,Spain,2019-11-23,2026-05-27,2377,34,Active
15791842,0,2019-11-23,France,2019-12-13,2026-06-15,2376,15,Active
15620344,0,2019-08-03,France,2019-09-18,2026-03-20,2375,102,At risk (inactive 90+ days)
15613734,0,2019-11-16,France,2019-12-01,2026-06-02,2375,28,Active
15662662,0,2019-10-23,France,2019-12-07,2026-06-07,2374,23,Active
15742285,0,2019-11-28,France,2019-12-04,2026-06-04,2374,26,Active
15628034,0,2019-11-23,France,2019-11-28,2026-05-28,2373,33,Active
15729435,0,2019-11-05,France,2019-11-14,2026-05-14,2373,47,Active
15677739,0,2019-11-10,France,2019-11-28,2026-05-28,2373,33,Active
15727421,0,2019-11-20,France,2019-12-03,2026-06-02,2373,28,Active
15647800,0,2019-11-14,France,2019-12-01,2026-05-31,2373,30,Active
15578307,0,2019-11-22,France,2019-12-05,2026-06-03,2372,27,Active
15661830,0,2019-11-12,Spain,2019-11-26,2026-05-25,2372,36,Active
15620000,0,2019-11-29,Germany,2019-12-21,2026-06-18,2371,12,Active
15577398,0,2019-12-30,France,2019-12-30,2026-06-26,2370,4,Active
15654959,0,2019-11-22,Spain,2019-11-28,2026-05-24,2369,37,Active
15796413,0,2019-10-28,France,2019-12-20,2026-06-14,2368,16,Active
15672481,0,2019-09-01,France,2019-12-01,2026-05-26,2368,35,Active
15605279,1,2016-11-14,France,2016-12-06,2023-05-31,2367,1126,Churned
15667889,0,2019-11-02,France,2019-11-08,2026-05-02,2367,59,Active
15744273,0,2019-11-27,Germany,2019-11-29,2026-05-23,2367,38,Active
15789484,0,2019-12-29,Germany,2020-01-01,2026-06-24,2366,6,Active
15682541,0,2019-12-04,Spain,2019-12-06,2026-05-29,2366,32,Active
15746802,0,2019-10-27,France,2019-12-19,2026-06-11,2366,19,Active
15627377,0,2019-11-26,France,2019-11-29,2026-05-22,2366,39,Active
15613463,0,2019-12-26,Germany,2019-12-29,2026-06-21,2366,9,Active
15759184,0,2019-06-03,France,2019-07-21,2026-01-11,2366,170,At risk (inactive 90+ days)
15585768,0,2019-11-12,Germany,2019-11-24,2026-05-16,2365,45,Active
15788367,0,2019-12-12,Spain,2019-12-16,2026-06-07,2365,23,Active
15777452,0,2019-11-04,France,2019-11-17,2026-05-09,2365,52,Active
15737408,0,2019-11-09,France,2019-11-19,2026-05-11,2365,50,Active
15750803,0,2019-11-25,France,2019-12-07,2026-05-28,2364,33,Active
15668104,0,2019-12-11,Spain,2019-12-17,2026-06-07,2364,23,Active
15698749,0,2019-08-13,Germany,2019-09-26,2026-03-17,2364,105,At risk (inactive 90+ days)
15704771,0,2019-10-26,France,2020-01-02,2026-06-22,2363,8,Active
15748381,0,2019-12-09,France,2019-12-12,2026-05-31,2362,30,Active
15730639,0,2019-06-03,France,2019-10-05,2026-03-23,2361,99,At risk (inactive 90+ days)
15772341,0,2019-12-07,Germany,2019-12-15,2026-06-02,2361,28,Active
15804862,0,2019-11-20,Germany,2019-11-23,2026-05-11,2361,50,Active
15645904,0,2019-12-20,France,2019-12-21,2026-06-08,2361,22,Active
15761783,0,2019-10-01,France,2019-10-28,2026-04-15,2361,76,Active
15704795,0,2019-12-28,France,2020-01-05,2026-06-23,2361,7,Active
15705512,0,2019-12-17,Germany,2019-12-17,2026-06-03,2360,27,Active
15607598,0,2019-10-12,Spain,2019-11-02,2026-04-19,2360,72,Active
15678572,1,2019-01-30,Spain,2019-05-03,2025-10-18,2360,255,Churned
15600510,0,2019-12-30,Spain,2020-01-01,2026-06-18,2360,12,Active
15667392,0,2019-12-26,Spain,2020-01-02,2026-06-19,2360,11,Active
15624471,0,2019-12-06,France,2019-12-13,2026-05-29,2359,32,Active
15751593,0,2019-10-11,Germany,2019-12-12,2026-05-27,2358,34,Active
15767129,0,2019-12-13,France,2019-12-18,2026-06-02,2358,28,Active
15660301,0,2019-11-26,Germany,2019-12-18,2026-06-02,2358,28,Active
15802009,0,2019-12-15,France,2019-12-15,2026-05-30,2358,31,Active
15700353,0,2019-12-18,France,2019-12-31,2026-06-14,2357,16,Active
15787258,0,2019-09-16,Spain,2019-09-28,2026-03-12,2357,110,At risk (inactive 90+ days)
15630511,0,2019-07-11,France,2019-07-25,2026-01-06,2357,175,At risk (inactive 90+ days)
15604196,0,2019-12-02,France,2019-12-04,2026-05-17,2356,44,Active
15663888,0,2019-11-15,Germany,2019-12-03,2026-05-16,2356,45,Active
15583718,0,2019-12-20,Germany,2020-01-01,2026-06-13,2355,17,Active
15803456,1,2017-06-16,France,2017-08-19,2024-01-30,2355,882,Churned
15704466,0,2019-06-19,France,2019-08-02,2026-01-12,2355,169,At risk (inactive 90+ days)
15723604,0,2019-11-10,France,2019-11-23,2026-05-04,2354,57,Active
15684173,1,2018-11-15,Spain,2019-01-24,2025-07-04,2353,361,Churned
15603203,0,2019-11-19,France,2019-12-14,2026-05-24,2353,37,Active
15742204,0,2019-12-04,Germany,2019-12-15,2026-05-25,2353,36,Active
15569595,0,2019-09-23,France,2019-12-14,2026-05-24,2353,37,Active
15621768,0,2019-10-08,Spain,2019-11-14,2026-04-24,2353,67,Active
15618661,0,2019-12-03,France,2019-12-21,2026-05-30,2352,31,Active
15597968,1,2018-07-07,Spain,2018-09-15,2025-02-22,2352,493,Churned
15631639,0,2019-12-28,France,2020-01-09,2026-06-18,2352,12,Active
15778463,0,2019-11-14,France,2019-12-14,2026-05-22,2351,39,Active
15686696,0,2019-09-15,France,2019-10-28,2026-04-05,2351,86,Active
15791533,1,2019-09-09,Spain,2019-09-27,2026-03-03,2349,119,Churned
15764708,0,2019-12-26,France,2020-01-11,2026-06-17,2349,13,Active
15593331,0,2019-12-15,Germany,2019-12-16,2026-05-21,2348,40,Active
15569670,0,2019-12-20,Germany,2020-01-10,2026-06-14,2347,16,Active
15715345,0,2019-10-11,Spain,2019-12-14,2026-05-18,2347,43,Active
15783097,0,2019-12-18,Germany,2019-12-24,2026-05-28,2347,33,Active
15698792,0,2019-12-31,France,2020-01-11,2026-06-15,2347,15,Active
15745794,0,2019-12-01,France,2019-12-03,2026-05-07,2347,54,Active
15782231,0,2019-12-30,France,2020-01-11,2026-06-15,2347,15,Active
15745012,0,2019-12-12,France,2019-12-17,2026-05-20,2346,41,Active
15626412,0,2019-12-22,Spain,2019-12-24,2026-05-26,2345,35,Active
15581280,0,2019-12-21,Germany,2019-12-31,2026-06-02,2345,28,Active
15806709,0,2019-12-14,Germany,2020-01-06,2026-06-08,2345,22,Active
15584967,0,2019-12-22,Spain,2019-12-25,2026-05-27,2345,34,Active
15638159,0,2019-12-13,Spain,2019-12-27,2026-05-29,2345,32,Active
15659355,0,2019-12-12,Spain,2020-01-05,2026-06-07,2345,23,Active
15596671,1,2017-09-02,Spain,2017-09-05,2024-02-05,2344,876,Churned
15697686,0,2019-11-30,France,2020-01-25,2026-06-26,2344,4,Active
15796957,1,2016-09-01,Spain,2016-09-06,2023-02-06,2344,1240,Churned
15684318,0,2019-11-14,Germany,2020-01-03,2026-06-03,2343,27,Active
15734674,0,2019-12-10,France,2019-12-11,2026-05-10,2342,51,Active
15798666,0,2019-12-09,France,2019-12-22,2026-05-21,2342,40,Active
15591344,0,2019-12-11,Spain,2019-12-20,2026-05-19,2342,42,Active
15752388,0,2019-12-21,Spain,2020-01-16,2026-06-15,2342,15,Active
15584156,1,2015-08-15,Spain,2015-10-15,2022-03-14,2342,1569,Churned
15677307,0,2019-09-08,Germany,2019-10-13,2026-03-11,2341,111,At risk (inactive 90+ days)
15570326,0,2019-12-28,France,2020-01-04,2026-06-02,2341,28,Active
15792818,0,2019-12-08,Germany,2019-12-28,2026-05-26,2341,35,Active
15743817,1,2017-07-16,Germany,2017-07-31,2023-12-28,2341,915,Churned
15772559,1,2015-11-12,France,2015-12-26,2022-05-24,2341,1498,Churned
15615029,0,2019-12-28,Spain,2020-01-09,2026-06-05,2339,25,Active
15789014,0,2019-08-08,France,2019-11-22,2026-04-18,2339,73,Active
15726088,0,2019-12-14,France,2020-01-05,2026-05-31,2338,30,Active
15761950,1,2017-01-02,Germany,2017-01-17,2023-06-12,2337,1114,Churned
15576676,0,2020-01-24,Germany,2020-01-27,2026-06-20,2336,10,Active
15761720,0,2019-12-08,France,2019-12-26,2026-05-19,2336,42,Active
15714493,0,2019-12-15,Spain,2020-01-15,2026-06-08,2336,22,Active
15808228,0,2019-12-12,Spain,2020-01-01,2026-05-24,2335,37,Active
15737385,0,2019-10-26,Spain,2019-12-13,2026-05-05,2335,56,Active
15600626,0,2019-10-31,France,2019-12-14,2026-05-05,2334,56,Active
15687413,0,2020-01-30,Spain,2020-02-04,2026-06-26,2334,4,Active
15768746,0,2019-12-09,France,2020-01-09,2026-05-31,2334,30,Active
15606601,0,2019-08-12,France,2019-08-19,2026-01-08,2334,173,At risk (inactive 90+ days)
15695465,0,2019-12-01,France,2020-01-05,2026-05-27,2334,34,Active
15706199,0,2019-10-15,Germany,2019-12-30,2026-05-20,2333,41,Active
15795079,0,2019-11-01,Spain,2019-11-18,2026-04-08,2333,83,Active
15642063,0,2019-09-25,France,2019-12-15,2026-05-04,2332,57,Active
15662403,0,2019-11-29,France,2020-01-01,2026-05-20,2331,41,Active
15658057,1,2017-12-22,Spain,2017-12-31,2024-05-19,2331,772,Churned
15811236,0,2019-12-29,Spain,2020-01-04,2026-05-23,2331,38,Active
15656840,0,2019-12-03,France,2019-12-28,2026-05-16,2331,45,Active
15704483,0,2019-12-15,France,2019-12-21,2026-05-08,2330,53,Active
15724099,0,2019-12-05,France,2020-01-09,2026-05-27,2330,34,Active
15623219,1,2017-12-09,France,2017-12-13,2024-04-29,2329,792,Churned
15587177,0,2019-12-18,France,2019-12-20,2026-05-04,2327,57,Active
15572291,0,2019-09-25,France,2019-10-07,2026-02-19,2327,131,At risk (inactive 90+ days)
15658548,0,2019-11-02,Germany,2019-12-15,2026-04-29,2327,62,Active
15746695,0,2019-09-08,France,2019-12-08,2026-04-22,2327,69,Active
15625698,0,2020-01-21,Spain,2020-01-25,2026-06-08,2326,22,Active
15609299,0,2019-11-16,France,2019-11-24,2026-04-07,2326,84,Active
15661670,1,2017-11-21,Germany,2017-11-26,2024-04-08,2325,813,Churned
15757568,0,2020-01-26,France,2020-02-05,2026-06-17,2324,13,Active
15602934,0,2020-01-18,France,2020-02-01,2026-06-13,2324,17,Active
15594039,0,2019-12-28,Spain,2020-01-29,2026-06-09,2323,21,Active
15726631,0,2019-12-24,France,2020-01-29,2026-06-08,2322,22,Active
15782806,0,2019-12-09,Spain,2019-12-09,2026-04-18,2322,73,Active
15638988,0,2020-01-12,France,2020-01-22,2026-05-31,2321,30,Active
15766552,0,2019-11-23,France,2020-01-30,2026-06-08,2321,22,Active
15570134,0,2019-12-06,France,2019-12-24,2026-05-01,2320,60,Active
15713043,0,2019-12-20,France,2019-12-22,2026-04-29,2320,62,Active
15698786,1,2016-10-23,France,2016-10-24,2023-03-01,2319,1217,Churned
15656717,0,2019-08-07,France,2019-10-12,2026-02-16,2319,134,At risk (inactive 90+ days)
15794875,0,2020-01-27,Spain,2020-02-11,2026-06-18,2319,12,Active
15750772,0,2019-12-31,France,2020-01-09,2026-05-16,2319,45,Active
15727919,0,2020-01-15,Spain,2020-01-18,2026-05-24,2318,37,Active
15573278,0,2019-11-22,France,2020-01-06,2026-05-11,2317,50,Active
15715414,0,2019-12-01,France,2020-01-05,2026-05-10,2317,51,Active
15654274,0,2019-09-26,France,2020-01-17,2026-05-22,2317,39,Active
15765732,0,2020-01-05,Spain,2020-01-13,2026-05-18,2317,43,Active
15680736,0,2020-01-14,Germany,2020-01-27,2026-05-31,2316,30,Active
15683524,0,2019-12-03,Germany,2020-01-23,2026-05-27,2316,34,Active
15650864,0,2019-12-15,France,2020-01-16,2026-05-20,2316,41,Active
15813444,0,2019-12-31,Spain,2020-01-03,2026-05-06,2315,55,Active
15614878,0,2020-01-11,Germany,2020-01-25,2026-05-28,2315,33,Active
15578211,0,2020-01-28,France,2020-02-15,2026-06-18,2315,12,Active
15765093,0,2020-01-01,France,2020-01-12,2026-05-15,2315,46,Active
15611635,0,2019-12-18,Spain,2020-01-01,2026-05-04,2315,57,Active
15717164,0,2020-01-10,Spain,2020-01-19,2026-05-21,2314,40,Active
15599660,0,2020-01-08,France,2020-01-23,2026-05-24,2313,37,Active
15734161,0,2019-12-03,France,2019-12-13,2026-04-13,2313,78,Active
15725076,0,2020-01-03,Spain,2020-01-15,2026-05-16,2313,45,Active
15785519,0,2019-08-21,France,2020-02-02,2026-06-02,2312,28,Active
15723105,0,2020-01-04,France,2020-01-05,2026-05-05,2312,56,Active
15743075,0,2020-01-24,France,2020-02-19,2026-06-19,2312,11,Active
15642099,0,2019-09-16,Spain,2020-01-04,2026-05-03,2311,58,Active
15753102,0,2020-01-06,Spain,2020-01-24,2026-05-22,2310,39,Active
15580629,0,2019-11-05,France,2019-12-19,2026-04-16,2310,75,Active
15611669,1,2019-02-02,Germany,2019-03-03,2025-06-29,2310,366,Churned
15744689,1,2016-12-27,Germany,2017-02-14,2023-06-12,2309,1114,Churned
15767908,0,2019-09-26,France,2019-12-07,2026-04-03,2309,88,Active
15652700,0,2019-10-12,France,2019-12-06,2026-04-02,2309,89,Active
15593345,0,2020-01-28,Germany,2020-02-13,2026-06-09,2308,21,Active
15601116,0,2020-01-27,France,2020-02-17,2026-06-13,2308,17,Active
15812071,0,2020-02-08,France,2020-02-09,2026-06-04,2307,26,Active
15670066,0,2020-01-24,Spain,2020-02-06,2026-06-01,2307,29,Active
15776211,0,2020-01-19,France,2020-01-28,2026-05-23,2307,38,Active
15656121,0,2019-12-17,Germany,2020-01-01,2026-04-25,2306,66,Active
15770719,0,2020-01-29,France,2020-02-29,2026-06-23,2306,7,Active
15590228,0,2020-02-03,France,2020-02-04,2026-05-29,2306,32,Active
15775235,0,2020-01-22,France,2020-02-03,2026-05-28,2306,33,Active
15619304,1,2017-10-07,France,2017-11-02,2024-02-24,2305,857,Churned
15785980,0,2020-01-25,Spain,2020-01-29,2026-05-22,2305,39,Active
15669490,0,2020-02-06,Germany,2020-02-10,2026-06-01,2303,29,Active
15666916,0,2019-12-22,France,2020-01-03,2026-04-23,2302,68,Active
15734312,0,2020-02-09,Spain,2020-02-09,2026-05-30,2302,31,Active
15604792,0,2020-02-20,Germany,2020-02-23,2026-06-13,2302,17,Active
15744368,0,2020-02-15,Spain,2020-02-20,2026-06-09,2301,21,Active
15623499,1,2016-12-06,Germany,2016-12-23,2023-04-12,2301,1175,Churned
15660390,0,2020-01-07,France,2020-01-27,2026-05-16,2301,45,Active
15617304,0,2020-01-05,France,2020-01-19,2026-05-08,2301,53,Active
15655903,0,2020-02-24,Spain,2020-02-26,2026-06-15,2301,15,Active
15568982,0,2020-01-07,France,2020-02-03,2026-05-22,2300,39,Active
15774857,1,2018-08-10,France,2018-08-13,2024-11-29,2300,578,Churned
15658432,0,2020-01-18,France,2020-02-10,2026-05-29,2300,32,Active
15762937,0,2020-01-13,Germany,2020-01-18,2026-05-05,2299,56,Active
15756196,0,2020-01-12,France,2020-02-06,2026-05-24,2299,37,Active
15621815,0,2019-11-03,France,2019-12-25,2026-04-11,2299,80,Active
15625395,0,2019-12-05,France,2020-01-23,2026-05-09,2298,52,Active
15757895,0,2020-02-08,Germany,2020-02-12,2026-05-29,2298,32,Active
15590820,0,2020-01-13,Spain,2020-02-17,2026-06-02,2297,28,Active
15630698,1,2016-08-30,France,2016-09-24,2023-01-08,2297,1269,Churned
15615140,0,2019-12-01,France,2020-01-19,2026-05-04,2297,57,Active
15722583,0,2020-02-25,Spain,2020-02-25,2026-06-10,2297,20,Active
15801658,0,2020-02-14,France,2020-02-15,2026-05-30,2296,31,Active
15747821,0,2020-01-27,Germany,2020-03-03,2026-06-16,2296,14,Active
15802351,0,2020-01-08,Germany,2020-01-13,2026-04-26,2295,65,Active
15752838,0,2019-12-14,Spain,2020-01-06,2026-04-19,2295,72,Active
15614847,0,2020-02-24,France,2020-03-04,2026-06-16,2295,14,Active
15758372,1,2019-06-23,France,2019-07-09,2025-10-19,2294,254,Churned
15790336,0,2020-02-22,Germany,2020-02-27,2026-06-09,2294,21,Active
15604130,0,2019-12-01,Spain,2019-12-25,2026-04-06,2294,85,Active
15750264,0,2020-01-11,Germany,2020-01-27,2026-05-08,2293,53,Active
15654495,0,2020-02-26,Germany,2020-03-11,2026-06-21,2293,9,Active
15578648,0,2020-02-12,Germany,2020-02-18,2026-05-30,2293,31,Active
15776985,0,2020-02-07,France,2020-02-14,2026-05-26,2293,35,Active
15775809,0,2020-02-01,Germany,2020-02-09,2026-05-21,2293,40,Active
15709368,0,2020-02-22,France,2020-03-07,2026-06-16,2292,14,Active
15707144,0,2020-01-28,Germany,2020-02-29,2026-06-09,2292,21,Active
15801788,0,2020-01-30,Germany,2020-03-06,2026-06-15,2292,15,Active
15705113,0,2020-01-29,Spain,2020-03-17,2026-06-25,2291,5,Active
15752809,0,2019-12-21,Spain,2020-01-05,2026-04-14,2291,77,Active
15573798,0,2019-12-01,France,2019-12-27,2026-04-04,2290,87,Active
15607990,0,2020-02-04,Spain,2020-02-05,2026-05-14,2290,47,Active
15650751,0,2020-01-17,France,2020-02-03,2026-05-11,2289,50,Active
15574115,0,2019-12-08,Spain,2020-01-28,2026-05-05,2289,56,Active
15694192,0,2020-02-10,Spain,2020-02-24,2026-05-31,2288,30,Active
15783629,0,2020-01-16,Germany,2020-02-16,2026-05-22,2287,39,Active
15738627,0,2020-01-09,France,2020-02-25,2026-05-31,2287,30,Active
15624013,0,2019-12-10,France,2020-02-29,2026-06-04,2287,26,Active
15806360,0,2020-01-23,France,2020-02-01,2026-05-07,2287,54,Active
15595831,0,2020-01-12,Germany,2020-02-22,2026-05-27,2286,34,Active
15600575,0,2020-02-06,Spain,2020-02-12,2026-05-17,2286,44,Active
15815552,0,2020-01-05,France,2020-02-14,2026-05-18,2285,43,Active
15730044,1,2019-08-20,Germany,2019-09-03,2025-12-05,2285,207,Churned
15686060,1,2016-10-31,Germany,2016-11-14,2023-02-16,2285,1230,Churned
15770101,0,2020-02-13,Germany,2020-02-21,2026-05-24,2284,37,Active
15768282,0,2020-02-21,Germany,2020-02-28,2026-05-31,2284,30,Active
15592123,0,2020-02-17,France,2020-02-29,2026-06-01,2284,29,Active
15653222,0,2020-02-26,Germany,2020-03-03,2026-06-02,2282,28,Active
15614215,0,2020-02-21,France,2020-03-05,2026-06-03,2281,27,Active
15761453,0,2019-11-12,France,2020-01-22,2026-04-21,2281,70,Active
15628308,0,2020-02-24,France,2020-03-08,2026-06-05,2280,25,Active
15760427,0,2020-02-19,France,2020-03-07,2026-06-04,2280,26,Active
15812917,0,2020-02-20,Spain,2020-03-04,2026-05-31,2279,30,Active
15572547,1,2017-06-08,France,2017-06-25,2023-09-21,2279,1013,Churned
15589296,0,2020-01-16,France,2020-01-27,2026-04-24,2279,67,Active
15695846,0,2020-03-24,France,2020-03-24,2026-06-19,2278,11,Active
15717643,0,2020-02-18,France,2020-03-10,2026-06-05,2278,25,Active
15591130,0,2020-01-01,Spain,2020-01-24,2026-04-19,2277,72,Active
15648367,0,2020-02-09,Germany,2020-02-17,2026-05-13,2277,48,Active
15658675,0,2020-02-23,Germany,2020-03-20,2026-06-13,2276,17,Active
15594502,0,2020-01-20,France,2020-02-02,2026-04-26,2275,65,Active
15624667,0,2020-02-04,France,2020-02-15,2026-05-09,2275,52,Active
15599074,0,2020-02-18,Spain,2020-02-28,2026-05-22,2275,39,Active
15775625,0,2020-02-11,France,2020-03-04,2026-05-26,2274,35,Active
15589975,0,2020-03-06,France,2020-03-10,2026-05-31,2273,30,Active
15742668,0,2019-12-27,Spain,2020-01-27,2026-04-18,2273,73,Active
15627298,1,2018-12-08,France,2018-12-09,2025-02-28,2273,487,Churned
15784736,0,2020-01-28,France,2020-04-01,2026-06-21,2272,9,Active
15808760,0,2020-03-14,Spain,2020-03-15,2026-06-04,2272,26,Active
15659002,0,2019-12-05,France,2020-03-05,2026-05-25,2272,36,Active
15745621,0,2020-03-25,Spain,2020-03-25,2026-06-13,2271,17,Active
15587233,1,2017-12-24,France,2018-01-29,2024-04-18,2271,803,Churned
15633181,0,2020-02-08,France,2020-02-23,2026-05-13,2271,48,Active
15568328,0,2020-02-21,France,2020-03-11,2026-05-29,2270,32,Active
15739850,0,2020-02-21,France,2020-02-29,2026-05-18,2270,43,Active
15713854,0,2020-03-16,France,2020-03-23,2026-06-09,2269,21,Active
15777599,0,2020-03-25,Germany,2020-03-29,2026-06-15,2269,15,Active
15576000,0,2020-02-19,France,2020-03-27,2026-06-13,2269,17,Active
15792720,0,2020-02-03,France,2020-02-05,2026-04-22,2268,69,Active
15584452,0,2020-03-13,France,2020-03-21,2026-06-06,2268,24,Active
15715031,0,2020-02-24,France,2020-02-24,2026-05-10,2267,51,Active
15747677,0,2020-02-21,Spain,2020-03-01,2026-05-16,2267,45,Active
15676094,0,2020-02-03,France,2020-02-19,2026-05-05,2267,56,Active
15810203,0,2020-01-22,Germany,2020-03-30,2026-06-14,2267,16,Active
15634896,0,2020-02-27,France,2020-03-19,2026-06-02,2266,28,Active
15732672,0,2020-03-11,Spain,2020-03-13,2026-05-27,2266,34,Active
15689661,0,2020-02-11,France,2020-02-29,2026-05-14,2266,47,Active
15627190,0,2020-03-03,France,2020-03-12,2026-05-25,2265,36,Active
15573520,0,2020-02-16,Germany,2020-03-12,2026-05-24,2264,37,Active
15710295,0,2020-03-23,Germany,2020-03-30,2026-06-10,2263,20,Active
15612615,0,2020-01-18,France,2020-02-21,2026-05-03,2263,58,Active
15810010,0,2019-11-08,Germany,2019-11-13,2026-01-23,2263,158,At risk (inactive 90+ days)
15623102,0,2020-03-03,Spain,2020-03-15,2026-05-25,2262,36,Active
15602280,1,2016-07-26,Germany,2016-07-29,2022-10-07,2261,1362,Churned
15724924,0,2020-01-16,France,2020-02-24,2026-05-04,2261,57,Active
15690007,1,2017-04-22,Germany,2017-05-05,2023-07-13,2260,1083,Churned
15673074,0,2020-03-02,Germany,2020-03-12,2026-05-20,2260,41,Active
15680804,0,2020-03-03,France,2020-03-09,2026-05-17,2260,44,Active
15802220,0,2020-03-31,Spain,2020-04-08,2026-06-15,2259,15,Active
15565779,0,2020-01-02,Germany,2020-02-15,2026-04-22,2258,69,Active
15573280,0,2020-03-06,Germany,2020-03-26,2026-06-01,2258,29,Active
15659475,0,2020-02-15,France,2020-04-04,2026-06-10,2258,20,Active
15582016,0,2020-03-07,Spain,2020-03-11,2026-05-17,2258,44,Active
15576156,0,2019-09-23,Spain,2019-10-08,2025-12-13,2258,199,At risk (inactive 90+ days)
15610912,0,2020-02-07,Spain,2020-03-17,2026-05-23,2258,38,Active
15645839,0,2020-03-19,France,2020-03-28,2026-06-03,2258,27,Active
15808189,0,2020-03-20,France,2020-03-28,2026-06-02,2257,28,Active
15790448,0,2020-03-17,France,2020-03-28,2026-06-02,2257,28,Active
15805413,0,2020-03-21,France,2020-04-06,2026-06-11,2257,19,Active
15701936,1,2016-01-22,Germany,2016-01-31,2022-04-06,2257,1546,Churned
15794278,0,2020-03-14,Spain,2020-04-03,2026-06-07,2256,23,Active
15737265,0,2020-01-26,Germany,2020-03-09,2026-05-12,2255,49,Active
15572390,0,2020-03-10,Spain,2020-03-19,2026-05-22,2255,39,Active
15635942,1,2016-11-22,France,2017-02-24,2023-04-29,2255,1158,Churned
15644446,0,2020-03-11,France,2020-03-30,2026-06-01,2254,29,Active
15813192,0,2020-03-26,France,2020-04-10,2026-06-12,2254,18,Active
15689341,1,2016-06-07,France,2016-06-09,2022-08-09,2252,1421,Churned
15636999,1,2017-11-04,France,2017-11-13,2024-01-13,2252,899,Churned
15724423,0,2020-03-06,France,2020-03-06,2026-05-06,2252,55,Active
15601719,0,2020-03-23,Germany,2020-03-27,2026-05-27,2252,34,Active
15692207,0,2020-02-26,France,2020-04-22,2026-06-22,2252,8,Active
15719276,0,2020-03-09,Spain,2020-03-16,2026-05-15,2251,46,Active
15788126,0,2020-03-11,Spain,2020-03-30,2026-05-28,2250,33,Active
15722993,0,2019-12-06,France,2020-01-07,2026-03-06,2250,116,At risk (inactive 90+ days)
15635244,0,2020-03-11,France,2020-03-19,2026-05-17,2250,44,Active
15811127,0,2020-03-06,France,2020-03-22,2026-05-19,2249,42,Active
15804602,0,2019-10-11,Germany,2019-10-21,2025-12-16,2248,196,At risk (inactive 90+ days)
15683403,1,2019-03-15,Spain,2019-04-09,2025-06-04,2248,391,Churned
15585249,1,2019-08-09,France,2019-11-19,2026-01-13,2247,168,Churned
15630641,0,2020-04-24,France,2020-04-26,2026-06-20,2246,10,Active
15626983,0,2020-02-27,Spain,2020-04-29,2026-06-22,2245,8,Active
15657868,0,2020-01-30,Germany,2020-05-01,2026-06-23,2244,7,Active
15812356,0,2020-02-14,Germany,2020-03-06,2026-04-28,2244,63,Active
15774491,0,2019-12-26,France,2020-04-01,2026-05-23,2243,38,Active
15789432,0,2020-03-18,France,2020-04-01,2026-05-23,2243,38,Active
15698031,0,2020-04-25,Germany,2020-04-27,2026-06-18,2243,12,Active
15752409,0,2020-02-14,France,2020-03-19,2026-05-10,2243,51,Active
15657771,0,2020-04-26,France,2020-05-01,2026-06-22,2243,8,Active
15692132,0,2020-03-06,Spain,2020-03-31,2026-05-20,2241,41,Active
15685300,0,2020-03-07,France,2020-03-24,2026-05-13,2241,48,Active
15792305,1,2020-03-18,Germany,2020-03-21,2026-05-09,2240,52,Churned
15677117,0,2020-02-06,France,2020-03-22,2026-05-10,2240,51,Active
15814267,0,2020-02-02,France,2020-03-23,2026-05-10,2239,51,Active
15673481,0,2020-04-24,Spain,2020-04-25,2026-06-11,2238,19,Active
15673367,0,2020-01-21,Germany,2020-02-02,2026-03-20,2238,102,At risk (inactive 90+ days)
15605333,0,2020-03-14,Spain,2020-03-31,2026-05-17,2238,44,Active
15735688,0,2020-04-20,France,2020-04-28,2026-06-14,2238,16,Active
15733387,0,2019-12-07,Spain,2020-04-10,2026-05-26,2237,35,Active
15743490,1,2017-04-24,Germany,2017-04-26,2023-06-11,2237,1115,Churned
15748481,0,2019-12-31,France,2020-05-08,2026-06-22,2236,8,Active
15775572,0,2020-03-14,Germany,2020-04-18,2026-06-01,2235,29,Active
15794870,0,2020-02-23,Germany,2020-04-26,2026-06-09,2235,21,Active
15737647,0,2020-02-24,Germany,2020-03-01,2026-04-14,2235,77,Active
15780409,0,2020-03-17,France,2020-03-31,2026-05-13,2234,48,Active
15595067,0,2020-03-13,Spain,2020-03-20,2026-05-01,2233,60,Active
15593295,0,2020-03-08,France,2020-03-12,2026-04-23,2233,68,Active
15644878,0,2020-01-07,Spain,2020-02-17,2026-03-30,2233,92,At risk (inactive 90+ days)
15773017,0,2020-04-07,Spain,2020-04-13,2026-05-24,2232,37,Active
15645637,0,2020-03-24,Germany,2020-04-15,2026-05-26,2232,35,Active
15757310,0,2020-03-03,Germany,2020-03-11,2026-04-21,2232,70,Active
15599301,0,2020-04-23,Germany,2020-05-08,2026-06-17,2231,13,Active
15567923,0,2020-03-11,France,2020-04-26,2026-06-05,2231,25,Active
15615624,0,2020-02-02,France,2020-03-14,2026-04-22,2230,69,Active
15793478,1,2018-02-25,Germany,2018-04-27,2024-06-04,2230,756,Churned
15676433,0,2020-01-03,France,2020-01-11,2026-02-18,2230,132,At risk (inactive 90+ days)
15690492,0,2020-03-01,France,2020-03-07,2026-04-15,2230,76,Active
15591035,0,2020-03-08,Spain,2020-03-11,2026-04-19,2230,72,Active
15665378,0,2020-03-27,France,2020-05-08,2026-06-16,2230,14,Active
15622527,0,2020-04-15,France,2020-04-25,2026-06-02,2229,28,Active
15754072,0,2019-08-05,Spain,2020-01-14,2026-02-20,2229,130,At risk (inactive 90+ days)
15710138,0,2020-04-25,Spain,2020-05-08,2026-06-15,2229,15,Active
15707968,1,2018-04-27,Spain,2018-05-05,2024-06-10,2228,750,Churned
15704819,0,2020-03-10,Spain,2020-04-23,2026-05-30,2228,31,Active
15605531,0,2020-04-20,Spain,2020-04-23,2026-05-29,2227,32,Active
15743760,0,2020-03-18,France,2020-04-05,2026-05-10,2226,51,Active
15651713,0,2020-04-12,France,2020-04-21,2026-05-25,2225,36,Active
15670343,0,2020-03-21,Spain,2020-05-05,2026-06-08,2225,22,Active
15629985,1,2016-03-09,Germany,2016-03-22,2022-04-25,2225,1527,Churned
15752956,0,2020-04-15,Spain,2020-04-26,2026-05-29,2224,32,Active
15624188,0,2020-03-25,France,2020-04-10,2026-05-12,2223,49,Active
15703119,0,2020-04-03,France,2020-04-15,2026-05-17,2223,44,Active
15760851,0,2020-04-21,France,2020-05-07,2026-06-08,2223,22,Active
15641585,0,2020-04-23,France,2020-04-24,2026-05-26,2223,35,Active
15765402,0,2020-03-13,France,2020-04-04,2026-05-06,2223,55,Active
15724648,0,2020-04-14,France,2020-04-20,2026-05-22,2223,39,Active
15650288,0,2020-03-15,Germany,2020-04-01,2026-05-02,2222,59,Active
15794468,0,2020-01-11,France,2020-04-25,2026-05-26,2222,35,Active
15723658,0,2020-01-27,Spain,2020-03-20,2026-04-20,2222,71,Active
15570051,0,2020-04-30,Germany,2020-05-23,2026-06-22,2221,8,Active
15710375,0,2020-03-08,France,2020-04-30,2026-05-30,2221,31,Active
15569624,0,2020-02-14,Germany,2020-03-05,2026-04-04,2221,87,Active
15777784,0,2020-04-11,France,2020-04-30,2026-05-29,2220,32,Active
15597610,0,2020-04-20,Spain,2020-05-13,2026-06-11,2220,19,Active
15701319,1,2019-07-22,Germany,2019-08-06,2025-09-02,2219,301,Churned
15762169,1,2016-10-30,Germany,2016-11-22,2022-12-19,2218,1289,Churned
15739592,1,2016-06-09,Germany,2016-06-20,2022-07-17,2218,1444,Churned
15603065,0,2019-11-16,France,2020-04-27,2026-05-23,2217,38,Active
15600700,0,2020-04-08,Germany,2020-04-29,2026-05-25,2217,36,Active
15770435,0,2020-04-27,France,2020-05-20,2026-06-14,2216,16,Active
15736069,1,2019-10-26,Germany,2019-12-20,2026-01-13,2216,168,Churned
15628950,0,2020-04-10,Germany,2020-04-12,2026-05-07,2216,54,Active
15697691,0,2020-04-04,France,2020-04-30,2026-05-25,2216,36,Active
15742019,0,2019-07-03,France,2019-11-10,2025-12-04,2216,208,At risk (inactive 90+ days)
15787322,0,2020-04-23,France,2020-05-01,2026-05-25,2215,36,Active
15578788,0,2020-02-18,Spain,2020-02-21,2026-03-16,2215,106,At risk (inactive 90+ days)
15732674,0,2020-05-26,Spain,2020-05-28,2026-06-20,2214,10,Active
15658169,0,2020-02-03,Spain,2020-04-07,2026-04-30,2214,61,Active
15659567,1,2017-03-08,France,2017-04-01,2023-04-24,2214,1163,Churned
15570299,0,2020-04-24,Germany,2020-05-03,2026-05-26,2214,35,Active
15696047,0,2020-05-05,France,2020-05-10,2026-05-31,2212,30,Active
15629511,0,2020-05-07,France,2020-05-14,2026-06-03,2211,27,Active
15701392,0,2020-05-16,Spain,2020-05-21,2026-06-10,2211,20,Active
15742272,1,2018-05-02,France,2018-07-27,2024-08-14,2210,685,Churned
15583137,1,2018-07-23,France,2018-07-28,2024-08-15,2210,684,Churned
15568915,0,2020-02-28,France,2020-03-16,2026-04-04,2210,87,Active
15721207,0,2020-04-17,Germany,2020-04-19,2026-05-08,2210,53,Active
15747345,0,2020-05-26,France,2020-05-28,2026-06-15,2209,15,Active
15608328,0,2020-03-23,Spain,2020-05-11,2026-05-29,2209,32,Active
15731412,0,2020-04-29,Germany,2020-05-30,2026-06-17,2209,13,Active
15610936,0,2020-04-04,France,2020-05-12,2026-05-30,2209,31,Active
15669656,0,2020-05-18,France,2020-05-20,2026-06-06,2208,24,Active
15631217,0,2020-04-28,France,2020-05-01,2026-05-18,2208,43,Active
15569503,0,2020-05-12,France,2020-05-16,2026-06-01,2207,29,Active
15726354,0,2020-03-06,France,2020-03-12,2026-03-28,2207,94,At risk (inactive 90+ days)
15578375,0,2020-03-26,France,2020-06-03,2026-06-19,2207,11,Active
15683183,0,2020-01-07,Germany,2020-02-13,2026-02-28,2207,122,At risk (inactive 90+ days)
15588535,0,2020-03-18,Spain,2020-05-06,2026-05-22,2207,39,Active
15648702,0,2020-04-26,Germany,2020-06-01,2026-06-16,2206,14,Active
15682369,0,2020-02-18,France,2020-04-11,2026-04-26,2206,65,Active
15630857,0,2020-03-11,Spain,2020-04-26,2026-05-11,2206,50,Active
15802368,0,2020-05-28,France,2020-05-30,2026-06-14,2206,16,Active
15717286,1,2017-09-07,Spain,2017-09-18,2023-10-02,2205,1002,Churned
15589076,1,2017-06-29,France,2017-07-08,2023-07-21,2204,1075,Churned
15613140,0,2020-03-14,France,2020-04-04,2026-04-17,2204,74,Active
15576526,0,2020-05-07,Spain,2020-05-13,2026-05-26,2204,35,Active
15623560,0,2020-04-26,France,2020-04-26,2026-05-08,2203,53,Active
15782591,0,2019-11-29,France,2020-05-09,2026-05-21,2203,40,Active
15667620,0,2020-05-03,France,2020-05-16,2026-05-28,2203,33,Active
15668347,0,2020-05-21,France,2020-05-30,2026-06-11,2203,19,Active
15737571,0,2020-05-17,Spain,2020-05-24,2026-06-05,2203,25,Active
15795370,0,2020-03-16,Germany,2020-04-21,2026-05-03,2203,58,Active
15601550,0,2020-05-15,Spain,2020-05-24,2026-06-04,2202,26,Active
15801630,0,2020-05-17,France,2020-06-01,2026-06-12,2202,18,Active
15613816,0,2020-04-16,Spain,2020-05-25,2026-06-05,2202,25,Active
15752193,0,2020-05-24,Spain,2020-06-04,2026-06-15,2202,15,Active
15725997,0,2020-05-02,France,2020-05-03,2026-05-13,2201,48,Active
15696812,0,2020-05-12,Spain,2020-05-19,2026-05-29,2201,32,Active
15812750,0,2020-05-02,France,2020-05-09,2026-05-18,2200,43,Active
15756875,0,2020-05-25,Spain,2020-06-08,2026-06-17,2200,13,Active
15593601,0,2020-04-16,France,2020-05-29,2026-06-06,2199,24,Active
15749019,0,2020-05-18,Germany,2020-05-29,2026-06-06,2199,24,Active
15770159,0,2020-05-12,Germany,2020-05-23,2026-05-31,2199,30,Active
15735106,0,2019-09-23,Spain,2019-10-30,2025-11-06,2199,236,At risk (inactive 90+ days)
15802483,0,2020-05-04,France,2020-05-17,2026-05-25,2199,36,Active
15577107,1,2019-09-30,Spain,2019-10-07,2025-10-14,2199,259,Churned
15615091,0,2020-05-23,France,2020-05-26,2026-06-02,2198,28,Active
15669175,0,2020-05-23,Germany,2020-05-30,2026-06-06,2198,24,Active
15741180,0,2020-04-25,France,2020-05-08,2026-05-15,2198,46,Active
15807837,0,2020-05-02,France,2020-05-23,2026-05-29,2197,32,Active
15720929,1,2018-04-12,France,2018-05-27,2024-06-01,2197,759,Churned
15626414,0,2020-04-06,France,2020-04-19,2026-04-25,2197,66,Active
15656009,0,2020-01-10,France,2020-02-29,2026-03-06,2197,116,At risk (inactive 90+ days)
15729689,0,2020-05-25,Germany,2020-05-27,2026-06-01,2196,29,Active
15609977,0,2020-03-11,France,2020-04-01,2026-04-06,2196,85,Active
15581282,0,2019-12-08,France,2020-02-18,2026-02-21,2195,129,At risk (inactive 90+ days)
15637593,0,2020-05-09,France,2020-05-22,2026-05-26,2195,35,Active
15790324,0,2020-04-20,France,2020-04-27,2026-05-01,2195,60,Active
15675431,0,2019-09-23,France,2020-04-19,2026-04-23,2195,68,Active
15668057,0,2020-03-18,France,2020-03-24,2026-03-28,2195,94,At risk (inactive 90+ days)
15680167,0,2020-05-02,France,2020-05-20,2026-05-23,2194,38,Active
15683124,1,2020-02-26,France,2020-03-18,2026-03-20,2193,102,Churned
15811985,0,2020-05-19,Spain,2020-05-29,2026-05-31,2193,30,Active
15735788,0,2020-05-22,France,2020-05-28,2026-05-29,2192,32,Active
15601172,0,2020-02-15,France,2020-04-22,2026-04-23,2192,68,Active
15671124,0,2020-05-14,France,2020-06-06,2026-06-06,2191,24,Active
15757537,0,2020-05-17,France,2020-06-06,2026-06-06,2191,24,Active
15758510,0,2020-03-29,France,2020-06-12,2026-06-10,2189,20,Active
15809057,0,2020-05-25,Spain,2020-06-04,2026-06-01,2188,29,Active
15631267,0,2020-05-11,France,2020-06-02,2026-05-29,2187,32,Active
15649450,0,2020-06-04,Germany,2020-06-04,2026-05-31,2187,30,Active
15810826,0,2020-02-26,France,2020-05-20,2026-05-16,2187,45,Active
15601659,1,2018-09-14,Germany,2018-11-05,2024-10-30,2186,608,Churned
15760216,1,2015-10-11,France,2016-02-11,2022-02-05,2186,1606,Churned
15733111,0,2020-06-07,Spain,2020-06-07,2026-06-02,2186,28,Active
15761043,0,2020-05-07,Germany,2020-05-26,2026-05-20,2185,41,Active
15769272,0,2020-02-08,France,2020-02-17,2026-02-09,2184,141,At risk (inactive 90+ days)
15756305,0,2020-05-06,France,2020-05-28,2026-05-20,2183,41,Active
15569222,0,2020-06-02,France,2020-06-03,2026-05-26,2183,35,Active
15776824,0,2020-05-06,France,2020-05-26,2026-05-18,2183,43,Active
15709396,0,2020-06-30,France,2020-07-02,2026-06-24,2183,6,Active
15648069,0,2020-06-21,France,2020-06-23,2026-06-13,2181,17,Active
15715078,0,2020-04-11,France,2020-05-27,2026-05-17,2181,44,Active
15813741,0,2020-05-26,Spain,2020-06-15,2026-06-04,2180,26,Active
15661036,0,2020-04-17,France,2020-06-01,2026-05-21,2180,40,Active
15604295,0,2020-02-24,France,2020-06-27,2026-06-16,2180,14,Active
15813144,0,2019-06-27,France,2019-10-02,2025-09-20,2180,283,At risk (inactive 90+ days)
15573242,0,2020-05-11,France,2020-05-22,2026-05-11,2180,50,Active
15693704,0,2020-05-29,France,2020-06-19,2026-06-08,2180,22,Active
15587735,0,2020-06-27,France,2020-07-01,2026-06-19,2179,11,Active
15572415,0,2020-05-29,France,2020-06-21,2026-06-09,2179,21,Active
15787825,0,2020-06-25,Germany,2020-07-03,2026-06-20,2178,10,Active
15643487,1,2015-08-17,Spain,2015-09-05,2021-08-22,2178,1773,Churned
15691840,0,2020-05-07,Germany,2020-05-27,2026-05-13,2177,48,Active
15573628,1,2019-04-02,Germany,2019-04-05,2025-03-21,2177,466,Churned
15697678,0,2020-05-09,Germany,2020-05-16,2026-05-02,2177,59,Active
15702919,0,2020-03-10,Germany,2020-06-13,2026-05-29,2176,32,Active
15631813,0,2020-06-25,France,2020-06-25,2026-06-10,2176,20,Active
15764618,0,2020-05-30,Spain,2020-06-03,2026-05-19,2176,42,Active
15583364,0,2020-01-27,France,2020-06-20,2026-06-05,2176,25,Active
15771383,0,2020-06-27,Germany,2020-06-30,2026-06-15,2176,15,Active
15784209,0,2020-04-21,France,2020-06-24,2026-06-08,2175,22,Active
15777923,0,2020-06-03,France,2020-06-12,2026-05-27,2175,34,Active
15774179,0,2020-06-16,France,2020-06-21,2026-06-04,2174,26,Active
15784491,0,2020-06-18,France,2020-06-18,2026-06-01,2174,29,Active
15639252,0,2020-06-16,Spain,2020-06-22,2026-06-05,2174,25,Active
15695585,0,2020-05-22,Spain,2020-06-23,2026-06-05,2173,25,Active
15683416,1,2018-02-13,Germany,2018-02-24,2024-02-06,2173,875,Churned
15808582,0,2020-05-19,France,2020-06-13,2026-05-24,2171,37,Active
15714567,0,2020-05-25,Spain,2020-07-11,2026-06-21,2171,9,Active
15805104,0,2020-06-28,France,2020-07-13,2026-06-23,2171,7,Active
15786789,0,2020-05-18,France,2020-06-12,2026-05-23,2171,38,Active
15750056,0,2020-06-22,France,2020-07-04,2026-06-13,2170,17,Active
15747980,0,2020-02-03,Spain,2020-04-04,2026-03-13,2169,109,At risk (inactive 90+ days)
15749528,0,2020-04-20,Spain,2020-06-13,2026-05-22,2169,39,Active
15709412,0,2020-04-25,Spain,2020-06-25,2026-06-02,2168,28,Active
15590683,0,2020-06-03,France,2020-06-09,2026-05-17,2168,44,Active
15658258,0,2020-06-05,France,2020-06-07,2026-05-15,2168,46,Active
15658956,0,2020-05-23,Germany,2020-06-07,2026-05-14,2167,47,Active
15576044,0,2020-06-02,Germany,2020-06-18,2026-05-25,2167,36,Active
15684868,1,2016-09-17,Germany,2016-09-24,2022-08-31,2167,1399,Churned
15579820,0,2020-06-20,Spain,2020-07-06,2026-06-12,2167,18,Active
15566295,0,2020-06-04,France,2020-06-24,2026-05-30,2166,31,Active
15756272,1,2016-07-26,Germany,2016-09-06,2022-08-12,2166,1418,Churned
15661380,0,2020-06-23,France,2020-07-13,2026-06-16,2164,14,Active
15675328,0,2020-04-30,France,2020-07-10,2026-06-12,2163,18,Active
15614778,0,2020-05-05,France,2020-06-17,2026-05-20,2163,41,Active
15732610,0,2020-04-10,France,2020-06-14,2026-05-17,2163,44,Active
15804052,0,2020-06-13,Spain,2020-07-07,2026-06-09,2163,21,Active
15790782,0,2020-03-17,Spain,2020-06-12,2026-05-14,2162,47,Active
15738907,1,2020-02-03,France,2020-02-04,2026-01-05,2162,176,Churned
15662533,0,2020-05-09,Spain,2020-06-25,2026-05-27,2162,34,Active
15619972,1,2016-07-18,France,2016-07-19,2022-06-20,2162,1471,Churned
15789753,0,2020-05-27,France,2020-07-17,2026-06-18,2162,12,Active
15583392,1,2017-01-06,Germany,2017-03-15,2023-02-14,2162,1232,Churned
15708714,0,2020-06-17,France,2020-06-22,2026-05-23,2161,38,Active
15587978,0,2020-06-21,Germany,2020-07-05,2026-06-04,2160,26,Active
15623196,0,2020-06-22,France,2020-07-11,2026-06-08,2158,22,Active
15728912,0,2020-03-06,France,2020-06-25,2026-05-23,2158,38,Active
15657957,1,2017-11-16,Germany,2018-01-02,2023-11-30,2158,943,Churned
15685309,1,2018-12-11,France,2019-02-05,2025-01-01,2157,545,Churned
15568104,0,2020-04-26,France,2020-05-13,2026-04-09,2157,82,Active
15792029,0,2020-06-07,France,2020-06-15,2026-05-12,2157,49,Active
15799925,0,2020-06-05,France,2020-07-05,2026-06-01,2157,29,Active
15567860,1,2019-04-06,Spain,2019-04-07,2025-03-03,2157,484,Churned
15741181,0,2020-06-18,France,2020-06-25,2026-05-22,2157,39,Active
15720774,1,2018-12-27,Spain,2018-12-29,2024-11-23,2156,584,Churned
15749671,0,2020-06-15,France,2020-06-28,2026-05-24,2156,37,Active
15635388,0,2020-06-30,Spain,2020-07-30,2026-06-25,2156,5,Active
15659428,0,2020-06-20,Spain,2020-06-29,2026-05-24,2155,37,Active
15721181,0,2020-05-03,Spain,2020-06-09,2026-05-04,2155,57,Active
15782390,0,2020-04-05,France,2020-05-24,2026-04-18,2155,73,Active
15776844,0,2020-05-13,Spain,2020-06-21,2026-05-16,2155,45,Active
15581505,0,2020-07-06,France,2020-07-06,2026-05-31,2155,30,Active
15746490,0,2020-06-16,Spain,2020-07-08,2026-06-01,2154,29,Active
15734634,0,2020-07-20,Spain,2020-07-20,2026-06-13,2154,17,Active
15722578,0,2020-06-12,Germany,2020-06-29,2026-05-23,2154,38,Active
15672299,0,2020-05-16,France,2020-06-03,2026-04-27,2154,64,Active
15613880,0,2020-07-23,Spain,2020-07-25,2026-06-17,2153,13,Active
15660417,1,2016-06-02,Germany,2016-06-21,2022-05-14,2153,1508,Churned
15589488,0,2020-07-18,Germany,2020-07-20,2026-06-11,2152,19,Active
15776051,0,2020-06-07,France,2020-06-20,2026-05-12,2152,49,Active
15737977,0,2020-05-24,France,2020-06-19,2026-05-10,2151,51,Active
15774536,0,2020-06-06,France,2020-06-10,2026-05-01,2151,60,Active
15660155,0,2020-07-05,Spain,2020-07-10,2026-05-30,2150,31,Active
15800326,0,2020-05-17,Spain,2020-05-17,2026-04-06,2150,85,Active
15611682,0,2020-06-14,Spain,2020-07-08,2026-05-28,2150,33,Active
15757617,0,2020-03-12,France,2020-03-14,2026-02-01,2150,149,At risk (inactive 90+ days)
15701932,0,2020-06-14,France,2020-06-26,2026-05-16,2150,45,Active
15685536,0,2020-07-23,France,2020-07-31,2026-06-19,2149,11,Active
15571302,0,2020-07-30,Germany,2020-08-02,2026-06-21,2149,9,Active
15759133,0,2020-06-12,France,2020-07-02,2026-05-21,2149,40,Active
15812513,1,2016-06-06,Germany,2016-06-10,2022-04-28,2148,1524,Churned
15794253,0,2020-06-16,Spain,2020-07-05,2026-05-23,2148,38,Active
15711288,0,2020-02-04,France,2020-03-15,2026-01-30,2147,151,At risk (inactive 90+ days)
15641359,1,2020-02-08,Spain,2020-02-25,2026-01-11,2147,170,Churned
15610900,1,2016-09-24,France,2016-09-24,2022-08-11,2147,1419,Churned
15627027,0,2020-07-17,France,2020-07-24,2026-06-10,2147,20,Active
15711398,0,2020-04-17,France,2020-04-30,2026-03-16,2146,106,At risk (inactive 90+ days)
15656454,0,2020-05-03,France,2020-06-20,2026-05-06,2146,55,Active
15752650,0,2020-06-10,Spain,2020-07-01,2026-05-17,2146,44,Active
15612455,0,2020-06-27,Germany,2020-08-08,2026-06-23,2145,7,Active
15683562,0,2020-06-03,France,2020-06-19,2026-05-03,2144,58,Active
15738828,0,2020-06-01,Germany,2020-06-04,2026-04-18,2144,73,Active
15610653,0,2020-07-11,Spain,2020-07-13,2026-05-26,2143,35,Active
15689526,1,2016-10-05,Germany,2016-11-09,2022-09-22,2143,1377,Churned
15685805,0,2020-06-14,Spain,2020-07-16,2026-05-29,2143,32,Active
15696355,0,2020-05-05,Germany,2020-07-15,2026-05-28,2143,33,Active
15602497,0,2020-06-14,Spain,2020-07-28,2026-06-09,2142,21,Active
15709004,0,2020-07-22,Germany,2020-07-23,2026-06-04,2142,26,Active
15695103,0,2020-05-04,Spain,2020-07-14,2026-05-26,2142,35,Active
15718153,0,2020-06-13,Spain,2020-07-24,2026-06-04,2141,26,Active
15726153,0,2020-07-20,France,2020-08-03,2026-06-14,2141,16,Active
15799534,0,2020-07-07,France,2020-07-22,2026-06-01,2140,29,Active
15619953,0,2020-06-09,Spain,2020-06-24,2026-05-04,2140,57,Active
15711287,0,2020-07-23,Spain,2020-08-01,2026-06-10,2139,20,Active
15665590,0,2020-06-02,France,2020-07-10,2026-05-19,2139,42,Active
15692002,0,2020-06-26,France,2020-07-27,2026-06-04,2138,26,Active
15760570,0,2020-07-18,France,2020-07-26,2026-06-03,2138,27,Active
15639217,0,2020-05-26,France,2020-07-19,2026-05-27,2138,34,Active
15695819,0,2020-07-14,Germany,2020-07-15,2026-05-23,2138,38,Active
15717629,0,2020-06-07,Germany,2020-06-18,2026-04-25,2137,66,Active
15767891,0,2020-04-23,Germany,2020-06-07,2026-04-13,2136,78,Active
15635598,0,2020-05-09,France,2020-06-14,2026-04-20,2136,71,Active
15767864,0,2020-06-29,France,2020-07-02,2026-05-07,2135,54,Active
15693162,0,2020-07-29,France,2020-08-15,2026-06-20,2135,10,Active
15640161,0,2020-07-21,Germany,2020-07-26,2026-05-30,2134,31,Active
15596575,0,2020-07-31,Germany,2020-08-04,2026-06-08,2134,22,Active
15762228,0,2020-06-02,Spain,2020-06-06,2026-04-09,2133,82,Active
15584505,0,2020-07-13,France,2020-08-01,2026-06-04,2133,26,Active
15661330,0,2020-06-06,France,2020-06-25,2026-04-28,2133,63,Active
15617476,0,2020-07-13,France,2020-07-26,2026-05-29,2133,32,Active
15734659,0,2020-07-28,Germany,2020-08-13,2026-06-16,2133,14,Active
15663817,0,2020-07-24,France,2020-08-08,2026-06-10,2132,20,Active
15747288,1,2020-04-17,Spain,2020-04-18,2026-02-18,2132,132,Churned
15664802,0,2020-07-05,France,2020-07-05,2026-05-05,2130,56,Active
15748947,0,2020-07-31,France,2020-08-11,2026-06-10,2129,20,Active
15655298,0,2020-07-13,Spain,2020-07-28,2026-05-27,2129,34,Active
15700749,0,2020-06-11,France,2020-06-19,2026-04-18,2129,73,Active
15764253,0,2020-05-24,France,2020-06-15,2026-04-14,2129,77,Active
15638871,0,2020-06-03,France,2020-06-15,2026-04-14,2129,77,Active
15790489,0,2020-07-30,Spain,2020-08-23,2026-06-22,2129,8,Active
15772009,0,2020-07-16,France,2020-08-12,2026-06-11,2129,19,Active
15643752,0,2020-07-17,France,2020-08-06,2026-06-04,2128,26,Active
15672115,0,2020-06-17,France,2020-07-24,2026-05-22,2128,39,Active
15568834,0,2020-05-30,Spain,2020-06-16,2026-04-14,2128,77,Active
15589793,1,2017-07-26,France,2017-08-15,2023-06-12,2127,1114,Churned
15665402,0,2020-07-28,Spain,2020-08-12,2026-06-09,2127,21,Active
15773723,1,2017-03-16,Spain,2017-04-05,2023-01-31,2127,1246,Churned
15758039,0,2020-06-16,France,2020-07-07,2026-05-04,2127,57,Active
15600692,0,2020-07-10,France,2020-07-29,2026-05-24,2125,37,Active
15657603,0,2020-05-29,France,2020-07-12,2026-05-07,2125,54,Active
15588904,1,2016-08-23,France,2016-08-24,2022-06-19,2125,1472,Churned
15671582,0,2020-05-22,Spain,2020-07-12,2026-05-07,2125,54,Active
15693203,0,2020-07-24,Spain,2020-07-27,2026-05-21,2124,40,Active
15626882,0,2020-07-03,Spain,2020-07-11,2026-05-05,2124,56,Active
15671915,0,2020-08-19,France,2020-08-19,2026-06-13,2124,17,Active
15779915,0,2020-07-10,Spain,2020-07-23,2026-05-17,2124,44,Active
15689061,0,2020-07-27,France,2020-08-13,2026-06-07,2124,23,Active
15733616,0,2020-07-31,France,2020-09-03,2026-06-27,2123,3,Active
15694644,0,2020-06-20,Spain,2020-08-23,2026-06-16,2123,14,Active
15645463,0,2020-07-08,France,2020-07-18,2026-05-10,2122,51,Active
15774847,0,2020-05-02,France,2020-06-13,2026-04-05,2122,86,Active
15779267,0,2020-07-24,France,2020-08-17,2026-06-09,2122,21,Active
15589698,1,2019-08-02,Germany,2019-08-23,2025-06-13,2121,382,Churned
15767821,0,2020-06-11,France,2020-07-01,2026-04-20,2119,71,Active
15714087,0,2020-07-27,Germany,2020-08-01,2026-05-21,2119,40,Active
15687634,0,2020-08-02,Germany,2020-08-09,2026-05-29,2119,32,Active
15724543,0,2020-08-08,France,2020-08-15,2026-06-04,2119,26,Active
15576256,0,2020-08-19,France,2020-08-26,2026-06-14,2118,16,Active
15763055,0,2020-08-25,Spain,2020-08-30,2026-06-18,2118,12,Active
15714240,0,2020-07-03,Spain,2020-07-03,2026-04-21,2118,70,Active
15640059,0,2020-07-09,France,2020-07-23,2026-05-10,2117,51,Active
15670668,0,2020-08-03,Germany,2020-08-09,2026-05-27,2117,34,Active
15687719,0,2020-08-19,Spain,2020-08-21,2026-06-08,2117,22,Active
15656726,0,2020-07-30,France,2020-08-06,2026-05-23,2116,38,Active
15610801,0,2020-08-23,Germany,2020-08-28,2026-06-14,2116,16,Active
15579548,0,2020-07-12,Spain,2020-08-03,2026-05-20,2116,41,Active
15671345,0,2020-03-26,Spain,2020-06-06,2026-03-23,2116,99,At risk (inactive 90+ days)
15627185,0,2020-06-19,Germany,2020-08-06,2026-05-23,2116,38,Active
15601811,1,2015-09-19,France,2015-11-13,2021-08-28,2115,1767,Churned
15638424,0,2020-08-12,Germany,2020-08-18,2026-06-01,2113,29,Active
15752139,0,2020-08-08,Germany,2020-08-17,2026-05-30,2112,31,Active
15781689,0,2020-07-14,Spain,2020-08-20,2026-06-02,2112,28,Active
15738224,0,2020-05-07,France,2020-08-07,2026-05-20,2112,41,Active
15703588,0,2020-08-26,Germany,2020-09-07,2026-06-19,2111,11,Active
15651581,1,2019-12-07,Germany,2019-12-23,2025-10-03,2111,270,Churned
15804072,0,2020-08-02,Spain,2020-08-16,2026-05-27,2110,34,Active
15726234,0,2020-07-19,Spain,2020-08-13,2026-05-24,2110,37,Active
15597131,0,2020-07-28,France,2020-08-17,2026-05-28,2110,33,Active
15777576,0,2020-08-24,Spain,2020-08-26,2026-06-06,2110,24,Active
15721007,1,2018-03-27,Germany,2018-04-05,2024-01-14,2110,898,Churned
15609176,0,2020-08-06,France,2020-08-12,2026-05-23,2110,38,Active
15570205,0,2020-07-08,Spain,2020-08-14,2026-05-24,2109,37,Active
15665385,0,2020-06-26,France,2020-07-31,2026-05-10,2109,51,Active
15716420,0,2020-08-29,Spain,2020-09-05,2026-06-15,2109,15,Active
15677785,0,2020-07-14,Spain,2020-07-21,2026-04-29,2108,62,Active
15657565,0,2020-05-08,Spain,2020-08-18,2026-05-26,2107,35,Active
15669606,0,2020-08-04,France,2020-08-07,2026-05-15,2107,46,Active
15676645,0,2020-08-16,France,2020-08-20,2026-05-28,2107,33,Active
15609928,0,2020-07-18,Germany,2020-07-26,2026-05-02,2106,59,Active
15754926,0,2020-05-17,France,2020-07-13,2026-04-19,2106,72,Active
15807312,0,2020-07-17,Spain,2020-07-17,2026-04-23,2106,68,Active
15754105,0,2020-07-23,France,2020-08-29,2026-06-04,2105,26,Active
15727556,0,2020-08-03,Spain,2020-08-22,2026-05-28,2105,33,Active
15645815,0,2020-08-27,France,2020-08-29,2026-06-04,2105,26,Active
15683339,1,2020-05-27,Spain,2020-06-15,2026-03-21,2105,101,Churned
15599722,1,2019-12-13,Spain,2019-12-13,2025-09-16,2104,287,Churned
15710689,1,2019-12-14,Spain,2019-12-29,2025-10-02,2104,271,Churned
15760244,0,2020-07-04,France,2020-07-10,2026-04-14,2104,77,Active
15656627,0,2020-08-28,France,2020-08-31,2026-06-05,2104,25,Active
15813911,0,2020-08-16,France,2020-08-17,2026-05-22,2104,39,Active
15679810,0,2020-04-04,France,2020-06-16,2026-03-20,2103,102,At risk (inactive 90+ days)
15812850,0,2020-07-03,Spain,2020-07-10,2026-04-13,2103,78,Active
15654574,0,2020-07-09,Germany,2020-07-22,2026-04-24,2102,67,Active
15572801,0,2020-08-23,Spain,2020-09-12,2026-06-15,2102,15,Active
15712551,1,2018-08-13,Germany,2018-08-27,2024-05-28,2101,763,Churned
15694581,0,2020-08-25,Spain,2020-09-14,2026-06-16,2101,14,Active
15598948,0,2020-07-23,Spain,2020-07-31,2026-05-02,2101,59,Active
15812611,0,2020-08-11,Spain,2020-08-14,2026-05-16,2101,45,Active
15709387,0,2020-08-07,France,2020-08-27,2026-05-28,2100,33,Active
15782574,0,2020-04-10,Spain,2020-07-18,2026-04-18,2100,73,Active
15800515,0,2020-08-26,France,2020-09-06,2026-06-07,2100,23,Active
15618703,1,2019-09-17,Spain,2019-09-24,2025-06-24,2100,371,Churned
15773098,0,2020-07-02,Spain,2020-07-12,2026-04-12,2100,79,Active
15586914,0,2020-05-28,France,2020-09-07,2026-06-08,2100,22,Active
15744517,1,2016-08-31,Spain,2016-10-20,2022-07-20,2099,1441,Churned
15584620,1,2020-01-01,Germany,2020-01-25,2025-10-24,2099,249,Churned
15627484,0,2020-08-19,France,2020-09-05,2026-06-04,2098,26,Active
15788535,0,2020-07-25,Spain,2020-08-20,2026-05-19,2098,42,Active
15717879,0,2020-07-20,Spain,2020-07-30,2026-04-27,2097,64,Active
15586039,0,2020-08-30,Germany,2020-09-01,2026-05-30,2097,31,Active
15631838,0,2020-08-08,France,2020-08-08,2026-05-05,2096,56,Active
15813439,0,2020-07-05,France,2020-08-17,2026-05-14,2096,47,Active
15567328,0,2020-08-01,Spain,2020-08-14,2026-05-11,2096,50,Active
15704769,0,2020-07-12,France,2020-07-29,2026-04-24,2095,67,Active
15571689,0,2020-08-19,France,2020-08-26,2026-05-22,2095,39,Active
15670103,0,2020-08-03,France,2020-08-03,2026-04-29,2095,62,Active
15573730,0,2020-03-26,Germany,2020-05-05,2026-01-29,2095,152,At risk (inactive 90+ days)
15628123,0,2020-08-18,France,2020-08-31,2026-05-26,2094,35,Active
15726087,0,2020-08-15,France,2020-08-29,2026-05-24,2094,37,Active
15654891,0,2020-05-07,France,2020-05-09,2026-02-01,2094,149,At risk (inactive 90+ days)
15579189,0,2020-08-05,France,2020-08-13,2026-05-08,2094,53,Active
15634359,0,2020-08-31,Germany,2020-08-31,2026-05-25,2093,36,Active
15625964,0,2020-08-09,France,2020-08-30,2026-05-24,2093,37,Active
15607170,0,2020-08-14,France,2020-08-30,2026-05-23,2092,38,Active
15682563,0,2020-07-28,Spain,2020-08-17,2026-05-10,2092,51,Active
15588566,0,2020-08-12,Spain,2020-08-26,2026-05-19,2092,42,Active
15670345,0,2020-05-15,Germany,2020-08-26,2026-05-18,2091,43,Active
15644297,0,2020-09-23,Germany,2020-09-25,2026-06-17,2091,13,Active
15625524,0,2020-08-09,France,2020-08-20,2026-05-11,2090,50,Active
15679531,0,2020-07-30,France,2020-08-13,2026-05-03,2089,58,Active
15751057,0,2020-07-20,Germany,2020-08-22,2026-05-12,2089,49,Active
15767474,1,2017-02-03,France,2017-03-20,2022-12-08,2089,1300,Churned
15737910,0,2020-07-19,Germany,2020-09-15,2026-06-05,2089,25,Active
15815615,0,2020-09-14,France,2020-09-20,2026-06-10,2089,20,Active
15576131,0,2020-07-28,France,2020-08-12,2026-05-02,2089,59,Active
15786014,0,2020-08-11,France,2020-08-31,2026-05-20,2088,41,Active
15760102,0,2020-07-17,France,2020-09-05,2026-05-24,2087,37,Active
15707962,0,2020-01-07,France,2020-02-14,2025-11-01,2087,241,At risk (inactive 90+ days)
15719212,0,2020-07-25,France,2020-08-11,2026-04-29,2087,62,Active
15654409,0,2020-07-10,France,2020-08-11,2026-04-28,2086,63,Active
15684147,0,2020-09-05,France,2020-09-14,2026-06-01,2086,29,Active
15598940,0,2020-06-12,Germany,2020-09-13,2026-05-31,2086,30,Active
15811490,0,2020-08-17,France,2020-08-27,2026-05-12,2084,49,Active
15718280,0,2020-09-14,Germany,2020-09-21,2026-06-06,2084,24,Active
15590268,0,2020-08-30,Spain,2020-09-21,2026-06-05,2083,25,Active
15570932,1,2019-04-09,France,2019-04-20,2025-01-01,2083,545,Churned
15676909,0,2020-07-24,Spain,2020-09-26,2026-06-10,2083,20,Active
15762927,0,2020-05-14,Germany,2020-06-03,2026-02-14,2082,136,At risk (inactive 90+ days)
15632538,0,2020-09-12,Spain,2020-09-20,2026-06-03,2082,27,Active
15591724,0,2020-08-06,France,2020-09-20,2026-06-02,2081,28,Active
15768193,0,2020-08-27,Germany,2020-09-20,2026-06-01,2080,29,Active
15614220,0,2020-09-26,France,2020-09-27,2026-06-08,2080,22,Active
15638882,1,2017-04-22,Germany,2017-06-22,2023-03-03,2080,1215,Churned
15625080,1,2017-11-11,Spain,2018-01-13,2023-09-22,2078,1012,Churned
15720644,0,2020-03-16,France,2020-03-26,2025-12-03,2078,209,At risk (inactive 90+ days)
15759915,0,2020-06-18,France,2020-07-31,2026-04-09,2078,82,Active
15797748,0,2020-08-17,France,2020-09-20,2026-05-29,2077,32,Active
15666884,0,2020-07-22,Germany,2020-09-15,2026-05-24,2077,37,Active
15748327,0,2020-06-29,Germany,2020-07-03,2026-03-11,2077,111,At risk (inactive 90+ days)
15671148,0,2020-08-18,Germany,2020-08-19,2026-04-27,2077,64,Active
15689952,0,2020-09-26,Spain,2020-09-26,2026-06-04,2077,26,Active
15602647,1,2019-10-04,Germany,2019-10-12,2025-06-19,2077,376,Churned
15690337,0,2020-09-02,France,2020-09-16,2026-05-25,2077,36,Active
15803804,0,2020-08-21,Germany,2020-09-28,2026-06-05,2076,25,Active
15626608,0,2020-08-04,Spain,2020-09-04,2026-05-11,2075,50,Active
15599268,0,2020-08-19,Spain,2020-08-19,2026-04-25,2075,66,Active
15761506,0,2020-09-07,Spain,2020-09-25,2026-06-01,2075,29,Active
15743759,0,2020-08-05,France,2020-08-30,2026-05-06,2075,55,Active
15692599,0,2020-08-07,France,2020-08-09,2026-04-14,2074,77,Active
15773731,0,2020-09-03,Spain,2020-09-10,2026-05-16,2074,45,Active
15692406,0,2020-08-28,France,2020-09-08,2026-05-14,2074,47,Active
15715519,0,2020-08-06,Spain,2020-09-18,2026-05-24,2074,37,Active
15583076,0,2020-06-07,Germany,2020-08-16,2026-04-20,2073,71,Active
15710316,0,2020-09-19,Spain,2020-09-26,2026-05-31,2073,30,Active
15735263,0,2020-09-28,France,2020-10-21,2026-06-24,2072,6,Active
15576111,0,2020-08-09,Germany,2020-08-21,2026-04-24,2072,67,Active
15572956,0,2020-09-29,France,2020-10-04,2026-06-06,2071,24,Active
15711062,0,2020-09-07,Germany,2020-09-09,2026-05-12,2071,49,Active
15654230,0,2020-07-16,Germany,2020-09-22,2026-05-24,2070,37,Active
15566269,0,2020-09-23,France,2020-10-02,2026-06-03,2070,27,Active
15812893,1,2016-05-08,France,2016-05-24,2022-01-23,2070,1619,Churned
15762588,0,2020-09-23,France,2020-10-09,2026-06-10,2070,20,Active
15631359,0,2020-07-05,France,2020-08-16,2026-04-16,2069,75,Active
15635364,1,2017-04-30,France,2017-07-18,2023-03-18,2069,1200,Churned
15635197,0,2020-09-02,Germany,2020-09-17,2026-05-17,2068,44,Active
15585362,1,2019-07-13,France,2019-09-09,2025-05-07,2067,419,Churned
15783541,0,2020-08-07,France,2020-09-19,2026-05-18,2067,43,Active
15749638,1,2016-11-23,France,2016-12-05,2022-08-03,2067,1427,Churned
15622083,0,2020-02-16,Germany,2020-05-16,2026-01-12,2067,169,At risk (inactive 90+ days)
15797197,0,2020-05-18,Spain,2020-06-07,2026-02-03,2067,147,At risk (inactive 90+ days)
15600280,0,2020-06-11,France,2020-07-28,2026-03-26,2067,96,At risk (inactive 90+ days)
15805637,1,2016-11-16,France,2017-03-01,2022-10-27,2066,1342,Churned
15630617,1,2020-01-23,Germany,2020-03-04,2025-10-30,2066,243,Churned
15804787,0,2020-09-12,France,2020-10-05,2026-06-02,2066,28,Active
15576760,0,2020-09-07,Germany,2020-09-27,2026-05-24,2065,37,Active
15713608,0,2020-09-04,France,2020-09-13,2026-05-10,2065,51,Active
15711571,0,2020-07-13,Spain,2020-08-20,2026-04-16,2065,75,Active
15714680,0,2020-07-19,France,2020-09-03,2026-04-29,2064,62,Active
15706185,0,2020-09-28,Germany,2020-10-06,2026-05-31,2063,30,Active
15691483,0,2020-09-01,France,2020-09-25,2026-05-19,2062,42,Active
15582960,0,2020-08-24,France,2020-10-03,2026-05-27,2062,34,Active
15765258,0,2020-09-13,France,2020-09-14,2026-05-08,2062,53,Active
15595766,0,2020-09-15,Spain,2020-09-25,2026-05-18,2061,43,Active
15675501,0,2020-10-31,France,2020-11-03,2026-06-26,2061,4,Active
15658195,0,2020-08-19,France,2020-10-06,2026-05-29,2061,32,Active
15781665,0,2020-09-30,France,2020-10-19,2026-06-10,2060,20,Active
15689594,0,2020-08-02,France,2020-09-27,2026-05-19,2060,42,Active
15720649,0,2020-09-05,France,2020-09-10,2026-05-01,2059,60,Active
15750671,0,2020-05-20,Spain,2020-05-27,2026-01-15,2059,166,At risk (inactive 90+ days)
15688868,0,2020-09-06,France,2020-09-11,2026-05-02,2059,59,Active
15615670,0,2020-10-03,France,2020-10-07,2026-05-28,2059,33,Active
15584899,0,2020-09-26,France,2020-10-16,2026-06-06,2059,24,Active
15634373,0,2020-10-04,France,2020-10-05,2026-05-26,2059,35,Active
15651272,0,2020-10-30,France,2020-11-06,2026-06-26,2058,4,Active
15645371,1,2018-10-29,Germany,2018-11-22,2024-07-11,2058,719,Churned
15694188,0,2020-09-06,Spain,2020-09-20,2026-05-09,2057,52,Active
15586517,0,2020-10-31,France,2020-11-07,2026-06-26,2057,4,Active
15740442,1,2018-02-08,France,2018-02-12,2023-10-01,2057,1003,Churned
15748616,0,2020-07-10,France,2020-09-26,2026-05-15,2057,46,Active
15794187,0,2020-06-24,France,2020-11-02,2026-06-20,2056,10,Active
15687828,0,2020-08-31,Spain,2020-09-08,2026-04-26,2056,65,Active
15600997,0,2020-10-15,Germany,2020-10-21,2026-06-07,2055,23,Active
15599860,1,2017-09-14,Spain,2017-10-04,2023-05-21,2055,1136,Churned
15673599,0,2020-10-06,Spain,2020-10-14,2026-05-31,2055,30,Active
15681755,0,2020-10-27,France,2020-11-04,2026-06-21,2055,9,Active
15738174,0,2020-08-11,France,2020-10-03,2026-05-19,2054,42,Active
15621267,0,2020-07-30,France,2020-10-27,2026-06-12,2054,18,Active
15587611,1,2017-03-08,France,2017-03-29,2022-11-12,2054,1326,Churned
15803005,0,2020-10-27,Germany,2020-10-28,2026-06-13,2054,17,Active
15807889,0,2020-10-11,Germany,2020-10-13,2026-05-29,2054,32,Active
15659364,0,2020-10-19,Spain,2020-10-29,2026-06-14,2054,16,Active
15656100,0,2020-10-13,France,2020-10-18,2026-06-02,2053,28,Active
15660535,0,2020-10-13,France,2020-10-17,2026-05-31,2052,30,Active
15688172,0,2020-10-28,Spain,2020-11-06,2026-06-20,2052,10,Active
15576304,0,2020-09-26,France,2020-10-20,2026-06-03,2052,27,Active
15790935,0,2020-09-17,France,2020-09-24,2026-05-07,2051,54,Active
15679804,0,2020-09-03,France,2020-09-23,2026-05-06,2051,55,Active
15653780,0,2020-09-07,France,2020-09-10,2026-04-22,2050,69,Active
15610140,0,2020-10-24,France,2020-11-05,2026-06-17,2050,13,Active
15579109,0,2020-08-15,Germany,2020-09-07,2026-04-19,2050,72,Active
15638983,0,2020-10-10,France,2020-10-11,2026-05-23,2050,38,Active
15697214,0,2020-10-31,Spain,2020-11-14,2026-06-25,2049,5,Active
15711921,0,2020-10-17,France,2020-10-17,2026-05-28,2049,33,Active
15650454,0,2020-09-08,France,2020-10-05,2026-05-16,2049,45,Active
15584545,0,2020-10-28,France,2020-10-31,2026-06-10,2048,20,Active
15801169,1,2016-09-19,Germany,2016-10-28,2022-06-07,2048,1484,Churned
15671779,0,2020-07-31,France,2020-10-03,2026-05-13,2048,48,Active
15578156,0,2020-09-09,Spain,2020-10-06,2026-05-16,2048,45,Active
15776631,0,2020-10-05,France,2020-10-20,2026-05-29,2047,32,Active
15655341,0,2020-10-26,Spain,2020-11-10,2026-06-19,2047,11,Active
15674720,1,2018-09-27,Germany,2018-09-29,2024-05-07,2047,784,Churned
15682890,0,2020-09-26,Germany,2020-10-22,2026-05-28,2044,33,Active
15577985,0,2020-10-06,France,2020-10-17,2026-05-22,2043,39,Active
15646720,1,2018-07-25,Spain,2019-03-11,2024-10-13,2043,625,Churned
15775888,0,2020-09-01,Germany,2020-09-03,2026-04-07,2042,84,Active
15610426,0,2020-10-07,France,2020-10-11,2026-05-15,2042,46,Active
15656188,0,2020-10-12,Spain,2020-10-18,2026-05-22,2042,39,Active
15791836,0,2020-10-05,France,2020-10-08,2026-05-11,2041,50,Active
15732270,1,2017-12-20,Spain,2018-01-24,2023-08-27,2041,1038,Churned
15576641,0,2020-10-15,Germany,2020-10-17,2026-05-19,2040,42,Active
15619016,0,2020-10-04,Germany,2020-10-08,2026-05-10,2040,51,Active
15795564,0,2020-10-28,Germany,2020-11-02,2026-06-03,2039,27,Active
15791958,1,2019-12-06,France,2020-01-01,2025-08-01,2039,333,Churned
15715199,0,2020-10-11,Spain,2020-10-25,2026-05-26,2039,35,Active
15597385,0,2020-10-25,Spain,2020-11-08,2026-06-09,2039,21,Active
15641662,0,2020-08-24,Germany,2020-11-04,2026-06-04,2038,26,Active
15606310,0,2020-10-12,France,2020-10-12,2026-05-12,2038,49,Active
15731569,0,2020-07-30,France,2020-08-02,2026-03-02,2038,120,At risk (inactive 90+ days)
15754605,0,2020-08-31,France,2020-11-13,2026-06-12,2037,18,Active
15777826,0,2020-10-25,France,2020-10-30,2026-05-29,2037,32,Active
15703399,0,2020-10-14,France,2020-11-06,2026-06-03,2035,27,Active
15594349,0,2020-10-22,France,2020-10-31,2026-05-28,2035,33,Active
15625545,1,2017-04-13,Spain,2017-04-18,2022-11-13,2035,1325,Churned
15593178,1,2016-02-03,Spain,2016-02-27,2021-09-23,2035,1741,Churned
15648047,0,2020-10-06,Germany,2020-10-13,2026-05-10,2035,51,Active
15626452,0,2020-10-17,Spain,2020-11-06,2026-06-01,2033,29,Active
15730688,1,2018-04-02,France,2018-04-20,2023-11-12,2032,961,Churned
15669293,0,2020-10-04,France,2020-10-13,2026-05-06,2031,55,Active
15584580,0,2020-05-26,France,2020-08-28,2026-03-21,2031,101,At risk (inactive 90+ days)
15651001,0,2020-09-05,Germany,2020-10-06,2026-04-28,2030,63,Active
15789941,0,2020-03-12,France,2020-05-05,2025-11-25,2030,217,At risk (inactive 90+ days)
15766659,0,2020-10-30,Spain,2020-10-31,2026-05-23,2030,38,Active
15679693,0,2020-10-26,France,2020-11-07,2026-05-30,2030,31,Active
15771222,0,2020-10-28,France,2020-11-20,2026-06-11,2029,19,Active
15684722,0,2020-09-09,France,2020-09-21,2026-04-12,2029,79,Active
15724336,0,2020-10-12,Germany,2020-11-03,2026-05-25,2029,36,Active
15582944,0,2020-10-24,Spain,2020-11-09,2026-05-30,2028,31,Active
15586629,0,2020-09-05,France,2020-09-23,2026-04-13,2028,78,Active
15696373,1,2016-08-16,France,2016-08-17,2022-03-06,2027,1577,Churned
15616630,0,2020-10-24,Germany,2020-11-16,2026-06-05,2027,25,Active
15725906,1,2018-04-30,Spain,2018-05-20,2023-12-07,2027,936,Churned
15792232,0,2020-07-03,Spain,2020-08-17,2026-03-05,2026,117,At risk (inactive 90+ days)
15808557,1,2020-07-20,France,2020-07-28,2026-02-12,2025,138,Churned
15627830,0,2020-11-26,Germany,2020-12-02,2026-06-18,2024,12,Active
15761600,0,2020-11-22,France,2020-11-22,2026-06-07,2023,23,Active
15661708,0,2020-11-13,France,2020-11-23,2026-06-08,2023,22,Active
15572467,0,2020-11-27,France,2020-12-05,2026-06-19,2022,11,Active
15726313,0,2020-09-02,Spain,2020-10-15,2026-04-29,2022,62,Active
15812920,0,2020-11-09,Germany,2020-11-21,2026-06-05,2022,25,Active
15683007,0,2020-08-20,Germany,2020-11-28,2026-06-11,2021,19,Active
15681081,0,2020-09-23,Spain,2020-11-19,2026-06-01,2020,29,Active
15775562,0,2020-10-23,France,2020-11-26,2026-06-08,2020,22,Active
15684171,0,2020-11-02,Spain,2020-11-10,2026-05-22,2019,39,Active
15804131,1,2019-05-21,Spain,2019-06-29,2025-01-07,2019,539,Churned
15651740,0,2020-11-17,Spain,2020-11-28,2026-06-08,2018,22,Active
15671917,0,2020-10-09,France,2020-11-14,2026-05-24,2017,37,Active
15795224,1,2019-11-21,France,2020-04-02,2025-10-10,2017,263,Churned
15660833,0,2020-11-12,Germany,2020-11-21,2026-05-30,2016,31,Active
15679801,0,2020-11-19,Spain,2020-11-25,2026-06-03,2016,27,Active
15774164,0,2020-10-31,Germany,2020-11-14,2026-05-23,2016,38,Active
15612108,0,2020-10-14,France,2020-11-21,2026-05-29,2015,32,Active
15668695,0,2020-08-05,France,2020-09-08,2026-03-16,2015,106,At risk (inactive 90+ days)
15665759,0,2020-11-15,France,2020-11-17,2026-05-25,2015,36,Active
15659710,0,2020-11-13,France,2020-11-28,2026-06-05,2015,25,Active
15667742,0,2020-10-15,Spain,2020-11-22,2026-05-29,2014,32,Active
15632977,0,2020-11-07,France,2020-11-19,2026-05-26,2014,35,Active
15728523,0,2020-11-10,France,2020-11-28,2026-06-04,2014,26,Active
15677136,0,2020-11-26,France,2020-12-11,2026-06-17,2014,13,Active
15812470,0,2020-10-12,France,2020-11-22,2026-05-28,2013,33,Active
15663421,0,2020-06-05,Spain,2020-10-14,2026-04-18,2012,73,Active
15745107,0,2020-11-03,Germany,2020-11-10,2026-05-14,2011,47,Active
15582404,0,2020-08-02,Spain,2020-09-16,2026-03-20,2011,102,At risk (inactive 90+ days)
15812497,0,2020-10-05,Germany,2020-11-23,2026-05-26,2010,35,Active
15739476,0,2020-10-03,France,2020-10-13,2026-04-15,2010,76,Active
15688973,0,2020-10-01,Spain,2020-10-15,2026-04-16,2009,75,Active
15637366,0,2020-11-28,Germany,2020-12-01,2026-06-02,2009,28,Active
15612627,0,2020-10-18,Germany,2020-11-18,2026-05-19,2008,42,Active
15794841,0,2020-11-22,Spain,2020-12-08,2026-06-08,2008,22,Active
15707696,0,2020-11-18,Spain,2020-11-25,2026-05-26,2008,35,Active
15792329,0,2020-07-24,Germany,2020-10-08,2026-04-07,2007,84,Active
15616929,0,2020-11-22,Spain,2020-12-13,2026-06-12,2007,18,Active
15615219,0,2020-10-03,France,2020-10-06,2026-04-05,2007,86,Active
15686255,0,2020-06-18,Germany,2020-08-31,2026-02-27,2006,123,At risk (inactive 90+ days)
15733138,0,2020-11-26,Germany,2020-12-14,2026-06-12,2006,18,Active
15764351,0,2020-10-19,Germany,2020-11-27,2026-05-25,2005,36,Active
15775490,0,2020-10-06,France,2020-10-09,2026-04-06,2005,85,Active
15705515,0,2020-11-14,Germany,2020-12-07,2026-06-03,2004,27,Active
15717937,0,2020-11-04,Germany,2020-12-01,2026-05-28,2004,33,Active
15575691,0,2020-11-27,France,2020-12-14,2026-06-09,2003,21,Active
15707567,1,2020-05-16,Germany,2020-06-10,2025-12-03,2002,209,Churned
15669501,0,2020-12-31,France,2020-12-31,2026-06-25,2002,5,Active
15619898,0,2020-11-20,France,2020-12-06,2026-05-31,2002,30,Active
15610002,0,2020-10-07,Spain,2020-10-25,2026-04-18,2001,73,Active
15808905,0,2020-11-16,France,2020-12-04,2026-05-28,2001,33,Active
15605672,0,2020-12-31,France,2021-01-02,2026-06-26,2001,4,Active
15692317,0,2020-11-18,France,2020-12-07,2026-05-30,2000,31,Active
15675320,0,2020-10-28,Spain,2020-12-29,2026-06-21,2000,9,Active
15620398,0,2020-11-10,Spain,2020-12-04,2026-05-27,2000,34,Active
15703106,0,2020-11-01,France,2020-11-14,2026-05-07,2000,54,Active
15630053,0,2020-10-09,France,2020-11-28,2026-05-20,1999,41,Active
15779497,0,2020-11-08,France,2020-11-10,2026-05-02,1999,59,Active
15684960,1,2020-09-11,France,2020-10-12,2026-04-03,1999,88,Churned
15791535,0,2020-12-25,France,2020-12-29,2026-06-20,1999,10,Active
15770631,0,2020-11-10,Spain,2020-11-15,2026-05-07,1999,54,Active
15710853,0,2020-11-16,France,2020-11-27,2026-05-18,1998,43,Active
15628824,0,2020-11-20,France,2020-12-12,2026-06-01,1997,29,Active
15600724,0,2020-09-17,Germany,2020-09-30,2026-03-18,1995,104,At risk (inactive 90+ days)
15677906,0,2020-10-10,Spain,2020-12-15,2026-06-02,1995,28,Active
15788215,1,2020-08-13,Spain,2020-09-21,2026-03-07,1993,115,Churned
15573854,0,2020-12-27,France,2021-01-01,2026-06-17,1993,13,Active
15810075,1,2020-01-28,France,2020-02-02,2025-07-15,1990,350,Churned
15799357,0,2020-11-26,France,2020-12-28,2026-06-09,1989,21,Active
15748608,0,2020-12-25,Germany,2021-01-09,2026-06-21,1989,9,Active
15800703,0,2020-11-15,Spain,2020-11-26,2026-05-07,1988,54,Active
15694450,0,2020-09-26,France,2020-10-30,2026-04-10,1988,81,Active
15744423,0,2020-11-13,France,2020-11-19,2026-04-30,1988,61,Active
15586959,0,2020-11-07,France,2020-11-18,2026-04-28,1987,63,Active
15723907,0,2020-09-15,Germany,2020-11-07,2026-04-17,1987,74,Active
15645029,0,2020-12-24,Spain,2021-01-09,2026-06-19,1987,11,Active
15623062,0,2020-10-09,Germany,2020-12-11,2026-05-20,1986,41,Active
15654156,0,2020-11-03,Germany,2020-12-08,2026-05-17,1986,44,Active
15586557,0,2020-11-07,France,2020-12-02,2026-05-11,1986,50,Active
15629273,1,2017-10-06,Germany,2018-05-18,2023-10-25,1986,979,Churned
15779913,0,2020-12-13,France,2020-12-27,2026-06-05,1986,25,Active
15639278,1,2019-11-01,Germany,2019-12-13,2025-05-19,1984,407,Churned
15793247,0,2020-12-02,France,2020-12-04,2026-05-10,1983,51,Active
15606613,1,2018-08-25,France,2018-10-22,2024-03-27,1983,825,Churned
15595426,1,2019-08-18,Spain,2019-09-01,2025-02-04,1983,511,Churned
15627352,1,2019-02-16,Germany,2019-02-18,2024-07-23,1982,707,Churned
15660541,0,2020-07-17,France,2020-08-31,2026-02-03,1982,147,At risk (inactive 90+ days)
15640855,0,2020-09-14,Germany,2020-10-25,2026-03-30,1982,92,At risk (inactive 90+ days)
15750867,1,2017-08-18,Germany,2017-08-30,2023-02-01,1981,1245,Churned
15653572,1,2018-03-06,Spain,2018-03-31,2023-09-02,1981,1032,Churned
15619130,0,2020-11-27,Germany,2020-12-20,2026-05-24,1981,37,Active
15724076,1,2020-07-21,Spain,2020-08-02,2026-01-03,1980,178,Churned
15586183,0,2020-07-19,France,2020-10-01,2026-03-04,1980,118,At risk (inactive 90+ days)
15756167,0,2020-12-09,Spain,2020-12-23,2026-05-26,1980,35,Active
15630349,0,2020-12-29,Spain,2021-01-06,2026-06-09,1980,21,Active
15779052,0,2020-11-19,Germany,2021-01-02,2026-06-04,1979,26,Active
15569248,1,2015-11-30,France,2015-12-14,2021-05-15,1979,1872,Churned
15695356,0,2020-12-03,France,2020-12-14,2026-05-16,1979,45,Active
15659820,0,2020-10-12,France,2020-11-14,2026-04-16,1979,75,Active
15737194,0,2020-12-30,France,2021-01-23,2026-06-25,1979,5,Active
15707138,0,2020-12-25,Spain,2021-01-02,2026-06-04,1979,26,Active
15595228,1,2018-12-28,France,2019-01-02,2024-06-02,1978,758,Churned
15742369,0,2020-12-16,Spain,2020-12-30,2026-05-31,1978,30,Active
15780804,0,2020-11-26,France,2020-12-16,2026-05-16,1977,45,Active
15654238,0,2020-11-13,France,2021-01-09,2026-06-09,1977,21,Active
15589224,0,2020-12-16,Spain,2020-12-27,2026-05-27,1977,34,Active
15713267,0,2020-12-19,Spain,2021-01-05,2026-06-05,1977,25,Active
15771054,0,2020-12-19,Spain,2020-12-21,2026-05-21,1977,40,Active
15630413,0,2020-12-22,France,2021-01-07,2026-06-07,1977,23,Active
15683553,0,2020-09-08,France,2020-10-29,2026-03-28,1976,94,At risk (inactive 90+ days)
15628674,1,2019-01-14,France,2019-04-04,2024-08-31,1976,668,Churned
15687491,1,2016-07-14,Germany,2016-08-03,2021-12-31,1976,1642,Churned
15734365,0,2020-11-29,France,2021-01-13,2026-06-12,1976,18,Active
15634949,0,2020-12-12,Germany,2020-12-24,2026-05-22,1975,39,Active
15638803,0,2020-08-26,Spain,2020-09-16,2026-02-12,1975,138,At risk (inactive 90+ days)
15734628,0,2020-10-18,France,2020-12-26,2026-05-23,1974,38,Active
15800233,0,2020-12-26,France,2021-01-01,2026-05-29,1974,32,Active
15709459,0,2020-12-24,Spain,2021-01-06,2026-06-02,1973,28,Active
15788131,1,2019-12-28,France,2020-02-04,2025-06-30,1973,365,Churned
15605918,0,2020-12-19,Germany,2021-01-13,2026-06-07,1971,23,Active
15636407,0,2020-12-06,Germany,2020-12-14,2026-05-08,1971,53,Active
15685997,0,2020-08-17,Spain,2021-01-20,2026-06-13,1970,17,Active
15705663,0,2020-11-03,Germany,2020-11-22,2026-04-15,1970,76,Active
15643121,0,2020-10-12,Germany,2021-01-12,2026-06-05,1970,25,Active
15671930,0,2021-01-13,France,2021-01-17,2026-06-09,1969,21,Active
15701206,0,2021-01-19,Spain,2021-01-21,2026-06-13,1969,17,Active
15724663,0,2020-10-17,Spain,2020-10-31,2026-03-23,1969,99,At risk (inactive 90+ days)
15726720,1,2018-10-01,France,2018-11-02,2024-03-24,1969,828,Churned
15771323,0,2020-12-17,Spain,2021-01-19,2026-06-11,1969,19,Active
15741032,0,2021-01-09,France,2021-01-12,2026-06-03,1968,27,Active
15631457,0,2021-01-12,France,2021-01-17,2026-06-08,1968,22,Active
15613699,1,2019-01-13,France,2019-01-23,2024-06-13,1968,747,Churned
15587535,0,2020-09-18,Spain,2020-11-02,2026-03-23,1967,99,At risk (inactive 90+ days)
15569079,1,2019-11-27,Germany,2020-01-31,2025-06-20,1967,375,Churned
15743570,0,2021-01-05,France,2021-01-11,2026-05-31,1966,30,Active
15569626,0,2021-01-31,Spain,2021-02-02,2026-06-22,1966,8,Active
15693947,0,2021-01-24,France,2021-01-25,2026-06-13,1965,17,Active
15599078,0,2020-10-21,Germany,2021-01-14,2026-06-02,1965,28,Active
15747208,1,2019-07-10,France,2019-07-18,2024-12-03,1965,574,Churned
15772148,0,2021-01-16,Germany,2021-01-18,2026-06-06,1965,24,Active
15729110,1,2018-09-05,Spain,2018-09-09,2024-01-26,1965,886,Churned
15640266,0,2021-01-07,Spain,2021-01-15,2026-06-03,1965,27,Active
15657540,0,2021-01-17,France,2021-01-22,2026-06-10,1965,20,Active
15753079,0,2020-10-08,France,2020-11-23,2026-04-10,1964,81,Active
15766289,0,2020-08-24,France,2021-02-01,2026-06-18,1963,12,Active
15718789,0,2020-10-12,France,2020-11-20,2026-04-06,1963,85,Active
15725509,0,2021-01-27,Germany,2021-01-29,2026-06-15,1963,15,Active
15602084,0,2020-12-20,France,2021-01-14,2026-05-30,1962,31,Active
15574122,0,2021-01-27,France,2021-02-04,2026-06-20,1962,10,Active
15597536,0,2020-12-09,Spain,2021-01-09,2026-05-25,1962,36,Active
15641733,0,2020-08-13,France,2020-09-03,2026-01-17,1962,164,At risk (inactive 90+ days)
15709232,0,2020-12-03,Germany,2020-12-21,2026-05-06,1962,55,Active
15576263,0,2021-01-08,France,2021-01-08,2026-05-23,1961,38,Active
15742028,0,2020-11-20,France,2021-01-07,2026-05-22,1961,39,Active
15690188,1,2018-12-25,France,2018-12-27,2024-05-09,1960,782,Churned
15598700,0,2021-01-06,Spain,2021-01-11,2026-05-25,1960,36,Active
15607098,0,2020-10-23,Spain,2020-11-08,2026-03-21,1959,101,At risk (inactive 90+ days)
15671209,0,2020-08-19,Germany,2020-11-05,2026-03-18,1959,104,At risk (inactive 90+ days)
15598088,0,2021-01-17,Spain,2021-01-19,2026-06-01,1959,29,Active
15809263,0,2021-01-29,Germany,2021-02-12,2026-06-25,1959,5,Active
15639357,1,2016-07-27,France,2016-08-02,2021-12-13,1959,1660,Churned
15703037,1,2020-12-10,France,2020-12-24,2026-05-06,1959,55,Churned
15755642,0,2021-01-23,France,2021-02-04,2026-06-16,1958,14,Active
15759733,0,2021-01-08,France,2021-01-14,2026-05-26,1958,35,Active
15625047,0,2020-12-17,France,2021-01-13,2026-05-23,1956,38,Active
15672912,1,2018-12-12,Spain,2018-12-19,2024-04-27,1956,794,Churned
15695932,0,2021-01-27,Spain,2021-02-03,2026-06-13,1956,17,Active
15602312,0,2020-12-03,Spain,2020-12-22,2026-04-30,1955,61,Active
15652808,0,2020-11-21,France,2020-12-04,2026-04-12,1955,79,Active
15784286,0,2020-11-25,Spain,2021-01-21,2026-05-30,1955,31,Active
15693817,0,2020-11-08,Spain,2021-01-22,2026-05-31,1955,30,Active
15576085,0,2021-01-13,France,2021-01-19,2026-05-27,1954,34,Active
15668472,0,2020-10-16,Spain,2021-01-25,2026-06-02,1954,28,Active
15783865,0,2020-12-25,France,2021-02-04,2026-06-12,1954,18,Active
15618155,0,2021-01-08,France,2021-01-08,2026-05-16,1954,45,Active
15808960,0,2020-12-24,Germany,2021-01-07,2026-05-14,1953,47,Active
15723263,1,2017-01-16,Germany,2017-01-23,2022-05-29,1952,1493,Churned
15771674,0,2020-11-06,Spain,2020-11-22,2026-03-28,1952,94,At risk (inactive 90+ days)
15671165,0,2021-01-26,France,2021-02-10,2026-06-16,1952,14,Active
15570194,0,2020-11-23,France,2021-01-24,2026-05-30,1952,31,Active
15702462,1,2019-09-01,Spain,2019-09-14,2025-01-16,1951,530,Churned
15700813,0,2020-08-06,Germany,2020-08-21,2025-12-24,1951,188,At risk (inactive 90+ days)
15570629,0,2020-12-30,Germany,2021-01-12,2026-05-16,1950,45,Active
15592761,0,2021-01-14,France,2021-01-25,2026-05-29,1950,32,Active
15707242,0,2020-11-29,Spain,2020-12-18,2026-04-21,1950,70,Active
15567897,0,2021-01-08,Germany,2021-01-23,2026-05-27,1950,34,Active
15802501,0,2020-11-27,Germany,2020-11-29,2026-04-01,1949,90,Active
15602841,0,2021-01-04,Spain,2021-01-06,2026-05-09,1949,52,Active
15577970,0,2020-10-04,France,2020-12-18,2026-04-19,1948,72,Active
15657468,0,2021-01-29,Germany,2021-02-23,2026-06-24,1947,6,Active
15786167,0,2021-01-08,Spain,2021-01-30,2026-05-30,1946,31,Active
15744695,0,2020-12-10,France,2021-02-05,2026-06-05,1946,25,Active
15786993,0,2021-01-09,France,2021-01-28,2026-05-27,1945,34,Active
15738248,0,2021-01-18,France,2021-01-29,2026-05-27,1944,34,Active
15806929,0,2021-01-30,Germany,2021-02-06,2026-06-04,1944,26,Active
15611058,1,2020-08-29,Germany,2020-08-30,2025-12-26,1944,186,Churned
15674727,0,2021-01-26,France,2021-02-01,2026-05-29,1943,32,Active
15684367,0,2020-09-03,Spain,2020-10-19,2026-02-13,1943,137,At risk (inactive 90+ days)
15740557,0,2021-01-15,France,2021-01-28,2026-05-25,1943,36,Active
15598884,0,2021-01-11,Spain,2021-01-15,2026-05-11,1942,50,Active
15685476,0,2021-01-08,France,2021-01-28,2026-05-24,1942,37,Active
15796370,0,2020-12-03,Spain,2021-01-18,2026-05-14,1942,47,Active
15721779,0,2020-11-01,Spain,2020-12-25,2026-04-19,1941,72,Active
15714380,0,2020-10-10,France,2020-11-20,2026-03-14,1940,108,At risk (inactive 90+ days)
15730579,0,2021-01-26,France,2021-02-03,2026-05-28,1940,33,Active
15713644,0,2020-12-10,Spain,2021-01-31,2026-05-24,1939,37,Active
15663885,0,2021-01-04,France,2021-01-18,2026-05-11,1939,50,Active
15772798,0,2020-12-30,Spain,2021-01-26,2026-05-19,1939,42,Active
15641794,0,2020-11-30,France,2021-01-09,2026-05-02,1939,59,Active
15731519,0,2020-11-06,France,2021-01-15,2026-05-08,1939,53,Active
15691396,0,2020-12-12,Germany,2021-01-31,2026-05-23,1938,38,Active
15624595,0,2020-12-03,Spain,2021-01-07,2026-04-29,1938,62,Active
15802381,0,2021-01-31,Germany,2021-02-18,2026-06-09,1937,21,Active
15586993,0,2021-02-02,Spain,2021-02-05,2026-05-27,1937,34,Active
15632263,0,2021-02-12,Spain,2021-02-12,2026-06-03,1937,27,Active
15589496,0,2021-01-03,France,2021-01-09,2026-04-28,1935,63,Active
15678210,0,2021-02-04,France,2021-02-07,2026-05-27,1935,34,Active
15709639,0,2021-01-02,France,2021-01-24,2026-05-13,1935,48,Active
15782875,0,2021-01-05,France,2021-01-17,2026-05-05,1934,56,Active
15701166,0,2021-02-01,France,2021-02-09,2026-05-28,1934,33,Active
15658532,0,2021-01-05,Spain,2021-01-26,2026-05-12,1932,49,Active
15651802,0,2020-10-17,Spain,2021-01-25,2026-05-11,1932,50,Active
15611905,0,2020-11-12,Spain,2021-01-07,2026-04-23,1932,68,Active
15694125,0,2021-02-11,France,2021-02-15,2026-06-01,1932,29,Active
15598574,0,2021-01-05,Spain,2021-02-15,2026-06-01,1932,29,Active
15648030,0,2021-01-20,Spain,2021-01-21,2026-05-06,1931,55,Active
15739847,0,2021-02-06,Germany,2021-02-07,2026-05-23,1931,38,Active
15776827,0,2021-02-23,Germany,2021-02-23,2026-06-07,1930,23,Active
15763798,0,2021-01-28,France,2021-03-06,2026-06-18,1930,12,Active
15677087,0,2020-12-31,France,2021-01-16,2026-04-30,1930,61,Active
15570931,1,2020-08-28,France,2020-10-04,2026-01-16,1930,165,Churned
15580068,0,2021-01-13,Spain,2021-01-19,2026-05-02,1929,59,Active
15598046,0,2021-01-19,France,2021-01-19,2026-05-02,1929,59,Active
15793049,1,2018-05-22,Germany,2018-08-23,2023-12-03,1928,940,Churned
15700549,0,2021-02-02,France,2021-02-08,2026-05-21,1928,40,Active
15756535,0,2021-02-15,Germany,2021-03-02,2026-06-11,1927,19,Active
15597487,0,2021-01-12,France,2021-01-24,2026-05-04,1926,57,Active
15793331,0,2020-10-17,France,2020-10-20,2026-01-28,1926,153,At risk (inactive 90+ days)
15710053,0,2021-02-28,Germany,2021-03-07,2026-06-15,1926,15,Active
15762138,0,2020-12-16,France,2020-12-19,2026-03-28,1925,94,At risk (inactive 90+ days)
15606273,1,2020-09-14,France,2020-10-29,2026-02-05,1925,145,Churned
15783816,0,2021-02-13,France,2021-02-22,2026-06-01,1925,29,Active
15622578,0,2021-02-05,France,2021-02-12,2026-05-22,1925,39,Active
15792627,0,2021-02-19,Spain,2021-02-21,2026-05-31,1925,30,Active
15642160,0,2021-02-16,France,2021-03-04,2026-06-10,1924,20,Active
15640464,0,2020-11-02,France,2020-11-04,2026-02-10,1924,140,At risk (inactive 90+ days)
15762716,1,2016-05-04,Spain,2016-05-18,2021-08-24,1924,1771,Churned
15709487,0,2021-02-28,Germany,2021-03-03,2026-06-08,1923,22,Active
15663964,0,2021-01-13,France,2021-03-01,2026-06-06,1923,24,Active
15813140,0,2021-02-22,Spain,2021-03-04,2026-06-09,1923,21,Active
15774586,1,2015-10-04,Germany,2015-10-16,2021-01-20,1923,1987,Churned
15648876,0,2021-02-01,France,2021-02-09,2026-05-16,1922,45,Active
15778320,0,2021-02-07,Germany,2021-02-14,2026-05-20,1921,41,Active
15796434,0,2021-02-27,France,2021-03-17,2026-06-20,1921,10,Active
15753161,0,2021-01-01,France,2021-02-09,2026-05-15,1921,46,Active
15687385,0,2021-02-10,France,2021-02-24,2026-05-30,1921,31,Active
15657881,0,2021-01-05,France,2021-02-21,2026-05-26,1920,35,Active
15793671,0,2020-10-29,France,2021-03-18,2026-06-20,1920,10,Active
15773273,0,2021-02-10,Spain,2021-03-04,2026-06-06,1920,24,Active
15590993,0,2020-11-22,Spain,2020-12-31,2026-04-03,1919,88,Active
15636444,0,2021-01-02,Germany,2021-02-08,2026-05-11,1918,50,Active
15814553,0,2021-02-22,France,2021-03-11,2026-06-11,1918,19,Active
15715745,0,2021-02-05,France,2021-02-14,2026-05-17,1918,44,Active
15782758,0,2021-02-08,France,2021-03-03,2026-06-03,1918,27,Active
15722072,0,2021-02-24,France,2021-03-19,2026-06-18,1917,12,Active
15801699,0,2021-02-25,Spain,2021-03-18,2026-06-16,1916,14,Active
15685245,0,2021-01-21,Spain,2021-01-24,2026-04-24,1916,67,Active
15628558,0,2021-02-23,France,2021-03-06,2026-06-04,1916,26,Active
15569249,1,2020-02-02,France,2020-03-16,2025-06-14,1916,381,Churned
15689598,1,2020-02-14,France,2020-03-05,2025-06-02,1915,393,Churned
15675256,0,2021-02-16,Spain,2021-03-06,2026-06-03,1915,27,Active
15621423,1,2018-10-09,France,2018-11-18,2024-02-15,1915,866,Churned
15756538,0,2020-12-19,France,2021-01-06,2026-04-04,1914,87,Active
15617052,1,2016-12-02,France,2016-12-07,2022-03-05,1914,1578,Churned
15765322,0,2021-03-24,France,2021-03-24,2026-06-18,1912,12,Active
15809309,0,2021-01-31,Spain,2021-02-21,2026-05-18,1912,43,Active
15680727,0,2020-12-18,France,2021-01-27,2026-04-22,1911,69,Active
15769110,0,2021-01-22,France,2021-03-05,2026-05-29,1911,32,Active
15781129,1,2018-06-10,Spain,2018-06-22,2023-09-15,1911,1019,Churned
15798906,0,2021-02-10,France,2021-03-10,2026-06-02,1910,28,Active
15624391,0,2021-02-12,Spain,2021-03-13,2026-06-05,1910,25,Active
15814998,0,2021-02-22,Spain,2021-03-23,2026-06-15,1910,15,Active
15732791,0,2021-01-06,Germany,2021-01-27,2026-04-21,1910,70,Active
15641860,1,2019-11-25,Germany,2020-01-17,2025-04-09,1909,447,Churned
15757015,0,2020-12-24,Germany,2021-03-06,2026-05-28,1909,33,Active
15737971,0,2021-02-22,France,2021-03-18,2026-06-09,1909,21,Active
15697000,0,2021-03-31,Germany,2021-04-02,2026-06-23,1908,7,Active
15617603,0,2021-03-17,Germany,2021-03-21,2026-06-11,1908,19,Active
15724181,0,2021-01-28,Spain,2021-03-22,2026-06-12,1908,18,Active
15662397,0,2021-03-11,France,2021-03-14,2026-06-03,1907,27,Active
15591386,0,2020-10-12,France,2020-12-19,2026-03-10,1907,112,At risk (inactive 90+ days)
15730868,0,2021-02-20,France,2021-03-12,2026-06-01,1907,29,Active
15778696,0,2020-10-19,Spain,2020-12-14,2026-03-05,1907,117,At risk (inactive 90+ days)
15774507,0,2020-12-03,France,2021-03-07,2026-05-27,1907,34,Active
15738150,0,2021-02-12,France,2021-03-10,2026-05-29,1906,32,Active
15646594,0,2021-03-14,France,2021-03-15,2026-06-03,1906,27,Active
15806918,0,2021-02-25,France,2021-03-18,2026-06-06,1906,24,Active
15589589,0,2020-12-21,France,2021-03-11,2026-05-29,1905,32,Active
15677796,1,2017-05-05,Germany,2017-05-09,2022-07-26,1904,1435,Churned
15680998,0,2021-03-05,France,2021-03-06,2026-05-22,1903,39,Active
15617648,0,2021-03-10,France,2021-03-14,2026-05-30,1903,31,Active
15735572,1,2016-08-17,France,2016-09-11,2021-11-27,1903,1676,Churned
15574372,0,2021-03-09,France,2021-03-18,2026-06-02,1902,28,Active
15667002,0,2021-03-26,Spain,2021-03-26,2026-06-10,1902,20,Active
15634267,0,2021-03-21,France,2021-03-30,2026-06-12,1900,18,Active
15764419,0,2020-12-13,France,2021-03-08,2026-05-19,1898,42,Active
15665077,1,2020-08-16,France,2020-08-21,2025-10-31,1897,242,Churned
15591932,0,2021-01-01,France,2021-02-24,2026-05-06,1897,55,Active
15645544,0,2020-08-30,Germany,2021-04-10,2026-06-20,1897,10,Active
15626684,0,2021-03-01,France,2021-03-14,2026-05-24,1897,37,Active
15813159,1,2017-09-15,France,2017-10-01,2022-12-11,1897,1297,Churned
15748854,0,2021-02-21,Germany,2021-03-07,2026-05-16,1896,45,Active
15715941,0,2021-03-27,France,2021-04-11,2026-06-19,1895,11,Active
15670205,0,2021-02-05,Germany,2021-02-08,2026-04-18,1895,73,Active
15637678,0,2021-02-09,France,2021-03-06,2026-05-14,1895,47,Active
15684319,1,2016-05-21,Germany,2016-05-31,2021-08-08,1895,1787,Churned
15677243,0,2021-01-27,Spain,2021-01-29,2026-04-08,1895,83,Active
15729246,0,2021-03-13,Spain,2021-03-31,2026-06-08,1895,22,Active
15646168,0,2020-09-17,Spain,2021-03-06,2026-05-14,1895,47,Active
15651280,0,2021-01-27,Germany,2021-02-10,2026-04-18,1893,73,Active
15620507,0,2021-03-07,Germany,2021-03-28,2026-06-03,1893,27,Active
15600734,0,2021-01-29,Spain,2021-02-23,2026-05-01,1893,60,Active
15765902,0,2021-03-17,Germany,2021-03-25,2026-05-31,1893,30,Active
15599386,0,2021-03-25,Germany,2021-03-29,2026-06-04,1893,26,Active
15671973,0,2021-03-26,Spain,2021-03-31,2026-06-06,1893,24,Active
15643635,0,2021-03-10,Spain,2021-03-10,2026-05-15,1892,46,Active
15724876,0,2021-03-19,France,2021-04-03,2026-06-08,1892,22,Active
15628145,0,2021-02-13,France,2021-03-10,2026-05-14,1891,47,Active
15756125,0,2020-11-14,Spain,2020-12-04,2026-02-07,1891,143,At risk (inactive 90+ days)
15656141,0,2021-01-15,France,2021-03-12,2026-05-16,1891,45,Active
15781034,0,2021-02-19,Spain,2021-03-30,2026-06-02,1890,28,Active
15619537,0,2021-03-29,France,2021-03-30,2026-06-02,1890,28,Active
15682273,0,2021-03-14,France,2021-03-16,2026-05-19,1890,42,Active
15580912,0,2021-03-25,France,2021-03-29,2026-06-01,1890,29,Active
15742442,0,2021-02-06,Spain,2021-03-28,2026-05-30,1889,31,Active
15629010,0,2021-03-17,Germany,2021-03-17,2026-05-19,1889,42,Active
15804864,0,2021-03-27,France,2021-04-19,2026-06-21,1889,9,Active
15761340,0,2021-03-10,France,2021-04-04,2026-06-05,1888,25,Active
15717010,0,2021-03-11,France,2021-03-29,2026-05-30,1888,31,Active
15566139,0,2021-02-25,France,2021-03-01,2026-05-02,1888,59,Active
15624186,0,2021-03-28,Germany,2021-04-22,2026-06-22,1887,8,Active
15762821,0,2021-03-13,Spain,2021-03-27,2026-05-27,1887,34,Active
15654408,0,2020-11-10,Spain,2021-02-27,2026-04-29,1887,62,Active
15617866,0,2021-03-12,Spain,2021-03-14,2026-05-13,1886,48,Active
15676958,0,2021-03-31,Germany,2021-04-07,2026-06-06,1886,24,Active
15702190,0,2021-03-26,Spain,2021-04-11,2026-06-10,1886,20,Active
15685564,0,2021-02-06,Spain,2021-02-27,2026-04-28,1886,63,Active
15624793,0,2021-03-02,Germany,2021-03-21,2026-05-19,1885,42,Active
15808674,1,2019-10-15,Germany,2019-11-03,2024-12-31,1885,546,Churned
15613945,0,2021-02-19,France,2021-03-07,2026-05-05,1885,56,Active
15689288,0,2021-01-24,France,2021-03-03,2026-05-01,1885,60,Active
15774151,1,2019-02-09,Spain,2019-02-20,2024-04-17,1883,804,Churned
15815070,0,2021-02-10,Germany,2021-03-30,2026-05-26,1883,35,Active
15567834,0,2021-04-16,France,2021-04-16,2026-06-12,1883,18,Active
15678374,0,2021-02-27,France,2021-03-12,2026-05-07,1882,54,Active
15629750,0,2021-03-10,France,2021-04-10,2026-06-05,1882,25,Active
15790599,0,2021-03-21,Germany,2021-03-28,2026-05-23,1882,38,Active
15790355,0,2021-03-14,Germany,2021-04-10,2026-06-03,1880,27,Active
15573112,0,2020-11-19,Spain,2020-11-22,2026-01-15,1880,166,At risk (inactive 90+ days)
15621210,1,2017-02-12,Germany,2017-02-26,2022-04-21,1880,1531,Churned
15756824,0,2021-03-30,Germany,2021-04-14,2026-06-07,1880,23,Active
15691823,0,2021-03-31,France,2021-04-26,2026-06-18,1879,12,Active
15754574,0,2021-03-04,Spain,2021-03-24,2026-05-16,1879,45,Active
15723989,0,2021-02-22,France,2021-04-18,2026-06-10,1879,20,Active
15640917,0,2021-03-21,France,2021-04-10,2026-06-01,1878,29,Active
15643496,0,2021-04-13,France,2021-04-15,2026-06-05,1877,25,Active
15794939,0,2021-03-12,France,2021-03-26,2026-05-16,1877,45,Active
15576990,0,2021-03-17,Germany,2021-03-22,2026-05-12,1877,49,Active
15662100,0,2021-04-01,Germany,2021-04-07,2026-05-27,1876,34,Active
15739168,0,2021-04-05,France,2021-04-09,2026-05-29,1876,32,Active
15707132,0,2021-04-24,France,2021-04-30,2026-06-19,1876,11,Active
15806688,1,2018-02-14,Spain,2018-02-28,2023-04-18,1875,1169,Churned
15731760,0,2021-04-14,France,2021-04-22,2026-06-10,1875,20,Active
15729224,0,2021-04-23,France,2021-04-29,2026-06-17,1875,13,Active
15644788,0,2021-01-25,France,2021-03-22,2026-05-10,1875,51,Active
15763515,0,2021-03-11,France,2021-03-16,2026-05-03,1874,58,Active
15760568,0,2021-03-05,Germany,2021-03-15,2026-05-02,1874,59,Active
15584271,0,2021-04-20,France,2021-04-27,2026-06-13,1873,17,Active
15707488,0,2021-04-07,France,2021-04-17,2026-06-03,1873,27,Active
15766734,0,2021-03-04,France,2021-04-13,2026-05-30,1873,31,Active
15618258,0,2021-03-01,Spain,2021-03-04,2026-04-20,1873,71,Active
15755330,1,2019-01-05,Germany,2019-01-20,2024-03-07,1873,845,Churned
15672821,0,2021-04-21,France,2021-04-21,2026-06-06,1872,24,Active
15705448,1,2018-11-08,Germany,2018-11-09,2023-12-25,1872,918,Churned
15728906,0,2021-04-25,France,2021-04-27,2026-06-11,1871,19,Active
15768342,1,2017-11-16,France,2017-11-26,2023-01-10,1871,1267,Churned
15733797,0,2021-04-30,France,2021-05-12,2026-06-25,1870,5,Active
15638751,0,2021-03-09,Spain,2021-03-22,2026-05-05,1870,56,Active
15602043,0,2021-02-01,Germany,2021-03-12,2026-04-25,1870,66,Active
15774402,0,2021-04-09,Spain,2021-04-16,2026-05-30,1870,31,Active
15584518,0,2021-03-10,Germany,2021-03-17,2026-04-29,1869,62,Active
15613172,0,2020-12-28,Germany,2021-03-04,2026-04-16,1869,75,Active
15754301,0,2021-02-26,France,2021-03-06,2026-04-18,1869,73,Active
15623072,0,2021-02-03,Spain,2021-02-03,2026-03-18,1869,104,At risk (inactive 90+ days)
15815656,1,2017-04-22,Germany,2017-05-29,2022-07-11,1869,1450,Churned
15713559,0,2021-04-23,Germany,2021-05-05,2026-06-17,1869,13,Active
15781802,1,2019-12-13,France,2019-12-23,2025-02-01,1867,514,Churned
15661433,0,2021-03-01,France,2021-03-09,2026-04-19,1867,72,Active
15707025,0,2021-04-26,Spain,2021-05-10,2026-06-20,1867,10,Active
15635776,0,2021-03-02,Germany,2021-04-04,2026-05-14,1866,47,Active
15771855,0,2021-03-05,France,2021-04-08,2026-05-18,1866,43,Active
15705309,0,2021-03-21,Spain,2021-03-24,2026-05-03,1866,58,Active
15787602,0,2021-03-16,Spain,2021-04-11,2026-05-21,1866,40,Active
15684296,0,2021-03-28,France,2021-04-18,2026-05-28,1866,33,Active
15705739,0,2021-04-14,Germany,2021-04-27,2026-06-06,1866,24,Active
15602479,0,2021-04-05,Spain,2021-04-08,2026-05-17,1865,44,Active
15806049,0,2020-12-27,Germany,2021-04-20,2026-05-28,1864,33,Active
15641480,0,2021-02-14,France,2021-04-27,2026-06-04,1864,26,Active
15784361,0,2021-04-28,Spain,2021-05-06,2026-06-13,1864,17,Active
15593501,0,2021-03-06,France,2021-03-12,2026-04-19,1864,72,Active
15702789,0,2021-03-21,Germany,2021-04-22,2026-05-29,1863,32,Active
15785326,0,2021-02-09,Spain,2021-02-15,2026-03-24,1863,98,At risk (inactive 90+ days)
15775546,0,2021-03-24,Spain,2021-05-08,2026-06-13,1862,17,Active
15811026,0,2021-04-26,Germany,2021-05-17,2026-06-22,1862,8,Active
15740846,0,2021-04-17,France,2021-04-28,2026-06-03,1862,27,Active
15606507,0,2020-12-11,France,2021-02-03,2026-03-10,1861,112,At risk (inactive 90+ days)
15698703,0,2021-04-15,Germany,2021-04-22,2026-05-27,1861,34,Active
15776921,0,2021-03-24,Germany,2021-05-02,2026-06-06,1861,24,Active
15621064,0,2021-04-10,Germany,2021-04-18,2026-05-22,1860,39,Active
15801942,1,2018-03-23,Spain,2018-04-04,2023-05-08,1860,1149,Churned
15728010,0,2021-03-27,France,2021-04-16,2026-05-20,1860,41,Active
15766683,1,2020-06-12,Germany,2020-06-18,2025-07-22,1860,343,Churned
15800366,0,2021-04-09,France,2021-04-12,2026-05-15,1859,46,Active
15627385,0,2021-02-24,France,2021-05-02,2026-06-04,1859,26,Active
15579334,1,2020-11-17,Germany,2020-12-10,2026-01-11,1858,170,Churned
15721292,0,2020-12-19,Spain,2021-02-01,2026-03-05,1858,117,At risk (inactive 90+ days)
15613713,0,2021-03-28,France,2021-05-21,2026-06-22,1858,8,Active
15631240,1,2017-07-11,France,2017-07-15,2022-08-16,1858,1414,Churned
15774192,1,2018-01-14,Germany,2018-01-17,2023-02-18,1858,1228,Churned
15672983,0,2021-01-10,Spain,2021-01-25,2026-02-25,1857,125,At risk (inactive 90+ days)
15623063,1,2018-04-13,Germany,2018-06-02,2023-07-02,1856,1094,Churned
15737489,0,2021-03-18,Spain,2021-04-22,2026-05-21,1855,40,Active
15636395,0,2021-04-10,France,2021-04-20,2026-05-18,1854,43,Active
15663942,0,2021-02-03,France,2021-03-06,2026-04-03,1854,88,Active
15601030,0,2021-03-28,Germany,2021-04-06,2026-05-03,1853,58,Active
15609187,0,2021-04-16,France,2021-04-26,2026-05-23,1853,38,Active
15619343,1,2019-05-23,France,2019-05-29,2024-06-23,1852,737,Churned
15598744,1,2020-05-04,Germany,2020-05-04,2025-05-30,1852,396,Churned
15619708,0,2021-05-21,France,2021-05-21,2026-06-15,1851,15,Active
15569209,0,2021-03-15,Spain,2021-05-03,2026-05-27,1850,34,Active
15675675,0,2021-03-23,France,2021-04-05,2026-04-29,1850,62,Active
15603794,0,2021-03-17,France,2021-05-13,2026-06-06,1850,24,Active
15716822,0,2021-05-13,France,2021-05-14,2026-06-05,1848,25,Active
15582276,0,2021-05-11,France,2021-05-12,2026-06-02,1847,28,Active
15692750,1,2019-04-04,Germany,2019-04-10,2024-04-29,1846,792,Churned
15733303,0,2021-04-09,France,2021-05-05,2026-05-25,1846,36,Active
15812230,0,2021-04-09,Germany,2021-04-19,2026-05-09,1846,52,Active
15588928,0,2021-05-16,France,2021-05-21,2026-06-10,1846,20,Active
15753969,0,2021-04-02,Spain,2021-04-16,2026-05-05,1845,56,Active
15692583,0,2020-08-24,France,2021-03-03,2026-03-21,1844,101,At risk (inactive 90+ days)
15687171,0,2021-03-16,Spain,2021-04-01,2026-04-19,1844,72,Active
15633461,0,2021-05-21,Germany,2021-05-31,2026-06-17,1843,13,Active
15575498,0,2021-02-14,France,2021-03-16,2026-04-02,1843,89,Active
15768887,0,2021-05-02,Spain,2021-05-06,2026-05-23,1843,38,Active
15658233,0,2021-03-07,France,2021-04-16,2026-05-03,1843,58,Active
15586821,0,2021-04-17,France,2021-05-24,2026-06-07,1840,23,Active
15778526,0,2021-05-26,Spain,2021-06-10,2026-06-22,1838,8,Active
15736533,0,2021-04-07,Germany,2021-04-14,2026-04-26,1838,65,Active
15642544,0,2021-04-02,France,2021-04-15,2026-04-25,1836,66,Active
15572706,0,2021-05-12,France,2021-05-13,2026-05-23,1836,38,Active
15575185,0,2021-04-23,Spain,2021-04-23,2026-05-02,1835,59,Active
15608653,1,2018-12-03,Spain,2018-12-12,2023-12-21,1835,922,Churned
15647975,0,2021-05-25,Germany,2021-05-31,2026-06-09,1835,21,Active
15703614,0,2021-05-20,Spain,2021-06-03,2026-06-12,1835,18,Active
15774224,0,2021-04-14,Germany,2021-04-19,2026-04-27,1834,64,Active
15631756,0,2021-04-02,France,2021-05-11,2026-05-19,1834,42,Active
15663263,0,2021-03-06,France,2021-04-12,2026-04-19,1833,72,Active
15591980,0,2021-05-21,France,2021-05-21,2026-05-28,1833,33,Active
15571756,0,2021-05-20,France,2021-06-04,2026-06-11,1833,19,Active
15569264,0,2021-04-22,France,2021-05-29,2026-06-04,1832,26,Active
15599124,0,2021-04-11,France,2021-04-14,2026-04-20,1832,71,Active
15674840,0,2021-05-31,France,2021-06-13,2026-06-18,1831,12,Active
15642137,0,2021-03-10,Spain,2021-03-12,2026-03-17,1831,105,At risk (inactive 90+ days)
15668248,1,2018-10-14,Germany,2018-10-23,2023-10-28,1831,976,Churned
15574868,0,2021-04-21,Germany,2021-05-16,2026-05-21,1831,40,Active
15633648,0,2021-04-08,Spain,2021-04-12,2026-04-16,1830,75,Active
15583212,0,2021-03-05,France,2021-05-25,2026-05-29,1830,32,Active
15726676,0,2021-05-17,Spain,2021-05-17,2026-05-20,1829,41,Active
15610686,1,2018-05-24,France,2018-06-24,2023-06-27,1829,1099,Churned
15814268,0,2021-03-03,France,2021-03-22,2026-03-24,1828,98,At risk (inactive 90+ days)
15732832,0,2021-01-17,France,2021-04-25,2026-04-27,1828,64,Active
15787318,1,2020-01-19,Germany,2020-02-01,2025-02-02,1828,513,Churned
15780386,0,2020-12-04,Spain,2021-05-17,2026-05-19,1828,42,Active
15632125,0,2021-05-17,Germany,2021-05-19,2026-05-21,1828,40,Active
15762198,0,2021-05-06,France,2021-05-17,2026-05-18,1827,43,Active
15778410,1,2018-07-15,Spain,2018-08-01,2023-08-02,1827,1063,Churned
15729489,1,2018-02-24,Germany,2018-04-24,2023-04-25,1827,1162,Churned
15679968,0,2021-04-15,France,2021-04-26,2026-04-26,1826,65,Active
15730448,0,2021-05-04,Germany,2021-05-16,2026-05-15,1825,46,Active
15646726,0,2021-01-15,France,2021-05-26,2026-05-25,1825,36,Active
15783882,0,2021-05-16,Spain,2021-06-08,2026-06-07,1825,23,Active
15665521,0,2021-05-29,Germany,2021-06-04,2026-06-03,1825,27,Active
15576623,0,2021-01-31,France,2021-05-02,2026-04-30,1824,61,Active
15571816,0,2021-05-09,Spain,2021-05-27,2026-05-25,1824,36,Active
15748473,0,2021-02-25,France,2021-04-16,2026-04-14,1824,77,Active
15724684,0,2021-01-12,Spain,2021-05-02,2026-04-30,1824,61,Active
15794560,0,2021-05-27,France,2021-06-01,2026-05-29,1823,32,Active
15703205,0,2021-05-31,France,2021-06-15,2026-06-12,1823,18,Active
15624596,0,2021-04-17,France,2021-05-03,2026-04-29,1822,62,Active
15649024,1,2017-04-15,France,2017-04-15,2022-04-10,1821,1542,Churned
15773890,0,2021-03-29,France,2021-05-30,2026-05-24,1820,37,Active
15606472,0,2021-05-26,France,2021-06-20,2026-06-14,1820,16,Active
15615245,0,2021-06-30,France,2021-07-02,2026-06-26,1820,4,Active
15637774,0,2021-05-03,France,2021-05-13,2026-05-07,1820,54,Active
15680683,0,2021-02-23,Spain,2021-05-29,2026-05-23,1820,38,Active
15800049,0,2021-05-26,Spain,2021-06-09,2026-06-03,1820,27,Active
15700424,0,2021-05-17,France,2021-06-04,2026-05-29,1820,32,Active
15568878,0,2020-10-15,Spain,2021-04-22,2026-04-15,1819,76,Active
15646535,0,2020-12-06,France,2021-03-30,2026-03-23,1819,99,At risk (inactive 90+ days)
15571917,0,2021-04-07,Germany,2021-06-09,2026-06-02,1819,28,Active
15642394,0,2021-06-11,Spain,2021-06-13,2026-06-05,1818,25,Active
15625944,0,2021-06-05,France,2021-06-07,2026-05-30,1818,31,Active
15611430,1,2021-03-12,France,2021-03-26,2026-03-18,1818,104,Churned
15711759,0,2021-03-10,France,2021-05-22,2026-05-14,1818,47,Active
15771749,0,2021-06-21,Germany,2021-06-23,2026-06-15,1818,15,Active
15570289,1,2017-09-17,Germany,2017-10-17,2022-10-09,1818,1360,Churned
15587581,0,2021-05-01,Germany,2021-05-11,2026-05-02,1817,59,Active
15806210,0,2021-05-06,Spain,2021-05-31,2026-05-22,1817,39,Active
15751943,0,2021-05-18,Spain,2021-06-13,2026-06-04,1817,26,Active
15741195,0,2021-05-20,Spain,2021-06-10,2026-06-01,1817,29,Active
15591489,0,2021-04-14,France,2021-04-28,2026-04-19,1817,72,Active
15750921,0,2021-05-27,France,2021-06-09,2026-05-30,1816,31,Active
15766826,1,2019-02-28,France,2019-04-04,2024-03-24,1816,828,Churned
15609545,0,2021-06-21,France,2021-06-28,2026-06-17,1815,13,Active
15639303,0,2021-04-06,Germany,2021-04-27,2026-04-16,1815,75,Active
15751297,0,2020-12-16,France,2021-01-27,2026-01-16,1815,165,At risk (inactive 90+ days)
15762045,0,2021-05-12,Germany,2021-05-24,2026-05-13,1815,48,Active
15672945,0,2021-04-22,France,2021-04-26,2026-04-13,1813,78,Active
15631070,1,2017-04-26,Germany,2017-05-11,2022-04-28,1813,1524,Churned
15679884,1,2016-03-29,France,2016-04-19,2021-04-06,1813,1911,Churned
15605737,0,2021-06-19,France,2021-06-19,2026-06-06,1813,24,Active
15782236,0,2020-12-20,Spain,2021-01-08,2025-12-25,1812,187,At risk (inactive 90+ days)
15762993,0,2021-03-23,Spain,2021-07-02,2026-06-18,1812,12,Active
15672574,0,2021-05-03,Spain,2021-06-04,2026-05-21,1812,40,Active
15773277,0,2021-03-13,France,2021-05-01,2026-04-16,1811,75,Active
15768600,1,2017-03-08,Germany,2017-06-23,2022-06-08,1811,1483,Churned
15642785,0,2021-05-11,France,2021-05-19,2026-05-04,1811,57,Active
15687477,0,2021-04-27,Germany,2021-05-04,2026-04-18,1810,73,Active
15668894,0,2021-06-18,Germany,2021-06-27,2026-06-11,1810,19,Active
15716155,0,2021-05-07,France,2021-06-18,2026-06-01,1809,29,Active
15673584,0,2021-06-27,France,2021-07-05,2026-06-18,1809,12,Active
15636541,0,2021-06-10,Germany,2021-06-15,2026-05-29,1809,32,Active
15734085,0,2021-05-15,Germany,2021-06-09,2026-05-23,1809,38,Active
15600912,0,2021-05-27,Germany,2021-07-10,2026-06-23,1809,7,Active
15803457,0,2021-06-01,France,2021-06-15,2026-05-28,1808,33,Active
15752344,0,2021-05-31,Spain,2021-06-26,2026-06-08,1808,22,Active
15738018,0,2021-06-21,France,2021-06-29,2026-06-11,1808,19,Active
15582154,0,2021-06-25,France,2021-06-30,2026-06-11,1807,19,Active
15807194,0,2021-03-09,Spain,2021-05-12,2026-04-23,1807,68,Active
15606229,0,2021-03-17,France,2021-05-26,2026-05-07,1807,54,Active
15719561,0,2021-05-29,France,2021-06-04,2026-05-15,1806,46,Active
15716024,0,2021-02-03,Spain,2021-03-13,2026-02-21,1806,129,At risk (inactive 90+ days)
15682528,0,2021-05-27,France,2021-07-10,2026-06-19,1805,11,Active
15672144,1,2019-12-22,France,2019-12-24,2024-12-02,1805,575,Churned
15689616,0,2021-05-23,Spain,2021-06-02,2026-05-12,1805,49,Active
15762762,0,2021-05-03,Germany,2021-05-28,2026-05-07,1805,54,Active
15672152,1,2017-01-18,Germany,2017-01-31,2022-01-09,1804,1633,Churned
15753840,1,2019-07-21,Spain,2019-07-24,2024-07-01,1804,729,Churned
15615012,0,2021-02-12,France,2021-06-21,2026-05-29,1803,32,Active
15642202,0,2021-05-25,Germany,2021-05-26,2026-05-03,1803,58,Active
15773804,0,2021-06-25,France,2021-07-09,2026-06-16,1803,14,Active
15779904,0,2021-06-30,France,2021-07-07,2026-06-14,1803,16,Active
15709295,0,2021-06-07,Spain,2021-06-20,2026-05-27,1802,34,Active
15782630,0,2021-06-04,France,2021-06-11,2026-05-18,1802,43,Active
15607509,0,2021-04-18,France,2021-05-20,2026-04-26,1802,65,Active
15667451,0,2021-04-27,France,2021-06-30,2026-06-05,1801,25,Active
15580684,0,2021-03-03,France,2021-05-24,2026-04-28,1800,63,Active
15716134,0,2021-06-15,France,2021-07-07,2026-06-11,1800,19,Active
15778219,0,2021-06-08,France,2021-06-09,2026-05-14,1800,47,Active
15744398,0,2021-05-24,France,2021-07-13,2026-06-16,1799,14,Active
15693347,0,2021-06-14,France,2021-06-15,2026-05-19,1799,42,Active
15719793,0,2021-06-02,Spain,2021-06-03,2026-05-07,1799,54,Active
15645744,0,2021-06-01,France,2021-06-04,2026-05-08,1799,53,Active
15812279,0,2021-05-10,France,2021-06-02,2026-05-06,1799,55,Active
15591091,1,2020-09-02,France,2020-12-13,2025-11-15,1798,227,Churned
15577170,0,2021-06-30,France,2021-07-19,2026-06-21,1798,9,Active
15757648,0,2021-06-10,Germany,2021-07-05,2026-06-06,1797,24,Active
15612769,0,2021-06-13,France,2021-06-20,2026-05-22,1797,39,Active
15583462,0,2021-05-02,France,2021-06-19,2026-05-21,1797,40,Active
15604963,0,2021-06-17,France,2021-06-26,2026-05-28,1797,33,Active
15750441,0,2021-06-28,France,2021-07-17,2026-06-18,1797,12,Active
15701176,0,2021-04-03,France,2021-05-04,2026-04-04,1796,87,Active
15655859,0,2021-05-07,Spain,2021-05-18,2026-04-18,1796,73,Active
15800517,0,2021-06-13,Spain,2021-07-01,2026-05-30,1794,31,Active
15605263,0,2021-06-09,France,2021-06-12,2026-05-10,1793,51,Active
15753370,0,2021-05-30,Germany,2021-07-12,2026-06-09,1793,21,Active
15702300,0,2021-05-17,France,2021-05-26,2026-04-22,1792,69,Active
15730272,0,2021-06-07,France,2021-06-10,2026-05-07,1792,54,Active
15700937,0,2021-06-09,Spain,2021-06-20,2026-05-17,1792,44,Active
15811343,0,2021-06-20,Germany,2021-07-06,2026-06-02,1792,28,Active
15740043,0,2021-06-18,France,2021-07-09,2026-06-05,1792,25,Active
15735222,0,2021-06-20,Spain,2021-07-05,2026-05-31,1791,30,Active
15578747,0,2021-06-15,Spain,2021-07-11,2026-06-06,1791,24,Active
15804394,1,2018-02-24,Germany,2018-04-27,2023-03-21,1789,1197,Churned
15799815,0,2021-07-16,Germany,2021-07-17,2026-06-10,1789,20,Active
15588456,0,2021-06-03,France,2021-06-25,2026-05-19,1789,42,Active
15584930,0,2021-05-01,Germany,2021-07-04,2026-05-27,1788,34,Active
15631406,0,2021-05-23,Germany,2021-06-12,2026-05-05,1788,56,Active
15806332,0,2021-06-21,Spain,2021-07-07,2026-05-28,1786,33,Active
15713983,0,2021-05-26,Germany,2021-07-14,2026-06-03,1785,27,Active
15604304,0,2021-07-05,Germany,2021-07-10,2026-05-29,1784,32,Active
15610903,0,2021-04-14,Spain,2021-05-19,2026-04-07,1784,84,Active
15802570,0,2021-06-15,France,2021-07-08,2026-05-25,1782,36,Active
15742009,0,2021-07-03,Spain,2021-07-06,2026-05-23,1782,38,Active
15597591,0,2021-06-17,France,2021-07-05,2026-05-22,1782,39,Active
15740470,0,2021-07-10,France,2021-07-14,2026-05-30,1781,31,Active
15704209,1,2018-10-18,France,2018-11-26,2023-10-12,1781,992,Churned
15717307,0,2021-03-25,France,2021-07-13,2026-05-29,1781,32,Active
15676519,1,2017-02-17,Spain,2017-02-17,2022-01-01,1779,1641,Churned
15595324,1,2020-12-10,Germany,2021-01-10,2025-11-24,1779,218,Churned
15644977,0,2020-10-02,France,2020-12-26,2025-11-09,1779,233,At risk (inactive 90+ days)
15586310,0,2021-07-30,France,2021-08-06,2026-06-19,1778,11,Active
15727915,0,2021-07-22,France,2021-07-31,2026-06-13,1778,17,Active
15758013,0,2021-05-01,France,2021-05-22,2026-04-04,1778,87,Active
15575060,0,2021-06-02,France,2021-06-02,2026-04-15,1778,76,Active
15628112,0,2021-06-18,Germany,2021-06-25,2026-05-07,1777,54,Active
15685096,0,2021-07-19,France,2021-07-21,2026-06-02,1777,28,Active
15809124,0,2021-06-18,France,2021-06-24,2026-05-06,1777,55,Active
15691875,0,2021-06-05,Germany,2021-07-21,2026-06-01,1776,29,Active
15662854,0,2021-05-06,Germany,2021-05-17,2026-03-28,1776,94,At risk (inactive 90+ days)
15576022,0,2021-06-13,France,2021-07-24,2026-06-04,1776,26,Active
15641091,0,2021-06-06,France,2021-07-07,2026-05-18,1776,43,Active
15777436,0,2021-05-22,Spain,2021-06-14,2026-04-24,1775,67,Active
15742848,0,2021-04-16,France,2021-06-26,2026-05-06,1775,55,Active
15652320,0,2020-12-03,France,2021-03-08,2026-01-16,1775,165,At risk (inactive 90+ days)
15753639,0,2021-06-04,France,2021-06-18,2026-04-28,1775,63,Active
15813132,0,2021-07-27,Germany,2021-08-12,2026-06-21,1774,9,Active
15807524,0,2021-07-08,France,2021-07-20,2026-05-27,1772,34,Active
15640852,1,2021-05-22,Germany,2021-06-09,2026-04-16,1772,75,Churned
15757188,0,2021-07-26,Spain,2021-07-27,2026-06-03,1772,27,Active
15648178,0,2021-07-07,Germany,2021-07-12,2026-05-19,1772,42,Active
15797149,0,2021-07-13,Spain,2021-07-15,2026-05-22,1772,39,Active
15724334,0,2021-06-30,France,2021-07-17,2026-05-23,1771,38,Active
15786680,0,2021-06-01,Spain,2021-06-26,2026-05-02,1771,59,Active
15708265,1,2015-12-22,Spain,2016-01-17,2020-11-22,1771,2046,Churned
15792250,0,2021-07-25,Germany,2021-07-30,2026-06-04,1770,26,Active
15601383,0,2021-04-03,Spain,2021-05-22,2026-03-27,1770,95,At risk (inactive 90+ days)
15810660,0,2021-07-06,Germany,2021-07-08,2026-05-13,1770,48,Active
15640442,0,2021-07-21,France,2021-08-05,2026-06-09,1769,21,Active
15712121,0,2020-09-06,Spain,2021-03-21,2026-01-23,1769,158,At risk (inactive 90+ days)
15620557,0,2021-07-17,Spain,2021-07-28,2026-06-01,1769,29,Active
15645103,0,2021-06-12,Germany,2021-07-16,2026-05-19,1768,42,Active
15720745,0,2021-07-22,Spain,2021-07-25,2026-05-28,1768,33,Active
15775042,0,2021-07-22,France,2021-08-03,2026-06-06,1768,24,Active
15750243,0,2021-07-11,Spain,2021-07-17,2026-05-19,1767,42,Active
15742798,1,2018-11-24,France,2018-11-29,2023-10-01,1767,1003,Churned
15785385,0,2021-04-25,Spain,2021-07-15,2026-05-16,1766,45,Active
15769005,0,2021-07-14,France,2021-07-20,2026-05-20,1765,41,Active
15661528,0,2021-04-30,Spain,2021-06-10,2026-04-09,1764,82,Active
15606267,0,2021-07-02,France,2021-07-13,2026-05-11,1763,50,Active
15685290,1,2021-02-12,Germany,2021-03-17,2026-01-13,1763,168,Churned
15742378,0,2021-04-11,Germany,2021-06-05,2026-04-02,1762,89,Active
15577587,1,2020-09-08,Germany,2020-09-27,2025-07-25,1762,340,Churned
15616431,0,2021-07-24,France,2021-08-16,2026-06-13,1762,17,Active
15597951,0,2021-07-31,France,2021-08-14,2026-06-09,1760,21,Active
15713379,0,2021-07-24,France,2021-07-29,2026-05-24,1760,37,Active
15812241,1,2019-04-22,Germany,2019-04-25,2024-02-18,1760,863,Churned
15737556,1,2019-04-10,France,2019-04-13,2024-02-06,1760,875,Churned
15792473,1,2020-12-09,Germany,2020-12-09,2025-10-04,1760,269,Churned
15773503,0,2021-07-18,Spain,2021-07-20,2026-05-14,1759,47,Active
15791988,0,2021-07-25,France,2021-08-03,2026-05-28,1759,33,Active
15656263,0,2021-06-04,Spain,2021-07-19,2026-05-13,1759,48,Active
15608688,0,2021-07-09,France,2021-07-11,2026-05-05,1759,56,Active
15789095,0,2021-08-01,Spain,2021-08-02,2026-05-26,1758,35,Active
15728474,0,2021-08-17,Germany,2021-08-20,2026-06-13,1758,17,Active
15583863,1,2018-03-16,Germany,2018-04-25,2023-02-16,1758,1230,Churned
15641007,0,2021-08-11,France,2021-08-13,2026-06-06,1758,24,Active
15594651,0,2021-08-28,France,2021-08-30,2026-06-23,1758,7,Active
15788659,0,2021-07-29,France,2021-08-12,2026-06-04,1757,26,Active
15688637,0,2021-07-19,France,2021-07-29,2026-05-21,1757,40,Active
15776494,1,2021-04-22,France,2021-04-27,2026-02-17,1757,133,Churned
15810593,0,2021-08-09,France,2021-08-13,2026-06-04,1756,26,Active
15756625,1,2017-09-15,France,2017-10-19,2022-08-10,1756,1420,Churned
15619360,0,2021-07-29,Spain,2021-09-03,2026-06-24,1755,6,Active
15681410,1,2020-06-20,Germany,2020-07-27,2025-05-17,1755,409,Churned
15636024,0,2021-08-20,Spain,2021-08-21,2026-06-10,1754,20,Active
15627876,1,2016-07-13,Spain,2016-08-06,2021-05-25,1753,1862,Churned
15659325,0,2021-06-22,Spain,2021-07-05,2026-04-23,1753,68,Active
15770405,0,2021-06-11,France,2021-06-18,2026-04-06,1753,85,Active
15597709,1,2019-09-27,France,2019-10-30,2024-08-17,1753,682,Churned
15705620,0,2021-06-28,France,2021-07-18,2026-05-05,1752,56,Active
15738546,0,2021-08-25,Spain,2021-08-31,2026-06-18,1752,12,Active
15738516,0,2021-06-15,Spain,2021-07-19,2026-05-06,1752,55,Active
15625023,0,2021-08-14,France,2021-08-16,2026-06-03,1752,27,Active
15570414,0,2021-08-25,Spain,2021-08-29,2026-06-15,1751,15,Active
15574369,0,2021-07-01,Spain,2021-07-25,2026-05-11,1751,50,Active
15590434,0,2021-07-18,Spain,2021-08-06,2026-05-22,1750,39,Active
15785167,0,2021-08-12,Spain,2021-08-20,2026-06-05,1750,25,Active
15674851,0,2021-05-03,France,2021-07-14,2026-04-28,1749,63,Active
15570360,0,2021-08-24,France,2021-09-01,2026-06-15,1748,15,Active
15729279,0,2021-07-29,France,2021-08-18,2026-05-31,1747,30,Active
15721730,0,2021-08-05,Spain,2021-08-16,2026-05-29,1747,32,Active
15780212,0,2021-07-25,France,2021-08-10,2026-05-22,1746,39,Active
15733973,1,2018-04-24,France,2018-05-07,2023-02-16,1746,1230,Churned
15593636,0,2021-07-14,France,2021-07-18,2026-04-29,1746,62,Active
15654531,1,2021-06-22,France,2021-07-01,2026-04-12,1746,79,Churned
15593496,0,2021-06-19,Spain,2021-06-19,2026-03-31,1746,91,At risk (inactive 90+ days)
15794257,0,2021-08-19,France,2021-08-26,2026-06-06,1745,24,Active
15752801,1,2017-04-12,Germany,2017-04-12,2022-01-20,1744,1622,Churned
15665014,0,2021-06-05,Spain,2021-07-27,2026-05-06,1744,55,Active
15779390,0,2021-07-11,Spain,2021-08-11,2026-05-20,1743,41,Active
15656921,0,2021-07-18,France,2021-07-28,2026-05-06,1743,55,Active
15665374,0,2021-02-22,Spain,2021-05-08,2026-02-14,1743,136,At risk (inactive 90+ days)
15792365,0,2021-07-29,France,2021-09-12,2026-06-20,1742,10,Active
15633612,0,2021-07-14,France,2021-07-19,2026-04-26,1742,65,Active
15783752,0,2021-08-09,Germany,2021-08-09,2026-05-17,1742,44,Active
15599535,0,2021-05-01,Spain,2021-06-06,2026-03-14,1742,108,At risk (inactive 90+ days)
15611315,0,2021-07-08,Germany,2021-08-20,2026-05-28,1742,33,Active
15670427,0,2021-07-19,Spain,2021-08-25,2026-06-02,1742,28,Active
15692991,0,2021-08-22,Spain,2021-09-03,2026-06-10,1741,20,Active
15598510,0,2021-07-29,Germany,2021-09-01,2026-06-08,1741,22,Active
15677921,1,2016-11-04,Germany,2017-01-18,2021-10-24,1740,1710,Churned
15745527,0,2021-02-04,France,2021-02-12,2025-11-16,1738,226,At risk (inactive 90+ days)
15721592,0,2021-05-16,France,2021-08-03,2026-05-07,1738,54,Active
15583480,0,2021-08-10,France,2021-08-11,2026-05-15,1738,46,Active
15715532,0,2021-08-21,Germany,2021-09-01,2026-06-04,1737,26,Active
15586174,0,2021-08-05,Germany,2021-08-21,2026-05-24,1737,37,Active
15712287,0,2021-07-17,France,2021-08-26,2026-05-28,1736,33,Active
15595158,0,2021-06-04,Germany,2021-06-09,2026-03-11,1736,111,At risk (inactive 90+ days)
15704160,1,2021-02-13,Spain,2021-02-16,2025-11-18,1736,224,Churned
15786200,0,2021-08-13,France,2021-08-23,2026-05-24,1735,37,Active
15795186,0,2021-06-28,France,2021-08-21,2026-05-22,1735,39,Active
15744109,0,2021-08-26,France,2021-08-27,2026-05-28,1735,33,Active
15732299,0,2021-08-28,France,2021-08-31,2026-06-01,1735,29,Active
15578722,0,2021-07-17,France,2021-09-04,2026-06-05,1735,25,Active
15723411,0,2021-07-16,Spain,2021-07-19,2026-04-17,1733,74,Active
15635660,1,2017-06-07,Germany,2017-07-31,2022-04-29,1733,1523,Churned
15691150,0,2021-08-12,France,2021-08-21,2026-05-20,1733,41,Active
15585907,0,2021-05-01,Spain,2021-05-11,2026-02-06,1732,144,At risk (inactive 90+ days)
15587174,1,2018-08-10,France,2018-08-31,2023-05-28,1731,1129,Churned
15606097,1,2019-02-02,Germany,2019-03-01,2023-11-26,1731,947,Churned
15696733,0,2021-08-23,France,2021-09-02,2026-05-30,1731,31,Active
15632551,0,2021-07-28,Germany,2021-09-05,2026-06-01,1730,29,Active
15603454,0,2021-04-05,Germany,2021-08-11,2026-05-07,1730,54,Active
15771702,0,2021-06-18,France,2021-07-28,2026-04-22,1729,69,Active
15630167,0,2021-08-16,Spain,2021-08-22,2026-05-17,1729,44,Active
15759966,0,2021-04-30,Spain,2021-08-08,2026-05-02,1728,59,Active
15784099,0,2021-05-13,France,2021-07-31,2026-04-24,1728,67,Active
15577598,0,2021-08-12,Spain,2021-08-19,2026-05-13,1728,48,Active
15813327,0,2021-09-20,France,2021-09-23,2026-06-16,1727,14,Active
15638272,0,2021-09-02,Spain,2021-09-02,2026-05-26,1727,35,Active
15572073,0,2021-04-11,Spain,2021-08-15,2026-05-08,1727,53,Active
15680587,0,2021-07-03,France,2021-07-25,2026-04-16,1726,75,Active
15675791,0,2021-09-16,France,2021-09-17,2026-06-09,1726,21,Active
15657439,0,2021-09-14,France,2021-09-17,2026-06-09,1726,21,Active
15660528,0,2021-09-26,Spain,2021-09-29,2026-06-21,1726,9,Active
15747878,0,2021-08-29,Spain,2021-09-17,2026-06-08,1725,22,Active
15590320,0,2021-08-31,France,2021-09-26,2026-06-16,1724,14,Active
15765952,0,2021-09-23,France,2021-09-29,2026-06-19,1724,11,Active
15734765,0,2021-09-22,France,2021-09-27,2026-06-17,1724,13,Active
15628583,0,2021-06-21,France,2021-09-09,2026-05-29,1723,32,Active
15603481,0,2021-08-28,Spain,2021-09-14,2026-06-03,1723,27,Active
15633064,0,2021-08-05,France,2021-09-06,2026-05-24,1721,37,Active
15582797,0,2021-09-28,Spain,2021-10-03,2026-06-20,1721,10,Active
15759805,0,2021-08-23,France,2021-09-01,2026-05-19,1721,42,Active
15611371,0,2021-08-16,France,2021-09-25,2026-06-12,1721,18,Active
15622442,0,2021-06-21,France,2021-09-26,2026-06-13,1721,17,Active
15586680,0,2021-07-06,France,2021-09-14,2026-06-01,1721,29,Active
15690678,0,2021-09-26,France,2021-10-04,2026-06-20,1720,10,Active
15715394,0,2021-09-16,Spain,2021-09-26,2026-06-12,1720,18,Active
15585490,0,2021-09-16,France,2021-09-17,2026-06-03,1720,27,Active
15764294,0,2021-08-10,Germany,2021-09-05,2026-05-22,1720,39,Active
15580682,0,2021-08-10,France,2021-08-29,2026-05-15,1720,46,Active
15666453,0,2021-07-29,Germany,2021-07-31,2026-04-16,1720,75,Active
15658435,0,2021-05-17,France,2021-06-13,2026-02-26,1719,124,At risk (inactive 90+ days)
15714634,0,2021-08-15,France,2021-08-27,2026-05-11,1718,50,Active
15740406,1,2016-05-27,Germany,2016-07-06,2021-03-20,1718,1928,Churned
15673929,0,2021-09-20,France,2021-10-02,2026-06-16,1718,14,Active
15689344,0,2021-08-06,Spain,2021-09-12,2026-05-27,1718,34,Active
15736656,0,2021-09-05,France,2021-09-10,2026-05-24,1717,37,Active
15596984,1,2019-09-03,France,2019-09-29,2024-06-10,1716,750,Churned
15621409,0,2021-09-26,France,2021-10-08,2026-06-20,1716,10,Active
15737133,0,2021-08-09,Spain,2021-09-01,2026-05-14,1716,47,Active
15759741,0,2021-08-21,Germany,2021-08-22,2026-05-04,1716,57,Active
15746183,0,2021-08-23,France,2021-10-06,2026-06-18,1716,12,Active
15636860,0,2021-08-26,France,2021-09-02,2026-05-15,1716,46,Active
15706762,0,2021-09-25,France,2021-10-05,2026-06-17,1716,13,Active
15609083,1,2020-05-28,France,2020-07-15,2025-03-27,1716,460,Churned
15811773,0,2021-07-14,France,2021-08-05,2026-04-15,1714,76,Active
15762216,0,2021-09-27,France,2021-10-10,2026-06-20,1714,10,Active
15596088,0,2021-08-18,France,2021-09-27,2026-06-07,1714,23,Active
15582066,0,2021-08-15,France,2021-09-09,2026-05-20,1714,41,Active
15731989,0,2021-08-23,France,2021-09-29,2026-06-09,1714,21,Active
15696834,0,2021-05-14,France,2021-06-01,2026-02-09,1714,141,At risk (inactive 90+ days)
15749068,1,2017-04-21,France,2017-07-09,2022-03-19,1714,1564,Churned
15611338,0,2021-08-01,Spain,2021-09-09,2026-05-20,1714,41,Active
15661249,0,2021-09-01,France,2021-09-02,2026-05-12,1713,49,Active
15581548,0,2021-06-03,Spain,2021-07-28,2026-04-06,1713,85,Active
15790810,1,2016-02-14,France,2016-02-23,2020-11-01,1713,2067,Churned
15666975,0,2021-09-05,France,2021-09-15,2026-05-25,1713,36,Active
15778418,1,2017-04-21,Germany,2017-05-16,2022-01-23,1713,1619,Churned
15718780,0,2021-08-19,Spain,2021-09-09,2026-05-19,1713,42,Active
15642821,1,2017-09-20,Spain,2017-10-02,2022-06-10,1712,1481,Churned
15758023,1,2021-02-01,Germany,2021-03-22,2025-11-28,1712,214,Churned
15738936,0,2021-06-10,Germany,2021-07-17,2026-03-25,1712,97,At risk (inactive 90+ days)
15619045,0,2021-09-27,France,2021-10-06,2026-06-14,1712,16,Active
15800116,0,2021-07-30,Germany,2021-09-25,2026-06-02,1711,28,Active
15791991,0,2021-09-10,France,2021-09-25,2026-06-02,1711,28,Active
15684592,0,2021-07-19,Spain,2021-08-03,2026-04-10,1711,81,Active
15676156,0,2021-08-11,France,2021-08-27,2026-05-04,1711,57,Active
15589401,0,2021-07-08,France,2021-07-25,2026-04-01,1711,90,Active
15593250,0,2021-09-22,France,2021-10-03,2026-06-09,1710,21,Active
15747647,0,2021-09-26,Spain,2021-10-14,2026-06-20,1710,10,Active
15726747,0,2021-08-30,France,2021-09-19,2026-05-25,1709,36,Active
15683157,0,2021-09-05,France,2021-09-14,2026-05-20,1709,41,Active
15624323,0,2021-09-24,France,2021-09-30,2026-06-05,1709,25,Active
15656484,0,2021-09-12,France,2021-09-17,2026-05-22,1708,39,Active
15748231,0,2021-07-07,Germany,2021-07-24,2026-03-28,1708,94,At risk (inactive 90+ days)
15811762,1,2020-01-27,Germany,2020-03-28,2024-11-29,1707,578,Churned
15735358,0,2021-08-10,Spain,2021-09-11,2026-05-15,1707,46,Active
15809265,0,2021-09-27,France,2021-09-30,2026-06-03,1707,27,Active
15702277,0,2021-07-14,France,2021-07-29,2026-03-31,1706,91,At risk (inactive 90+ days)
15669945,0,2021-09-05,France,2021-09-30,2026-06-01,1705,29,Active
15795738,0,2021-09-20,France,2021-09-30,2026-06-01,1705,29,Active
15771000,0,2021-08-14,France,2021-08-25,2026-04-26,1705,65,Active
15776518,0,2021-09-13,France,2021-09-26,2026-05-28,1705,33,Active
15598175,0,2021-09-02,Germany,2021-09-10,2026-05-11,1704,50,Active
15782181,1,2019-11-06,Spain,2019-11-06,2024-07-06,1704,724,Churned
15609735,1,2019-11-29,Germany,2020-01-07,2024-09-06,1704,662,Churned
15772503,0,2021-08-13,France,2021-09-04,2026-05-04,1703,57,Active
15800784,0,2021-09-27,France,2021-09-30,2026-05-29,1702,32,Active
15711733,0,2021-09-02,France,2021-09-27,2026-05-26,1702,35,Active
15788022,0,2021-08-04,Germany,2021-09-27,2026-05-26,1702,35,Active
15578761,1,2020-06-11,Spain,2020-06-28,2025-02-23,1701,492,Churned
15796838,0,2021-09-26,Spain,2021-10-17,2026-06-14,1701,16,Active
15612494,1,2020-03-28,France,2020-04-30,2024-12-24,1699,553,Churned
15740487,1,2019-07-18,France,2019-09-04,2024-04-29,1699,792,Churned
15604544,0,2021-08-04,Germany,2021-09-25,2026-05-20,1698,41,Active
15578546,0,2021-08-12,Germany,2021-10-09,2026-06-03,1698,27,Active
15648681,1,2021-05-23,France,2021-05-26,2026-01-18,1698,163,Churned
15612478,1,2016-01-08,France,2016-01-09,2020-09-02,1698,2127,Churned
15789560,1,2018-03-08,France,2018-03-21,2022-11-13,1698,1325,Churned
15742238,0,2021-09-04,Germany,2021-09-21,2026-05-15,1697,46,Active
15721251,0,2021-09-13,Spain,2021-10-10,2026-06-03,1697,27,Active
15745623,0,2021-08-24,France,2021-10-04,2026-05-27,1696,34,Active
15736146,0,2021-09-08,Germany,2021-09-26,2026-05-19,1696,42,Active
15789815,0,2021-01-22,France,2021-05-22,2026-01-11,1695,170,At risk (inactive 90+ days)
15588461,0,2021-08-22,France,2021-10-07,2026-05-29,1695,32,Active
15776596,1,2020-03-15,Spain,2020-05-17,2025-01-06,1695,540,Churned
15600688,0,2021-06-30,France,2021-10-31,2026-06-21,1694,9,Active
15776233,1,2018-04-11,Germany,2018-04-14,2022-12-02,1693,1306,Churned
15805769,0,2021-09-06,Spain,2021-10-12,2026-06-01,1693,29,Active
15722813,0,2021-09-02,Spain,2021-09-02,2026-04-22,1693,69,Active
15791321,0,2021-08-31,Spain,2021-11-05,2026-06-25,1693,5,Active
15739248,0,2021-09-13,France,2021-09-18,2026-05-08,1693,53,Active
15689671,0,2021-09-20,Spain,2021-10-08,2026-05-27,1692,34,Active
15711687,0,2021-09-30,France,2021-11-04,2026-06-23,1692,7,Active
15723400,0,2021-09-19,France,2021-10-09,2026-05-28,1692,33,Active
15755798,0,2021-08-04,France,2021-08-05,2026-03-23,1691,99,At risk (inactive 90+ days)
15569759,0,2021-08-12,France,2021-08-27,2026-04-14,1691,77,Active
15623220,0,2021-07-12,Spain,2021-09-17,2026-05-05,1691,56,Active
15593454,0,2021-10-05,Spain,2021-10-07,2026-05-25,1691,36,Active
15566988,1,2018-08-14,Germany,2018-09-19,2023-05-06,1690,1151,Churned
15621974,0,2021-09-10,Germany,2021-10-20,2026-06-05,1689,25,Active
15713632,0,2021-06-04,Spain,2021-08-13,2026-03-29,1689,93,At risk (inactive 90+ days)
15657830,0,2021-10-15,France,2021-10-25,2026-06-09,1688,21,Active
15678571,0,2021-09-29,France,2021-10-22,2026-06-04,1686,26,Active
15645269,0,2021-10-05,France,2021-10-06,2026-05-18,1685,43,Active
15683930,1,2016-07-14,Germany,2016-07-15,2021-02-24,1685,1952,Churned
15648455,0,2021-08-08,Germany,2021-09-18,2026-04-30,1685,61,Active
15748432,0,2021-10-27,France,2021-11-05,2026-06-17,1685,13,Active
15751203,1,2021-05-08,France,2021-05-11,2025-12-20,1684,192,Churned
15620735,0,2021-09-14,Germany,2021-09-19,2026-04-30,1684,61,Active
15698462,0,2021-10-28,France,2021-11-03,2026-06-14,1684,16,Active
15640627,0,2021-07-25,Spain,2021-11-01,2026-06-11,1683,19,Active
15768137,1,2019-10-03,Spain,2019-11-10,2024-06-19,1683,741,Churned
15687218,0,2021-09-20,France,2021-10-12,2026-05-22,1683,39,Active
15750545,1,2020-09-26,France,2020-10-07,2025-05-17,1683,409,Churned
15813532,0,2021-06-20,France,2021-09-25,2026-05-04,1682,57,Active
15598070,0,2021-10-26,France,2021-11-12,2026-06-21,1682,9,Active
15623502,0,2021-10-16,Spain,2021-10-21,2026-05-30,1682,31,Active
15695301,0,2021-09-04,Spain,2021-10-16,2026-05-25,1682,36,Active
15801920,0,2021-06-22,Germany,2021-10-03,2026-05-12,1682,49,Active
15723827,0,2021-09-25,France,2021-11-11,2026-06-19,1681,11,Active
15745201,0,2021-09-12,France,2021-10-27,2026-06-04,1681,26,Active
15783955,0,2021-09-17,France,2021-10-20,2026-05-27,1680,34,Active
15641688,1,2018-12-15,Spain,2018-12-26,2023-08-02,1680,1063,Churned
15662291,1,2018-01-24,France,2018-03-27,2022-10-31,1679,1338,Churned
15779481,0,2021-08-27,France,2021-10-02,2026-05-08,1679,53,Active
15729557,1,2020-10-17,Germany,2020-10-17,2025-05-23,1679,403,Churned
15622911,0,2021-10-21,France,2021-10-22,2026-05-27,1678,34,Active
15699598,0,2021-08-29,France,2021-10-26,2026-05-31,1678,30,Active
15745624,0,2021-08-28,France,2021-10-24,2026-05-29,1678,32,Active
15677908,0,2021-08-13,Spain,2021-09-23,2026-04-28,1678,63,Active
15799811,1,2016-06-18,France,2016-07-11,2021-02-12,1677,1964,Churned
15634262,0,2021-10-04,Germany,2021-10-27,2026-05-31,1677,30,Active
15720284,0,2021-08-22,Germany,2021-09-24,2026-04-28,1677,63,Active
15778192,0,2021-10-03,Spain,2021-10-26,2026-05-30,1677,31,Active
15800736,0,2021-10-01,Spain,2021-10-18,2026-05-21,1676,40,Active
15694530,0,2021-10-20,France,2021-11-07,2026-06-10,1676,20,Active
15755239,0,2021-09-11,Germany,2021-09-16,2026-04-19,1676,72,Active
15807961,0,2021-08-07,France,2021-11-01,2026-06-03,1675,27,Active
15801417,0,2021-10-16,France,2021-10-16,2026-05-18,1675,43,Active
15773520,0,2021-09-21,France,2021-10-02,2026-05-04,1675,57,Active
15613786,0,2021-10-21,Spain,2021-11-15,2026-06-16,1674,14,Active
15806922,0,2021-10-23,Spain,2021-10-27,2026-05-28,1674,33,Active
15752463,0,2021-10-18,Spain,2021-11-10,2026-06-10,1673,20,Active
15589358,0,2021-10-09,Germany,2021-10-19,2026-05-18,1672,43,Active
15595303,1,2021-04-21,Germany,2021-05-17,2025-12-14,1672,198,Churned
15625586,0,2021-10-08,France,2021-10-22,2026-05-21,1672,40,Active
15687421,1,2016-07-06,Spain,2016-07-11,2021-02-06,1671,1970,Churned
15686436,0,2021-10-27,Spain,2021-11-17,2026-06-14,1670,16,Active
15648721,0,2021-08-16,France,2021-09-02,2026-03-30,1670,92,At risk (inactive 90+ days)
15743709,0,2021-10-05,France,2021-10-16,2026-05-13,1670,48,Active
15738497,0,2021-07-11,Spain,2021-08-05,2026-03-01,1669,121,At risk (inactive 90+ days)
15596808,0,2021-08-28,Spain,2021-10-07,2026-05-03,1669,58,Active
15749851,0,2021-10-06,Spain,2021-10-21,2026-05-16,1668,45,Active
15773869,0,2021-10-03,Spain,2021-10-28,2026-05-23,1668,38,Active
15624229,0,2021-10-25,France,2021-11-07,2026-05-30,1665,31,Active
15714057,0,2021-10-10,Spain,2021-10-12,2026-05-04,1665,57,Active
15644724,0,2021-10-29,France,2021-11-20,2026-06-11,1664,19,Active
15623695,0,2021-11-19,France,2021-11-25,2026-06-15,1663,15,Active
15690153,0,2021-09-20,France,2021-09-25,2026-04-15,1663,76,Active
15588580,0,2021-09-24,Germany,2021-11-05,2026-05-26,1663,35,Active
15789339,0,2021-11-15,France,2021-11-18,2026-06-08,1663,22,Active
15633922,0,2021-11-19,France,2021-11-20,2026-06-09,1662,21,Active
15783659,0,2021-11-29,France,2021-12-02,2026-06-21,1662,9,Active
15716357,0,2021-11-16,Spain,2021-11-16,2026-06-05,1662,25,Active
15815236,0,2021-05-09,Spain,2021-06-13,2025-12-30,1661,182,At risk (inactive 90+ days)
15785352,1,2019-12-15,France,2020-03-27,2024-10-12,1660,626,Churned
15688563,0,2021-11-30,Germany,2021-12-06,2026-06-23,1660,7,Active
15599131,0,2021-11-03,Germany,2021-11-13,2026-05-30,1659,31,Active
15727059,0,2021-09-22,France,2021-10-24,2026-05-10,1659,51,Active
15815125,0,2021-09-30,Spain,2021-11-05,2026-05-22,1659,39,Active
15576219,0,2021-11-29,France,2021-12-02,2026-06-17,1658,13,Active
15768777,0,2021-10-26,Spain,2021-11-21,2026-06-06,1658,24,Active
15677828,0,2021-11-17,France,2021-11-28,2026-06-13,1658,17,Active
15619280,0,2021-09-03,France,2021-11-11,2026-05-26,1657,35,Active
15734202,0,2021-10-23,Germany,2021-11-14,2026-05-29,1657,32,Active
15815040,1,2018-05-05,Germany,2018-05-15,2022-11-27,1657,1311,Churned
15814772,0,2021-11-09,Germany,2021-11-09,2026-05-24,1657,37,Active
15761102,0,2021-11-10,Spain,2021-11-15,2026-05-29,1656,32,Active
15702175,0,2021-11-08,France,2021-11-19,2026-06-02,1656,28,Active
15759499,0,2021-11-03,France,2021-11-15,2026-05-29,1656,32,Active
15620570,0,2021-09-29,France,2021-10-10,2026-04-23,1656,68,Active
15586870,0,2021-10-03,France,2021-10-21,2026-05-03,1655,58,Active
15806407,0,2021-09-27,France,2021-10-10,2026-04-22,1655,69,Active
15699340,0,2021-09-27,France,2021-12-08,2026-06-20,1655,10,Active
15717231,0,2021-09-30,Germany,2021-12-09,2026-06-20,1654,10,Active
15797751,1,2020-10-09,Germany,2020-10-22,2025-05-03,1654,423,Churned
15777830,0,2021-10-21,France,2021-11-10,2026-05-21,1653,40,Active
15674526,0,2021-11-30,France,2021-12-12,2026-06-21,1652,9,Active
15589348,0,2021-11-29,Spain,2021-12-01,2026-06-10,1652,20,Active
15751193,0,2021-11-15,Spain,2021-11-30,2026-06-09,1652,21,Active
15723721,0,2021-08-01,France,2021-10-22,2026-05-01,1652,60,Active
15754849,0,2021-10-05,Germany,2021-10-31,2026-05-08,1650,53,Active
15689237,0,2021-10-29,France,2021-11-21,2026-05-29,1650,32,Active
15616954,0,2021-09-01,France,2021-09-28,2026-04-05,1650,86,Active
15773852,0,2021-11-01,Germany,2021-11-08,2026-05-16,1650,45,Active
15666096,0,2021-11-04,Spain,2021-11-09,2026-05-17,1650,44,Active
15590213,0,2021-10-19,Spain,2021-10-21,2026-04-28,1650,63,Active
15587562,0,2021-11-18,France,2021-11-30,2026-06-06,1649,24,Active
15772479,0,2021-11-30,France,2021-12-20,2026-06-25,1648,5,Active
15639946,1,2017-11-18,Germany,2017-11-21,2022-05-24,1645,1498,Churned
15754068,0,2021-11-17,France,2021-12-10,2026-06-11,1644,19,Active
15596228,0,2021-09-12,France,2021-10-16,2026-04-17,1644,74,Active
15677146,0,2021-10-20,France,2021-12-10,2026-06-10,1643,20,Active
15773421,0,2021-10-11,France,2021-12-02,2026-06-02,1643,28,Active
15785406,0,2021-11-01,France,2021-11-07,2026-05-07,1642,54,Active
15813718,0,2021-11-18,Spain,2021-11-25,2026-05-25,1642,36,Active
15770554,0,2021-11-25,France,2021-12-12,2026-06-09,1640,21,Active
15676707,0,2021-10-11,Spain,2021-10-18,2026-04-15,1640,76,Active
15800793,0,2021-10-21,Germany,2021-10-30,2026-04-27,1640,64,Active
15621093,0,2021-07-20,Germany,2021-11-26,2026-05-24,1640,37,Active
15716518,0,2021-11-20,France,2021-11-28,2026-05-25,1639,36,Active
15768359,0,2021-07-22,France,2021-09-07,2026-03-04,1639,118,At risk (inactive 90+ days)
15628319,0,2021-10-04,France,2021-10-04,2026-03-31,1639,91,At risk (inactive 90+ days)
15725698,0,2021-10-22,Spain,2021-11-13,2026-05-09,1638,52,Active
15753837,0,2021-12-03,Spain,2021-12-04,2026-05-30,1638,31,Active
15647842,1,2018-02-07,Germany,2018-04-03,2022-09-26,1637,1373,Churned
15685346,0,2021-10-28,Spain,2021-12-05,2026-05-30,1637,31,Active
15600392,1,2017-12-28,France,2018-01-21,2022-07-15,1636,1446,Churned
15809909,0,2021-11-28,Spain,2021-12-09,2026-06-02,1636,28,Active
15577359,1,2021-02-09,Spain,2021-03-06,2025-08-28,1636,306,Churned
15694852,0,2021-11-15,France,2021-12-09,2026-06-01,1635,29,Active
15597949,1,2021-06-22,Germany,2021-07-28,2026-01-18,1635,163,Churned
15592461,0,2021-11-20,Germany,2021-12-07,2026-05-29,1634,32,Active
15734491,0,2021-11-16,Spain,2021-11-29,2026-05-21,1634,40,Active
15675949,0,2021-12-14,Spain,2021-12-18,2026-06-09,1634,21,Active
15775335,0,2021-11-03,Germany,2021-11-06,2026-04-28,1634,63,Active
15714939,0,2021-11-07,Germany,2021-11-28,2026-05-19,1633,42,Active
15701946,0,2021-11-22,France,2021-12-02,2026-05-23,1633,38,Active
15756155,0,2021-10-16,France,2021-12-08,2026-05-29,1633,32,Active
15750602,0,2021-05-29,France,2021-09-07,2026-02-25,1632,125,At risk (inactive 90+ days)
15635728,0,2021-08-01,France,2021-11-02,2026-04-21,1631,70,Active
15712303,0,2021-12-08,France,2021-12-16,2026-06-04,1631,26,Active
15761886,0,2021-12-31,France,2022-01-06,2026-06-25,1631,5,Active
15712596,0,2021-09-27,France,2021-11-18,2026-05-07,1631,54,Active
15732430,0,2021-11-07,Spain,2021-11-26,2026-05-14,1630,47,Active
15607485,0,2021-11-29,Spain,2021-12-19,2026-06-06,1630,24,Active
15641413,1,2019-06-01,Germany,2019-07-13,2023-12-28,1629,915,Churned
15684181,1,2021-02-14,France,2021-02-22,2025-08-08,1628,326,Churned
15672610,0,2021-07-12,Spain,2021-12-05,2026-05-21,1628,40,Active
15586425,0,2021-12-01,France,2021-12-02,2026-05-18,1628,43,Active
15662243,1,2021-02-04,France,2021-02-13,2025-07-30,1628,335,Churned
15623828,0,2021-10-05,France,2021-11-07,2026-04-22,1627,69,Active
15652626,0,2021-12-16,France,2021-12-16,2026-05-31,1627,30,Active
15804822,0,2021-12-13,France,2021-12-23,2026-06-07,1627,23,Active
15585853,1,2019-03-16,Spain,2019-03-25,2023-09-06,1626,1028,Churned
15723818,0,2021-12-02,France,2021-12-09,2026-05-23,1626,38,Active
15660263,0,2021-10-21,France,2021-11-22,2026-05-06,1626,55,Active
15694601,0,2021-12-25,France,2021-12-26,2026-06-08,1625,22,Active
15668971,0,2021-11-02,France,2021-11-04,2026-04-17,1625,74,Active
15773512,0,2021-09-02,Spain,2021-09-22,2026-03-04,1624,118,At risk (inactive 90+ days)
15697460,0,2021-11-27,Germany,2022-01-01,2026-06-13,1624,17,Active
15726167,0,2021-12-21,France,2022-01-01,2026-06-13,1624,17,Active
15750104,0,2021-06-29,Germany,2021-12-26,2026-06-07,1624,23,Active
15632439,0,2021-12-08,France,2021-12-19,2026-05-31,1624,30,Active
15570485,0,2021-10-12,Spain,2021-11-17,2026-04-29,1624,62,Active
15723613,0,2021-12-22,France,2022-01-04,2026-06-15,1623,15,Active
15583067,0,2021-08-22,France,2021-12-31,2026-06-11,1623,19,Active
15611580,0,2021-12-16,Spain,2021-12-18,2026-05-28,1622,33,Active
15648989,0,2021-11-07,France,2021-11-20,2026-04-30,1622,61,Active
15780056,0,2021-12-25,Spain,2021-12-27,2026-06-06,1622,24,Active
15603741,0,2021-12-09,Spain,2021-12-24,2026-06-03,1622,27,Active
15782778,0,2021-12-06,France,2021-12-21,2026-05-28,1619,33,Active
15677369,0,2021-11-21,Germany,2021-12-15,2026-05-21,1618,40,Active
15693737,0,2021-12-19,Germany,2021-12-19,2026-05-24,1617,37,Active
15780746,0,2021-11-03,France,2021-11-28,2026-05-03,1617,58,Active
15812706,0,2021-12-26,Spain,2022-01-14,2026-06-19,1617,11,Active
15658409,1,2021-04-26,France,2021-05-23,2025-10-26,1617,247,Churned
15732307,0,2021-12-25,Germany,2022-01-06,2026-06-10,1616,20,Active
15749951,1,2020-08-31,Germany,2020-09-03,2025-02-05,1616,510,Churned
15656710,0,2021-12-27,France,2022-01-09,2026-06-13,1616,17,Active
15675896,1,2019-06-21,Germany,2019-06-22,2023-11-23,1615,950,Churned
15637644,0,2021-12-16,France,2021-12-29,2026-06-01,1615,29,Active
15621116,0,2021-02-11,Germany,2021-11-27,2026-04-30,1615,61,Active
15728605,0,2021-12-15,France,2022-01-01,2026-06-04,1615,26,Active
15589329,0,2021-12-23,France,2021-12-28,2026-05-31,1615,30,Active
15738884,0,2021-12-29,Germany,2022-01-03,2026-06-05,1614,25,Active
15753679,0,2021-12-20,France,2022-01-04,2026-06-06,1614,24,Active
15607040,0,2021-12-08,Spain,2021-12-09,2026-05-10,1613,51,Active
15734892,0,2021-12-24,Spain,2021-12-24,2026-05-25,1613,36,Active
15797165,1,2017-06-26,France,2017-09-10,2022-02-09,1613,1602,Churned
15742638,0,2021-12-08,France,2021-12-22,2026-05-22,1612,39,Active
15765650,0,2021-06-13,Germany,2021-12-16,2026-05-16,1612,45,Active
15784526,1,2021-03-29,France,2021-04-23,2025-09-21,1612,282,Churned
15649297,0,2021-12-16,France,2021-12-17,2026-05-17,1612,44,Active
15737705,0,2021-12-14,France,2021-12-30,2026-05-30,1612,31,Active
15596939,0,2021-12-18,Germany,2021-12-22,2026-05-21,1611,40,Active
15603221,0,2021-11-13,Germany,2021-12-03,2026-05-02,1611,59,Active
15738751,0,2021-09-09,France,2021-11-14,2026-04-12,1610,79,Active
15724838,0,2021-12-03,France,2021-12-13,2026-05-11,1610,50,Active
15698324,0,2021-12-12,France,2022-01-08,2026-06-06,1610,24,Active
15683977,0,2021-12-08,Spain,2021-12-27,2026-05-25,1610,36,Active
15803947,1,2019-11-30,Germany,2019-11-30,2024-04-26,1609,795,Churned
15650538,1,2018-11-18,Germany,2019-01-25,2023-06-22,1609,1104,Churned
15770711,0,2021-12-07,Germany,2021-12-11,2026-05-08,1609,53,Active
15596165,0,2021-11-26,Germany,2021-12-12,2026-05-08,1608,53,Active
15706464,0,2021-08-28,Spain,2021-12-21,2026-05-17,1608,44,Active
15789924,0,2021-11-26,France,2022-01-02,2026-05-29,1608,32,Active
15710424,0,2021-11-13,France,2022-01-07,2026-06-02,1607,28,Active
15739068,0,2021-12-13,Germany,2021-12-25,2026-05-20,1607,41,Active
15799186,0,2022-01-20,France,2022-01-21,2026-06-16,1607,14,Active
15570990,0,2021-12-20,Spain,2022-01-15,2026-06-10,1607,20,Active
15567486,0,2021-12-15,Spain,2021-12-23,2026-05-17,1606,44,Active
15666012,0,2021-12-01,France,2021-12-18,2026-05-12,1606,49,Active
15589019,0,2022-01-18,Spain,2022-01-19,2026-06-13,1606,17,Active
15745355,0,2021-12-05,France,2021-12-06,2026-04-29,1605,62,Active
15672637,0,2021-12-21,France,2022-01-05,2026-05-29,1605,32,Active
15699029,0,2021-12-11,France,2021-12-21,2026-05-13,1604,48,Active
15583456,1,2015-08-20,Germany,2015-09-24,2020-02-14,1604,2328,Churned
15700223,0,2021-12-07,France,2021-12-29,2026-05-21,1604,40,Active
15748499,1,2021-08-05,Germany,2021-08-28,2026-01-18,1604,163,Churned
15698816,0,2022-01-04,Spain,2022-01-06,2026-05-29,1604,32,Active
15775238,0,2021-12-02,Germany,2021-12-22,2026-05-13,1603,48,Active
15603594,0,2022-01-13,Spain,2022-01-17,2026-06-08,1603,22,Active
15575410,0,2022-01-11,Germany,2022-01-16,2026-06-07,1603,23,Active
15711977,0,2021-12-10,France,2021-12-19,2026-05-10,1603,51,Active
15579287,0,2021-12-14,France,2021-12-28,2026-05-19,1603,42,Active
15608760,0,2021-12-13,France,2021-12-27,2026-05-17,1602,44,Active
15633640,0,2021-11-07,France,2021-12-20,2026-05-08,1600,53,Active
15790829,0,2021-05-08,France,2021-10-03,2026-02-19,1600,131,At risk (inactive 90+ days)
15725094,0,2021-11-29,France,2021-12-12,2026-04-30,1600,61,Active
15797710,0,2022-01-25,Germany,2022-01-25,2026-06-13,1600,17,Active
15756610,1,2021-05-25,Germany,2021-08-02,2025-12-18,1599,194,Churned
15807335,0,2021-12-03,Spain,2021-12-29,2026-05-16,1599,45,Active
15642934,0,2021-11-02,Germany,2021-12-04,2026-04-20,1598,71,Active
15602030,0,2021-12-04,France,2021-12-25,2026-05-11,1598,50,Active
15621893,0,2021-12-01,France,2021-12-24,2026-05-09,1597,52,Active
15746199,1,2020-01-15,France,2020-01-27,2024-06-11,1597,749,Churned
15676526,0,2022-01-01,France,2022-01-10,2026-05-26,1597,35,Active
15661821,1,2020-10-22,Germany,2020-11-05,2025-03-19,1595,468,Churned
15730657,0,2021-12-13,France,2021-12-20,2026-05-03,1595,58,Active
15643826,0,2022-01-19,France,2022-01-20,2026-06-03,1595,27,Active
15638963,0,2022-01-22,France,2022-02-01,2026-06-14,1594,16,Active
15754599,0,2021-12-03,France,2021-12-22,2026-05-04,1594,57,Active
15615352,0,2021-11-06,France,2021-12-17,2026-04-26,1591,65,Active
15568164,0,2021-12-04,France,2022-01-16,2026-05-26,1591,35,Active
15739123,0,2022-01-22,Germany,2022-02-02,2026-06-12,1591,18,Active
15602735,1,2019-10-18,Germany,2019-10-18,2024-02-24,1590,857,Churned
15725302,0,2021-12-15,Spain,2022-01-21,2026-05-30,1590,31,Active
15758050,0,2021-10-14,Spain,2021-12-03,2026-04-10,1589,81,Active
15813659,1,2019-04-07,France,2019-04-18,2023-08-24,1589,1041,Churned
15641595,0,2021-12-19,Spain,2021-12-31,2026-05-08,1589,53,Active
15674573,0,2022-01-20,France,2022-01-25,2026-06-02,1589,28,Active
15619674,0,2022-01-27,France,2022-02-09,2026-06-17,1589,13,Active
15727688,0,2022-01-12,Spain,2022-01-26,2026-06-01,1587,29,Active
15730038,1,2021-03-23,France,2021-04-25,2025-08-29,1587,305,Churned
15574352,0,2022-01-09,France,2022-01-30,2026-06-05,1587,25,Active
15691910,0,2022-01-15,Spain,2022-02-03,2026-06-09,1587,21,Active
15592645,0,2021-11-03,Spain,2022-01-19,2026-05-24,1586,37,Active
15768367,1,2019-06-06,France,2019-07-28,2023-11-30,1586,943,Churned
15583724,0,2021-12-22,Spain,2022-01-17,2026-05-22,1586,39,Active
15605622,0,2022-01-24,Spain,2022-02-14,2026-06-19,1586,11,Active
15693904,0,2022-01-27,Germany,2022-02-06,2026-06-10,1585,20,Active
15764174,0,2021-12-22,Spain,2022-01-04,2026-05-08,1585,53,Active
15654379,0,2022-01-25,Spain,2022-02-01,2026-06-05,1585,25,Active
15701160,0,2022-01-27,Germany,2022-01-30,2026-06-03,1585,27,Active
15654463,0,2021-11-11,France,2021-11-20,2026-03-23,1584,99,At risk (inactive 90+ days)
15617991,0,2021-11-29,France,2021-12-07,2026-04-09,1584,82,Active
15580953,0,2021-12-26,France,2022-01-29,2026-06-01,1584,29,Active
15671358,0,2021-09-28,France,2021-10-09,2026-02-09,1584,141,At risk (inactive 90+ days)
15766374,0,2022-01-09,Germany,2022-01-11,2026-05-13,1583,48,Active
15577078,1,2020-04-03,Spain,2020-04-28,2024-08-28,1583,671,Churned
15749519,1,2019-09-24,France,2019-10-17,2024-02-16,1583,865,Churned
15586674,1,2020-12-09,Spain,2020-12-24,2025-04-25,1583,431,Churned
15619889,0,2022-01-05,France,2022-01-15,2026-05-15,1581,46,Active
15752694,0,2022-01-26,France,2022-02-19,2026-06-19,1581,11,Active
15749964,0,2021-10-31,France,2022-01-19,2026-05-19,1581,42,Active
15715709,0,2022-01-21,Germany,2022-02-14,2026-06-13,1580,17,Active
15747795,0,2022-01-04,Germany,2022-01-20,2026-05-18,1579,43,Active
15780954,0,2021-12-27,Spain,2022-02-19,2026-06-17,1579,13,Active
15664615,1,2021-04-28,Germany,2021-05-29,2025-09-22,1577,281,Churned
15729054,0,2022-01-18,Germany,2022-01-24,2026-05-19,1576,42,Active
15763683,1,2021-12-03,Germany,2021-12-19,2026-04-13,1576,78,Churned
15695034,0,2021-12-08,France,2021-12-21,2026-04-14,1575,77,Active
15767729,1,2020-09-01,Spain,2020-10-04,2025-01-26,1575,520,Churned
15636353,0,2022-01-19,Spain,2022-01-21,2026-05-15,1575,46,Active
15566378,1,2020-11-09,France,2020-11-16,2025-03-10,1575,477,Churned
15711181,0,2022-01-18,France,2022-02-07,2026-05-31,1574,30,Active
15796969,0,2021-11-30,France,2022-01-18,2026-05-10,1573,51,Active
15632446,0,2021-12-16,France,2022-02-09,2026-05-31,1572,30,Active
15776223,0,2021-12-18,France,2022-02-04,2026-05-25,1571,36,Active
15791550,0,2022-02-01,France,2022-02-07,2026-05-28,1571,33,Active
15780677,0,2022-01-08,France,2022-01-24,2026-05-14,1571,47,Active
15636061,0,2022-01-01,Germany,2022-01-23,2026-05-13,1571,48,Active
15611579,0,2022-01-25,Spain,2022-02-02,2026-05-22,1570,39,Active
15758171,0,2022-02-12,France,2022-02-16,2026-06-05,1570,25,Active
15746986,0,2021-11-19,Germany,2021-12-19,2026-04-07,1570,84,Active
15706899,0,2021-11-30,France,2021-12-18,2026-04-05,1569,86,Active
15800228,0,2022-01-04,Spain,2022-01-06,2026-04-23,1568,68,Active
15587573,0,2022-01-15,Germany,2022-01-16,2026-05-03,1568,58,Active
15628863,0,2021-11-26,France,2022-01-20,2026-05-07,1568,54,Active
15639133,0,2022-02-01,France,2022-02-10,2026-05-28,1568,33,Active
15776629,0,2022-02-08,France,2022-02-13,2026-05-30,1567,31,Active
15668081,0,2022-02-27,Spain,2022-03-06,2026-06-19,1566,11,Active
15677020,1,2017-07-04,France,2017-07-10,2021-10-22,1565,1712,Churned
15646513,1,2021-07-01,France,2021-07-09,2025-10-21,1565,252,Churned
15682834,0,2021-12-15,Spain,2022-02-07,2026-05-22,1565,39,Active
15616454,1,2017-11-11,Germany,2017-11-25,2022-03-09,1565,1574,Churned
15722246,1,2021-10-04,France,2021-10-13,2026-01-24,1564,157,Churned
15686219,0,2021-11-15,France,2021-12-29,2026-04-11,1564,80,Active
15626710,0,2022-02-22,France,2022-02-27,2026-06-09,1563,21,Active
15633574,0,2022-01-29,France,2022-03-04,2026-06-14,1563,16,Active
15728352,0,2022-01-26,France,2022-02-09,2026-05-22,1563,39,Active
15774382,0,2022-02-22,Germany,2022-02-28,2026-06-10,1563,20,Active
15711742,0,2022-02-13,France,2022-02-22,2026-06-04,1563,26,Active
15587394,0,2022-01-08,France,2022-01-10,2026-04-21,1562,70,Active
15731267,0,2021-08-23,France,2021-11-07,2026-02-16,1562,134,At risk (inactive 90+ days)
15573599,1,2020-06-08,France,2020-06-22,2024-09-30,1561,638,Churned
15761294,1,2018-06-24,Germany,2018-08-07,2022-11-15,1561,1323,Churned
15748552,0,2021-12-09,Germany,2022-02-18,2026-05-29,1561,32,Active
15766906,0,2022-01-08,France,2022-02-08,2026-05-19,1561,42,Active
15812607,1,2019-09-17,Germany,2019-10-09,2024-01-17,1561,895,Churned
15745455,0,2022-02-21,Germany,2022-02-28,2026-06-07,1560,23,Active
15628813,0,2021-12-31,France,2022-01-02,2026-04-10,1559,81,Active
15654025,0,2022-02-26,France,2022-03-13,2026-06-19,1559,11,Active
15611029,0,2021-09-15,Germany,2021-10-30,2026-02-04,1558,146,At risk (inactive 90+ days)
15807340,0,2022-01-21,Germany,2022-03-01,2026-06-06,1558,24,Active
15759991,0,2022-02-25,Spain,2022-03-04,2026-06-09,1558,21,Active
15775153,0,2022-01-31,Spain,2022-03-10,2026-06-13,1556,17,Active
15596962,0,2022-02-27,France,2022-03-02,2026-06-05,1556,25,Active
15695174,0,2022-01-22,France,2022-02-06,2026-05-12,1556,49,Active
15806546,0,2021-12-01,Spain,2022-01-27,2026-05-01,1555,60,Active
15804771,0,2022-02-07,France,2022-02-14,2026-05-18,1554,43,Active
15804201,0,2022-02-05,Germany,2022-02-25,2026-05-29,1554,32,Active
15611756,0,2022-02-05,Germany,2022-02-27,2026-05-31,1554,30,Active
15787161,0,2021-12-27,Germany,2022-01-17,2026-04-19,1553,72,Active
15703728,1,2021-09-01,Spain,2021-10-15,2026-01-15,1553,166,Churned
15594928,0,2021-10-03,Germany,2022-01-22,2026-04-24,1553,67,Active
15577423,1,2021-04-14,Germany,2021-05-10,2025-08-10,1553,324,Churned
15740356,0,2022-02-21,Germany,2022-02-27,2026-05-29,1552,32,Active
15590623,0,2022-02-23,Spain,2022-03-05,2026-06-03,1551,27,Active
15641319,1,2021-07-31,Spain,2021-08-10,2025-11-08,1551,234,Churned
15723339,0,2022-02-24,France,2022-03-21,2026-06-18,1550,12,Active
15684999,0,2022-02-10,France,2022-03-09,2026-06-06,1550,24,Active
15585835,0,2021-09-24,Spain,2021-11-11,2026-02-08,1550,142,At risk (inactive 90+ days)
15773322,0,2022-02-22,Germany,2022-03-09,2026-06-06,1550,24,Active
15630113,0,2022-01-16,Spain,2022-01-20,2026-04-18,1549,73,Active
15579583,0,2022-02-28,Spain,2022-03-17,2026-06-13,1549,17,Active
15649033,1,2019-06-26,Germany,2019-06-30,2023-09-26,1549,1008,Churned
15616213,1,2016-07-16,Germany,2016-09-08,2020-12-03,1547,2035,Churned
15593736,1,2018-10-30,Germany,2018-11-01,2023-01-25,1546,1252,Churned
15644280,0,2022-01-25,France,2022-02-04,2026-04-30,1546,61,Active
15624170,0,2022-01-18,France,2022-03-03,2026-05-26,1545,35,Active
15616240,0,2022-03-24,Spain,2022-03-25,2026-06-17,1545,13,Active
15638028,0,2022-03-23,Germany,2022-03-24,2026-06-16,1545,14,Active
15709741,0,2021-10-02,France,2022-01-17,2026-04-11,1545,80,Active
15779059,0,2022-02-02,France,2022-02-18,2026-05-12,1544,49,Active
15577831,0,2021-10-16,Germany,2022-02-01,2026-04-25,1544,66,Active
15745843,0,2022-03-14,Spain,2022-03-15,2026-06-05,1543,25,Active
15786392,0,2021-12-22,France,2022-02-23,2026-05-16,1543,45,Active
15691119,0,2022-01-18,Germany,2022-03-22,2026-06-12,1543,18,Active
15770498,0,2022-01-07,France,2022-02-18,2026-05-10,1542,51,Active
15799785,0,2022-01-24,Germany,2022-02-09,2026-05-01,1542,60,Active
15620746,0,2022-01-27,France,2022-02-20,2026-05-12,1542,49,Active
15650924,0,2022-02-14,Spain,2022-03-07,2026-05-27,1542,34,Active
15580252,0,2022-03-19,France,2022-03-19,2026-06-07,1541,23,Active
15649536,0,2022-01-22,Germany,2022-03-06,2026-05-24,1540,37,Active
15637599,1,2021-10-12,Germany,2021-10-15,2026-01-02,1540,179,Churned
15812009,0,2022-02-24,Spain,2022-03-12,2026-05-29,1539,32,Active
15649354,0,2022-03-09,Spain,2022-03-13,2026-05-30,1539,31,Active
15766663,0,2022-03-02,France,2022-03-11,2026-05-27,1538,34,Active
15637717,0,2022-03-29,Germany,2022-03-30,2026-06-15,1538,15,Active
15716984,0,2021-12-28,Spain,2022-04-02,2026-06-18,1538,12,Active
15751774,0,2022-03-29,France,2022-03-30,2026-06-14,1537,16,Active
15583033,0,2022-02-03,France,2022-02-17,2026-05-04,1537,57,Active
15678173,0,2022-03-03,Spain,2022-03-12,2026-05-27,1537,34,Active
15698839,0,2021-12-08,Germany,2022-02-25,2026-05-11,1536,50,Active
15625623,0,2022-03-15,France,2022-03-18,2026-06-01,1536,29,Active
15607275,1,2020-03-22,Spain,2020-04-01,2024-06-15,1536,745,Churned
15637891,0,2022-03-26,Germany,2022-04-04,2026-06-18,1536,12,Active
15798885,0,2022-03-28,France,2022-04-08,2026-06-22,1536,8,Active
15750410,0,2022-03-04,France,2022-03-07,2026-05-21,1536,40,Active
15741693,0,2022-03-08,France,2022-03-21,2026-06-04,1536,26,Active
15773809,0,2022-02-19,France,2022-03-12,2026-05-25,1535,36,Active
15747043,0,2021-11-24,Spain,2022-04-02,2026-06-15,1535,15,Active
15602456,0,2022-02-01,Germany,2022-02-16,2026-05-01,1535,60,Active
15786170,0,2022-02-18,France,2022-02-20,2026-05-04,1534,57,Active
15724223,1,2021-06-26,France,2021-07-29,2025-10-10,1534,263,Churned
15734008,1,2020-10-19,Germany,2020-10-30,2025-01-11,1534,535,Churned
15691323,0,2021-12-21,Germany,2022-02-22,2026-05-06,1534,55,Active
15683027,0,2022-03-13,Germany,2022-03-18,2026-05-29,1533,32,Active
15795511,0,2022-01-29,Germany,2022-02-06,2026-04-19,1533,72,Active
15626012,0,2022-01-11,France,2022-03-14,2026-05-25,1533,36,Active
15785542,0,2022-02-25,Germany,2022-03-05,2026-05-15,1532,46,Active
15624347,0,2022-03-26,France,2022-04-06,2026-06-16,1532,14,Active
15722004,0,2022-01-09,France,2022-01-17,2026-03-29,1532,93,At risk (inactive 90+ days)
15749093,0,2022-03-25,France,2022-04-08,2026-06-18,1532,12,Active
15633141,0,2022-03-18,Germany,2022-03-22,2026-05-31,1531,30,Active
15738889,1,2017-10-26,France,2017-11-06,2022-01-15,1531,1627,Churned
15699523,0,2022-03-27,Germany,2022-03-27,2026-06-04,1530,26,Active
15756070,0,2022-03-23,Spain,2022-04-11,2026-06-19,1530,11,Active
15583857,0,2021-10-10,Spain,2021-10-20,2025-12-28,1530,184,At risk (inactive 90+ days)
15609521,0,2022-02-07,Germany,2022-03-07,2026-05-15,1530,46,Active
15799358,1,2020-02-27,France,2020-03-05,2024-05-13,1530,778,Churned
15612893,0,2022-02-07,Spain,2022-03-17,2026-05-24,1529,37,Active
15586135,0,2022-03-13,Spain,2022-03-16,2026-05-23,1529,38,Active
15665524,0,2021-05-20,Spain,2021-06-27,2025-09-03,1529,300,At risk (inactive 90+ days)
15696605,0,2022-01-15,France,2022-03-24,2026-05-31,1529,30,Active
15804017,0,2022-02-18,Germany,2022-03-17,2026-05-23,1528,38,Active
15671590,0,2022-02-21,Spain,2022-03-29,2026-06-03,1527,27,Active
15644962,0,2022-03-15,France,2022-03-17,2026-05-22,1527,39,Active
15781678,0,2022-02-11,Spain,2022-04-01,2026-06-06,1527,24,Active
15660144,0,2021-12-08,France,2022-03-18,2026-05-22,1526,39,Active
15724127,0,2022-02-10,France,2022-03-31,2026-06-03,1525,27,Active
15658969,1,2019-01-30,France,2019-03-10,2023-05-12,1524,1145,Churned
15720155,1,2020-04-18,Germany,2020-05-11,2024-07-13,1524,717,Churned
15728542,0,2022-02-10,France,2022-04-02,2026-06-04,1524,26,Active
15638355,1,2020-12-11,France,2020-12-25,2025-02-25,1523,490,Churned
15780572,0,2022-03-16,Spain,2022-03-20,2026-05-21,1523,40,Active
15601503,0,2022-03-20,Spain,2022-03-25,2026-05-26,1523,35,Active
15606887,1,2020-12-06,France,2021-05-08,2025-07-09,1523,356,Churned
15740602,0,2022-03-14,Germany,2022-04-09,2026-06-09,1522,21,Active
15808283,0,2021-12-22,France,2022-04-10,2026-06-09,1521,21,Active
15632345,0,2022-03-28,France,2022-04-10,2026-06-09,1521,21,Active
15595657,0,2022-03-02,Germany,2022-03-29,2026-05-27,1520,34,Active
15730447,0,2022-03-04,France,2022-03-16,2026-05-13,1519,48,Active
15588923,0,2022-01-24,France,2022-02-20,2026-04-19,1519,72,Active
15736302,0,2022-03-24,France,2022-04-09,2026-06-06,1519,24,Active
15696552,0,2022-02-05,France,2022-03-15,2026-05-12,1519,49,Active
15594864,0,2022-04-13,Germany,2022-04-13,2026-06-09,1518,21,Active
15640268,0,2022-03-30,Spain,2022-04-25,2026-06-21,1518,9,Active
15674950,0,2022-02-07,Germany,2022-03-02,2026-04-28,1518,63,Active
15709861,0,2022-03-18,Germany,2022-04-06,2026-06-02,1518,28,Active
15767391,0,2022-03-08,Germany,2022-03-23,2026-05-18,1517,43,Active
15631189,1,2016-11-29,Germany,2016-12-30,2021-02-23,1516,1953,Churned
15661945,0,2021-12-24,Spain,2022-03-19,2026-05-13,1516,48,Active
15569178,0,2022-04-13,France,2022-04-15,2026-06-08,1515,22,Active
15670172,0,2022-01-28,France,2022-02-04,2026-03-29,1514,93,At risk (inactive 90+ days)
15571221,1,2019-02-24,Germany,2019-02-25,2023-04-18,1513,1169,Churned
15567147,0,2022-03-11,Spain,2022-03-22,2026-05-13,1513,48,Active
15637476,1,2021-04-24,Germany,2021-04-24,2025-06-14,1512,381,Churned
15796111,1,2018-05-14,Germany,2018-05-21,2022-07-11,1512,1450,Churned
15666043,0,2022-04-15,France,2022-04-21,2026-06-10,1511,20,Active
15609758,1,2018-12-13,France,2018-12-14,2023-02-02,1511,1244,Churned
15727605,0,2022-03-24,Germany,2022-04-14,2026-06-02,1510,28,Active
15790958,0,2022-03-05,Spain,2022-03-27,2026-05-15,1510,46,Active
15614934,0,2022-03-31,Germany,2022-03-31,2026-05-18,1509,43,Active
15589544,0,2022-04-20,Spain,2022-04-20,2026-06-07,1509,23,Active
15711249,0,2021-11-02,Spain,2022-02-20,2026-04-09,1509,82,Active
15754494,0,2022-04-23,France,2022-04-23,2026-06-10,1509,20,Active
15674254,0,2022-03-12,Spain,2022-04-07,2026-05-24,1508,37,Active
15789371,0,2022-04-12,Germany,2022-04-13,2026-05-30,1508,31,Active
15734177,0,2022-04-29,France,2022-05-03,2026-06-19,1508,11,Active
15707219,0,2022-02-23,France,2022-05-03,2026-06-19,1508,11,Active
15774510,0,2022-04-23,France,2022-05-03,2026-06-18,1507,12,Active
15756901,0,2022-04-02,France,2022-04-06,2026-05-22,1507,39,Active
15687765,0,2022-02-24,Germany,2022-04-05,2026-05-21,1507,40,Active
15662698,1,2018-11-10,Spain,2018-11-10,2022-12-26,1507,1282,Churned
15769959,1,2021-09-19,France,2021-09-19,2025-11-04,1507,238,Churned
15701164,0,2022-04-06,France,2022-04-13,2026-05-28,1506,33,Active
15600781,0,2022-01-08,Germany,2022-01-11,2026-02-25,1506,125,At risk (inactive 90+ days)
15578045,1,2016-11-18,Spain,2016-11-25,2021-01-09,1506,1998,Churned
15672704,0,2021-09-05,France,2021-11-05,2025-12-20,1506,192,At risk (inactive 90+ days)
15787699,0,2022-03-18,Germany,2022-04-13,2026-05-28,1506,33,Active
15719090,0,2022-03-02,Germany,2022-03-27,2026-05-10,1505,51,Active
15587240,0,2022-02-19,France,2022-03-02,2026-04-15,1505,76,Active
15760865,1,2019-03-20,Germany,2019-04-12,2023-05-26,1505,1131,Churned
15644572,0,2022-03-08,France,2022-04-11,2026-05-24,1504,37,Active
15568360,0,2022-04-07,Spain,2022-04-10,2026-05-23,1504,38,Active
15647453,0,2022-01-06,France,2022-03-11,2026-04-23,1504,68,Active
15612931,0,2022-04-20,Spain,2022-04-27,2026-06-09,1504,21,Active
15622631,1,2017-10-26,France,2017-12-03,2022-01-14,1503,1628,Churned
15659557,0,2022-01-04,Germany,2022-03-16,2026-04-26,1502,65,Active
15751167,0,2022-03-11,France,2022-04-06,2026-05-17,1502,44,Active
15645571,0,2022-03-11,Spain,2022-04-23,2026-06-03,1502,27,Active
15620577,0,2022-03-19,France,2022-03-28,2026-05-08,1502,53,Active
15658306,0,2022-03-10,France,2022-04-12,2026-05-22,1501,39,Active
15607827,0,2022-03-10,Germany,2022-03-24,2026-05-03,1501,58,Active
15777122,0,2022-04-16,France,2022-04-26,2026-06-05,1501,25,Active
15793046,0,2022-04-17,France,2022-04-17,2026-05-27,1501,34,Active
15771569,0,2022-03-02,Germany,2022-04-12,2026-05-22,1501,39,Active
15659092,1,2020-08-10,France,2020-08-10,2024-09-19,1501,649,Churned
15615931,0,2022-03-30,France,2022-04-26,2026-06-05,1501,25,Active
15630725,1,2021-01-05,France,2021-03-16,2025-04-24,1500,432,Churned
15808386,1,2019-06-14,Germany,2019-07-24,2023-09-01,1500,1033,Churned
15676966,0,2022-04-29,Spain,2022-05-08,2026-06-15,1499,15,Active
15810460,1,2020-12-31,Spain,2021-01-20,2025-02-27,1499,488,Churned
15631436,0,2022-02-01,France,2022-03-13,2026-04-20,1499,71,Active
15677317,1,2021-08-10,France,2021-08-30,2025-10-06,1498,267,Churned
15644453,1,2021-08-17,Germany,2021-10-30,2025-12-06,1498,206,Churned
15698271,0,2022-03-22,France,2022-05-04,2026-06-10,1498,20,Active
15652948,0,2022-03-07,France,2022-04-22,2026-05-29,1498,32,Active
15595588,0,2022-04-05,Spain,2022-04-22,2026-05-28,1497,33,Active
15710397,0,2022-03-17,France,2022-03-25,2026-04-30,1497,61,Active
15798398,0,2022-04-10,France,2022-04-19,2026-05-24,1496,37,Active
15655274,0,2022-04-04,France,2022-04-21,2026-05-26,1496,35,Active
15612771,0,2022-04-06,France,2022-04-10,2026-05-15,1496,46,Active
15572461,0,2022-02-01,Germany,2022-03-17,2026-04-21,1496,70,Active
15603830,0,2022-04-22,Spain,2022-05-06,2026-06-09,1495,21,Active
15809800,0,2022-02-11,France,2022-04-03,2026-05-07,1495,54,Active
15651336,0,2022-04-24,France,2022-05-14,2026-06-17,1495,13,Active
15797736,0,2022-04-24,France,2022-05-14,2026-06-16,1494,14,Active
15738181,1,2020-03-23,France,2020-04-13,2024-05-16,1494,775,Churned
15726814,0,2022-04-26,Spain,2022-05-07,2026-06-09,1494,21,Active
15622443,0,2022-04-28,France,2022-05-04,2026-06-06,1494,24,Active
15808689,0,2022-04-19,France,2022-04-25,2026-05-27,1493,34,Active
15714658,0,2022-04-24,France,2022-04-29,2026-05-31,1493,30,Active
15809991,0,2022-04-22,Spain,2022-04-29,2026-05-31,1493,30,Active
15749482,0,2022-01-03,Spain,2022-01-12,2026-02-11,1491,139,At risk (inactive 90+ days)
15637169,0,2022-04-24,Spain,2022-05-17,2026-06-16,1491,14,Active
15776231,0,2022-04-26,Germany,2022-05-12,2026-06-10,1490,20,Active
15713845,1,2018-09-28,France,2018-12-25,2023-01-23,1490,1254,Churned
15761854,0,2022-03-25,France,2022-05-14,2026-06-12,1490,18,Active
15623369,1,2015-07-23,France,2015-09-02,2019-10-01,1490,2464,Churned
15587913,0,2022-04-02,Spain,2022-04-11,2026-05-09,1489,52,Active
15804814,0,2022-03-26,France,2022-03-26,2026-04-22,1488,69,Active
15687959,0,2022-04-21,Spain,2022-05-03,2026-05-29,1487,32,Active
15729412,0,2022-04-27,France,2022-05-21,2026-06-16,1487,14,Active
15764195,0,2022-04-13,Spain,2022-04-27,2026-05-22,1486,39,Active
15721582,1,2021-11-12,Germany,2022-01-13,2026-02-07,1486,143,Churned
15758606,1,2022-01-31,France,2022-02-02,2026-02-26,1485,124,Churned
15666055,1,2019-05-26,France,2019-06-14,2023-07-08,1485,1088,Churned
15687658,1,2019-04-29,France,2019-04-30,2023-05-24,1485,1133,Churned
15588701,0,2022-04-17,France,2022-04-28,2026-05-22,1485,39,Active
15802758,1,2022-02-15,Germany,2022-02-21,2026-03-17,1485,105,Churned
15696388,0,2022-04-16,Germany,2022-05-17,2026-06-10,1485,20,Active
15580956,1,2021-08-03,Germany,2021-08-30,2025-09-22,1484,281,Churned
15780359,0,2022-04-24,Germany,2022-05-11,2026-06-03,1484,27,Active
15710206,0,2022-04-24,France,2022-04-25,2026-05-17,1483,44,Active
15802207,0,2022-04-30,Germany,2022-05-18,2026-06-09,1483,21,Active
15628292,0,2022-03-02,France,2022-04-24,2026-05-16,1483,45,Active
15801062,0,2022-05-03,Spain,2022-05-09,2026-05-30,1482,31,Active
15662151,0,2022-04-26,France,2022-05-09,2026-05-30,1482,31,Active
15579891,0,2022-04-03,France,2022-04-22,2026-05-13,1482,48,Active
15579787,0,2022-04-20,France,2022-05-05,2026-05-26,1482,35,Active
15782608,1,2021-02-06,France,2021-05-20,2025-06-10,1482,385,Churned
15720354,0,2022-04-04,France,2022-04-29,2026-05-19,1481,42,Active
15604020,0,2022-04-06,Germany,2022-04-17,2026-05-07,1481,54,Active
15667871,0,2022-04-15,Spain,2022-05-23,2026-06-11,1480,19,Active
15789863,0,2022-05-18,France,2022-05-25,2026-06-13,1480,17,Active
15715184,0,2022-01-11,Spain,2022-03-14,2026-04-02,1480,89,Active
15759690,0,2022-04-17,France,2022-05-22,2026-06-10,1480,20,Active
15665053,1,2022-01-23,Spain,2022-01-23,2026-02-10,1479,140,Churned
15640789,0,2022-04-09,France,2022-05-10,2026-05-28,1479,33,Active
15688984,0,2022-03-22,France,2022-03-22,2026-04-09,1479,82,Active
15773639,0,2022-05-26,Germany,2022-06-01,2026-06-18,1478,12,Active
15589725,0,2022-04-12,France,2022-05-02,2026-05-19,1478,42,Active
15595282,0,2022-05-23,France,2022-06-02,2026-06-18,1477,12,Active
15581733,0,2022-03-16,France,2022-03-23,2026-04-08,1477,83,Active
15681928,0,2022-05-14,France,2022-05-22,2026-06-07,1477,23,Active
15773906,0,2022-03-27,France,2022-06-08,2026-06-23,1476,7,Active
15667085,0,2022-03-02,France,2022-04-05,2026-04-20,1476,71,Active
15750574,0,2022-03-07,Spain,2022-04-17,2026-05-02,1476,59,Active
15680201,1,2020-08-13,Germany,2020-08-21,2024-09-05,1476,663,Churned
15722902,1,2018-05-06,Germany,2018-05-06,2022-05-20,1475,1502,Churned
15682435,0,2022-02-26,France,2022-03-14,2026-03-28,1475,94,At risk (inactive 90+ days)
15582616,0,2022-04-01,France,2022-04-02,2026-04-15,1474,76,Active
15766185,0,2022-05-29,Germany,2022-06-11,2026-06-23,1473,7,Active
15682928,0,2022-04-09,Spain,2022-04-17,2026-04-29,1473,62,Active
15640280,0,2022-05-22,France,2022-05-26,2026-06-06,1472,24,Active
15602929,0,2022-05-20,Spain,2022-05-28,2026-06-08,1472,22,Active
15708362,0,2022-04-20,France,2022-05-14,2026-05-25,1472,36,Active
15728669,1,2017-09-01,Germany,2017-09-11,2021-09-21,1471,1743,Churned
15737414,0,2022-03-16,France,2022-03-17,2026-03-27,1471,95,At risk (inactive 90+ days)
15780779,0,2022-05-03,Spain,2022-05-18,2026-05-27,1470,34,Active
15742681,0,2022-05-28,Germany,2022-06-13,2026-06-22,1470,8,Active
15806249,0,2022-05-19,Spain,2022-06-01,2026-06-10,1470,20,Active
15604536,0,2022-05-16,Germany,2022-05-22,2026-05-31,1470,30,Active
15797113,0,2022-05-05,Spain,2022-05-09,2026-05-17,1469,44,Active
15761670,1,2017-08-29,France,2017-10-04,2021-10-11,1468,1723,Churned
15566563,1,2022-03-25,France,2022-04-02,2026-04-09,1468,82,Churned
15680430,0,2021-12-24,Germany,2022-01-26,2026-02-02,1468,148,At risk (inactive 90+ days)
15608387,0,2022-04-09,France,2022-04-14,2026-04-20,1467,71,Active
15635752,0,2022-03-20,Germany,2022-04-10,2026-04-16,1467,75,Active
15764916,1,2019-04-24,Germany,2019-05-04,2023-05-10,1467,1147,Churned
15647111,0,2022-04-21,Spain,2022-06-07,2026-06-11,1465,19,Active
15754874,0,2021-11-05,France,2022-04-27,2026-05-01,1465,60,Active
15691513,1,2017-04-03,France,2017-04-26,2021-04-30,1465,1887,Churned
15780492,0,2022-03-28,France,2022-05-31,2026-06-04,1465,26,Active
15670266,0,2022-05-23,France,2022-06-06,2026-06-10,1465,20,Active
15812191,0,2022-01-08,France,2022-02-20,2026-02-23,1464,127,At risk (inactive 90+ days)
15805676,0,2022-03-31,Spain,2022-06-01,2026-06-04,1464,26,Active
15793825,0,2022-02-09,France,2022-03-17,2026-03-20,1464,102,At risk (inactive 90+ days)
15755731,1,2018-03-06,Germany,2018-03-18,2022-03-21,1464,1562,Churned
15813422,0,2022-03-25,Spain,2022-05-15,2026-05-17,1463,44,Active
15810711,0,2022-05-30,Germany,2022-06-23,2026-06-25,1463,5,Active
15721433,0,2022-02-27,France,2022-03-10,2026-03-12,1463,110,At risk (inactive 90+ days)
15675141,0,2022-03-30,France,2022-05-05,2026-05-07,1463,54,Active
15705383,0,2022-05-22,France,2022-05-27,2026-05-29,1463,32,Active
15603111,1,2016-04-29,Spain,2016-07-13,2020-07-14,1462,2177,Churned
15663625,0,2022-05-04,France,2022-05-19,2026-05-19,1461,42,Active
15658987,0,2022-05-24,France,2022-05-29,2026-05-29,1461,32,Active
15665695,0,2022-04-09,France,2022-04-26,2026-04-24,1459,67,Active
15591766,0,2022-05-28,Spain,2022-06-02,2026-05-31,1459,30,Active
15672640,0,2022-05-29,Spain,2022-06-22,2026-06-20,1459,10,Active
15730360,0,2022-04-13,France,2022-06-01,2026-05-30,1459,31,Active
15656319,0,2022-05-11,Spain,2022-05-30,2026-05-26,1457,35,Active
15747927,0,2022-04-25,France,2022-05-30,2026-05-26,1457,35,Active
15791279,1,2021-03-17,France,2021-04-01,2025-03-27,1456,460,Churned
15812272,1,2021-04-23,Germany,2021-05-01,2025-04-26,1456,430,Churned
15662263,0,2022-06-27,Germany,2022-06-27,2026-06-22,1456,8,Active
15806132,0,2022-06-27,France,2022-06-29,2026-06-23,1455,7,Active
15654067,0,2022-04-19,Spain,2022-04-28,2026-04-22,1455,69,Active
15589210,0,2022-03-25,France,2022-06-15,2026-06-09,1455,21,Active
15640667,0,2022-06-10,France,2022-06-13,2026-06-06,1454,24,Active
15765345,0,2022-06-05,France,2022-06-05,2026-05-29,1454,32,Active
15673984,1,2017-07-26,France,2017-11-06,2021-10-29,1453,1705,Churned
15727539,0,2022-03-28,France,2022-03-30,2026-03-22,1453,100,At risk (inactive 90+ days)
15580366,0,2022-03-03,Germany,2022-03-11,2026-03-03,1453,119,At risk (inactive 90+ days)
15756471,0,2022-06-19,Germany,2022-06-22,2026-06-12,1451,18,Active
15613923,0,2022-03-20,Spain,2022-06-05,2026-05-26,1451,35,Active
15613097,0,2022-05-11,France,2022-06-15,2026-06-03,1449,27,Active
15680436,0,2022-06-27,France,2022-07-04,2026-06-22,1449,8,Active
15582090,0,2021-12-01,Spain,2022-01-01,2025-12-20,1449,192,At risk (inactive 90+ days)
15702464,0,2022-06-30,France,2022-07-07,2026-06-25,1449,5,Active
15780254,1,2020-04-05,France,2020-04-12,2024-03-30,1448,822,Churned
15791674,1,2015-10-21,France,2015-10-27,2019-10-14,1448,2451,Churned
15739054,0,2022-06-11,France,2022-06-16,2026-06-01,1446,29,Active
15750458,0,2022-05-09,France,2022-05-27,2026-05-12,1446,49,Active
15737778,0,2022-05-28,Spain,2022-07-07,2026-06-22,1446,8,Active
15632576,0,2022-05-08,France,2022-06-18,2026-06-03,1446,27,Active
15623478,0,2022-05-02,Germany,2022-05-28,2026-05-12,1445,49,Active
15803801,0,2022-06-25,France,2022-06-30,2026-06-14,1445,16,Active
15668032,0,2022-06-26,France,2022-07-04,2026-06-17,1444,13,Active
15620936,0,2022-05-20,France,2022-05-28,2026-05-11,1444,50,Active
15594612,1,2016-10-23,Spain,2016-11-02,2020-10-15,1443,2084,Churned
15589572,1,2021-09-24,Spain,2021-11-02,2025-10-14,1442,259,Churned
15711378,0,2022-02-13,France,2022-06-24,2026-06-05,1442,25,Active
15763806,0,2022-06-29,France,2022-07-05,2026-06-16,1442,14,Active
15810454,0,2022-05-23,France,2022-06-29,2026-06-10,1442,20,Active
15806184,0,2022-05-25,Spain,2022-06-04,2026-05-15,1441,46,Active
15566091,0,2022-02-23,Spain,2022-04-13,2026-03-23,1440,99,At risk (inactive 90+ days)
15715527,0,2022-04-13,Spain,2022-05-16,2026-04-24,1439,67,Active
15711015,0,2022-06-16,France,2022-07-03,2026-06-11,1439,19,Active
15619407,0,2022-04-28,France,2022-05-28,2026-05-06,1439,55,Active
15710527,0,2022-05-21,France,2022-06-15,2026-05-24,1439,37,Active
15729574,0,2022-05-13,Spain,2022-06-21,2026-05-30,1439,31,Active
15626114,0,2022-05-05,France,2022-05-23,2026-04-30,1438,61,Active
15588986,0,2022-05-31,Germany,2022-05-31,2026-05-08,1438,53,Active
15671387,0,2022-05-03,France,2022-06-03,2026-05-11,1438,50,Active
15698285,0,2022-06-03,France,2022-06-10,2026-05-18,1438,43,Active
15673529,0,2022-06-12,Spain,2022-06-23,2026-05-30,1437,31,Active
15712777,0,2021-11-24,France,2022-01-12,2025-12-19,1437,193,At risk (inactive 90+ days)
15651955,0,2022-06-28,France,2022-07-04,2026-06-10,1437,20,Active
15622897,1,2022-04-02,France,2022-05-04,2026-04-09,1436,82,Churned
15603925,0,2022-04-09,Spain,2022-04-17,2026-03-23,1436,99,At risk (inactive 90+ days)
15656912,0,2022-06-16,Spain,2022-06-16,2026-05-22,1436,39,Active
15595883,0,2022-06-19,Germany,2022-07-03,2026-06-08,1436,22,Active
15730469,0,2022-06-25,Spain,2022-07-04,2026-06-09,1436,21,Active
15804709,1,2021-06-03,Germany,2021-06-10,2025-05-16,1436,410,Churned
15646082,1,2018-01-01,France,2018-04-12,2022-03-18,1436,1565,Churned
15752502,0,2022-06-25,France,2022-07-04,2026-06-09,1436,21,Active
15688951,1,2017-08-02,Germany,2017-08-18,2021-07-24,1436,1802,Churned
15639322,0,2022-05-06,Spain,2022-06-26,2026-05-31,1435,30,Active
15752300,0,2022-06-01,Germany,2022-06-07,2026-05-11,1434,50,Active
15586757,0,2022-06-22,France,2022-07-06,2026-06-09,1434,21,Active
15697270,0,2022-06-15,Spain,2022-06-30,2026-06-03,1434,27,Active
15636454,1,2019-07-23,France,2019-09-30,2023-09-03,1434,1031,Churned
15675842,0,2022-04-04,Spain,2022-05-25,2026-04-27,1433,64,Active
15654000,1,2021-02-11,France,2021-04-02,2025-03-05,1433,482,Churned
15794566,1,2022-01-18,France,2022-01-24,2025-12-26,1432,186,Churned
15697567,0,2022-05-12,France,2022-05-27,2026-04-28,1432,63,Active
15781534,0,2022-05-14,Germany,2022-06-08,2026-05-10,1432,51,Active
15688395,0,2022-06-01,France,2022-06-21,2026-05-23,1432,38,Active
15578865,1,2020-09-18,Germany,2020-10-12,2024-09-13,1432,655,Churned
15805449,0,2022-06-26,France,2022-06-27,2026-05-28,1431,33,Active
15644765,0,2022-06-14,Germany,2022-06-17,2026-05-17,1430,44,Active
15631159,0,2022-04-27,Germany,2022-07-13,2026-06-12,1430,18,Active
15724890,0,2022-04-23,Spain,2022-05-26,2026-04-25,1430,66,Active
15605276,0,2022-06-21,France,2022-06-22,2026-05-22,1430,39,Active
15734438,0,2022-04-25,France,2022-06-07,2026-05-06,1429,55,Active
15579915,0,2022-01-11,France,2022-06-21,2026-05-20,1429,41,Active
15590966,0,2022-04-11,Germany,2022-04-17,2026-03-16,1429,106,At risk (inactive 90+ days)
15634180,0,2021-12-25,Germany,2022-03-12,2026-02-07,1428,143,At risk (inactive 90+ days)
15611287,0,2022-03-29,France,2022-05-13,2026-04-10,1428,81,Active
15667265,0,2022-06-01,France,2022-06-24,2026-05-21,1427,40,Active
15674765,0,2022-05-12,Spain,2022-07-02,2026-05-29,1427,32,Active
15679394,0,2022-06-01,France,2022-06-12,2026-05-09,1427,52,Active
15803681,0,2022-06-13,France,2022-07-09,2026-06-04,1426,26,Active
15587584,0,2022-06-20,Spain,2022-07-21,2026-06-15,1425,15,Active
15627232,1,2019-06-14,Germany,2019-06-16,2023-05-10,1424,1147,Churned
15582168,0,2022-05-13,Germany,2022-06-27,2026-05-21,1424,40,Active
15617134,0,2022-05-05,France,2022-05-27,2026-04-19,1423,72,Active
15575002,0,2022-03-18,France,2022-06-25,2026-05-18,1423,43,Active
15669301,1,2019-08-28,Germany,2019-09-09,2023-08-02,1423,1063,Churned
15598892,0,2022-06-23,France,2022-06-27,2026-05-20,1423,41,Active
15774098,0,2022-07-04,Germany,2022-07-09,2026-05-31,1422,30,Active
15591279,0,2022-07-22,France,2022-07-27,2026-06-18,1422,12,Active
15643392,0,2022-06-20,France,2022-07-16,2026-06-07,1422,23,Active
15584928,0,2022-05-13,Germany,2022-07-06,2026-05-28,1422,33,Active
15633108,0,2022-03-27,France,2022-04-22,2026-03-13,1421,109,At risk (inactive 90+ days)
15632669,0,2022-06-10,Spain,2022-07-06,2026-05-27,1421,34,Active
15714874,0,2022-07-29,France,2022-08-04,2026-06-24,1420,6,Active
15628144,0,2022-06-06,France,2022-06-27,2026-05-17,1420,44,Active
15708713,0,2022-07-09,France,2022-07-12,2026-06-01,1420,29,Active
15661827,0,2022-06-03,Spain,2022-06-28,2026-05-18,1420,43,Active
15765415,0,2022-06-24,Spain,2022-07-13,2026-06-01,1419,29,Active
15779414,0,2022-07-29,Spain,2022-08-04,2026-06-23,1419,7,Active
15576680,0,2022-04-16,France,2022-06-16,2026-05-05,1419,56,Active
15607176,0,2022-07-19,France,2022-07-20,2026-06-08,1419,22,Active
15612594,0,2022-07-08,Spain,2022-07-13,2026-06-01,1419,29,Active
15616270,0,2022-06-22,Spain,2022-07-05,2026-05-24,1419,37,Active
15745827,0,2022-07-25,France,2022-07-25,2026-06-11,1417,19,Active
15609669,0,2022-06-10,France,2022-07-12,2026-05-29,1417,32,Active
15669204,0,2022-05-01,Germany,2022-06-10,2026-04-27,1417,64,Active
15713774,1,2020-06-07,Spain,2020-07-14,2024-05-31,1417,760,Churned
15679249,1,2021-10-05,Germany,2021-10-16,2025-09-01,1416,302,Churned
15658890,0,2022-06-07,Germany,2022-06-16,2026-05-02,1416,59,Active
15621611,1,2021-06-17,Germany,2021-07-09,2025-05-25,1416,401,Churned
15700046,0,2022-03-06,France,2022-07-10,2026-05-26,1416,35,Active
15643819,0,2022-06-07,France,2022-06-17,2026-05-02,1415,59,Active
15585777,0,2022-07-29,France,2022-08-03,2026-06-18,1415,12,Active
15808846,0,2022-07-29,Germany,2022-08-09,2026-06-23,1414,7,Active
15683375,0,2022-06-08,France,2022-07-02,2026-05-16,1414,45,Active
15651075,0,2022-07-17,Germany,2022-07-24,2026-06-07,1414,23,Active
15640418,0,2022-05-24,Germany,2022-07-26,2026-06-09,1414,21,Active
15647191,0,2022-04-07,France,2022-05-17,2026-03-31,1414,91,At risk (inactive 90+ days)
15634632,0,2022-07-18,France,2022-07-25,2026-06-07,1413,23,Active
15587507,1,2020-03-28,France,2020-05-08,2024-03-21,1413,831,Churned
15657284,1,2019-10-22,Germany,2019-11-02,2023-09-14,1412,1020,Churned
15694209,0,2022-07-18,France,2022-08-02,2026-06-14,1412,16,Active
15583680,0,2022-06-03,Spain,2022-06-13,2026-04-25,1412,66,Active
15577751,0,2022-06-17,Germany,2022-07-22,2026-06-02,1411,28,Active
15591360,0,2022-07-01,France,2022-07-11,2026-05-22,1411,39,Active
15672216,0,2022-03-09,France,2022-06-13,2026-04-24,1411,67,Active
15576602,0,2022-07-08,France,2022-07-24,2026-06-03,1410,27,Active
15670163,0,2022-06-29,France,2022-07-11,2026-05-21,1410,40,Active
15792328,1,2020-05-18,France,2020-06-10,2024-04-19,1409,802,Churned
15725818,0,2022-06-24,Germany,2022-07-25,2026-06-03,1409,27,Active
15720838,0,2022-07-17,Spain,2022-07-28,2026-06-06,1409,24,Active
15660809,0,2022-04-20,France,2022-07-22,2026-05-31,1409,30,Active
15709941,1,2017-10-20,France,2017-10-27,2021-09-05,1409,1759,Churned
15713532,0,2022-05-05,Germany,2022-07-20,2026-05-29,1409,32,Active
15577683,0,2022-05-27,France,2022-07-01,2026-05-10,1409,51,Active
15620758,0,2022-02-08,Spain,2022-06-02,2026-04-10,1408,81,Active
15639549,0,2022-06-25,Germany,2022-08-04,2026-06-12,1408,18,Active
15631339,0,2022-06-11,France,2022-07-30,2026-06-06,1407,24,Active
15614230,0,2022-07-08,France,2022-07-09,2026-05-16,1407,45,Active
15627251,0,2022-05-09,France,2022-06-04,2026-04-11,1407,80,Active
15768530,0,2022-06-30,Spain,2022-08-06,2026-06-13,1407,17,Active
15641170,0,2022-04-19,Spain,2022-06-27,2026-05-04,1407,57,Active
15649430,0,2022-07-01,France,2022-07-20,2026-05-27,1407,34,Active
15793949,1,2022-04-14,France,2022-04-26,2026-03-02,1406,120,Churned
15686917,0,2022-05-28,Spain,2022-06-02,2026-04-08,1406,83,Active
15664881,0,2021-11-22,France,2022-05-16,2026-03-21,1405,101,At risk (inactive 90+ days)
15626787,1,2018-06-09,Spain,2018-06-28,2022-05-03,1405,1519,Churned
15726250,0,2022-07-02,France,2022-07-05,2026-05-10,1405,51,Active
15616525,0,2022-04-01,Spain,2022-06-08,2026-04-13,1405,78,Active
15804357,0,2022-07-07,France,2022-07-07,2026-05-12,1405,49,Active
15801488,0,2022-07-20,France,2022-08-10,2026-06-14,1404,16,Active
15698349,0,2022-06-29,Spain,2022-07-21,2026-05-25,1404,36,Active
15809509,0,2022-07-16,France,2022-08-03,2026-06-07,1404,23,Active
15737071,1,2021-04-21,France,2021-04-29,2025-03-02,1403,485,Churned
15634218,0,2022-03-10,Germany,2022-05-15,2026-03-18,1403,104,At risk (inactive 90+ days)
15644119,0,2022-07-27,France,2022-08-14,2026-06-16,1402,14,Active
15614687,0,2022-05-04,Germany,2022-07-23,2026-05-25,1402,36,Active
15711521,0,2022-07-11,France,2022-08-05,2026-06-07,1402,23,Active
15736601,0,2022-06-23,France,2022-08-05,2026-06-06,1401,24,Active
15745354,0,2022-02-11,Spain,2022-04-13,2026-02-12,1401,138,At risk (inactive 90+ days)
15749167,0,2022-07-09,France,2022-07-23,2026-05-24,1401,37,Active
15602731,1,2020-08-28,France,2020-10-05,2024-08-06,1401,693,Churned
15598157,0,2022-03-27,France,2022-04-29,2026-02-28,1401,122,At risk (inactive 90+ days)
15585215,0,2022-06-14,France,2022-06-23,2026-04-22,1399,69,Active
15622834,0,2022-06-29,France,2022-07-10,2026-05-09,1399,52,Active
15689081,1,2021-09-23,France,2021-12-19,2025-10-18,1399,255,Churned
15607837,0,2022-06-01,France,2022-07-21,2026-05-20,1399,41,Active
15591577,0,2022-07-30,France,2022-08-08,2026-06-06,1398,24,Active
15735878,1,2015-12-21,Germany,2016-01-09,2019-11-07,1398,2427,Churned
15815690,0,2022-07-30,Spain,2022-08-08,2026-06-06,1398,24,Active
15579207,0,2022-07-14,France,2022-08-08,2026-06-06,1398,24,Active
15698321,0,2022-07-08,Germany,2022-07-23,2026-05-20,1397,41,Active
15781505,0,2022-04-13,France,2022-05-30,2026-03-26,1396,96,At risk (inactive 90+ days)
15794360,1,2020-08-01,Germany,2020-08-14,2024-06-10,1396,750,Churned
15763665,0,2022-05-10,France,2022-05-20,2026-03-15,1395,107,At risk (inactive 90+ days)
15779586,0,2022-07-14,Germany,2022-07-31,2026-05-26,1395,35,Active
15655360,1,2020-11-06,Germany,2020-11-20,2024-09-15,1395,653,Churned
15796721,0,2022-07-13,France,2022-08-06,2026-05-31,1394,30,Active
15751336,0,2022-07-03,Spain,2022-07-20,2026-05-14,1394,47,Active
15674637,0,2022-07-16,France,2022-08-02,2026-05-27,1394,34,Active
15569423,0,2022-03-19,Spain,2022-08-05,2026-05-29,1393,32,Active
15762803,0,2022-08-29,France,2022-08-30,2026-06-23,1393,7,Active
15709222,0,2022-07-05,Spain,2022-08-01,2026-05-25,1393,36,Active
15759250,0,2022-07-06,Germany,2022-08-01,2026-05-25,1393,36,Active
15778515,0,2022-08-23,France,2022-08-23,2026-06-16,1393,14,Active
15593241,0,2022-07-25,France,2022-08-19,2026-06-12,1393,18,Active
15701768,0,2022-07-17,France,2022-07-21,2026-05-14,1393,47,Active
15603582,0,2022-07-24,Spain,2022-08-19,2026-06-11,1392,19,Active
15687884,0,2022-08-17,France,2022-08-18,2026-06-10,1392,20,Active
15665168,0,2022-07-13,Germany,2022-07-13,2026-05-05,1392,56,Active
15747000,0,2022-08-11,France,2022-08-11,2026-06-03,1392,27,Active
15773276,1,2022-02-20,Spain,2022-02-20,2025-12-13,1392,199,Churned
15637118,0,2022-05-07,France,2022-07-09,2026-05-01,1392,60,Active
15645572,1,2020-04-10,France,2020-05-23,2024-03-14,1391,838,Churned
15584749,0,2022-06-06,Germany,2022-07-20,2026-05-10,1390,51,Active
15578787,1,2022-03-12,France,2022-05-08,2026-02-26,1390,124,Churned
15603883,0,2022-06-02,France,2022-06-23,2026-04-13,1390,78,Active
15733247,1,2015-12-12,France,2016-03-05,2019-12-24,1389,2380,Churned
15652289,0,2022-05-13,France,2022-05-15,2026-03-04,1389,118,At risk (inactive 90+ days)
15766908,0,2022-08-22,Germany,2022-08-26,2026-06-14,1388,16,Active
15621205,0,2022-06-22,France,2022-06-29,2026-04-17,1388,74,Active
15626156,0,2022-08-07,France,2022-08-09,2026-05-28,1388,33,Active
15785367,1,2021-11-28,France,2022-01-29,2025-11-17,1388,225,Churned
15671655,1,2018-07-25,Germany,2018-08-28,2022-06-15,1387,1476,Churned
15745826,0,2022-08-25,France,2022-09-01,2026-06-19,1387,11,Active
15749103,1,2022-05-14,Germany,2022-05-19,2026-03-06,1387,116,Churned
15621083,1,2019-10-21,France,2019-10-29,2023-08-15,1386,1050,Churned
15678882,0,2022-07-05,Germany,2022-07-30,2026-05-16,1386,45,Active
15614187,0,2022-08-31,Germany,2022-09-09,2026-06-25,1385,5,Active
15708048,0,2022-06-05,France,2022-07-07,2026-04-21,1384,70,Active
15654183,0,2022-08-26,France,2022-09-05,2026-06-20,1384,10,Active
15581700,0,2022-07-10,Germany,2022-07-30,2026-05-14,1384,47,Active
15742511,0,2022-08-23,France,2022-08-23,2026-06-07,1384,23,Active
15690164,0,2022-05-01,Germany,2022-05-22,2026-03-06,1384,116,At risk (inactive 90+ days)
15628303,0,2022-07-16,Spain,2022-08-23,2026-06-06,1383,24,Active
15616330,0,2022-05-24,France,2022-06-20,2026-04-03,1383,88,Active
15802486,0,2022-08-26,France,2022-09-04,2026-06-18,1383,12,Active
15775293,0,2022-08-13,France,2022-08-17,2026-05-30,1382,31,Active
15762882,0,2022-06-23,Germany,2022-07-20,2026-05-02,1382,59,Active
15722692,0,2022-08-22,France,2022-08-26,2026-06-08,1382,22,Active
15671334,0,2022-02-25,France,2022-07-02,2026-04-14,1382,77,Active
15594340,1,2021-12-16,France,2022-03-18,2025-12-28,1381,184,Churned
15582149,0,2022-08-09,Germany,2022-08-20,2026-05-31,1380,30,Active
15715707,0,2022-08-17,France,2022-08-20,2026-05-30,1379,31,Active
15602373,0,2022-06-08,France,2022-07-04,2026-04-13,1379,78,Active
15758116,1,2021-01-04,France,2021-05-11,2025-02-18,1379,497,Churned
15689152,0,2022-08-31,Spain,2022-09-11,2026-06-21,1379,9,Active
15811877,0,2022-06-20,France,2022-07-30,2026-05-09,1379,52,Active
15741875,0,2022-08-01,Spain,2022-08-10,2026-05-19,1378,42,Active
15670562,0,2022-08-29,France,2022-09-15,2026-06-24,1378,6,Active
15695078,0,2022-08-11,France,2022-08-29,2026-06-07,1378,23,Active
15694404,0,2022-08-13,France,2022-08-28,2026-06-05,1377,25,Active
15686885,0,2022-07-22,Germany,2022-07-22,2026-04-28,1376,63,Active
15800524,0,2022-08-28,Germany,2022-08-29,2026-06-05,1376,25,Active
15768293,0,2022-08-04,France,2022-08-19,2026-05-25,1375,36,Active
15782100,0,2022-08-21,Spain,2022-09-05,2026-06-11,1375,19,Active
15582591,0,2022-06-04,Spain,2022-06-04,2026-03-10,1375,112,At risk (inactive 90+ days)
15645543,0,2022-07-29,France,2022-09-13,2026-06-18,1374,12,Active
15747458,0,2022-08-18,Spain,2022-08-23,2026-05-28,1374,33,Active
15647402,0,2022-08-26,France,2022-09-13,2026-06-17,1373,13,Active
15628523,0,2022-07-23,France,2022-08-09,2026-05-13,1373,48,Active
15749114,0,2022-08-22,Spain,2022-09-14,2026-06-18,1373,12,Active
15714485,1,2021-01-29,France,2021-02-21,2024-11-24,1372,583,Churned
15732987,0,2022-08-29,Spain,2022-08-31,2026-06-03,1372,27,Active
15609899,0,2022-06-04,Spain,2022-06-21,2026-03-24,1372,98,At risk (inactive 90+ days)
15631201,0,2022-05-02,Spain,2022-06-23,2026-03-25,1371,97,At risk (inactive 90+ days)
15588090,1,2018-02-15,Germany,2018-03-06,2021-12-06,1371,1667,Churned
15757897,0,2022-08-21,France,2022-08-21,2026-05-23,1371,38,Active
15637690,1,2018-12-09,Germany,2018-12-13,2022-09-14,1371,1385,Churned
15798521,0,2022-08-31,Spain,2022-09-24,2026-06-25,1370,5,Active
15795132,0,2022-07-10,France,2022-07-29,2026-04-29,1370,62,Active
15625881,0,2022-08-15,Germany,2022-08-19,2026-05-19,1369,42,Active
15758831,0,2022-07-12,France,2022-07-16,2026-04-15,1369,76,Active
15725762,0,2022-07-01,France,2022-08-13,2026-05-13,1369,48,Active
15746674,1,2019-05-20,France,2019-06-20,2023-03-19,1368,1199,Churned
15773146,0,2022-08-02,France,2022-08-19,2026-05-18,1368,43,Active
15740476,0,2022-08-20,Germany,2022-08-30,2026-05-27,1366,34,Active
15576196,1,2020-07-02,Spain,2020-09-08,2024-06-05,1366,755,Churned
15722404,0,2022-08-11,France,2022-08-31,2026-05-27,1365,34,Active
15666652,0,2022-08-14,France,2022-08-23,2026-05-19,1365,42,Active
15584113,1,2021-12-07,Germany,2021-12-09,2025-09-03,1364,300,Churned
15680517,1,2019-03-05,Germany,2019-03-27,2022-12-20,1364,1288,Churned
15617790,0,2022-06-28,France,2022-09-08,2026-06-03,1364,27,Active
15733234,1,2021-08-04,France,2021-08-21,2025-05-15,1363,411,Churned
15782364,0,2022-09-30,Spain,2022-09-30,2026-06-24,1363,6,Active
15703394,0,2022-08-23,Spain,2022-09-17,2026-06-11,1363,19,Active
15677783,0,2022-06-18,Spain,2022-08-24,2026-05-18,1363,43,Active
15677377,0,2022-07-10,Spain,2022-08-30,2026-05-23,1362,38,Active
15788920,0,2022-06-02,Germany,2022-08-16,2026-05-09,1362,52,Active
15631170,0,2022-08-26,France,2022-09-12,2026-06-04,1361,26,Active
15815428,0,2022-09-15,France,2022-09-18,2026-06-10,1361,20,Active
15622230,0,2022-09-07,France,2022-09-07,2026-05-30,1361,31,Active
15572158,0,2022-08-30,Spain,2022-10-04,2026-06-26,1361,4,Active
15682728,0,2022-06-22,France,2022-08-09,2026-05-01,1361,60,Active
15750649,0,2022-08-10,France,2022-08-29,2026-05-20,1360,41,Active
15663826,0,2022-08-11,Spain,2022-09-16,2026-06-07,1360,23,Active
15693906,0,2022-08-06,France,2022-08-30,2026-05-21,1360,40,Active
15627514,0,2022-09-23,Spain,2022-09-27,2026-06-18,1360,12,Active
15772941,0,2022-09-19,Germany,2022-09-24,2026-06-15,1360,15,Active
15583736,0,2022-06-07,Germany,2022-08-30,2026-05-20,1359,41,Active
15763274,0,2022-08-21,France,2022-09-25,2026-06-14,1358,16,Active
15701352,0,2022-07-30,Spain,2022-07-30,2026-04-18,1358,73,Active
15704910,0,2022-08-20,Spain,2022-09-28,2026-06-16,1357,14,Active
15659236,0,2022-09-25,Spain,2022-09-30,2026-06-18,1357,12,Active
15716619,0,2022-09-21,Germany,2022-09-26,2026-06-14,1357,16,Active
15613048,1,2020-07-07,Germany,2020-09-01,2024-05-20,1357,771,Churned
15774738,0,2022-08-21,France,2022-09-09,2026-05-27,1356,34,Active
15647333,0,2022-04-21,France,2022-09-08,2026-05-26,1356,35,Active
15772030,0,2022-08-25,Spain,2022-08-29,2026-05-15,1355,46,Active
15757837,0,2022-08-11,Germany,2022-09-04,2026-05-20,1354,41,Active
15797204,0,2022-09-14,Spain,2022-09-14,2026-05-30,1354,31,Active
15623346,0,2022-06-19,France,2022-09-30,2026-06-15,1354,15,Active
15769818,0,2022-09-28,France,2022-10-04,2026-06-18,1353,12,Active
15746564,0,2022-09-02,France,2022-09-06,2026-05-21,1353,40,Active
15723299,1,2022-04-10,France,2022-04-22,2026-01-04,1353,177,Churned
15640866,0,2022-09-21,France,2022-10-01,2026-06-15,1353,15,Active
15659656,0,2022-06-12,France,2022-06-23,2026-03-07,1353,115,At risk (inactive 90+ days)
15744041,0,2022-08-12,France,2022-09-02,2026-05-17,1353,44,Active
15636016,0,2022-07-12,France,2022-08-12,2026-04-25,1352,66,Active
15579777,0,2022-08-10,France,2022-09-02,2026-05-16,1352,45,Active
15764726,0,2022-09-09,France,2022-09-18,2026-06-01,1352,29,Active
15683544,0,2022-09-12,Spain,2022-09-14,2026-05-27,1351,34,Active
15756871,0,2022-09-03,Spain,2022-09-09,2026-05-22,1351,39,Active
15626679,0,2022-08-08,France,2022-08-29,2026-05-11,1351,50,Active
15694237,0,2022-06-06,Spain,2022-07-31,2026-04-12,1351,79,Active
15791045,0,2022-09-28,France,2022-10-07,2026-06-19,1351,11,Active
15769499,0,2022-08-14,Spain,2022-09-06,2026-05-18,1350,43,Active
15725024,0,2022-09-10,Germany,2022-09-22,2026-06-03,1350,27,Active
15637240,0,2022-03-15,France,2022-08-29,2026-05-10,1350,51,Active
15735549,0,2022-09-07,Germany,2022-09-20,2026-06-01,1350,29,Active
15787550,0,2022-08-03,France,2022-08-16,2026-04-27,1350,64,Active
15734714,0,2022-07-31,France,2022-09-06,2026-05-18,1350,43,Active
15612350,1,2021-05-17,France,2021-07-28,2025-04-07,1349,449,Churned
15634950,1,2018-04-15,Germany,2018-04-27,2022-01-05,1349,1637,Churned
15630241,0,2022-09-20,France,2022-09-28,2026-06-08,1349,22,Active
15694300,0,2022-06-03,France,2022-08-14,2026-04-24,1349,67,Active
15701412,0,2022-06-14,France,2022-06-28,2026-03-08,1349,114,At risk (inactive 90+ days)
15657809,1,2015-10-24,France,2015-12-17,2019-08-27,1349,2499,Churned
15809137,1,2019-07-16,France,2019-09-17,2023-05-27,1348,1130,Churned
15703979,0,2022-07-31,Germany,2022-08-10,2026-04-19,1348,72,Active
15735339,0,2022-06-19,France,2022-08-05,2026-04-14,1348,77,Active
15649060,0,2022-09-05,Germany,2022-09-17,2026-05-27,1348,34,Active
15779973,0,2022-07-17,Germany,2022-07-31,2026-04-09,1348,82,Active
15771086,0,2022-09-27,France,2022-10-13,2026-06-21,1347,9,Active
15757931,0,2022-08-08,France,2022-09-20,2026-05-28,1346,33,Active
15764927,0,2022-09-03,France,2022-09-22,2026-05-30,1346,31,Active
15578980,0,2022-09-09,Spain,2022-09-26,2026-06-02,1345,28,Active
15761076,0,2022-08-30,France,2022-10-09,2026-06-15,1345,15,Active
15719649,0,2022-08-13,France,2022-09-02,2026-05-09,1345,52,Active
15768682,0,2022-08-29,Spain,2022-09-18,2026-05-25,1345,36,Active
15810786,0,2022-09-11,France,2022-09-18,2026-05-23,1343,38,Active
15754649,0,2022-08-29,Spain,2022-09-07,2026-05-12,1343,49,Active
15718912,1,2021-05-25,Germany,2021-06-11,2025-02-13,1343,502,Churned
15795878,0,2022-09-11,Spain,2022-10-03,2026-06-07,1343,23,Active
15613623,0,2022-09-10,Spain,2022-09-10,2026-05-14,1342,47,Active
15693131,0,2022-09-11,France,2022-09-26,2026-05-30,1342,31,Active
15723737,0,2022-07-27,France,2022-09-10,2026-05-13,1341,48,Active
15803352,0,2022-09-12,Germany,2022-10-06,2026-06-08,1341,22,Active
15793641,0,2022-09-07,France,2022-09-13,2026-05-16,1341,45,Active
15628203,0,2022-08-28,France,2022-09-05,2026-05-07,1340,54,Active
15674149,0,2022-09-10,Germany,2022-09-23,2026-05-25,1340,36,Active
15738487,0,2022-09-14,France,2022-10-03,2026-06-04,1340,26,Active
15620323,0,2022-08-14,Spain,2022-09-14,2026-05-15,1339,46,Active
15605665,0,2022-09-25,Germany,2022-10-01,2026-06-01,1339,29,Active
15657637,0,2022-09-29,Spain,2022-09-30,2026-05-31,1339,30,Active
15790282,0,2022-08-22,Germany,2022-08-22,2026-04-22,1339,69,Active
15591550,0,2022-07-27,Spain,2022-09-10,2026-05-11,1339,50,Active
15713975,1,2016-05-22,Germany,2016-08-12,2020-04-12,1339,2270,Churned
15664311,0,2022-09-14,Germany,2022-09-19,2026-05-19,1338,42,Active
15711309,0,2022-07-30,Germany,2022-10-10,2026-06-08,1337,22,Active
15582741,1,2020-12-08,France,2021-03-01,2024-10-28,1337,610,Churned
15594902,0,2022-08-09,France,2022-09-19,2026-05-18,1337,43,Active
15645937,0,2022-09-30,Spain,2022-10-19,2026-06-17,1337,13,Active
15773283,1,2019-10-03,France,2019-10-09,2023-06-07,1337,1119,Churned
15651450,0,2022-09-25,Germany,2022-10-08,2026-06-05,1336,25,Active
15683483,0,2022-09-29,Spain,2022-10-13,2026-06-10,1336,20,Active
15571940,0,2022-09-26,Spain,2022-10-07,2026-06-04,1336,26,Active
15815095,1,2019-01-20,Spain,2019-04-28,2022-12-23,1335,1285,Churned
15777892,0,2022-09-17,Germany,2022-10-14,2026-06-08,1333,22,Active
15630321,0,2022-09-16,France,2022-09-25,2026-05-20,1333,41,Active
15713819,0,2022-08-08,France,2022-08-21,2026-04-15,1333,76,Active
15705735,0,2022-08-22,Spain,2022-09-13,2026-05-07,1332,54,Active
15769980,0,2022-09-09,Germany,2022-10-01,2026-05-24,1331,37,Active
15632967,0,2022-09-13,France,2022-09-14,2026-05-07,1331,54,Active
15732476,0,2022-10-15,France,2022-10-18,2026-06-09,1330,21,Active
15641934,1,2016-12-22,Spain,2017-01-09,2020-08-31,1330,2129,Churned
15679283,0,2022-04-25,France,2022-05-16,2026-01-04,1329,177,At risk (inactive 90+ days)
15608209,0,2022-09-16,Germany,2022-10-22,2026-06-12,1329,18,Active
15807107,0,2022-07-29,France,2022-11-04,2026-06-25,1329,5,Active
15641835,0,2022-08-13,France,2022-09-03,2026-04-23,1328,68,Active
15778947,0,2022-09-04,France,2022-09-23,2026-05-13,1328,48,Active
15657449,0,2022-08-28,Germany,2022-09-02,2026-04-22,1328,69,Active
15565878,0,2022-09-11,Spain,2022-10-12,2026-05-31,1327,30,Active
15701972,0,2022-08-09,France,2022-09-22,2026-05-11,1327,50,Active
15759618,1,2016-09-17,France,2016-09-22,2020-05-09,1325,2243,Churned
15656322,0,2022-08-22,Germany,2022-10-08,2026-05-25,1325,36,Active
15606003,0,2022-09-23,France,2022-10-28,2026-06-14,1325,16,Active
15737275,0,2022-10-22,France,2022-10-26,2026-06-12,1325,18,Active
15694628,0,2022-07-01,Germany,2022-07-09,2026-02-22,1324,128,At risk (inactive 90+ days)
15763108,1,2018-09-30,Germany,2018-11-04,2022-06-19,1323,1472,Churned
15737748,0,2022-09-12,Spain,2022-10-22,2026-06-05,1322,25,Active
15585036,0,2022-10-05,Spain,2022-10-09,2026-05-22,1321,39,Active
15749050,0,2022-08-12,France,2022-08-31,2026-04-13,1321,78,Active
15614365,0,2022-09-07,Germany,2022-09-11,2026-04-24,1321,67,Active
15751412,0,2022-10-24,France,2022-10-27,2026-06-09,1321,21,Active
15576644,1,2022-06-01,Germany,2022-07-18,2026-02-27,1320,123,Churned
15800215,0,2022-09-18,France,2022-09-18,2026-04-30,1320,61,Active
15611947,0,2022-10-02,France,2022-10-11,2026-05-23,1320,38,Active
15674156,0,2022-09-04,Germany,2022-10-06,2026-05-18,1320,43,Active
15736371,0,2022-10-02,France,2022-10-13,2026-05-25,1320,36,Active
15624451,0,2022-10-04,France,2022-10-13,2026-05-24,1319,37,Active
15772528,1,2019-02-09,France,2019-02-20,2022-09-30,1318,1369,Churned
15569654,0,2022-10-13,Germany,2022-10-16,2026-05-26,1318,35,Active
15569452,0,2022-10-29,Germany,2022-11-02,2026-06-12,1318,18,Active
15646374,0,2022-09-02,Germany,2022-09-25,2026-05-04,1317,57,Active
15803965,0,2022-10-22,France,2022-11-05,2026-06-14,1317,16,Active
15647203,0,2022-09-23,France,2022-10-01,2026-05-10,1317,51,Active
15647974,0,2022-10-09,France,2022-10-17,2026-05-25,1316,36,Active
15769645,0,2022-09-23,France,2022-10-20,2026-05-26,1314,35,Active
15662501,1,2022-07-08,France,2022-07-23,2026-02-26,1314,124,Churned
15645778,0,2022-10-12,Spain,2022-10-18,2026-05-23,1313,38,Active
15699195,0,2022-10-22,France,2022-10-29,2026-06-03,1313,27,Active
15602354,0,2022-09-03,Germany,2022-10-09,2026-05-14,1313,47,Active
15773876,0,2022-09-08,France,2022-10-19,2026-05-24,1313,37,Active
15802909,0,2022-10-19,Germany,2022-11-06,2026-06-11,1313,19,Active
15773039,0,2022-09-26,France,2022-10-18,2026-05-22,1312,39,Active
15738448,0,2022-08-27,Germany,2022-09-08,2026-04-12,1312,79,Active
15782144,0,2022-10-23,France,2022-11-06,2026-06-10,1312,20,Active
15662189,0,2022-10-25,Spain,2022-10-25,2026-05-29,1312,32,Active
15592386,0,2022-10-09,France,2022-10-23,2026-05-26,1311,35,Active
15719958,0,2022-10-21,Germany,2022-11-05,2026-06-08,1311,22,Active
15617320,0,2022-09-27,Spain,2022-10-07,2026-05-10,1311,51,Active
15581539,0,2022-09-08,Spain,2022-10-01,2026-05-03,1310,58,Active
15766896,0,2022-09-20,France,2022-10-09,2026-05-11,1310,50,Active
15795690,0,2022-10-12,France,2022-10-12,2026-05-14,1310,47,Active
15678067,0,2022-08-03,Spain,2022-08-14,2026-03-16,1310,106,At risk (inactive 90+ days)
15626243,0,2022-10-30,France,2022-11-21,2026-06-23,1310,7,Active
15584532,1,2019-01-27,France,2019-02-11,2022-09-13,1310,1386,Churned
15739131,0,2022-06-14,Germany,2022-10-07,2026-05-08,1309,53,Active
15566891,0,2022-07-25,Germany,2022-08-13,2026-03-14,1309,108,At risk (inactive 90+ days)
15570141,0,2022-08-01,France,2022-08-03,2026-03-04,1309,118,At risk (inactive 90+ days)
15713890,0,2022-10-10,France,2022-11-05,2026-06-06,1309,24,Active
15584897,0,2022-07-13,France,2022-07-20,2026-02-18,1309,132,At risk (inactive 90+ days)
15594815,0,2022-10-31,France,2022-11-04,2026-06-04,1308,26,Active
15610753,0,2022-09-30,France,2022-11-22,2026-06-22,1308,8,Active
15774936,1,2019-09-16,Germany,2019-10-06,2023-05-06,1308,1151,Churned
15798964,0,2022-07-24,Germany,2022-08-11,2026-03-11,1308,111,At risk (inactive 90+ days)
15622182,0,2022-10-08,Germany,2022-10-31,2026-05-30,1307,31,Active
15761477,0,2022-06-29,Germany,2022-11-05,2026-06-03,1306,27,Active
15724955,0,2022-09-18,France,2022-11-13,2026-06-11,1306,19,Active
15791053,1,2021-08-03,Germany,2021-08-22,2025-03-19,1305,468,Churned
15764431,1,2020-12-04,Spain,2020-12-04,2024-06-30,1304,730,Churned
15736990,0,2022-07-23,France,2022-08-14,2026-03-10,1304,112,At risk (inactive 90+ days)
15627305,1,2019-03-10,Spain,2019-04-06,2022-10-30,1303,1339,Churned
15610271,0,2022-10-29,Spain,2022-11-07,2026-06-02,1303,28,Active
15768340,0,2022-08-15,Germany,2022-09-01,2026-03-27,1303,95,At risk (inactive 90+ days)
15745375,0,2022-11-27,Germany,2022-11-27,2026-06-22,1303,8,Active
15778135,0,2022-10-04,Spain,2022-10-27,2026-05-21,1302,40,Active
15660866,0,2022-09-27,France,2022-11-03,2026-05-28,1302,33,Active
15730161,0,2022-08-23,France,2022-08-25,2026-03-19,1302,103,At risk (inactive 90+ days)
15571958,0,2022-07-31,Spain,2022-09-06,2026-03-31,1302,91,At risk (inactive 90+ days)
15640074,1,2021-06-24,Spain,2021-09-24,2025-04-18,1302,438,Churned
15763898,0,2022-10-21,Spain,2022-10-28,2026-05-22,1302,39,Active
15746076,0,2022-08-06,Spain,2022-08-07,2026-02-28,1301,122,At risk (inactive 90+ days)
15688760,0,2022-11-19,Germany,2022-11-19,2026-06-11,1300,19,Active
15805690,1,2018-09-01,Spain,2018-09-05,2022-03-28,1300,1555,Churned
15793346,0,2022-11-05,France,2022-11-06,2026-05-29,1300,32,Active
15721504,0,2022-10-21,Spain,2022-11-09,2026-06-01,1300,29,Active
15613085,0,2022-10-12,Spain,2022-10-31,2026-05-22,1299,39,Active
15726186,0,2022-06-07,Spain,2022-07-21,2026-02-08,1298,142,At risk (inactive 90+ days)
15725028,0,2022-09-25,France,2022-10-09,2026-04-29,1298,62,Active
15637315,0,2022-08-12,Spain,2022-11-02,2026-05-21,1296,40,Active
15641009,0,2022-07-28,France,2022-09-23,2026-04-10,1295,81,Active
15585961,0,2022-10-16,Spain,2022-10-17,2026-05-04,1295,57,Active
15613141,0,2022-09-17,France,2022-11-21,2026-06-08,1295,22,Active
15785078,0,2022-10-14,Spain,2022-11-15,2026-06-02,1295,28,Active
15669611,0,2022-11-04,France,2022-11-07,2026-05-25,1295,36,Active
15575391,0,2022-10-05,France,2022-10-05,2026-04-21,1294,70,Active
15740404,0,2022-10-17,France,2022-11-03,2026-05-19,1293,42,Active
15697789,0,2022-11-13,Germany,2022-11-14,2026-05-30,1293,31,Active
15626044,0,2022-11-01,Germany,2022-11-12,2026-05-28,1293,33,Active
15658982,1,2020-09-23,Germany,2020-09-26,2024-04-11,1293,810,Churned
15749669,0,2022-11-20,France,2022-11-26,2026-06-11,1293,19,Active
15645621,0,2022-10-25,Spain,2022-11-14,2026-05-29,1292,32,Active
15789563,1,2018-10-31,Germany,2018-11-12,2022-05-27,1292,1495,Churned
15776939,0,2022-10-08,Germany,2022-10-13,2026-04-27,1292,64,Active
15640825,0,2022-11-05,Spain,2022-11-08,2026-05-22,1291,39,Active
15814675,1,2017-10-04,Germany,2018-03-06,2021-09-17,1291,1747,Churned
15692929,1,2016-04-24,Germany,2016-04-26,2019-11-07,1290,2427,Churned
15795737,0,2022-11-12,Spain,2022-11-15,2026-05-28,1290,33,Active
15810995,0,2022-10-09,Germany,2022-11-03,2026-05-16,1290,45,Active
15686963,0,2022-10-10,Spain,2022-10-29,2026-05-10,1289,51,Active
15592197,0,2022-10-11,Spain,2022-10-25,2026-05-06,1289,55,Active
15801351,0,2022-10-19,France,2022-10-31,2026-05-12,1289,49,Active
15779659,0,2022-10-20,France,2022-11-01,2026-05-12,1288,49,Active
15724282,0,2022-11-21,Germany,2022-12-06,2026-06-16,1288,14,Active
15642345,1,2022-03-05,Germany,2022-03-22,2025-09-30,1288,273,Churned
15656426,0,2022-10-07,France,2022-10-30,2026-05-10,1288,51,Active
15807900,1,2018-07-27,France,2018-08-11,2022-02-19,1288,1592,Churned
15659420,0,2022-10-14,Spain,2022-10-17,2026-04-26,1287,65,Active
15712960,0,2022-11-09,Spain,2022-11-13,2026-05-22,1286,39,Active
15781777,0,2022-11-20,France,2022-11-24,2026-06-01,1285,29,Active
15673837,0,2022-11-07,Spain,2022-11-10,2026-05-18,1285,43,Active
15683892,0,2022-09-20,Germany,2022-09-26,2026-04-03,1285,88,Active
15608845,0,2022-10-30,Spain,2022-11-13,2026-05-21,1285,40,Active
15647301,0,2022-11-27,Germany,2022-12-09,2026-06-15,1284,15,Active
15783444,0,2022-11-04,France,2022-11-23,2026-05-30,1284,31,Active
15806837,0,2022-06-07,France,2022-09-22,2026-03-29,1284,93,At risk (inactive 90+ days)
15748068,0,2022-10-20,Spain,2022-11-03,2026-05-10,1284,51,Active
15697310,0,2022-07-30,Germany,2022-12-11,2026-06-17,1284,13,Active
15692463,0,2022-09-08,Spain,2022-09-09,2026-03-15,1283,107,At risk (inactive 90+ days)
15734886,0,2022-10-24,France,2022-10-28,2026-05-03,1283,58,Active
15679024,0,2022-08-28,France,2022-10-01,2026-04-06,1283,85,Active
15807045,0,2022-09-20,Germany,2022-12-03,2026-06-08,1283,22,Active
15736228,0,2022-11-17,France,2022-12-04,2026-06-09,1283,21,Active
15584320,0,2022-08-12,France,2022-11-03,2026-05-09,1283,52,Active
15623649,0,2022-10-27,Spain,2022-12-16,2026-06-21,1283,9,Active
15671534,1,2020-04-10,Germany,2020-06-10,2023-12-15,1283,928,Churned
15661745,0,2022-11-18,France,2022-12-02,2026-06-07,1283,23,Active
15718406,0,2022-09-01,France,2022-09-14,2026-03-20,1283,102,At risk (inactive 90+ days)
15671789,0,2022-11-21,France,2022-11-24,2026-05-29,1282,32,Active
15654456,1,2020-02-14,Germany,2020-04-21,2023-10-25,1282,979,Churned
15685653,0,2022-07-25,Germany,2022-10-29,2026-05-03,1282,58,Active
15756975,0,2022-09-30,Spain,2022-10-16,2026-04-19,1281,72,Active
15567442,0,2022-11-25,France,2022-12-15,2026-06-18,1281,12,Active
15598044,0,2022-11-13,France,2022-11-16,2026-05-19,1280,42,Active
15598162,0,2022-11-13,Germany,2022-12-01,2026-06-03,1280,27,Active
15609558,1,2021-03-12,Germany,2021-03-23,2024-09-23,1280,645,Churned
15700366,0,2022-11-27,France,2022-12-21,2026-06-22,1279,8,Active
15811594,0,2022-11-06,Spain,2022-11-28,2026-05-30,1279,31,Active
15662434,0,2022-11-18,France,2022-11-24,2026-05-25,1278,36,Active
15792151,0,2022-10-14,Spain,2022-11-05,2026-05-06,1278,55,Active
15783875,0,2022-04-29,France,2022-10-20,2026-04-20,1278,71,Active
15649112,0,2022-11-18,Spain,2022-12-09,2026-06-08,1277,22,Active
15583221,0,2022-11-07,Germany,2022-12-03,2026-06-02,1277,28,Active
15634974,1,2018-04-02,France,2018-04-11,2021-10-08,1276,1726,Churned
15640078,1,2020-09-10,Germany,2020-09-14,2024-03-12,1275,840,Churned
15660840,0,2022-08-19,France,2022-10-01,2026-03-29,1275,93,At risk (inactive 90+ days)
15592854,0,2022-11-01,France,2022-11-24,2026-05-22,1275,39,Active
15584766,0,2022-10-25,France,2022-11-08,2026-05-05,1274,56,Active
15746749,0,2022-11-28,Spain,2022-12-10,2026-06-06,1274,24,Active
15666823,0,2022-05-17,France,2022-07-26,2026-01-20,1274,161,At risk (inactive 90+ days)
15593468,0,2022-11-28,France,2022-12-08,2026-06-04,1274,26,Active
15731555,1,2017-05-03,Germany,2017-06-20,2020-12-15,1274,2023,Churned
15741988,1,2017-07-18,Germany,2017-08-07,2021-02-01,1274,1975,Churned
15799494,0,2022-11-30,Germany,2022-12-26,2026-06-22,1274,8,Active
15811927,0,2022-07-07,France,2022-11-27,2026-05-24,1274,37,Active
15794356,0,2022-10-12,Germany,2022-10-21,2026-04-17,1274,74,Active
15689322,0,2022-09-28,Spain,2022-12-28,2026-06-24,1274,6,Active
15686302,0,2022-11-18,Spain,2022-11-24,2026-05-20,1273,41,Active
15725679,1,2020-06-12,France,2020-07-22,2024-01-16,1273,896,Churned
15567399,0,2022-11-25,Germany,2022-12-07,2026-06-02,1273,28,Active
15739857,0,2022-11-09,France,2022-12-06,2026-06-01,1273,29,Active
15657349,1,2018-03-13,Germany,2018-04-02,2021-09-26,1273,1738,Churned
15717706,0,2022-11-09,France,2022-11-28,2026-05-23,1272,38,Active
15655875,0,2022-12-13,France,2022-12-15,2026-06-09,1272,21,Active
15790067,0,2022-09-27,Spain,2022-11-02,2026-04-27,1272,64,Active
15694409,0,2022-12-21,Germany,2022-12-21,2026-06-14,1271,16,Active
15708289,0,2022-10-25,Spain,2022-12-10,2026-06-02,1270,28,Active
15625740,0,2022-11-23,Germany,2022-11-28,2026-05-20,1269,41,Active
15806327,0,2022-11-25,France,2022-12-15,2026-06-06,1269,24,Active
15668886,0,2022-11-19,Spain,2022-11-21,2026-05-12,1268,49,Active
15571002,0,2022-06-30,France,2022-07-31,2026-01-19,1268,162,At risk (inactive 90+ days)
15567013,0,2022-10-05,Spain,2022-11-15,2026-05-06,1268,55,Active
15574137,0,2022-10-02,Spain,2022-11-22,2026-05-12,1267,49,Active
15658486,0,2022-12-28,Spain,2023-01-03,2026-06-22,1266,8,Active
15751926,0,2022-12-25,Germany,2023-01-01,2026-06-20,1266,10,Active
15691625,0,2022-10-16,Germany,2022-10-19,2026-04-05,1264,86,Active
15753174,1,2016-09-17,Germany,2017-01-10,2020-06-27,1264,2194,Churned
15752467,0,2022-11-03,Spain,2022-11-25,2026-05-12,1264,49,Active
15626233,0,2022-11-03,France,2022-11-14,2026-04-30,1263,61,Active
15669281,0,2022-11-24,Spain,2023-01-01,2026-06-17,1263,13,Active
15781451,0,2022-11-13,France,2022-12-01,2026-05-17,1263,44,Active
15715638,0,2022-10-16,Germany,2022-12-22,2026-06-06,1262,24,Active
15600974,1,2021-01-26,Spain,2021-02-04,2024-07-19,1261,711,Churned
15631800,0,2022-10-06,France,2022-10-08,2026-03-22,1261,100,At risk (inactive 90+ days)
15665861,0,2022-12-04,Spain,2022-12-10,2026-05-24,1261,37,Active
15808182,0,2022-09-07,Spain,2022-09-12,2026-02-23,1260,127,At risk (inactive 90+ days)
15686909,0,2022-12-11,Germany,2022-12-14,2026-05-27,1260,34,Active
15754796,1,2022-05-14,Germany,2022-05-24,2025-11-04,1260,238,Churned
15789714,0,2022-10-23,Spain,2022-12-17,2026-05-30,1260,31,Active
15696744,0,2022-12-28,France,2023-01-01,2026-06-14,1260,16,Active
15712772,0,2022-12-26,France,2023-01-03,2026-06-16,1260,14,Active
15587299,0,2022-10-13,France,2022-12-07,2026-05-20,1260,41,Active
15677310,1,2021-04-07,Germany,2021-04-08,2024-09-19,1260,649,Churned
15723886,0,2022-12-24,Germany,2023-01-02,2026-06-13,1258,17,Active
15803716,0,2022-12-24,Spain,2023-01-09,2026-06-20,1258,10,Active
15722053,0,2022-12-10,Spain,2022-12-24,2026-06-04,1258,26,Active
15744691,0,2022-09-04,France,2022-12-15,2026-05-25,1257,36,Active
15572174,0,2022-12-17,France,2022-12-23,2026-06-02,1257,28,Active
15680303,1,2020-02-17,France,2020-03-04,2023-08-12,1256,1053,Churned
15604588,0,2022-10-12,Spain,2022-11-17,2026-04-26,1256,65,Active
15769703,1,2017-09-19,Germany,2017-10-02,2021-03-11,1256,1937,Churned
15646091,1,2022-06-03,Spain,2022-06-04,2025-11-11,1256,231,Churned
15720508,0,2022-09-21,France,2022-12-04,2026-05-13,1256,48,Active
15587835,0,2022-11-15,France,2022-12-26,2026-06-04,1256,26,Active
15709621,0,2022-12-22,France,2023-01-02,2026-06-11,1256,19,Active
15730830,0,2022-12-21,France,2023-01-01,2026-06-09,1255,21,Active
15664808,0,2022-09-01,Spain,2022-10-24,2026-04-01,1255,90,Active
15711352,0,2022-10-19,France,2022-10-26,2026-04-03,1255,88,Active
15636977,1,2016-10-21,Germany,2016-10-30,2020-04-07,1255,2275,Churned
15687363,0,2022-12-07,France,2022-12-18,2026-05-26,1255,35,Active
15745326,1,2022-07-14,France,2022-07-18,2025-12-23,1254,189,Churned
15572408,0,2022-10-14,Germany,2022-11-22,2026-04-29,1254,62,Active
15770030,0,2022-12-24,Spain,2023-01-06,2026-06-12,1253,18,Active
15727467,0,2022-11-27,France,2023-01-06,2026-06-12,1253,18,Active
15630592,1,2022-05-28,France,2022-08-07,2026-01-11,1253,170,Churned
15637788,0,2022-11-06,France,2022-12-13,2026-05-19,1253,42,Active
15651140,0,2022-12-13,France,2022-12-27,2026-06-01,1252,29,Active
15579212,1,2019-12-23,France,2020-01-03,2023-06-08,1252,1118,Churned
15625632,0,2022-12-24,France,2023-01-05,2026-06-10,1252,20,Active
15748069,0,2022-10-26,France,2022-12-15,2026-05-20,1252,41,Active
15709252,1,2015-12-10,Germany,2015-12-31,2019-06-05,1252,2582,Churned
15754168,0,2022-12-14,France,2022-12-14,2026-05-19,1252,42,Active
15672970,0,2022-10-15,Spain,2022-12-12,2026-05-16,1251,45,Active
15698791,0,2022-09-09,France,2022-09-26,2026-02-28,1251,122,At risk (inactive 90+ days)
15775761,1,2021-02-02,Germany,2021-03-14,2024-08-16,1251,683,Churned
15803526,0,2022-12-22,Germany,2023-01-02,2026-06-05,1250,25,Active
15747358,0,2022-12-10,Germany,2022-12-23,2026-05-26,1250,35,Active
15639415,0,2022-10-19,France,2023-01-06,2026-06-09,1250,21,Active
15660646,0,2022-12-08,France,2022-12-22,2026-05-25,1250,36,Active
15662238,0,2022-09-11,France,2022-11-24,2026-04-27,1250,64,Active
15672082,0,2022-11-24,France,2022-12-04,2026-05-07,1250,54,Active
15752186,0,2022-12-26,France,2023-01-01,2026-06-04,1250,26,Active
15806808,1,2018-03-19,Germany,2018-04-26,2021-09-26,1249,1738,Churned
15635177,0,2022-11-12,Spain,2022-11-24,2026-04-25,1248,66,Active
15677939,0,2022-12-08,France,2022-12-19,2026-05-20,1248,41,Active
15696588,0,2022-12-06,France,2022-12-25,2026-05-26,1248,35,Active
15781298,0,2022-12-20,Germany,2023-01-14,2026-06-15,1248,15,Active
15750811,0,2022-10-06,Germany,2022-12-20,2026-05-20,1247,41,Active
15621195,0,2022-11-20,Germany,2022-11-22,2026-04-21,1246,70,Active
15586931,0,2022-10-04,Spain,2022-12-25,2026-05-24,1246,37,Active
15643770,1,2020-11-15,France,2021-01-06,2024-06-05,1246,755,Churned
15725767,0,2022-09-01,France,2022-10-01,2026-02-27,1245,123,At risk (inactive 90+ days)
15642726,0,2022-09-27,France,2022-12-01,2026-04-29,1245,62,Active
15636626,0,2022-12-19,France,2023-01-02,2026-05-31,1245,30,Active
15663164,1,2019-04-26,Germany,2019-09-17,2023-02-12,1244,1234,Churned
15589437,0,2022-11-28,France,2022-12-22,2026-05-19,1244,42,Active
15603683,0,2022-10-18,Spain,2022-10-18,2026-03-15,1244,107,At risk (inactive 90+ days)
15675983,0,2022-12-10,France,2022-12-27,2026-05-23,1243,38,Active
15656096,0,2022-12-16,Spain,2022-12-31,2026-05-26,1242,35,Active
15623107,1,2022-07-03,Spain,2022-07-07,2025-11-30,1242,212,Churned
15765283,0,2023-01-02,Germany,2023-01-02,2026-05-28,1242,33,Active
15575024,0,2022-11-26,France,2023-01-03,2026-05-28,1241,33,Active
15639590,0,2022-11-17,France,2022-12-03,2026-04-27,1241,64,Active
15714046,0,2022-12-26,Spain,2023-01-05,2026-05-30,1241,31,Active
15787756,1,2015-11-19,Germany,2015-12-11,2019-05-05,1241,2613,Churned
15648800,1,2017-07-24,Germany,2017-08-02,2020-12-24,1240,2014,Churned
15650322,0,2022-11-24,France,2023-01-20,2026-06-13,1240,17,Active
15728693,0,2022-11-03,Germany,2022-11-12,2026-04-04,1239,87,Active
15668444,0,2022-08-27,Spain,2022-12-23,2026-05-15,1239,46,Active
15623471,0,2022-09-12,Germany,2022-11-05,2026-03-28,1239,94,At risk (inactive 90+ days)
15635964,1,2021-09-30,Germany,2021-10-15,2025-03-07,1239,480,Churned
15775307,0,2023-01-21,Spain,2023-01-23,2026-06-15,1239,15,Active
15800083,1,2017-09-05,France,2017-09-08,2021-01-28,1238,1979,Churned
15804150,0,2023-01-21,France,2023-01-22,2026-06-13,1238,17,Active
15806570,1,2022-05-31,France,2022-06-05,2025-10-25,1238,248,Churned
15601012,1,2022-07-08,France,2022-09-15,2026-02-04,1238,146,Churned
15646539,0,2022-09-11,France,2022-12-01,2026-04-20,1236,71,Active
15605461,0,2022-12-24,Germany,2023-01-02,2026-05-20,1234,41,Active
15756481,0,2022-12-28,France,2023-02-03,2026-06-20,1233,10,Active
15700650,0,2023-01-22,France,2023-01-31,2026-06-17,1233,13,Active
15702434,0,2022-10-09,France,2023-01-14,2026-05-31,1233,30,Active
15766172,0,2023-01-08,France,2023-01-11,2026-05-27,1232,34,Active
15647898,1,2021-02-01,Spain,2021-05-05,2024-09-18,1232,650,Churned
15732917,1,2020-12-08,Germany,2020-12-15,2024-04-29,1231,792,Churned
15743893,0,2022-07-07,France,2022-10-26,2026-03-10,1231,112,At risk (inactive 90+ days)
15735837,0,2022-11-17,Spain,2022-11-17,2026-04-01,1231,90,Active
15595350,0,2022-10-22,France,2023-02-01,2026-06-16,1231,14,Active
15658889,1,2022-02-08,France,2022-02-15,2025-06-29,1230,366,Churned
15723858,0,2023-01-04,Spain,2023-01-07,2026-05-21,1230,40,Active
15787693,1,2022-11-10,Spain,2022-12-16,2026-04-29,1230,62,Churned
15641732,0,2022-12-15,France,2022-12-23,2026-05-05,1229,56,Active
15619626,0,2023-01-26,France,2023-02-05,2026-06-18,1229,12,Active
15759038,0,2022-12-15,France,2022-12-21,2026-05-03,1229,58,Active
15627412,0,2022-12-04,France,2023-01-04,2026-05-17,1229,44,Active
15714575,1,2018-05-01,Germany,2018-05-14,2021-09-24,1229,1740,Churned
15620756,1,2020-05-29,France,2020-07-09,2023-11-20,1229,953,Churned
15806983,0,2022-10-11,France,2022-11-18,2026-03-30,1228,92,At risk (inactive 90+ days)
15665177,0,2022-12-18,France,2023-01-21,2026-06-02,1228,28,Active
15723488,1,2018-08-29,Germany,2018-09-03,2022-01-12,1227,1630,Churned
15566251,1,2021-05-31,France,2021-08-01,2024-12-10,1227,567,Churned
15795228,0,2022-12-11,France,2022-12-22,2026-05-02,1227,59,Active
15746326,0,2022-12-02,France,2023-01-03,2026-05-14,1227,47,Active
15728456,1,2022-10-16,France,2022-10-24,2026-03-04,1227,118,Churned
15753888,1,2018-02-24,Spain,2018-04-09,2021-08-18,1227,1777,Churned
15750141,0,2022-08-07,Germany,2022-12-03,2026-04-12,1226,79,Active
15674811,0,2023-01-21,Germany,2023-02-02,2026-06-12,1226,18,Active
15788539,0,2022-12-15,France,2022-12-19,2026-04-28,1226,63,Active
15728706,1,2019-05-03,France,2019-05-06,2022-09-13,1226,1386,Churned
15705403,0,2023-01-21,Spain,2023-02-04,2026-06-14,1226,16,Active
15724443,0,2022-12-22,Germany,2022-12-26,2026-05-04,1225,57,Active
15684696,0,2022-12-27,Spain,2023-02-12,2026-06-20,1224,10,Active
15726588,0,2022-12-03,Spain,2022-12-29,2026-05-06,1224,55,Active
15648725,0,2022-12-26,France,2023-01-31,2026-06-08,1224,22,Active
15750121,0,2023-01-26,France,2023-01-26,2026-06-03,1224,27,Active
15756321,1,2020-07-11,Spain,2020-10-05,2024-02-11,1224,870,Churned
15589739,0,2022-12-27,France,2023-01-20,2026-05-27,1223,34,Active
15596379,0,2022-11-19,Germany,2023-01-23,2026-05-30,1223,31,Active
15570004,0,2022-11-09,France,2023-01-09,2026-05-15,1222,46,Active
15768151,1,2022-10-30,Germany,2022-11-13,2026-03-19,1222,103,Churned
15656249,0,2023-01-02,France,2023-01-22,2026-05-28,1222,33,Active
15694288,0,2022-09-21,Spain,2022-11-30,2026-04-04,1221,87,Active
15741719,0,2023-01-30,France,2023-02-12,2026-06-17,1221,13,Active
15667588,0,2023-01-30,Spain,2023-02-08,2026-06-13,1221,17,Active
15725511,0,2023-01-30,France,2023-02-18,2026-06-22,1220,8,Active
15787459,0,2022-12-11,Spain,2023-02-03,2026-06-07,1220,23,Active
15591740,1,2021-08-06,France,2021-08-24,2024-12-26,1220,551,Churned
15753566,0,2023-01-23,France,2023-02-04,2026-06-07,1219,23,Active
15780498,0,2022-10-07,France,2022-12-26,2026-04-28,1219,63,Active
15722533,0,2022-12-20,France,2023-01-01,2026-05-03,1218,58,Active
15628963,0,2022-12-07,Germany,2022-12-27,2026-04-28,1218,63,Active
15780716,0,2023-01-03,Germany,2023-01-07,2026-05-09,1218,52,Active
15644551,0,2023-01-10,Spain,2023-01-16,2026-05-18,1218,43,Active
15768124,0,2022-10-21,France,2023-02-02,2026-06-03,1217,27,Active
15780654,0,2023-01-05,Germany,2023-01-09,2026-05-09,1216,52,Active
15572051,0,2023-01-24,France,2023-02-04,2026-06-04,1216,26,Active
15696900,0,2023-01-26,Germany,2023-02-12,2026-06-11,1215,19,Active
15589018,0,2023-01-18,Germany,2023-02-10,2026-06-09,1215,21,Active
15756056,0,2022-08-29,Spain,2022-12-20,2026-04-17,1214,74,Active
15608226,0,2022-12-29,Spain,2023-01-10,2026-05-08,1214,53,Active
15675252,0,2023-01-26,Spain,2023-02-06,2026-06-04,1214,26,Active
15804797,1,2022-11-15,France,2022-12-01,2026-03-29,1214,93,Churned
15623791,0,2023-01-07,Spain,2023-01-14,2026-05-11,1213,50,Active
15645956,0,2022-11-21,Spain,2022-11-21,2026-03-18,1213,104,At risk (inactive 90+ days)
15622321,0,2022-12-24,France,2023-02-13,2026-06-10,1213,20,Active
15735025,0,2022-12-11,Spain,2023-01-21,2026-05-18,1213,43,Active
15625641,0,2023-01-27,Germany,2023-02-10,2026-06-06,1212,24,Active
15600708,0,2023-01-02,Spain,2023-01-23,2026-05-19,1212,42,Active
15705379,0,2022-10-30,France,2022-12-31,2026-04-26,1212,65,Active
15794178,0,2022-12-19,France,2022-12-29,2026-04-23,1211,68,Active
15590344,0,2023-01-15,Germany,2023-02-06,2026-05-31,1210,30,Active
15649379,0,2023-01-21,France,2023-02-07,2026-06-01,1210,29,Active
15718443,0,2022-11-25,France,2022-12-26,2026-04-18,1209,73,Active
15667521,0,2023-01-26,France,2023-02-22,2026-06-15,1209,15,Active
15566740,0,2023-01-20,Spain,2023-01-23,2026-05-16,1209,45,Active
15731281,0,2022-12-02,Germany,2022-12-17,2026-04-08,1208,83,Active
15653952,0,2023-01-28,Germany,2023-02-09,2026-06-01,1208,29,Active
15708256,0,2023-01-22,France,2023-02-15,2026-06-06,1207,24,Active
15655213,1,2017-12-19,Germany,2017-12-25,2021-04-15,1207,1902,Churned
15679966,0,2023-01-27,France,2023-02-07,2026-05-29,1207,32,Active
15775203,0,2023-02-21,France,2023-02-25,2026-06-15,1206,15,Active
15633546,0,2023-01-14,Spain,2023-01-26,2026-05-16,1206,45,Active
15684358,0,2023-01-23,France,2023-02-03,2026-05-24,1206,37,Active
15688193,0,2023-01-10,France,2023-02-12,2026-06-01,1205,29,Active
15719827,0,2023-01-01,France,2023-02-01,2026-05-21,1205,40,Active
15720559,1,2020-10-20,Germany,2020-10-30,2024-02-16,1204,865,Churned
15710408,0,2023-02-26,Spain,2023-03-06,2026-06-20,1202,10,Active
15651315,0,2023-01-17,France,2023-01-18,2026-05-04,1202,57,Active
15686974,1,2022-05-12,France,2022-06-01,2025-09-15,1202,288,Churned
15577478,0,2023-02-26,France,2023-03-04,2026-06-17,1201,13,Active
15795151,0,2023-02-22,France,2023-02-28,2026-06-13,1201,17,Active
15671104,0,2023-02-07,Spain,2023-02-12,2026-05-28,1201,33,Active
15603035,0,2023-02-09,France,2023-02-16,2026-05-31,1200,30,Active
15682757,0,2022-11-02,France,2023-02-07,2026-05-21,1199,40,Active
15689294,0,2022-12-24,Germany,2023-01-28,2026-05-11,1199,50,Active
15634815,0,2023-02-24,France,2023-03-03,2026-06-13,1198,17,Active
15649744,0,2023-02-18,France,2023-02-22,2026-06-03,1197,27,Active
15596863,0,2023-01-11,Germany,2023-01-25,2026-05-06,1197,55,Active
15812482,0,2022-11-28,France,2023-02-24,2026-06-05,1197,25,Active
15804211,0,2023-01-09,France,2023-02-01,2026-05-13,1197,48,Active
15727499,0,2023-01-26,Germany,2023-02-06,2026-05-18,1197,43,Active
15800856,0,2023-02-12,Spain,2023-02-16,2026-05-27,1196,34,Active
15638989,1,2020-07-16,France,2020-09-03,2023-12-13,1196,930,Churned
15674551,1,2019-03-02,Germany,2019-04-16,2022-07-23,1194,1438,Churned
15712938,0,2023-01-17,France,2023-02-13,2026-05-22,1194,39,Active
15611848,0,2023-02-03,Germany,2023-02-21,2026-05-30,1194,31,Active
15760446,1,2016-08-19,France,2016-08-19,2019-11-25,1193,2409,Churned
15780411,0,2023-01-02,France,2023-01-10,2026-04-17,1193,74,Active
15612505,0,2023-02-11,Spain,2023-02-22,2026-05-30,1193,31,Active
15585580,1,2017-06-24,Germany,2017-07-01,2020-10-06,1193,2093,Churned
15798709,0,2022-12-17,Spain,2022-12-31,2026-04-07,1193,84,Active
15752816,0,2022-11-03,France,2022-11-06,2026-02-10,1192,140,At risk (inactive 90+ days)
15749119,0,2023-02-27,France,2023-03-17,2026-06-21,1192,9,Active
15750569,0,2022-12-05,Germany,2023-01-06,2026-04-11,1191,80,Active
15765048,0,2022-12-02,France,2022-12-08,2026-03-13,1191,109,At risk (inactive 90+ days)
15755416,0,2023-02-20,France,2023-02-23,2026-05-29,1191,32,Active
15661034,1,2020-09-10,Germany,2020-09-14,2023-12-19,1191,924,Churned
15689980,1,2022-03-05,Spain,2022-03-20,2025-06-22,1190,373,Churned
15713770,0,2023-02-13,Spain,2023-02-14,2026-05-18,1189,43,Active
15699524,0,2022-07-05,France,2022-09-22,2025-12-24,1189,188,At risk (inactive 90+ days)
15643696,0,2023-02-19,France,2023-03-13,2026-06-13,1188,17,Active
15690182,1,2021-04-07,Germany,2021-04-27,2024-07-28,1188,702,Churned
15632736,0,2022-12-08,Germany,2023-01-26,2026-04-28,1188,63,Active
15677586,0,2023-02-18,Germany,2023-03-09,2026-06-08,1187,22,Active
15608595,0,2023-02-12,France,2023-02-20,2026-05-22,1187,39,Active
15685640,0,2023-02-27,France,2023-03-12,2026-06-11,1187,19,Active
15707861,1,2016-03-28,France,2016-06-15,2019-09-15,1187,2480,Churned
15782735,0,2023-02-17,France,2023-03-01,2026-05-30,1186,31,Active
15673539,0,2022-12-06,France,2022-12-09,2026-03-09,1186,113,At risk (inactive 90+ days)
15616529,0,2023-01-07,Spain,2023-01-28,2026-04-27,1185,64,Active
15769353,1,2017-11-23,France,2017-12-07,2021-03-06,1185,1942,Churned
15669219,0,2023-02-06,Germany,2023-02-09,2026-05-08,1184,53,Active
15610643,0,2023-02-02,Germany,2023-02-20,2026-05-18,1183,43,Active
15682454,0,2023-01-09,France,2023-02-25,2026-05-23,1183,38,Active
15756668,0,2023-02-15,France,2023-02-27,2026-05-24,1182,37,Active
15739223,0,2023-02-11,Spain,2023-03-09,2026-06-03,1182,27,Active
15773394,0,2023-03-27,France,2023-03-29,2026-06-23,1182,7,Active
15654577,1,2020-12-28,Germany,2021-01-15,2024-04-10,1181,811,Churned
15568904,0,2023-02-17,Germany,2023-03-07,2026-05-31,1181,30,Active
15705544,0,2023-01-05,France,2023-02-25,2026-05-21,1181,40,Active
15785611,0,2023-02-10,Germany,2023-03-07,2026-05-30,1180,31,Active
15793856,0,2023-03-22,Spain,2023-03-22,2026-06-14,1180,16,Active
15812210,1,2017-11-05,Germany,2017-11-05,2021-01-27,1179,1980,Churned
15687492,0,2022-12-18,Germany,2022-12-31,2026-03-24,1179,98,At risk (inactive 90+ days)
15566894,0,2022-12-23,France,2023-03-12,2026-06-03,1179,27,Active
15776096,0,2023-03-31,Spain,2023-04-03,2026-06-25,1179,5,Active
15670552,0,2022-11-04,France,2023-02-21,2026-05-15,1179,46,Active
15800811,0,2023-02-26,France,2023-03-13,2026-06-04,1179,26,Active
15737173,0,2023-01-22,Spain,2023-03-26,2026-06-16,1178,14,Active
15711889,0,2023-02-04,France,2023-02-07,2026-04-30,1178,61,Active
15665376,0,2023-03-06,Germany,2023-03-12,2026-06-02,1178,28,Active
15749807,0,2023-03-20,Spain,2023-03-21,2026-06-11,1178,19,Active
15798749,0,2023-02-24,Germany,2023-02-27,2026-05-20,1178,41,Active
15674398,0,2023-01-14,France,2023-01-29,2026-04-20,1177,71,Active
15624744,1,2016-08-05,Germany,2016-08-27,2019-11-17,1177,2417,Churned
15744105,0,2023-02-13,France,2023-03-07,2026-05-26,1176,35,Active
15777743,0,2023-01-23,France,2023-02-15,2026-05-06,1176,55,Active
15691950,0,2023-03-04,France,2023-03-07,2026-05-26,1176,35,Active
15716164,0,2023-02-16,France,2023-03-16,2026-06-02,1174,28,Active
15776047,0,2023-03-19,France,2023-03-20,2026-06-06,1174,24,Active
15803842,0,2023-03-25,Germany,2023-03-27,2026-06-13,1174,17,Active
15568429,0,2023-02-21,Spain,2023-03-15,2026-06-01,1174,29,Active
15663446,1,2021-10-23,Germany,2021-11-30,2025-02-15,1173,500,Churned
15594878,1,2020-07-21,Spain,2020-07-25,2023-10-10,1172,994,Churned
15636595,0,2023-03-11,Spain,2023-03-15,2026-05-30,1172,31,Active
15786454,0,2023-03-14,Spain,2023-03-16,2026-05-30,1171,31,Active
15571869,1,2021-07-22,Germany,2021-10-11,2024-12-24,1170,553,Churned
15672499,0,2023-03-25,France,2023-03-28,2026-06-10,1170,20,Active
15624677,0,2023-03-04,Germany,2023-03-05,2026-05-18,1170,43,Active
15768006,0,2022-12-02,France,2022-12-25,2026-03-08,1169,114,At risk (inactive 90+ days)
15688007,0,2023-03-09,Spain,2023-03-19,2026-05-30,1168,31,Active
15743067,0,2023-01-26,Germany,2023-03-07,2026-05-17,1167,44,Active
15702138,0,2023-02-02,France,2023-03-05,2026-05-15,1167,46,Active
15620372,0,2023-01-01,Spain,2023-02-06,2026-04-18,1167,73,Active
15697391,0,2023-03-23,Spain,2023-04-02,2026-06-12,1167,18,Active
15595039,1,2018-03-17,Germany,2018-03-18,2021-05-27,1166,1860,Churned
15800746,1,2019-01-19,France,2019-03-27,2022-06-05,1166,1486,Churned
15665180,1,2022-12-06,France,2022-12-13,2026-02-21,1166,129,Churned
15741295,0,2023-03-24,France,2023-04-02,2026-06-10,1165,20,Active
15577274,0,2023-03-04,Germany,2023-03-05,2026-05-13,1165,48,Active
15812767,0,2023-03-15,Spain,2023-03-17,2026-05-25,1165,36,Active
15761986,0,2023-03-23,Spain,2023-03-28,2026-06-04,1164,26,Active
15679738,1,2018-03-02,Spain,2018-03-19,2021-05-26,1164,1861,Churned
15655171,0,2023-03-12,France,2023-03-29,2026-06-05,1164,25,Active
15601417,0,2023-02-02,France,2023-03-15,2026-05-21,1163,40,Active
15716218,0,2023-03-27,France,2023-03-31,2026-06-06,1163,24,Active
15633834,0,2022-12-23,Germany,2023-01-31,2026-04-07,1162,84,Active
15811565,1,2022-12-14,Spain,2022-12-28,2026-03-04,1162,118,Churned
15621466,0,2022-10-29,Germany,2023-03-13,2026-05-18,1162,43,Active
15654222,0,2023-02-14,Spain,2023-02-23,2026-04-30,1162,61,Active
15797293,0,2022-12-14,France,2023-01-27,2026-04-03,1162,88,Active
15703820,1,2017-02-12,France,2017-03-31,2020-06-04,1161,2217,Churned
15705001,0,2022-11-18,Spain,2023-03-15,2026-05-19,1161,42,Active
15795275,1,2021-07-09,Spain,2021-07-13,2024-09-16,1161,652,Churned
15667456,0,2023-03-07,Spain,2023-03-30,2026-06-03,1161,27,Active
15800434,1,2016-01-15,Germany,2016-01-18,2019-03-23,1160,2656,Churned
15624755,0,2022-12-09,Germany,2023-03-16,2026-05-19,1160,42,Active
15578515,0,2023-03-29,France,2023-04-10,2026-06-12,1159,18,Active
15645095,0,2023-01-03,France,2023-03-14,2026-05-16,1159,45,Active
15668235,0,2023-01-12,France,2023-01-28,2026-04-01,1159,90,Active
15615938,0,2023-02-12,France,2023-02-16,2026-04-20,1159,71,Active
15711455,1,2021-12-16,Germany,2022-01-03,2025-03-06,1158,481,Churned
15776156,1,2022-03-12,France,2022-04-03,2025-06-04,1158,391,Churned
15773868,1,2023-01-25,Germany,2023-03-10,2026-05-09,1156,52,Churned
15592230,0,2023-03-30,France,2023-04-05,2026-06-04,1156,26,Active
15623314,0,2022-12-09,Germany,2023-04-04,2026-06-03,1156,27,Active
15709994,1,2018-08-15,France,2018-09-04,2021-11-02,1155,1701,Churned
15728362,0,2023-03-02,France,2023-03-25,2026-05-23,1155,38,Active
15723153,0,2022-12-14,Spain,2023-01-02,2026-03-01,1154,121,At risk (inactive 90+ days)
15750874,0,2023-03-06,France,2023-03-29,2026-05-25,1153,36,Active
15794276,0,2023-04-12,France,2023-04-12,2026-06-08,1153,22,Active
15569878,0,2023-03-11,France,2023-03-30,2026-05-26,1153,35,Active
15748123,0,2023-03-05,France,2023-03-29,2026-05-24,1152,37,Active
15618695,0,2023-03-17,Spain,2023-03-23,2026-05-18,1152,43,Active
15588614,1,2018-12-19,France,2019-01-01,2022-02-25,1151,1586,Churned
15717935,0,2023-03-11,France,2023-03-19,2026-05-13,1151,48,Active
15632826,0,2023-03-07,France,2023-03-23,2026-05-17,1151,44,Active
15600975,1,2022-04-02,France,2022-06-02,2025-07-27,1151,338,Churned
15659568,0,2023-03-07,Spain,2023-04-03,2026-05-27,1150,34,Active
15740494,0,2023-02-21,France,2023-04-15,2026-06-06,1148,24,Active
15631310,0,2023-02-16,France,2023-04-06,2026-05-28,1148,33,Active
15732102,0,2023-02-16,Germany,2023-03-19,2026-05-10,1148,51,Active
15727177,1,2020-03-17,France,2020-04-10,2023-06-02,1148,1124,Churned
15583849,0,2023-02-02,France,2023-02-28,2026-04-21,1148,70,Active
15743582,0,2023-04-15,France,2023-04-16,2026-06-06,1147,24,Active
15783019,1,2016-07-11,France,2016-08-01,2019-09-22,1147,2473,Churned
15576352,0,2023-03-18,Spain,2023-03-25,2026-05-14,1146,47,Active
15806307,0,2023-03-11,France,2023-04-07,2026-05-27,1146,34,Active
15620750,0,2023-03-04,France,2023-03-24,2026-05-13,1146,48,Active
15673020,1,2022-09-13,France,2022-10-09,2025-11-28,1146,214,Churned
15703437,0,2023-01-06,France,2023-03-24,2026-05-12,1145,49,Active
15805429,0,2023-03-09,Germany,2023-04-05,2026-05-24,1145,37,Active
15683618,0,2023-03-16,France,2023-04-19,2026-06-07,1145,23,Active
15635870,1,2020-07-11,Germany,2020-08-14,2023-10-03,1145,1001,Churned
15688085,0,2023-03-27,Spain,2023-04-14,2026-06-02,1145,28,Active
15693877,0,2023-01-15,France,2023-03-06,2026-04-24,1145,67,Active
15692226,0,2023-03-16,France,2023-03-28,2026-05-16,1145,45,Active
15656148,1,2022-03-05,Germany,2022-05-14,2025-07-01,1144,364,Churned
15782641,0,2023-02-16,Spain,2023-04-17,2026-06-04,1144,26,Active
15720123,0,2023-03-01,Spain,2023-03-09,2026-04-26,1144,65,Active
15574305,0,2023-04-06,France,2023-04-14,2026-05-31,1143,30,Active
15656613,0,2023-03-12,France,2023-04-14,2026-05-31,1143,30,Active
15662203,0,2023-03-21,Germany,2023-04-27,2026-06-13,1143,17,Active
15729832,0,2023-03-20,France,2023-04-02,2026-05-15,1139,46,Active
15574331,1,2022-08-04,Germany,2022-08-08,2025-09-20,1139,283,Churned
15659234,0,2023-04-11,France,2023-04-23,2026-06-05,1139,25,Active
15758836,0,2023-03-18,Spain,2023-03-29,2026-05-10,1138,51,Active
15710553,0,2022-12-29,Germany,2023-01-30,2026-03-13,1138,109,At risk (inactive 90+ days)
15733966,1,2021-07-05,Germany,2021-07-13,2024-08-24,1138,675,Churned
15786433,0,2023-03-23,Germany,2023-04-05,2026-05-17,1138,44,Active
15696703,0,2022-12-10,Germany,2023-04-19,2026-05-30,1137,31,Active
15575581,0,2023-04-18,Germany,2023-04-24,2026-06-03,1136,27,Active
15592000,1,2016-09-14,Germany,2016-09-15,2019-10-26,1136,2439,Churned
15721019,0,2023-01-29,France,2023-04-30,2026-06-09,1136,21,Active
15596181,1,2018-04-01,France,2018-04-15,2021-05-24,1135,1863,Churned
15614491,0,2023-04-15,France,2023-04-27,2026-06-05,1135,25,Active
15627801,0,2023-04-01,Spain,2023-04-12,2026-05-20,1134,41,Active
15682773,0,2023-03-01,France,2023-04-02,2026-05-10,1134,51,Active
15778368,1,2022-05-17,Germany,2022-05-25,2025-07-02,1134,363,Churned
15768474,0,2023-04-02,Spain,2023-04-02,2026-05-10,1134,51,Active
15711602,0,2023-04-21,France,2023-05-07,2026-06-14,1134,16,Active
15726832,0,2023-04-20,Germany,2023-04-29,2026-06-05,1133,25,Active
15814237,0,2023-04-16,Germany,2023-04-27,2026-06-03,1133,27,Active
15571571,0,2023-04-02,Germany,2023-04-10,2026-05-16,1132,45,Active
15604551,0,2022-09-24,France,2022-11-18,2025-12-24,1132,188,At risk (inactive 90+ days)
15734311,0,2023-04-18,France,2023-05-09,2026-06-13,1131,17,Active
15792102,0,2023-04-28,France,2023-05-10,2026-06-14,1131,16,Active
15586976,1,2020-06-06,France,2020-06-06,2023-07-11,1130,1085,Churned
15700710,0,2023-04-15,France,2023-05-08,2026-06-11,1130,19,Active
15756301,0,2023-04-05,Germany,2023-04-18,2026-05-21,1129,40,Active
15623944,1,2022-06-10,Spain,2022-12-12,2026-01-13,1128,168,Churned
15785819,0,2023-04-21,France,2023-05-05,2026-06-06,1128,24,Active
15656293,0,2023-02-10,France,2023-04-26,2026-05-28,1128,33,Active
15770567,0,2023-04-26,France,2023-05-10,2026-06-11,1128,19,Active
15664734,0,2023-04-29,Germany,2023-05-06,2026-06-06,1127,24,Active
15758136,0,2023-04-05,France,2023-04-05,2026-05-06,1127,55,Active
15627854,0,2023-04-12,Spain,2023-04-26,2026-05-27,1127,34,Active
15729668,0,2023-03-25,Spain,2023-05-19,2026-06-18,1126,12,Active
15811177,0,2022-12-08,France,2022-12-10,2026-01-09,1126,172,At risk (inactive 90+ days)
15641285,0,2023-04-23,Spain,2023-05-18,2026-06-17,1126,13,Active
15567893,0,2023-02-16,Germany,2023-02-20,2026-03-21,1125,101,At risk (inactive 90+ days)
15588933,0,2023-04-14,France,2023-05-02,2026-05-31,1125,30,Active
15607178,0,2023-04-19,Germany,2023-05-07,2026-06-04,1124,26,Active
15698442,0,2023-03-23,Spain,2023-04-14,2026-05-12,1124,49,Active
15791326,0,2023-01-27,France,2023-04-23,2026-05-21,1124,40,Active
15758031,0,2023-03-30,Spain,2023-04-04,2026-05-02,1124,59,Active
15668142,0,2023-04-05,France,2023-04-12,2026-05-08,1122,53,Active
15796015,0,2023-04-29,Germany,2023-05-29,2026-06-24,1122,6,Active
15675316,0,2023-04-25,France,2023-05-18,2026-06-12,1121,18,Active
15600110,0,2023-04-12,Germany,2023-05-13,2026-06-07,1121,23,Active
15679148,0,2023-04-25,France,2023-05-12,2026-06-06,1121,24,Active
15795933,0,2023-02-03,France,2023-04-27,2026-05-22,1121,39,Active
15603378,0,2023-03-03,France,2023-04-10,2026-05-05,1121,56,Active
15615032,0,2023-04-15,Spain,2023-05-19,2026-06-10,1118,20,Active
15605275,1,2017-07-20,Germany,2017-08-22,2020-09-13,1118,2116,Churned
15782247,1,2022-02-25,France,2022-03-02,2025-03-24,1118,463,Churned
15751392,1,2022-03-01,Spain,2022-03-18,2025-04-09,1118,447,Churned
15745844,1,2020-03-17,Germany,2020-04-18,2023-05-10,1117,1147,Churned
15724563,0,2023-04-02,Germany,2023-04-24,2026-05-15,1117,46,Active
15710671,0,2023-04-27,France,2023-05-27,2026-06-17,1117,13,Active
15767954,0,2023-05-02,Germany,2023-05-08,2026-05-28,1116,33,Active
15593715,0,2023-03-06,Germany,2023-05-01,2026-05-21,1116,40,Active
15666095,1,2022-03-01,Spain,2022-04-05,2025-04-25,1116,431,Churned
15597739,0,2022-11-19,France,2022-11-23,2025-12-13,1116,199,At risk (inactive 90+ days)
15622192,0,2023-04-27,Spain,2023-05-01,2026-05-21,1116,40,Active
15591357,0,2023-05-20,France,2023-05-23,2026-06-11,1115,19,Active
15797760,0,2023-01-10,France,2023-02-13,2026-03-04,1115,118,At risk (inactive 90+ days)
15764284,0,2023-04-24,Spain,2023-05-17,2026-06-05,1115,25,Active
15773949,0,2023-05-21,France,2023-05-25,2026-06-13,1115,17,Active
15777054,0,2023-02-08,Germany,2023-04-26,2026-05-15,1115,46,Active
15670039,0,2023-04-29,Spain,2023-06-06,2026-06-24,1114,6,Active
15769582,0,2023-05-27,France,2023-06-01,2026-06-19,1114,11,Active
15778149,1,2017-05-03,Spain,2017-05-22,2020-06-09,1114,2212,Churned
15708534,1,2021-05-29,Spain,2021-06-01,2024-06-18,1113,742,Churned
15726960,0,2023-04-28,France,2023-05-02,2026-05-19,1113,42,Active
15636912,0,2022-10-25,Spain,2023-03-23,2026-04-09,1113,82,Active
15788946,0,2023-04-28,Spain,2023-05-02,2026-05-18,1112,43,Active
15638610,1,2021-04-17,Germany,2021-04-17,2024-05-03,1112,788,Churned
15690134,0,2023-05-11,Germany,2023-05-12,2026-05-27,1111,34,Active
15747960,0,2023-05-14,France,2023-05-23,2026-06-07,1111,23,Active
15589380,0,2023-04-08,Germany,2023-05-02,2026-05-15,1109,46,Active
15793883,0,2023-03-20,France,2023-04-20,2026-05-03,1109,58,Active
15588854,0,2023-05-08,France,2023-05-17,2026-05-30,1109,31,Active
15586236,1,2020-10-24,France,2020-11-10,2023-11-24,1109,949,Churned
15738191,0,2023-05-27,France,2023-06-01,2026-06-13,1108,17,Active
15747854,0,2023-05-15,France,2023-05-29,2026-06-10,1108,20,Active
15628279,0,2023-05-12,France,2023-05-27,2026-06-08,1108,22,Active
15793491,0,2023-05-23,Germany,2023-06-05,2026-06-17,1108,13,Active
15809462,0,2023-05-16,France,2023-05-28,2026-06-09,1108,21,Active
15789413,0,2023-05-05,France,2023-05-07,2026-05-19,1108,42,Active
15747808,0,2023-05-27,France,2023-06-05,2026-06-16,1107,14,Active
15777708,0,2023-03-27,Spain,2023-03-30,2026-04-10,1107,81,Active
15636023,1,2015-10-01,France,2015-10-26,2018-11-05,1106,2794,Churned
15688619,0,2023-05-05,Spain,2023-05-20,2026-05-29,1105,32,Active
15721585,0,2023-04-22,Germany,2023-05-03,2026-05-12,1105,49,Active
15575858,0,2023-02-20,France,2023-04-03,2026-04-12,1105,79,Active
15789498,0,2023-01-13,France,2023-01-23,2026-02-01,1105,149,At risk (inactive 90+ days)
15781875,0,2023-05-02,Spain,2023-05-16,2026-05-25,1105,36,Active
15720702,1,2022-07-02,France,2022-09-20,2025-09-28,1104,275,Churned
15714586,0,2023-05-18,Spain,2023-06-02,2026-06-09,1103,21,Active
15569666,1,2022-06-13,France,2022-06-30,2025-07-07,1103,358,Churned
15660611,0,2023-05-27,Spain,2023-06-11,2026-06-18,1103,12,Active
15702968,0,2023-05-17,Germany,2023-05-25,2026-05-31,1102,30,Active
15589257,0,2023-03-21,France,2023-05-29,2026-06-03,1101,27,Active
15571244,0,2023-04-28,Spain,2023-06-12,2026-06-17,1101,13,Active
15769412,1,2021-11-18,Spain,2021-12-22,2024-12-27,1101,550,Churned
15690829,1,2022-09-24,Germany,2022-10-26,2025-10-31,1101,242,Churned
15723856,0,2023-05-12,France,2023-05-30,2026-06-03,1100,27,Active
15647292,1,2019-01-22,France,2019-01-22,2022-01-26,1100,1616,Churned
15784923,1,2022-11-11,Germany,2022-12-04,2025-12-08,1100,204,Churned
15730339,0,2023-02-12,Spain,2023-05-27,2026-05-30,1099,31,Active
15669411,1,2020-03-16,Germany,2020-05-06,2023-05-10,1099,1147,Churned
15757811,1,2017-06-30,Spain,2017-09-12,2020-09-14,1098,2115,Churned
15703143,0,2023-04-05,France,2023-05-21,2026-05-23,1098,38,Active
15698732,0,2023-01-25,Germany,2023-02-01,2026-02-03,1098,147,At risk (inactive 90+ days)
15709474,1,2022-10-16,Germany,2022-10-18,2025-10-19,1097,254,Churned
15725737,0,2023-05-04,France,2023-05-22,2026-05-22,1096,39,Active
15617982,0,2023-02-12,Spain,2023-02-27,2026-02-27,1096,123,At risk (inactive 90+ days)
15699335,0,2023-05-30,Germany,2023-06-15,2026-06-15,1096,15,Active
15668767,0,2023-04-23,France,2023-05-15,2026-05-15,1096,46,Active
15751137,0,2023-04-24,Germany,2023-06-04,2026-06-04,1096,26,Active
15588446,0,2023-05-14,Spain,2023-05-31,2026-05-30,1095,31,Active
15769829,0,2023-04-11,Spain,2023-06-07,2026-06-06,1095,24,Active
15624866,0,2023-01-13,Germany,2023-02-26,2026-02-25,1095,125,At risk (inactive 90+ days)
15792004,0,2023-04-24,Spain,2023-06-20,2026-06-19,1095,11,Active
15631460,0,2023-05-08,Spain,2023-05-29,2026-05-27,1094,34,Active
15697948,0,2023-05-31,Spain,2023-06-26,2026-06-24,1094,6,Active
15808175,1,2019-03-09,France,2019-03-11,2022-03-08,1093,1575,Churned
15592937,0,2023-05-13,Germany,2023-05-28,2026-05-23,1091,38,Active
15786617,0,2023-04-12,Germany,2023-05-05,2026-04-29,1090,62,Active
15753362,0,2023-05-26,Spain,2023-06-05,2026-05-29,1089,32,Active
15576368,0,2023-06-25,Germany,2023-06-29,2026-06-21,1088,9,Active
15574761,1,2022-08-07,France,2022-08-15,2025-08-07,1088,327,Churned
15674541,1,2017-09-25,Spain,2017-10-16,2020-10-08,1088,2091,Churned
15799468,0,2023-04-13,France,2023-05-31,2026-05-23,1088,38,Active
15712903,0,2023-06-06,France,2023-06-07,2026-05-30,1088,31,Active
15581525,0,2023-05-24,Germany,2023-05-29,2026-05-20,1087,41,Active
15722473,0,2022-12-25,France,2023-06-30,2026-06-21,1087,9,Active
15791316,0,2023-05-11,France,2023-05-23,2026-05-14,1087,47,Active
15603135,1,2022-08-06,Germany,2022-08-10,2025-08-01,1087,333,Churned
15788448,0,2023-06-22,Spain,2023-06-28,2026-06-18,1086,12,Active
15775318,1,2023-01-25,Spain,2023-03-09,2026-02-27,1086,123,Churned
15799031,0,2023-06-03,France,2023-06-09,2026-05-29,1085,32,Active
15787655,0,2023-02-15,France,2023-04-17,2026-04-06,1085,85,Active
15809999,0,2023-05-08,France,2023-05-23,2026-05-12,1085,49,Active
15677288,1,2022-08-03,France,2022-08-04,2025-07-24,1085,341,Churned
15798659,0,2023-04-23,Spain,2023-06-30,2026-06-18,1084,12,Active
15710257,0,2023-04-04,France,2023-05-25,2026-05-13,1084,48,Active
15804075,0,2023-05-28,Germany,2023-05-28,2026-05-15,1083,46,Active
15735246,1,2017-03-31,Spain,2017-04-22,2020-04-09,1083,2273,Churned
15763256,1,2018-04-15,Germany,2018-05-04,2021-04-21,1083,1896,Churned
15672432,1,2021-10-06,France,2021-11-08,2024-10-26,1083,612,Churned
15649160,0,2023-06-17,France,2023-06-23,2026-06-10,1083,20,Active
15603096,1,2020-03-15,France,2020-03-29,2023-03-17,1083,1201,Churned
15626742,0,2023-06-04,France,2023-06-05,2026-05-22,1082,39,Active
15798385,0,2023-06-03,Spain,2023-06-13,2026-05-30,1082,31,Active
15720919,1,2019-05-03,France,2019-05-13,2022-04-29,1082,1523,Churned
15598338,0,2023-01-05,Germany,2023-01-31,2026-01-17,1082,164,At risk (inactive 90+ days)
15689517,0,2023-04-15,France,2023-04-23,2026-04-09,1082,82,Active
15644753,0,2023-06-20,Spain,2023-07-01,2026-06-16,1081,14,Active
15697201,0,2023-06-03,Spain,2023-06-13,2026-05-29,1081,32,Active
15774551,0,2023-05-05,Spain,2023-05-31,2026-05-16,1081,45,Active
15581197,0,2023-04-16,France,2023-06-25,2026-06-08,1079,22,Active
15775067,1,2022-10-29,France,2022-11-12,2025-10-26,1079,247,Churned
15635775,0,2023-02-16,France,2023-06-03,2026-05-17,1079,44,Active
15578878,0,2023-06-13,Spain,2023-06-18,2026-06-01,1079,29,Active
15677512,0,2023-04-08,Spain,2023-06-10,2026-05-23,1078,38,Active
15740164,0,2023-06-15,France,2023-06-29,2026-06-11,1078,19,Active
15659962,0,2023-05-16,France,2023-06-09,2026-05-22,1078,39,Active
15709476,0,2023-05-18,Spain,2023-06-29,2026-06-10,1077,20,Active
15717156,0,2023-06-08,France,2023-06-23,2026-06-04,1077,26,Active
15709917,0,2023-03-24,France,2023-05-24,2026-05-05,1077,56,Active
15689176,0,2023-06-18,France,2023-06-21,2026-06-01,1076,29,Active
15575147,1,2016-08-15,France,2016-08-20,2019-08-01,1076,2525,Churned
15794122,0,2023-05-10,France,2023-05-24,2026-05-03,1075,58,Active
15701809,0,2023-02-25,Spain,2023-03-18,2026-02-25,1075,125,At risk (inactive 90+ days)
15680685,0,2023-04-24,France,2023-05-08,2026-04-16,1074,75,Active
15701741,0,2023-03-13,France,2023-05-10,2026-04-18,1074,73,Active
15686743,0,2023-06-23,Spain,2023-07-07,2026-06-15,1074,15,Active
15676895,1,2020-05-19,Germany,2020-05-31,2023-05-09,1073,1148,Churned
15636551,0,2023-04-27,France,2023-07-10,2026-06-17,1073,13,Active
15589449,1,2023-01-02,France,2023-01-07,2025-12-14,1072,198,Churned
15691863,0,2023-05-07,France,2023-05-31,2026-05-07,1072,54,Active
15601184,0,2023-03-17,Spain,2023-04-09,2026-03-16,1072,106,At risk (inactive 90+ days)
15795936,0,2023-05-21,France,2023-06-11,2026-05-18,1072,43,Active
15672185,0,2023-05-18,France,2023-05-28,2026-05-03,1071,58,Active
15610419,0,2023-06-01,France,2023-06-06,2026-05-12,1071,49,Active
15604576,0,2023-05-11,Spain,2023-05-23,2026-04-27,1070,64,Active
15635459,0,2023-06-10,Germany,2023-06-17,2026-05-21,1069,40,Active
15583548,1,2020-04-07,Spain,2020-05-10,2023-04-13,1068,1174,Churned
15627847,1,2019-08-26,France,2019-12-06,2022-11-08,1068,1330,Churned
15614834,0,2023-06-19,Spain,2023-07-13,2026-06-15,1068,15,Active
15583552,0,2023-01-08,Germany,2023-05-17,2026-04-19,1068,72,Active
15783225,1,2016-11-20,France,2017-01-12,2019-12-15,1067,2389,Churned
15709183,0,2023-05-16,France,2023-05-28,2026-04-28,1066,63,Active
15698716,1,2022-07-04,France,2022-09-25,2025-08-26,1066,308,Churned
15744582,1,2015-09-19,France,2015-10-14,2018-09-13,1065,2847,Churned
15596339,0,2023-04-11,France,2023-04-28,2026-03-28,1065,94,At risk (inactive 90+ days)
15800061,1,2023-05-02,Spain,2023-05-12,2026-04-10,1064,81,Churned
15765461,0,2023-02-19,Spain,2023-03-08,2026-02-04,1064,146,At risk (inactive 90+ days)
15676937,1,2018-04-10,Spain,2018-06-03,2021-05-02,1064,1885,Churned
15718071,0,2023-06-10,France,2023-07-04,2026-06-01,1063,29,Active
15754267,0,2023-06-09,Germany,2023-06-11,2026-05-09,1063,52,Active
15567246,0,2023-05-10,Germany,2023-05-28,2026-04-25,1063,66,Active
15723884,0,2023-02-04,Spain,2023-03-03,2026-01-28,1062,153,At risk (inactive 90+ days)
15656351,0,2023-04-09,Spain,2023-06-19,2026-05-16,1062,45,Active
15600991,1,2020-01-06,Germany,2020-01-26,2022-12-22,1061,1286,Churned
15569364,0,2023-06-13,France,2023-06-23,2026-05-17,1059,44,Active
15721377,0,2022-10-17,France,2023-07-20,2026-06-13,1059,17,Active
15593773,0,2023-03-30,Spain,2023-07-30,2026-06-22,1058,8,Active
15708228,0,2023-06-20,Germany,2023-07-24,2026-06-16,1058,14,Active
15735080,0,2023-07-10,France,2023-07-14,2026-06-06,1058,24,Active
15605534,1,2021-07-02,Germany,2021-10-10,2024-09-02,1058,666,Churned
15801436,1,2021-08-24,France,2021-10-11,2024-09-03,1058,665,Churned
15776229,0,2023-05-31,France,2023-08-03,2026-06-26,1058,4,Active
15583576,0,2023-07-05,France,2023-07-06,2026-05-28,1057,33,Active
15770548,0,2023-05-13,Germany,2023-07-18,2026-06-09,1057,21,Active
15723873,0,2023-03-11,Spain,2023-04-16,2026-03-07,1056,115,At risk (inactive 90+ days)
15569050,1,2019-10-09,France,2019-12-05,2022-10-26,1056,1343,Churned
15607347,1,2021-03-25,France,2021-04-11,2024-03-02,1056,850,Churned
15684294,0,2023-07-20,France,2023-07-24,2026-06-14,1056,16,Active
15815316,1,2016-08-08,France,2016-08-08,2019-06-30,1056,2557,Churned
15717046,0,2023-06-27,Spain,2023-07-13,2026-06-02,1055,28,Active
15773456,0,2023-04-27,Germany,2023-05-20,2026-04-09,1055,82,Active
15699247,1,2020-11-10,France,2021-01-20,2023-12-11,1055,932,Churned
15594436,0,2023-07-10,Spain,2023-07-12,2026-06-01,1055,29,Active
15703199,0,2023-05-17,Spain,2023-06-21,2026-05-11,1055,50,Active
15718216,0,2023-04-26,Spain,2023-07-29,2026-06-17,1054,13,Active
15728012,0,2023-06-22,Spain,2023-06-25,2026-05-13,1053,48,Active
15790630,1,2022-04-01,France,2022-04-25,2025-03-13,1053,474,Churned
15705657,0,2023-07-19,France,2023-07-22,2026-06-08,1052,22,Active
15727353,1,2019-06-18,France,2019-08-03,2022-06-20,1052,1471,Churned
15603436,0,2023-07-13,Spain,2023-07-18,2026-06-03,1051,27,Active
15682686,0,2023-05-29,France,2023-07-15,2026-05-31,1051,30,Active
15694321,0,2023-05-31,France,2023-06-05,2026-04-21,1051,70,Active
15719856,0,2023-06-28,France,2023-07-13,2026-05-28,1050,33,Active
15785485,0,2023-07-10,Germany,2023-07-16,2026-05-31,1050,30,Active
15697546,0,2023-04-06,France,2023-05-17,2026-04-01,1050,90,Active
15691543,0,2023-07-12,Germany,2023-07-15,2026-05-30,1050,31,Active
15656333,0,2023-06-01,France,2023-06-17,2026-05-01,1049,60,Active
15646276,0,2023-07-07,France,2023-07-10,2026-05-24,1049,37,Active
15701291,0,2023-05-06,France,2023-05-12,2026-03-26,1049,96,At risk (inactive 90+ days)
15696120,0,2023-07-18,Spain,2023-07-28,2026-06-11,1049,19,Active
15578866,0,2023-07-09,France,2023-07-09,2026-05-22,1048,39,Active
15731117,0,2023-07-27,Spain,2023-08-09,2026-06-22,1048,8,Active
15600879,0,2023-06-06,Germany,2023-06-24,2026-05-06,1047,55,Active
15596552,1,2021-05-05,Germany,2021-05-05,2024-03-16,1046,836,Churned
15670866,0,2023-07-25,France,2023-07-26,2026-06-05,1045,25,Active
15614034,0,2023-07-20,Germany,2023-07-30,2026-06-08,1044,22,Active
15574842,0,2023-07-20,Germany,2023-07-28,2026-06-06,1044,24,Active
15603246,0,2023-07-21,France,2023-08-02,2026-06-11,1044,19,Active
15736730,0,2023-07-06,France,2023-07-24,2026-06-02,1044,28,Active
15715510,0,2023-07-12,France,2023-07-26,2026-06-03,1043,27,Active
15629617,0,2023-07-18,Spain,2023-07-23,2026-05-29,1041,32,Active
15639662,0,2023-07-12,France,2023-07-20,2026-05-26,1041,35,Active
15727619,1,2017-04-27,Germany,2017-05-06,2020-03-12,1041,2301,Churned
15679297,0,2023-05-16,Spain,2023-05-23,2026-03-28,1040,94,At risk (inactive 90+ days)
15634968,1,2020-06-09,Germany,2020-06-25,2023-05-01,1040,1156,Churned
15690332,0,2023-06-02,Germany,2023-07-15,2026-05-19,1039,42,Active
15633944,0,2023-06-22,Spain,2023-08-08,2026-06-12,1039,18,Active
15638806,0,2023-07-02,Spain,2023-07-14,2026-05-17,1038,44,Active
15633043,1,2020-01-30,Spain,2020-02-07,2022-12-11,1038,1297,Churned
15674328,1,2023-05-03,France,2023-06-24,2026-04-27,1038,64,Churned
15667476,0,2023-06-23,Germany,2023-08-16,2026-06-19,1038,11,Active
15585867,0,2023-07-06,Spain,2023-07-15,2026-05-18,1038,43,Active
15612087,0,2023-07-08,France,2023-07-27,2026-05-29,1037,32,Active
15783859,0,2023-06-14,France,2023-07-08,2026-05-10,1037,51,Active
15769356,0,2023-06-10,Germany,2023-06-29,2026-05-01,1037,60,Active
15768881,0,2023-07-19,France,2023-08-07,2026-06-09,1037,21,Active
15682639,0,2023-06-29,France,2023-08-11,2026-06-12,1036,18,Active
15685320,0,2023-03-22,France,2023-08-09,2026-06-09,1035,21,Active
15716334,0,2023-07-31,Spain,2023-08-24,2026-06-23,1034,7,Active
15694717,0,2023-07-07,Germany,2023-07-25,2026-05-24,1034,37,Active
15592736,1,2021-02-15,Germany,2021-02-27,2023-12-28,1034,915,Churned
15685829,0,2023-05-04,France,2023-05-05,2026-03-04,1034,118,At risk (inactive 90+ days)
15612444,0,2023-05-08,France,2023-07-28,2026-05-27,1034,34,Active
15808662,0,2023-01-27,France,2023-05-21,2026-03-20,1034,102,At risk (inactive 90+ days)
15719809,0,2023-06-12,Germany,2023-06-24,2026-04-22,1033,69,Active
15733261,1,2020-05-30,Spain,2020-07-23,2023-05-22,1033,1135,Churned
15694995,0,2023-07-07,France,2023-07-10,2026-05-08,1033,53,Active
15680855,0,2023-07-22,France,2023-08-06,2026-06-03,1032,27,Active
15707634,0,2023-07-09,France,2023-07-30,2026-05-27,1032,34,Active
15655464,0,2023-06-04,France,2023-07-01,2026-04-27,1031,64,Active
15674148,1,2019-09-30,Spain,2019-10-11,2022-08-06,1030,1424,Churned
15803415,0,2023-04-28,France,2023-05-24,2026-03-19,1030,103,At risk (inactive 90+ days)
15568088,0,2023-04-11,Germany,2023-05-13,2026-03-07,1029,115,At risk (inactive 90+ days)
15668775,0,2023-07-01,France,2023-08-02,2026-05-27,1029,34,Active
15652693,1,2021-10-10,France,2021-11-03,2024-08-27,1028,672,Churned
15661936,0,2023-03-08,France,2023-06-04,2026-03-28,1028,94,At risk (inactive 90+ days)
15777896,0,2023-07-25,Germany,2023-08-10,2026-06-03,1028,27,Active
15780128,0,2023-06-27,France,2023-07-06,2026-04-28,1027,63,Active
15639530,0,2023-07-02,Spain,2023-07-10,2026-05-02,1027,59,Active
15686588,0,2023-07-07,France,2023-08-03,2026-05-26,1027,35,Active
15738672,0,2023-07-28,Germany,2023-08-22,2026-06-13,1026,17,Active
15781495,0,2023-08-25,France,2023-08-28,2026-06-19,1026,11,Active
15627999,0,2023-06-07,Spain,2023-07-30,2026-05-21,1026,40,Active
15793901,0,2023-08-05,France,2023-08-06,2026-05-28,1026,33,Active
15703541,1,2016-07-03,Germany,2016-07-08,2019-04-29,1025,2619,Churned
15646784,0,2023-08-27,France,2023-08-27,2026-06-17,1025,13,Active
15794472,0,2023-06-25,France,2023-07-22,2026-05-12,1025,49,Active
15803654,0,2023-07-26,France,2023-08-01,2026-05-22,1025,39,Active
15701081,0,2023-08-22,France,2023-08-22,2026-06-11,1024,19,Active
15634844,1,2023-04-22,Germany,2023-04-30,2026-02-16,1023,134,Churned
15638231,0,2023-07-04,Spain,2023-07-28,2026-05-16,1023,45,Active
15779207,0,2023-07-05,Germany,2023-08-06,2026-05-25,1023,36,Active
15712483,1,2021-08-17,Spain,2021-09-22,2024-07-11,1023,719,Churned
15600478,0,2023-05-14,France,2023-08-23,2026-06-10,1022,20,Active
15596992,1,2019-06-30,Germany,2019-08-21,2022-06-08,1022,1483,Churned
15619465,0,2023-08-14,Spain,2023-08-22,2026-06-08,1021,22,Active
15726310,0,2023-03-06,Spain,2023-05-07,2026-02-21,1021,129,At risk (inactive 90+ days)
15777994,0,2023-05-15,France,2023-08-15,2026-06-01,1021,29,Active
15780870,0,2023-05-02,Spain,2023-06-04,2026-03-20,1020,102,At risk (inactive 90+ days)
15783026,0,2023-08-24,France,2023-08-25,2026-06-10,1020,20,Active
15787196,0,2023-08-12,Spain,2023-08-19,2026-06-04,1020,26,Active
15680970,0,2023-08-05,Germany,2023-08-11,2026-05-26,1019,35,Active
15722322,0,2023-07-22,Spain,2023-07-24,2026-05-08,1019,53,Active
15815259,0,2023-08-02,France,2023-08-10,2026-05-25,1019,36,Active
15810775,0,2023-08-16,Spain,2023-08-29,2026-06-12,1018,18,Active
15707110,0,2023-07-13,Germany,2023-08-15,2026-05-28,1017,33,Active
15643865,1,2023-05-03,France,2023-06-27,2026-04-09,1017,82,Churned
15729582,0,2023-06-23,Germany,2023-08-01,2026-05-14,1017,47,Active
15628420,0,2023-07-09,Spain,2023-07-10,2026-04-22,1017,69,Active
15591036,1,2023-03-24,Germany,2023-03-28,2026-01-08,1017,173,Churned
15789874,0,2022-12-01,France,2023-04-26,2026-02-05,1016,145,At risk (inactive 90+ days)
15569394,0,2023-08-13,France,2023-08-22,2026-06-03,1016,27,Active
15643966,0,2023-06-18,Germany,2023-07-31,2026-05-11,1015,50,Active
15732281,1,2020-04-04,Germany,2020-04-18,2023-01-28,1015,1249,Churned
15622507,0,2023-06-16,Germany,2023-07-20,2026-04-30,1015,61,Active
15773338,0,2023-07-17,France,2023-07-19,2026-04-29,1015,62,Active
15778884,0,2023-08-14,France,2023-08-21,2026-05-31,1014,30,Active
15628530,0,2023-05-08,France,2023-06-04,2026-03-13,1013,109,At risk (inactive 90+ days)
15789669,0,2023-08-27,France,2023-09-04,2026-06-12,1012,18,Active
15684925,0,2023-05-17,France,2023-08-12,2026-05-19,1011,42,Active
15609319,0,2023-06-10,France,2023-06-14,2026-03-21,1011,101,At risk (inactive 90+ days)
15761047,0,2023-08-12,Germany,2023-08-26,2026-06-02,1011,28,Active
15653251,1,2018-07-02,France,2018-09-12,2021-06-18,1010,1838,Churned
15751120,0,2023-08-04,France,2023-08-12,2026-05-18,1010,43,Active
15700487,1,2020-03-16,France,2020-03-23,2022-12-27,1009,1281,Churned
15657779,0,2023-06-06,Spain,2023-06-06,2026-03-11,1009,111,At risk (inactive 90+ days)
15729018,0,2023-08-21,France,2023-08-29,2026-06-03,1009,27,Active
15761024,0,2023-08-23,France,2023-09-02,2026-06-07,1009,23,Active
15709354,0,2023-08-10,France,2023-08-12,2026-05-17,1009,44,Active
15714397,0,2023-08-19,Germany,2023-09-07,2026-06-11,1008,19,Active
15641136,0,2023-08-25,France,2023-09-07,2026-06-11,1008,19,Active
15574743,0,2023-07-03,Spain,2023-08-19,2026-05-23,1008,38,Active
15774358,1,2021-07-04,Germany,2021-07-13,2024-04-15,1007,806,Churned
15797010,0,2023-08-07,France,2023-08-09,2026-05-11,1006,50,Active
15790763,0,2023-07-17,Spain,2023-08-23,2026-05-25,1006,36,Active
15684440,0,2023-08-25,Germany,2023-09-14,2026-06-16,1006,14,Active
15689692,0,2023-06-04,Germany,2023-07-09,2026-04-10,1006,81,Active
15774127,0,2023-06-16,France,2023-09-01,2026-06-03,1006,27,Active
15723437,0,2023-07-17,France,2023-09-07,2026-06-09,1006,21,Active
15619029,0,2023-08-30,Spain,2023-09-15,2026-06-16,1005,14,Active
15644896,0,2023-06-24,Germany,2023-06-27,2026-03-28,1005,94,At risk (inactive 90+ days)
15781234,0,2023-08-04,France,2023-08-19,2026-05-20,1005,41,Active
15657214,0,2023-08-07,France,2023-08-30,2026-05-30,1004,31,Active
15704746,0,2023-07-29,Spain,2023-08-18,2026-05-18,1004,43,Active
15607993,0,2023-08-29,France,2023-09-22,2026-06-22,1004,8,Active
15746127,0,2023-07-31,France,2023-08-19,2026-05-19,1004,42,Active
15730418,0,2023-07-29,France,2023-08-21,2026-05-21,1004,40,Active
15626147,1,2017-07-20,France,2017-08-10,2020-05-09,1003,2243,Churned
15746139,0,2023-07-18,France,2023-08-06,2026-05-05,1003,56,Active
15655123,1,2017-04-18,Spain,2017-05-24,2020-02-21,1003,2321,Churned
15685019,0,2023-05-11,France,2023-06-01,2026-02-28,1003,122,At risk (inactive 90+ days)
15646936,0,2023-08-06,Germany,2023-08-20,2026-05-18,1002,43,Active
15599182,0,2023-08-30,Spain,2023-09-02,2026-05-31,1002,30,Active
15701962,0,2023-07-07,Spain,2023-08-21,2026-05-18,1001,43,Active
15710087,1,2022-07-16,Germany,2022-08-07,2025-05-04,1001,422,Churned
15690958,0,2023-08-21,Germany,2023-09-07,2026-06-03,1000,27,Active
15726774,0,2023-04-04,France,2023-04-27,2026-01-21,1000,160,At risk (inactive 90+ days)
15642391,1,2021-12-11,Germany,2021-12-18,2024-09-13,1000,655,Churned
15804937,0,2023-02-05,France,2023-07-20,2026-04-14,999,77,Active
15664432,1,2018-12-19,Spain,2019-01-07,2021-10-02,999,1732,Churned
15600399,1,2021-08-04,France,2021-09-18,2024-06-13,999,747,Churned
15758048,0,2023-09-01,France,2023-09-02,2026-05-28,999,33,Active
15735799,0,2023-06-12,Germany,2023-07-25,2026-04-19,999,72,Active
15806901,0,2023-08-17,France,2023-08-27,2026-05-21,998,40,Active
15687946,0,2023-08-08,France,2023-08-21,2026-05-14,997,47,Active
15643658,0,2023-08-06,Germany,2023-08-27,2026-05-20,997,41,Active
15647965,1,2016-11-13,France,2016-12-02,2019-08-26,997,2500,Churned
15596972,0,2023-05-23,France,2023-06-06,2026-02-27,997,123,At risk (inactive 90+ days)
15690772,0,2023-08-13,Spain,2023-08-30,2026-05-23,997,38,Active
15702601,1,2021-10-10,Germany,2021-10-19,2024-07-12,997,718,Churned
15725141,1,2022-12-24,France,2023-02-01,2025-10-24,996,249,Churned
15714006,0,2023-09-17,France,2023-09-19,2026-06-11,996,19,Active
15654562,1,2021-03-07,Spain,2021-07-23,2024-04-14,996,807,Churned
15591747,0,2023-05-07,France,2023-05-14,2026-02-03,996,147,At risk (inactive 90+ days)
15641575,0,2023-07-25,France,2023-09-27,2026-06-18,995,12,Active
15570379,1,2023-02-09,Spain,2023-04-28,2026-01-17,995,164,Churned
15608873,0,2023-08-15,France,2023-09-16,2026-06-07,995,23,Active
15624293,0,2023-06-27,France,2023-07-13,2026-04-02,994,89,Active
15589754,0,2023-09-23,Germany,2023-09-28,2026-06-18,994,12,Active
15643215,0,2023-08-25,Germany,2023-09-10,2026-05-31,994,30,Active
15743545,0,2023-07-19,Spain,2023-08-08,2026-04-28,994,63,Active
15648766,0,2023-06-01,Spain,2023-07-19,2026-04-07,993,84,Active
15672242,0,2023-09-30,France,2023-09-30,2026-06-17,991,13,Active
15797246,0,2023-07-20,Germany,2023-08-16,2026-05-03,991,58,Active
15616028,0,2023-08-27,France,2023-09-05,2026-05-23,991,38,Active
15724863,1,2021-11-13,Spain,2021-11-15,2024-07-31,989,699,Churned
15579566,1,2022-07-21,Spain,2022-09-24,2025-06-09,989,386,Churned
15618816,0,2023-08-05,Germany,2023-09-16,2026-06-01,989,29,Active
15741554,0,2023-09-17,Spain,2023-09-21,2026-06-05,988,25,Active
15633854,0,2023-06-10,France,2023-09-16,2026-05-31,988,30,Active
15698246,0,2023-08-30,France,2023-09-22,2026-06-06,988,24,Active
15812878,0,2023-09-28,Germany,2023-10-12,2026-06-24,986,6,Active
15697879,0,2023-06-18,France,2023-10-01,2026-06-13,986,17,Active
15574324,0,2023-08-25,Germany,2023-09-15,2026-05-28,986,33,Active
15659149,0,2023-08-27,France,2023-09-29,2026-06-11,986,19,Active
15592387,1,2020-09-13,France,2020-09-24,2023-06-06,985,1120,Churned
15614893,0,2023-09-11,Spain,2023-09-19,2026-05-31,985,30,Active
15650266,0,2023-09-22,Germany,2023-09-23,2026-06-04,985,26,Active
15721462,0,2023-08-25,Spain,2023-09-16,2026-05-27,984,34,Active
15782879,0,2023-09-15,France,2023-09-26,2026-06-06,984,24,Active
15713637,0,2023-08-29,France,2023-09-01,2026-05-12,984,49,Active
15813283,0,2023-09-13,France,2023-09-24,2026-06-04,984,26,Active
15569430,0,2023-09-18,Spain,2023-10-03,2026-06-13,984,17,Active
15775703,1,2023-07-06,France,2023-07-16,2026-03-26,984,96,Churned
15625021,0,2023-09-17,France,2023-10-03,2026-06-12,983,18,Active
15780140,0,2023-09-29,Germany,2023-10-14,2026-06-23,983,7,Active
15642002,1,2020-05-16,France,2020-07-16,2023-03-26,983,1192,Churned
15679770,1,2022-07-31,France,2022-08-01,2025-04-10,983,446,Churned
15715160,0,2023-09-09,France,2023-09-17,2026-05-27,983,34,Active
15811200,0,2023-08-12,France,2023-08-19,2026-04-28,983,63,Active
15679928,0,2023-08-31,France,2023-10-09,2026-06-18,983,12,Active
15664860,1,2022-12-17,Spain,2023-02-18,2025-10-28,983,245,Churned
15714750,0,2023-06-12,France,2023-06-14,2026-02-20,982,130,At risk (inactive 90+ days)
15720706,0,2023-07-11,Spain,2023-07-16,2026-03-23,981,99,At risk (inactive 90+ days)
15797381,1,2022-08-25,Germany,2022-09-19,2025-05-27,981,399,Churned
15583692,0,2023-08-06,Germany,2023-09-23,2026-05-31,981,30,Active
15813034,0,2023-08-16,Spain,2023-08-20,2026-04-26,980,65,Active
15810942,0,2023-09-14,Germany,2023-09-24,2026-05-31,980,30,Active
15795519,0,2023-05-22,Germany,2023-09-13,2026-05-19,979,42,Active
15757777,0,2023-09-01,France,2023-09-20,2026-05-26,979,35,Active
15708650,0,2023-09-15,France,2023-10-03,2026-06-08,979,22,Active
15662021,0,2023-09-10,Spain,2023-09-25,2026-05-31,979,30,Active
15740237,0,2023-08-11,Germany,2023-09-18,2026-05-24,979,37,Active
15750808,0,2023-09-17,Spain,2023-10-07,2026-06-11,978,19,Active
15575428,0,2023-09-15,Germany,2023-09-30,2026-06-04,978,26,Active
15765300,1,2020-09-22,Germany,2020-11-13,2023-07-19,978,1077,Churned
15691624,0,2023-09-26,France,2023-10-06,2026-06-09,977,21,Active
15805463,0,2023-08-12,Germany,2023-09-19,2026-05-23,977,38,Active
15607269,0,2023-08-31,Germany,2023-09-04,2026-05-07,976,54,Active
15645593,0,2023-09-05,France,2023-09-07,2026-05-10,976,51,Active
15636105,0,2023-09-01,Spain,2023-09-05,2026-05-08,976,53,Active
15783025,0,2023-02-16,Germany,2023-09-17,2026-05-20,976,41,Active
15600258,0,2023-09-23,France,2023-10-08,2026-06-09,975,21,Active
15766137,0,2023-09-14,France,2023-09-18,2026-05-20,975,41,Active
15568326,0,2023-08-31,France,2023-10-10,2026-06-11,975,19,Active
15738318,1,2021-01-02,France,2021-01-15,2023-09-16,974,1018,Churned
15566494,0,2023-08-22,France,2023-10-06,2026-06-06,974,24,Active
15622478,1,2018-12-19,France,2018-12-28,2021-08-28,974,1767,Churned
15702030,0,2023-08-26,France,2023-09-27,2026-05-28,974,33,Active
15577695,0,2023-08-26,France,2023-10-09,2026-06-09,974,21,Active
15648064,0,2023-08-17,France,2023-10-02,2026-06-01,973,29,Active
15803790,0,2023-09-13,Germany,2023-09-27,2026-05-27,973,34,Active
15623053,0,2023-09-06,Spain,2023-09-16,2026-05-16,973,45,Active
15714062,1,2016-10-29,France,2016-11-02,2019-07-03,973,2554,Churned
15735849,0,2023-09-24,France,2023-10-08,2026-06-07,973,23,Active
15810845,0,2023-09-23,France,2023-10-03,2026-06-01,972,29,Active
15728006,0,2023-07-18,France,2023-09-03,2026-05-02,972,59,Active
15691647,0,2023-08-29,France,2023-10-05,2026-06-03,972,27,Active
15696054,0,2023-08-08,France,2023-08-19,2026-04-17,972,74,Active
15762418,1,2022-11-25,Spain,2022-12-12,2025-08-09,971,325,Churned
15619436,0,2023-04-04,France,2023-06-20,2026-02-15,971,135,At risk (inactive 90+ days)
15624775,0,2023-09-15,France,2023-10-11,2026-06-08,971,22,Active
15690209,0,2023-06-09,Germany,2023-06-21,2026-02-16,971,134,At risk (inactive 90+ days)
15764922,0,2023-06-29,Spain,2023-07-08,2026-03-05,971,117,At risk (inactive 90+ days)
15589541,0,2023-09-28,France,2023-10-15,2026-06-12,971,18,Active
15589312,0,2023-06-30,France,2023-08-14,2026-04-11,971,80,Active
15745307,0,2023-09-16,Spain,2023-09-23,2026-05-20,970,41,Active
15734609,0,2023-09-18,France,2023-10-01,2026-05-28,970,33,Active
15810385,0,2023-08-09,Spain,2023-09-20,2026-05-17,970,44,Active
15699839,0,2023-08-28,France,2023-10-06,2026-06-02,970,28,Active
15681026,1,2017-06-16,Germany,2017-06-28,2020-02-23,970,2319,Churned
15600821,0,2023-08-04,France,2023-08-14,2026-04-09,969,82,Active
15730394,1,2018-04-10,France,2018-04-12,2020-12-06,969,2032,Churned
15697127,0,2023-09-22,France,2023-10-19,2026-06-14,969,16,Active
15746338,0,2023-10-26,France,2023-10-29,2026-06-22,967,8,Active
15635502,0,2023-09-01,France,2023-10-03,2026-05-27,967,34,Active
15613471,0,2023-10-07,Germany,2023-10-09,2026-06-01,966,29,Active
15753248,0,2023-07-19,France,2023-09-19,2026-05-12,966,49,Active
15606115,1,2020-06-06,France,2020-08-02,2023-03-26,966,1192,Churned
15739997,0,2023-10-03,France,2023-10-06,2026-05-29,966,32,Active
15806926,0,2023-09-12,France,2023-10-09,2026-05-31,965,30,Active
15681126,0,2023-08-17,Spain,2023-09-19,2026-05-10,964,51,Active
15711489,0,2023-10-17,Spain,2023-10-18,2026-06-08,964,22,Active
15751175,0,2023-10-11,France,2023-10-16,2026-06-05,963,25,Active
15684958,0,2023-08-17,Germany,2023-09-30,2026-05-20,963,41,Active
15742534,0,2023-10-20,Germany,2023-10-27,2026-06-16,963,14,Active
15750407,0,2023-10-01,Germany,2023-10-06,2026-05-26,963,35,Active
15678146,1,2018-12-11,Spain,2018-12-23,2021-08-11,962,1784,Churned
15704657,1,2022-07-09,France,2022-07-24,2025-03-12,962,475,Churned
15643794,0,2023-09-08,Spain,2023-09-24,2026-05-13,962,48,Active
15610156,0,2023-10-31,France,2023-10-31,2026-06-18,961,12,Active
15793842,0,2023-08-31,France,2023-09-20,2026-05-08,961,53,Active
15763662,0,2023-10-06,Germany,2023-10-11,2026-05-29,961,32,Active
15583303,0,2023-07-23,France,2023-10-17,2026-06-03,960,27,Active
15797276,1,2021-11-22,Spain,2021-11-30,2024-07-17,960,713,Churned
15689751,0,2023-10-30,France,2023-11-02,2026-06-19,960,11,Active
15584037,1,2020-09-16,Germany,2020-09-19,2023-05-07,960,1150,Churned
15727198,0,2023-09-14,Germany,2023-09-30,2026-05-17,960,44,Active
15576216,1,2022-03-20,Germany,2022-03-30,2024-11-14,960,593,Churned
15697249,0,2023-05-03,Germany,2023-07-06,2026-02-20,960,130,At risk (inactive 90+ days)
15640507,1,2023-03-20,Spain,2023-03-27,2025-11-11,960,231,Churned
15736112,0,2023-09-27,Spain,2023-10-01,2026-05-17,959,44,Active
15691104,1,2020-01-24,Germany,2020-05-03,2022-12-18,959,1290,Churned
15667602,0,2023-06-27,Spain,2023-07-07,2026-02-20,959,130,At risk (inactive 90+ days)
15784918,0,2023-10-10,Germany,2023-10-16,2026-06-01,959,29,Active
15608246,1,2018-05-02,Germany,2018-05-06,2020-12-20,959,2018,Churned
15757521,0,2023-10-01,France,2023-10-06,2026-05-21,958,40,Active
15806913,0,2023-09-09,France,2023-10-04,2026-05-19,958,42,Active
15567383,0,2023-10-02,Germany,2023-10-04,2026-05-19,958,42,Active
15797160,1,2017-07-14,France,2017-07-15,2020-02-27,957,2315,Churned
15590337,1,2019-12-04,France,2020-01-17,2022-08-31,957,1399,Churned
15734999,0,2023-08-20,Spain,2023-10-11,2026-05-24,956,37,Active
15573309,0,2023-09-14,Spain,2023-10-20,2026-06-02,956,28,Active
15591123,0,2023-10-30,Germany,2023-10-31,2026-06-13,956,17,Active
15585928,0,2023-10-28,Germany,2023-11-07,2026-06-20,956,10,Active
15777459,1,2022-03-28,Spain,2022-04-20,2024-12-01,956,576,Churned
15717898,0,2023-10-09,Spain,2023-10-17,2026-05-29,955,32,Active
15609618,1,2017-06-07,Germany,2017-06-09,2020-01-19,954,2354,Churned
15648005,0,2023-10-26,Spain,2023-10-29,2026-06-09,954,21,Active
15589563,0,2023-07-22,Spain,2023-10-24,2026-06-04,954,26,Active
15680706,1,2022-05-27,Germany,2022-06-14,2025-01-22,953,524,Churned
15806081,0,2023-08-19,Germany,2023-09-27,2026-05-07,953,54,Active
15612064,1,2021-05-28,France,2021-11-05,2024-06-14,952,746,Churned
15756241,0,2023-09-12,France,2023-10-07,2026-05-16,952,45,Active
15639004,0,2023-09-14,France,2023-10-08,2026-05-17,952,44,Active
15744717,0,2023-09-07,France,2023-09-10,2026-04-19,952,72,Active
15681274,0,2023-10-21,Spain,2023-11-04,2026-06-13,952,17,Active
15574167,0,2023-09-21,France,2023-11-09,2026-06-17,951,13,Active
15640846,1,2023-04-13,Germany,2023-04-17,2025-11-22,950,220,Churned
15694366,0,2023-09-07,Germany,2023-10-01,2026-05-07,949,54,Active
15759317,0,2023-10-15,Germany,2023-11-04,2026-06-10,949,20,Active
15703177,0,2023-10-13,France,2023-11-03,2026-06-09,949,21,Active
15673238,1,2018-05-26,Germany,2018-06-01,2021-01-05,949,2002,Churned
15632210,0,2023-09-04,Germany,2023-10-16,2026-05-21,948,40,Active
15678385,0,2023-10-01,France,2023-10-10,2026-05-15,948,46,Active
15705313,0,2023-10-09,France,2023-10-19,2026-05-24,948,37,Active
15795540,0,2023-10-03,France,2023-10-20,2026-05-24,947,37,Active
15714883,0,2023-10-08,France,2023-10-16,2026-05-20,947,41,Active
15586522,0,2023-09-03,Spain,2023-10-16,2026-05-20,947,41,Active
15783501,0,2023-07-24,France,2023-10-27,2026-05-30,946,31,Active
15764604,1,2018-09-05,France,2018-10-24,2021-05-27,946,1860,Churned
15567802,0,2023-09-19,Spain,2023-10-22,2026-05-25,946,36,Active
15767414,0,2023-10-26,France,2023-11-01,2026-06-02,944,28,Active
15620268,0,2023-06-08,Germany,2023-10-12,2026-05-13,944,48,Active
15619116,0,2023-10-14,France,2023-10-15,2026-05-16,944,45,Active
15649457,0,2023-08-24,Germany,2023-11-17,2026-06-17,943,13,Active
15652835,0,2023-10-04,Spain,2023-10-27,2026-05-27,943,34,Active
15814664,0,2023-10-06,Germany,2023-10-18,2026-05-18,943,43,Active
15680772,0,2023-09-16,Spain,2023-11-12,2026-06-10,941,20,Active
15738980,0,2023-09-04,France,2023-10-13,2026-05-11,941,50,Active
15643916,1,2018-03-15,Spain,2018-04-03,2020-10-29,940,2070,Churned
15692137,0,2023-09-28,France,2023-11-20,2026-06-17,940,13,Active
15786199,0,2023-10-07,France,2023-10-13,2026-05-09,939,52,Active
15651585,0,2023-08-09,Germany,2023-10-13,2026-05-09,939,52,Active
15755242,0,2023-10-31,France,2023-11-12,2026-06-08,939,22,Active
15791780,1,2016-03-16,Germany,2016-03-19,2018-10-13,938,2817,Churned
15795290,0,2023-08-22,France,2023-09-07,2026-04-02,938,89,Active
15659694,1,2022-09-23,Germany,2022-10-25,2025-05-20,938,406,Churned
15599552,0,2023-11-03,Spain,2023-11-04,2026-05-29,937,32,Active
15621685,0,2023-09-30,France,2023-11-24,2026-06-18,937,12,Active
15804295,0,2023-10-10,France,2023-10-29,2026-05-23,937,38,Active
15660429,1,2023-08-03,Spain,2023-08-07,2026-02-28,936,122,Churned
15668958,0,2023-07-29,France,2023-08-30,2026-03-23,936,99,At risk (inactive 90+ days)
15774277,0,2023-10-25,France,2023-11-16,2026-06-09,936,21,Active
15792660,0,2023-10-09,France,2023-10-29,2026-05-21,935,40,Active
15619955,1,2023-03-17,Germany,2023-04-19,2025-11-08,934,234,Churned
15768201,0,2023-11-29,France,2023-11-30,2026-06-21,934,9,Active
15807294,0,2023-11-29,Spain,2023-12-04,2026-06-25,934,5,Active
15670753,0,2023-10-25,Spain,2023-11-17,2026-06-08,934,22,Active
15579914,0,2023-11-25,Germany,2023-11-30,2026-06-21,934,9,Active
15632816,0,2023-08-21,Germany,2023-09-04,2026-03-26,934,96,At risk (inactive 90+ days)
15730460,0,2023-10-26,France,2023-11-22,2026-06-12,933,18,Active
15782941,0,2023-11-20,France,2023-11-21,2026-06-11,933,19,Active
15631305,1,2021-08-03,Spain,2021-08-16,2024-03-06,933,846,Churned
15715047,1,2016-07-24,Spain,2016-07-28,2019-02-16,933,2691,Churned
15760924,0,2023-09-01,Spain,2023-09-15,2026-04-05,933,86,Active
15613337,0,2023-11-19,France,2023-11-24,2026-06-14,933,16,Active
15748116,0,2023-09-05,France,2023-09-28,2026-04-17,932,74,Active
15761487,1,2021-04-17,France,2021-04-23,2023-11-11,932,962,Churned
15714080,0,2023-11-02,Germany,2023-11-03,2026-05-22,931,39,Active
15772412,1,2019-12-14,Spain,2019-12-23,2022-07-11,931,1450,Churned
15779174,0,2023-11-19,France,2023-11-22,2026-06-10,931,20,Active
15743153,0,2023-11-24,Germany,2023-11-26,2026-06-14,931,16,Active
15669491,0,2023-10-16,France,2023-10-30,2026-05-18,931,43,Active
15709531,0,2023-09-12,France,2023-10-07,2026-04-25,931,66,Active
15749381,0,2023-10-04,France,2023-11-13,2026-05-31,930,30,Active
15715888,0,2023-11-26,France,2023-12-05,2026-06-22,930,8,Active
15613772,1,2023-02-25,France,2023-03-07,2025-09-21,929,282,Churned
15731744,0,2023-11-12,France,2023-11-17,2026-06-03,929,27,Active
15708193,0,2023-09-21,France,2023-09-26,2026-04-12,929,79,Active
15577018,0,2023-11-11,Germany,2023-11-17,2026-06-03,929,27,Active
15742480,0,2023-10-30,Germany,2023-11-01,2026-05-17,928,44,Active
15605425,0,2023-09-20,Germany,2023-09-21,2026-04-06,928,85,Active
15635141,1,2018-03-09,Germany,2018-03-09,2020-09-21,927,2108,Churned
15773779,0,2023-11-21,Spain,2023-11-25,2026-06-09,927,21,Active
15771059,0,2023-08-19,Germany,2023-08-27,2026-03-11,927,111,At risk (inactive 90+ days)
15597957,0,2023-11-25,Spain,2023-12-07,2026-06-21,927,9,Active
15811958,0,2023-10-05,Germany,2023-11-01,2026-05-16,927,45,Active
15706458,1,2021-05-23,Germany,2021-06-15,2023-12-29,927,914,Churned
15643967,1,2022-02-11,France,2022-03-17,2024-09-28,926,640,Churned
15677141,0,2023-10-16,Spain,2023-11-05,2026-05-19,926,42,Active
15692931,0,2023-10-27,France,2023-10-28,2026-05-11,926,50,Active
15627697,0,2023-11-13,France,2023-11-24,2026-06-06,925,24,Active
15692430,0,2023-08-23,Germany,2023-11-25,2026-06-07,925,23,Active
15729718,1,2019-10-20,France,2019-10-23,2022-05-05,925,1517,Churned
15672447,1,2019-01-15,Germany,2019-01-17,2021-07-30,925,1796,Churned
15788556,1,2022-04-02,France,2022-04-19,2024-10-29,924,609,Churned
15616221,1,2021-07-09,France,2021-09-24,2024-04-05,924,816,Churned
15700540,0,2023-11-06,Germany,2023-11-14,2026-05-25,923,36,Active
15601977,0,2023-11-12,Spain,2023-11-19,2026-05-29,922,32,Active
15737888,0,2023-10-08,Spain,2023-11-02,2026-05-11,921,50,Active
15751333,0,2023-10-08,France,2023-10-27,2026-05-05,921,56,Active
15585256,0,2023-11-23,Spain,2023-11-29,2026-06-07,921,23,Active
15633608,1,2023-07-20,France,2023-08-03,2026-02-09,921,141,Churned
15618182,0,2023-11-29,France,2023-11-29,2026-06-06,920,24,Active
15665327,0,2023-10-25,France,2023-12-05,2026-06-12,920,18,Active
15783030,1,2018-12-25,France,2019-03-11,2021-09-16,920,1748,Churned
15732175,0,2023-11-21,France,2023-12-01,2026-06-07,919,23,Active
15737735,1,2021-11-26,Spain,2022-02-12,2024-08-19,919,680,Churned
15589475,1,2023-02-03,Spain,2023-03-04,2025-09-06,917,297,Churned
15711540,0,2023-10-14,France,2023-10-31,2026-05-05,917,56,Active
15718507,1,2022-10-14,Germany,2022-10-19,2025-04-22,916,434,Churned
15807568,0,2023-10-28,France,2023-12-03,2026-06-06,916,24,Active
15718839,0,2023-11-21,Germany,2023-12-02,2026-06-05,916,25,Active
15703354,0,2023-08-28,France,2023-12-11,2026-06-13,915,17,Active
15683522,0,2023-10-02,Germany,2023-10-16,2026-04-18,915,73,Active
15634146,0,2023-11-29,Germany,2023-12-11,2026-06-13,915,17,Active
15670914,0,2023-11-19,France,2023-12-04,2026-06-05,914,25,Active
15567431,0,2023-10-07,France,2023-11-26,2026-05-28,914,33,Active
15572361,0,2023-11-07,Germany,2023-11-27,2026-05-28,913,33,Active
15731790,1,2019-09-14,Germany,2019-10-10,2022-04-09,912,1543,Churned
15701042,0,2023-11-05,Germany,2023-11-18,2026-05-18,912,43,Active
15583755,0,2023-11-23,Germany,2023-11-29,2026-05-29,912,32,Active
15751771,0,2023-11-19,Germany,2023-11-27,2026-05-27,912,34,Active
15775891,1,2023-07-23,Germany,2023-07-31,2026-01-26,910,155,Churned
15665963,0,2023-10-26,Spain,2023-11-13,2026-05-11,910,50,Active
15798844,1,2019-04-25,France,2019-05-04,2021-10-30,910,1704,Churned
15712813,1,2023-05-01,Germany,2023-05-01,2025-10-27,910,246,Churned
15772073,1,2015-11-11,France,2015-12-06,2018-06-02,909,2950,Churned
15802390,0,2023-11-18,France,2023-11-22,2026-05-19,909,42,Active
15744770,0,2023-09-29,France,2023-12-12,2026-06-08,909,22,Active
15814405,1,2016-09-13,France,2016-10-07,2019-04-04,909,2644,Churned
15664681,0,2023-07-19,France,2023-11-03,2026-04-29,908,62,Active
15765857,0,2023-07-08,Spain,2023-11-20,2026-05-16,908,45,Active
15699005,0,2023-11-22,France,2023-12-04,2026-05-29,907,32,Active
15585280,0,2023-12-19,France,2023-12-20,2026-06-14,907,16,Active
15742609,0,2023-11-16,Germany,2023-12-08,2026-06-02,907,28,Active
15620751,0,2023-09-18,France,2023-10-13,2026-04-07,907,84,Active
15704581,0,2023-11-19,Germany,2023-12-15,2026-06-09,907,21,Active
15813363,0,2023-10-21,Spain,2023-11-13,2026-05-08,907,53,Active
15604482,0,2023-10-06,Spain,2023-11-13,2026-05-07,906,54,Active
15600911,0,2023-09-14,France,2023-10-23,2026-04-16,906,75,Active
15641655,0,2023-12-07,France,2023-12-08,2026-05-31,905,30,Active
15584114,0,2023-11-17,Germany,2023-12-07,2026-05-30,905,31,Active
15741416,0,2023-11-18,France,2023-11-21,2026-05-14,905,47,Active
15694444,1,2017-10-12,Germany,2017-12-12,2020-06-04,905,2217,Churned
15761053,1,2023-08-20,Germany,2023-08-22,2026-02-12,905,138,Churned
15591047,1,2020-02-11,Spain,2020-03-29,2022-09-19,904,1380,Churned
15668445,0,2023-11-18,France,2023-12-04,2026-05-26,904,35,Active
15780144,0,2023-10-09,Germany,2023-10-23,2026-04-13,903,78,Active
15749799,0,2023-11-24,France,2023-12-16,2026-06-06,903,24,Active
15589420,0,2023-11-13,France,2023-12-01,2026-05-22,903,39,Active
15687372,1,2017-08-07,Germany,2017-09-30,2020-03-20,902,2293,Churned
15628992,0,2023-10-19,Germany,2023-12-20,2026-06-09,902,21,Active
15724453,0,2023-07-18,France,2023-12-13,2026-06-02,902,28,Active
15810834,0,2023-11-19,Spain,2023-12-15,2026-06-03,901,27,Active
15583138,0,2023-08-22,France,2023-10-04,2026-03-23,901,99,At risk (inactive 90+ days)
15738148,1,2018-01-25,France,2018-02-25,2020-08-13,900,2147,Churned
15650258,0,2023-12-19,France,2023-12-19,2026-06-06,900,24,Active
15800062,1,2017-10-19,Spain,2018-03-15,2020-08-31,900,2129,Churned
15700693,0,2023-12-18,France,2023-12-18,2026-06-05,900,25,Active
15733032,0,2023-12-10,Spain,2023-12-10,2026-05-28,900,33,Active
15772573,0,2023-10-27,Spain,2023-12-15,2026-06-01,899,29,Active
15712807,1,2023-05-04,Spain,2023-05-05,2025-10-20,899,253,Churned
15771873,0,2023-08-23,Germany,2023-12-14,2026-05-30,898,31,Active
15775306,1,2018-01-29,Germany,2018-02-06,2020-07-23,898,2168,Churned
15803365,0,2023-12-17,Spain,2023-12-24,2026-06-09,898,21,Active
15568963,1,2023-07-13,Germany,2023-10-20,2026-04-05,898,86,Churned
15656086,1,2017-09-20,Spain,2017-10-01,2020-03-17,898,2296,Churned
15652782,0,2023-10-29,Germany,2023-11-16,2026-05-02,898,59,Active
15710161,0,2023-10-31,France,2023-11-15,2026-04-30,897,61,Active
15643042,0,2023-09-09,Germany,2023-10-06,2026-03-21,897,101,At risk (inactive 90+ days)
15582246,0,2023-12-28,Spain,2024-01-06,2026-06-21,897,9,Active
15789055,0,2023-10-26,Spain,2023-11-22,2026-05-07,897,54,Active
15791191,0,2023-12-02,France,2023-12-02,2026-05-16,896,45,Active
15572050,1,2022-11-25,Germany,2022-12-07,2025-05-21,896,405,Churned
15790093,0,2023-10-14,France,2023-11-04,2026-04-18,896,73,Active
15661198,0,2023-11-18,Germany,2023-12-08,2026-05-21,895,40,Active
15773792,1,2022-03-13,France,2022-03-20,2024-08-30,894,669,Churned
15793854,0,2023-12-02,France,2023-12-16,2026-05-28,894,33,Active
15588695,1,2020-02-02,Spain,2020-02-04,2022-07-17,894,1444,Churned
15791944,1,2019-01-21,France,2019-03-29,2021-09-08,894,1756,Churned
15809872,0,2023-11-02,France,2023-11-17,2026-04-29,894,62,Active
15777067,0,2023-10-29,France,2023-12-21,2026-06-02,894,28,Active
15704681,0,2023-12-27,Germany,2024-01-11,2026-06-22,893,8,Active
15749679,0,2023-12-23,France,2023-12-30,2026-06-10,893,20,Active
15659495,0,2023-12-29,Spain,2024-01-02,2026-06-13,893,17,Active
15616745,0,2023-12-07,Spain,2023-12-10,2026-05-20,892,41,Active
15645323,1,2023-11-22,France,2023-12-06,2026-05-16,892,45,Churned
15630106,0,2023-09-18,Spain,2023-12-29,2026-06-07,891,23,Active
15745250,1,2017-08-09,France,2017-08-11,2020-01-19,891,2354,Churned
15711834,1,2019-07-20,Spain,2019-07-28,2022-01-02,889,1640,Churned
15656707,0,2023-12-17,Spain,2023-12-24,2026-05-31,889,30,Active
15625592,0,2023-12-24,France,2024-01-08,2026-06-15,889,15,Active
15706200,0,2023-08-23,Germany,2023-08-26,2026-01-31,889,150,At risk (inactive 90+ days)
15807120,1,2023-06-10,Germany,2023-06-25,2025-11-30,889,212,Churned
15615050,1,2016-09-25,Germany,2016-10-01,2019-03-08,888,2671,Churned
15687752,0,2023-12-25,France,2023-12-30,2026-06-04,887,26,Active
15576126,0,2023-12-22,France,2023-12-28,2026-06-02,887,28,Active
15668504,0,2023-12-13,France,2023-12-25,2026-05-30,887,31,Active
15672246,0,2023-12-05,Germany,2023-12-19,2026-05-24,887,37,Active
15743193,1,2019-08-24,France,2019-08-26,2022-01-29,887,1613,Churned
15681924,0,2023-11-06,Germany,2023-11-15,2026-04-19,886,72,Active
15764432,0,2023-10-19,Germany,2023-10-25,2026-03-29,886,93,At risk (inactive 90+ days)
15588123,0,2023-11-07,France,2023-12-25,2026-05-29,886,32,Active
15623630,1,2022-07-11,Germany,2022-07-16,2024-12-18,886,559,Churned
15654772,1,2020-07-01,France,2020-07-14,2022-12-17,886,1291,Churned
15669922,0,2023-12-26,Spain,2024-01-10,2026-06-13,885,17,Active
15664543,1,2019-05-21,France,2019-06-08,2021-11-09,885,1694,Churned
15728167,0,2023-10-29,France,2024-01-16,2026-06-19,885,11,Active
15775116,0,2023-06-17,France,2023-08-08,2026-01-09,885,172,At risk (inactive 90+ days)
15651983,1,2017-04-25,France,2017-05-13,2019-10-14,884,2451,Churned
15622305,0,2023-12-30,Germany,2024-01-20,2026-06-22,884,8,Active
15593365,0,2023-12-10,Spain,2023-12-13,2026-05-14,883,47,Active
15715769,0,2023-12-24,France,2024-01-06,2026-06-07,883,23,Active
15717290,0,2023-11-08,Germany,2023-12-23,2026-05-24,883,37,Active
15661723,1,2021-09-12,Spain,2021-09-23,2024-02-23,883,858,Churned
15797502,0,2023-12-21,Spain,2024-01-15,2026-06-15,882,15,Active
15689044,0,2023-11-23,France,2023-12-06,2026-05-05,881,56,Active
15582492,0,2023-12-22,France,2024-01-02,2026-06-01,881,29,Active
15782121,0,2023-12-12,France,2023-12-20,2026-05-19,881,42,Active
15645942,0,2023-10-03,Spain,2023-10-30,2026-03-28,880,94,At risk (inactive 90+ days)
15577178,1,2021-05-03,France,2021-05-27,2023-10-24,880,980,Churned
15756918,0,2023-09-09,France,2023-09-16,2026-02-12,880,138,At risk (inactive 90+ days)
15786063,0,2023-10-04,France,2023-10-24,2026-03-21,879,101,At risk (inactive 90+ days)
15596522,0,2023-12-17,France,2024-01-03,2026-05-31,879,30,Active
15718289,1,2022-09-29,Germany,2022-11-11,2025-04-08,879,448,Churned
15805151,0,2023-12-11,Germany,2023-12-26,2026-05-23,879,38,Active
15579112,0,2023-12-26,France,2024-01-13,2026-06-10,879,20,Active
15591135,0,2023-09-21,France,2024-01-11,2026-06-08,879,22,Active
15652169,0,2023-12-26,France,2024-01-13,2026-06-10,879,20,Active
15598846,0,2023-11-03,France,2023-12-24,2026-05-20,878,41,Active
15720814,0,2023-08-03,Germany,2023-10-22,2026-03-18,878,104,At risk (inactive 90+ days)
15624519,1,2016-11-17,Germany,2017-02-01,2019-06-29,878,2558,Churned
15707974,0,2023-12-14,Spain,2023-12-21,2026-05-17,878,44,Active
15616833,0,2023-12-31,Spain,2024-01-18,2026-06-14,878,16,Active
15732628,0,2023-11-29,France,2023-12-08,2026-05-03,877,58,Active
15763612,0,2023-12-06,Germany,2023-12-08,2026-05-03,877,58,Active
15685628,0,2023-11-03,Spain,2023-12-09,2026-05-04,877,57,Active
15720847,0,2023-12-24,France,2024-01-18,2026-06-13,877,17,Active
15704788,1,2018-06-02,Spain,2018-08-03,2020-12-27,877,2011,Churned
15736510,1,2023-09-24,Spain,2023-10-18,2026-03-13,877,109,Churned
15695299,0,2024-01-18,France,2024-01-18,2026-06-13,877,17,Active
15601857,1,2022-03-03,Germany,2022-03-19,2024-08-12,877,687,Churned
15765537,0,2023-12-18,Germany,2024-01-06,2026-05-31,876,30,Active
15627212,0,2023-12-21,France,2023-12-31,2026-05-25,876,36,Active
15636658,0,2023-12-25,France,2024-01-05,2026-05-30,876,31,Active
15579387,0,2024-01-02,Germany,2024-01-05,2026-05-29,875,32,Active
15671351,0,2023-12-07,Spain,2023-12-24,2026-05-17,875,44,Active
15716800,0,2023-12-14,France,2023-12-27,2026-05-20,875,41,Active
15652218,0,2023-12-30,France,2024-01-03,2026-05-26,874,35,Active
15635500,0,2023-12-31,Germany,2024-01-11,2026-06-03,874,27,Active
15690733,1,2021-12-26,Spain,2022-01-08,2024-05-31,874,760,Churned
15678317,0,2024-01-11,France,2024-01-15,2026-06-06,873,24,Active
15718454,0,2023-09-12,Spain,2023-12-26,2026-05-17,873,44,Active
15792679,0,2024-01-29,France,2024-02-02,2026-06-24,873,6,Active
15692408,0,2024-01-01,Spain,2024-01-03,2026-05-25,873,36,Active
15700300,1,2021-10-23,Germany,2021-11-28,2024-04-19,873,802,Churned
15739271,0,2024-01-01,Germany,2024-01-05,2026-05-27,873,34,Active
15773973,0,2024-01-10,France,2024-01-12,2026-06-02,872,28,Active
15661526,0,2024-01-12,Germany,2024-01-13,2026-06-02,871,28,Active
15719348,1,2017-07-20,France,2017-07-25,2019-12-13,871,2391,Churned
15574296,0,2024-01-16,France,2024-01-21,2026-06-10,871,20,Active
15615457,0,2024-01-28,Spain,2024-01-31,2026-06-19,870,11,Active
15791373,1,2023-09-15,Germany,2023-11-03,2026-03-22,870,100,Churned
15631063,0,2023-10-05,France,2023-11-07,2026-03-26,870,96,At risk (inactive 90+ days)
15749905,1,2020-01-14,Spain,2020-01-14,2022-06-01,869,1490,Churned
15798960,0,2023-12-29,France,2024-01-04,2026-05-22,869,39,Active
15797767,1,2020-05-08,France,2020-05-14,2022-09-30,869,1369,Churned
15570601,1,2016-08-21,France,2016-08-24,2019-01-09,868,2729,Churned
15606435,0,2024-01-26,Germany,2024-01-27,2026-06-13,868,17,Active
15756299,0,2024-01-24,France,2024-01-24,2026-06-10,868,20,Active
15786852,0,2024-01-20,Germany,2024-01-29,2026-06-14,867,16,Active
15738088,1,2016-01-25,Spain,2016-02-19,2018-07-05,867,2917,Churned
15754177,0,2023-12-11,Spain,2023-12-27,2026-05-11,866,50,Active
15738588,0,2023-11-06,Germany,2024-01-10,2026-05-25,866,36,Active
15594812,0,2023-12-11,Spain,2024-01-03,2026-05-18,866,43,Active
15658693,0,2023-12-15,France,2023-12-19,2026-05-02,865,59,Active
15739931,0,2024-01-20,France,2024-01-22,2026-06-05,865,25,Active
15641773,0,2023-12-09,Germany,2023-12-27,2026-05-10,865,51,Active
15622658,0,2024-01-21,France,2024-02-01,2026-06-15,865,15,Active
15684469,0,2023-11-18,Germany,2023-12-27,2026-05-09,864,52,Active
15633474,0,2024-01-26,France,2024-02-05,2026-06-18,864,12,Active
15662658,0,2023-09-27,Germany,2023-12-02,2026-04-12,862,79,Active
15758477,0,2023-12-11,France,2023-12-12,2026-04-22,862,69,Active
15570533,1,2019-04-15,Germany,2019-05-21,2021-09-29,862,1735,Churned
15679611,0,2023-11-22,Spain,2023-12-05,2026-04-14,861,77,Active
15777759,0,2024-01-25,France,2024-02-04,2026-06-14,861,16,Active
15780142,0,2023-10-27,France,2024-01-30,2026-06-09,861,21,Active
15749583,1,2023-11-18,Germany,2023-12-04,2026-04-13,861,78,Churned
15750638,1,2021-03-21,Germany,2021-10-23,2024-03-01,860,851,Churned
15645717,0,2024-01-10,France,2024-01-17,2026-05-26,860,35,Active
15774104,0,2024-01-15,Spain,2024-01-19,2026-05-28,860,33,Active
15689602,0,2024-01-28,France,2024-02-14,2026-06-23,860,7,Active
15789936,0,2023-12-27,France,2024-01-05,2026-05-14,860,47,Active
15667093,0,2024-01-22,France,2024-01-31,2026-06-09,860,21,Active
15754261,0,2023-12-23,Spain,2024-01-02,2026-05-09,858,52,Active
15668289,0,2023-11-14,Spain,2024-01-24,2026-05-31,858,30,Active
15632275,0,2023-12-20,France,2024-01-29,2026-06-04,857,26,Active
15623357,0,2024-01-13,Germany,2024-01-17,2026-05-23,857,38,Active
15646196,0,2024-01-26,Spain,2024-02-05,2026-06-10,856,20,Active
15608344,1,2019-02-05,Germany,2019-04-28,2021-08-31,856,1764,Churned
15627741,0,2024-01-04,Germany,2024-01-21,2026-05-26,856,35,Active
15699446,0,2023-12-27,Germany,2024-01-14,2026-05-19,856,42,Active
15711316,0,2024-01-17,France,2024-02-01,2026-06-06,856,24,Active
15773605,0,2023-06-29,Spain,2023-10-31,2026-03-04,855,118,At risk (inactive 90+ days)
15679733,0,2023-12-21,Germany,2024-02-08,2026-06-12,855,18,Active
15772892,0,2023-12-21,France,2024-01-26,2026-05-29,854,32,Active
15757001,0,2023-12-08,France,2023-12-16,2026-04-18,854,73,Active
15729040,0,2024-01-19,France,2024-02-01,2026-06-03,853,27,Active
15716994,1,2022-10-18,Spain,2022-10-31,2025-02-28,851,487,Churned
15668629,0,2023-11-24,Spain,2024-02-14,2026-06-14,851,16,Active
15566735,0,2024-01-23,Germany,2024-02-08,2026-06-08,851,22,Active
15644849,0,2023-12-06,France,2023-12-09,2026-04-08,851,83,Active
15720110,0,2024-01-08,France,2024-01-26,2026-05-26,851,35,Active
15723320,0,2023-11-18,Germany,2024-01-21,2026-05-20,850,41,Active
15788442,0,2023-12-30,Spain,2024-02-16,2026-06-15,850,15,Active
15702669,0,2024-01-25,Germany,2024-01-27,2026-05-25,849,36,Active
15697034,0,2023-09-03,Spain,2023-11-24,2026-03-22,849,100,At risk (inactive 90+ days)
15586880,0,2024-01-23,Germany,2024-01-29,2026-05-26,848,35,Active
15572735,0,2024-01-28,Spain,2024-02-14,2026-06-11,848,19,Active
15623668,0,2024-01-01,Germany,2024-01-05,2026-05-01,847,60,Active
15626806,0,2024-02-24,France,2024-02-26,2026-06-20,845,10,Active
15622518,1,2020-08-23,France,2020-08-24,2022-12-17,845,1291,Churned
15807546,0,2023-11-18,France,2023-12-31,2026-04-24,845,67,Active
15675626,0,2023-10-20,France,2024-02-16,2026-06-10,845,20,Active
15734461,0,2023-11-28,Germany,2024-01-09,2026-05-02,844,59,Active
15572767,0,2023-12-14,France,2023-12-22,2026-04-14,844,77,Active
15688409,1,2023-08-15,France,2023-08-20,2025-12-10,843,202,Churned
15620836,0,2024-01-29,Germany,2024-03-04,2026-06-25,843,5,Active
15782404,0,2024-01-13,France,2024-01-26,2026-05-17,842,44,Active
15586585,0,2023-10-15,Germany,2023-10-23,2026-02-10,841,140,At risk (inactive 90+ days)
15697625,0,2024-01-16,France,2024-01-17,2026-05-07,841,54,Active
15717770,1,2018-10-19,Spain,2018-10-27,2021-02-14,841,1962,Churned
15655952,0,2024-01-27,France,2024-03-01,2026-06-20,841,10,Active
15710978,0,2024-02-06,Germany,2024-02-06,2026-05-26,840,35,Active
15623966,0,2023-12-04,France,2023-12-31,2026-04-19,840,72,Active
15756148,0,2024-01-19,Spain,2024-01-21,2026-05-10,840,51,Active
15810864,0,2023-11-23,France,2024-01-11,2026-04-29,839,62,Active
15660505,1,2023-10-13,Germany,2023-11-13,2026-03-01,839,121,Churned
15609623,1,2020-07-30,France,2020-08-25,2022-12-12,839,1296,Churned
15746553,1,2020-08-08,Germany,2020-08-22,2022-12-09,839,1299,Churned
15746461,0,2024-01-04,Spain,2024-02-05,2026-05-23,838,38,Active
15614643,0,2024-01-01,Spain,2024-01-02,2026-04-19,838,72,Active
15680405,0,2024-02-20,France,2024-02-21,2026-06-08,838,22,Active
15618774,1,2023-06-04,France,2023-10-08,2026-01-22,837,159,Churned
15764314,0,2023-07-08,Germany,2023-12-12,2026-03-28,837,94,At risk (inactive 90+ days)
15644103,0,2023-12-22,Spain,2023-12-28,2026-04-13,837,78,Active
15642912,0,2023-11-12,France,2024-01-05,2026-04-20,836,71,Active
15570943,0,2023-12-20,Germany,2023-12-29,2026-04-11,834,80,Active
15790442,0,2024-01-21,Spain,2024-02-09,2026-05-23,834,38,Active
15614962,0,2023-11-30,Spain,2024-01-13,2026-04-26,834,65,Active
15653147,0,2024-01-17,France,2024-02-10,2026-05-24,834,37,Active
15610337,0,2024-02-17,Spain,2024-02-29,2026-06-11,833,19,Active
15772329,1,2018-05-01,Germany,2018-06-17,2020-09-27,833,2102,Churned
15795954,0,2024-02-23,France,2024-02-28,2026-06-09,832,21,Active
15731327,0,2024-02-04,Germany,2024-02-14,2026-05-26,832,35,Active
15589715,1,2021-03-12,France,2021-05-24,2023-09-03,832,1031,Churned
15669326,0,2024-02-03,France,2024-02-03,2026-05-15,832,46,Active
15766166,0,2024-02-23,Spain,2024-02-23,2026-06-04,832,26,Active
15746515,1,2019-03-14,France,2019-03-21,2021-06-30,832,1826,Churned
15686957,0,2024-01-22,Germany,2024-02-28,2026-06-09,832,21,Active
15794549,0,2024-02-13,France,2024-02-24,2026-06-04,831,26,Active
15577064,0,2023-12-27,Germany,2023-12-29,2026-04-08,831,83,Active
15603319,0,2023-12-30,France,2024-03-06,2026-06-15,831,15,Active
15730345,0,2024-02-23,France,2024-02-28,2026-06-08,831,22,Active
15594515,1,2019-06-23,France,2019-07-09,2021-10-17,831,1717,Churned
15623210,1,2017-12-30,Germany,2018-02-16,2020-05-27,831,2225,Churned
15785183,0,2024-01-25,Spain,2024-03-04,2026-06-13,831,17,Active
15652540,0,2024-01-24,France,2024-01-25,2026-05-04,830,57,Active
15592707,0,2024-01-27,Germany,2024-02-23,2026-06-02,830,28,Active
15700083,0,2024-02-07,Spain,2024-02-08,2026-05-18,830,43,Active
15617401,0,2024-01-20,France,2024-03-07,2026-06-15,830,15,Active
15813697,0,2024-02-12,Germany,2024-02-21,2026-05-30,829,31,Active
15642997,0,2024-02-14,France,2024-02-15,2026-05-24,829,37,Active
15715715,0,2024-01-18,Spain,2024-02-01,2026-05-10,829,51,Active
15608701,1,2023-04-04,Germany,2023-04-08,2025-07-15,829,350,Churned
15654060,0,2024-01-29,France,2024-02-16,2026-05-24,828,37,Active
15677105,1,2021-09-15,Germany,2021-09-15,2023-12-22,828,921,Churned
15744044,1,2021-12-19,Germany,2022-02-06,2024-05-14,828,777,Churned
15645517,0,2024-02-14,Spain,2024-02-17,2026-05-24,827,37,Active
15654390,1,2019-05-09,France,2019-05-12,2021-08-16,827,1779,Churned
15809823,0,2023-12-12,Germany,2024-02-24,2026-05-30,826,31,Active
15815295,0,2023-12-23,France,2024-02-19,2026-05-25,826,36,Active
15677112,0,2024-02-19,France,2024-02-25,2026-05-31,826,30,Active
15620988,0,2023-12-06,France,2024-02-25,2026-05-31,826,30,Active
15727829,0,2024-02-24,France,2024-03-08,2026-06-11,825,19,Active
15777060,1,2022-04-17,France,2022-07-06,2024-10-08,825,630,Churned
15566312,1,2021-01-15,Spain,2021-02-01,2023-05-06,824,1151,Churned
15630920,0,2024-02-22,France,2024-02-22,2026-05-25,823,36,Active
15764661,0,2024-01-16,France,2024-01-20,2026-04-22,823,69,Active
15732660,0,2024-01-05,France,2024-01-24,2026-04-25,822,66,Active
15684267,0,2023-12-11,Germany,2024-02-19,2026-05-21,822,40,Active
15732268,0,2023-06-14,France,2023-11-30,2026-03-01,822,121,At risk (inactive 90+ days)
15751491,1,2022-11-14,Germany,2022-11-22,2025-02-21,822,494,Churned
15698872,0,2024-02-09,Spain,2024-02-22,2026-05-24,822,37,Active
15616530,1,2019-11-30,France,2020-01-03,2022-04-04,822,1548,Churned
15807432,0,2024-02-09,Germany,2024-02-13,2026-05-14,821,47,Active
15701121,1,2021-03-08,France,2021-03-16,2023-06-15,821,1111,Churned
15789109,1,2015-11-26,France,2015-11-29,2018-02-26,820,3046,Churned
15624820,1,2018-08-15,Spain,2018-09-09,2020-12-07,820,2031,Churned
15682421,1,2023-12-30,France,2024-02-01,2026-04-30,819,61,Churned
15610972,1,2022-02-15,Germany,2022-03-10,2024-06-06,819,754,Churned
15590286,0,2024-02-17,France,2024-03-11,2026-06-08,819,22,Active
15688498,0,2024-02-10,Germany,2024-02-14,2026-05-13,819,48,Active
15710456,0,2024-02-25,France,2024-03-14,2026-06-10,818,20,Active
15630551,0,2024-02-03,France,2024-02-22,2026-05-20,818,41,Active
15706223,0,2024-02-17,Spain,2024-03-07,2026-06-03,818,27,Active
15670738,0,2023-12-08,Germany,2024-02-12,2026-05-10,818,51,Active
15678427,0,2024-03-26,Germany,2024-03-26,2026-06-22,818,8,Active
15766741,0,2024-02-19,France,2024-02-27,2026-05-24,817,37,Active
15705885,0,2023-12-21,Spain,2024-02-02,2026-04-29,817,62,Active
15782530,0,2023-12-26,Spain,2024-01-02,2026-03-29,817,93,At risk (inactive 90+ days)
15801863,0,2024-02-19,France,2024-03-10,2026-06-05,817,25,Active
15575510,0,2024-02-13,France,2024-03-03,2026-05-29,817,32,Active
15737909,0,2023-11-21,France,2024-01-21,2026-04-17,817,74,Active
15609987,0,2023-12-10,France,2024-01-31,2026-04-27,817,64,Active
15746569,1,2022-06-14,France,2022-08-03,2024-10-28,817,610,Churned
15684010,0,2024-02-07,Germany,2024-02-22,2026-05-18,816,43,Active
15805627,0,2024-02-20,France,2024-02-29,2026-05-25,816,36,Active
15804516,0,2023-10-17,France,2024-03-17,2026-06-10,815,20,Active
15668818,0,2024-03-02,Spain,2024-03-02,2026-05-26,815,35,Active
15694129,1,2023-04-04,Germany,2023-04-08,2025-07-01,815,364,Churned
15605447,0,2023-10-10,France,2023-11-03,2026-01-25,814,156,At risk (inactive 90+ days)
15614103,1,2018-04-14,Germany,2018-04-22,2020-07-14,814,2177,Churned
15698664,0,2024-02-16,Spain,2024-02-29,2026-05-23,814,38,Active
15765846,0,2023-09-15,Spain,2024-02-21,2026-05-15,814,46,Active
15574071,0,2024-03-30,Germany,2024-04-04,2026-06-26,813,4,Active
15813974,1,2022-09-02,Germany,2022-09-03,2024-11-24,813,583,Churned
15766417,0,2024-01-20,France,2024-02-04,2026-04-27,813,64,Active
15592389,0,2024-03-21,France,2024-03-26,2026-06-16,812,14,Active
15642619,0,2024-03-11,Spain,2024-03-17,2026-06-06,811,24,Active
15774166,0,2024-03-21,Germany,2024-03-24,2026-06-12,810,18,Active
15643330,0,2024-02-20,France,2024-03-10,2026-05-29,810,32,Active
15636624,1,2020-10-01,Spain,2020-10-18,2023-01-05,809,1272,Churned
15651554,1,2022-01-25,Germany,2022-01-25,2024-04-13,809,808,Churned
15669342,0,2024-02-12,Germany,2024-02-24,2026-05-13,809,48,Active
15720636,1,2021-07-10,France,2021-07-30,2023-10-17,809,987,Churned
15766810,0,2024-03-24,Germany,2024-04-02,2026-06-20,809,10,Active
15718064,0,2023-12-09,Spain,2024-02-27,2026-05-16,809,45,Active
15644295,0,2024-02-24,Spain,2024-03-08,2026-05-25,808,36,Active
15681562,0,2024-02-14,France,2024-03-06,2026-05-22,807,39,Active
15658589,0,2024-02-25,Spain,2024-03-06,2026-05-22,807,39,Active
15674928,0,2024-02-05,Spain,2024-02-05,2026-04-22,807,69,Active
15598883,0,2024-03-28,Spain,2024-03-28,2026-06-12,806,18,Active
15766047,0,2024-03-20,France,2024-03-25,2026-06-09,806,21,Active
15808780,0,2023-11-14,France,2023-12-02,2026-02-15,806,135,At risk (inactive 90+ days)
15631222,0,2024-03-13,France,2024-03-21,2026-06-05,806,25,Active
15812616,1,2016-06-21,France,2016-07-04,2018-09-17,805,2843,Churned
15668580,0,2024-02-16,Spain,2024-03-21,2026-06-04,805,26,Active
15585839,0,2024-03-24,France,2024-04-06,2026-06-20,805,10,Active
15656597,0,2024-03-05,Germany,2024-03-06,2026-05-20,805,41,Active
15639314,0,2024-03-27,France,2024-03-27,2026-06-09,804,21,Active
15746190,0,2024-03-13,Spain,2024-03-24,2026-06-06,804,24,Active
15662901,0,2024-03-22,France,2024-03-27,2026-06-09,804,21,Active
15611599,0,2024-03-06,France,2024-03-15,2026-05-28,804,33,Active
15650424,1,2022-10-17,France,2022-11-06,2025-01-18,804,528,Churned
15665088,0,2024-03-30,France,2024-04-03,2026-06-14,802,16,Active
15715003,0,2024-03-20,Spain,2024-03-22,2026-06-01,801,29,Active
15809772,0,2024-02-07,France,2024-03-20,2026-05-30,801,31,Active
15673342,0,2023-12-11,France,2023-12-29,2026-03-09,801,113,At risk (inactive 90+ days)
15635097,0,2024-03-13,Germany,2024-03-13,2026-05-23,801,38,Active
15808566,0,2024-02-06,France,2024-03-08,2026-05-18,801,43,Active
15653857,0,2024-03-04,France,2024-03-14,2026-05-23,800,38,Active
15808784,0,2024-03-07,France,2024-03-14,2026-05-23,800,38,Active
15588449,1,2021-05-27,Spain,2021-06-01,2023-08-10,800,1055,Churned
15776433,0,2024-02-21,Spain,2024-03-16,2026-05-24,799,37,Active
15716381,1,2019-04-02,Germany,2019-04-11,2021-06-18,799,1838,Churned
15629475,0,2024-03-27,France,2024-03-29,2026-06-06,799,24,Active
15692575,1,2019-09-10,France,2019-11-14,2022-01-21,799,1621,Churned
15759555,0,2024-03-18,Spain,2024-03-18,2026-05-26,799,35,Active
15794142,1,2020-08-25,Germany,2020-09-07,2022-11-14,798,1324,Churned
15637979,0,2024-03-17,Germany,2024-03-31,2026-06-07,798,23,Active
15678284,1,2019-05-23,France,2019-05-23,2021-07-29,798,1797,Churned
15643679,0,2024-03-21,Germany,2024-03-22,2026-05-29,798,32,Active
15667289,0,2023-09-20,Spain,2023-10-26,2026-01-01,798,180,At risk (inactive 90+ days)
15797919,0,2024-03-26,Spain,2024-04-01,2026-06-08,798,22,Active
15801466,0,2024-02-26,France,2024-04-06,2026-06-12,797,18,Active
15715297,0,2024-01-07,Germany,2024-01-12,2026-03-19,797,103,At risk (inactive 90+ days)
15634491,0,2024-02-19,France,2024-02-26,2026-05-03,797,58,Active
15668943,0,2024-01-08,France,2024-02-16,2026-04-23,797,68,Active
15801559,1,2017-05-13,Germany,2017-05-20,2019-07-25,796,2532,Churned
15743007,1,2022-06-04,France,2022-06-10,2024-08-14,796,685,Churned
15766667,0,2024-02-19,Spain,2024-03-11,2026-05-15,795,46,Active
15661656,0,2024-03-27,France,2024-04-14,2026-06-18,795,12,Active
15694641,0,2024-03-10,Spain,2024-03-27,2026-05-31,795,30,Active
15694456,1,2022-08-31,France,2022-09-05,2024-11-07,794,600,Churned
15677371,0,2024-03-15,Spain,2024-03-29,2026-06-01,794,29,Active
15705860,1,2022-10-30,Germany,2022-11-13,2025-01-15,794,531,Churned
15772995,0,2024-03-24,France,2024-03-31,2026-06-03,794,27,Active
15681068,0,2024-03-14,France,2024-03-30,2026-06-01,793,29,Active
15615016,0,2024-01-23,France,2024-01-23,2026-03-26,793,96,At risk (inactive 90+ days)
15748414,1,2018-01-10,Spain,2018-01-28,2020-03-31,793,2282,Churned
15606177,0,2023-11-17,France,2024-04-01,2026-06-02,792,28,Active
15770039,1,2022-06-05,Germany,2022-06-19,2024-08-19,792,680,Churned
15608406,1,2020-08-27,France,2020-09-19,2022-11-19,791,1319,Churned
15731669,0,2024-01-05,France,2024-01-26,2026-03-27,791,95,At risk (inactive 90+ days)
15738063,0,2024-03-07,France,2024-03-31,2026-05-31,791,30,Active
15736431,0,2023-12-09,Spain,2024-02-21,2026-04-21,790,70,Active
15576185,0,2024-03-08,France,2024-03-21,2026-05-20,790,41,Active
15618255,1,2020-06-18,Germany,2020-07-05,2022-09-03,790,1396,Churned
15711901,0,2024-03-02,France,2024-03-09,2026-05-08,790,53,Active
15594685,0,2024-01-09,France,2024-03-26,2026-05-24,789,37,Active
15664849,1,2022-08-12,Spain,2022-08-15,2024-10-12,789,626,Churned
15796764,1,2023-03-12,Germany,2023-03-18,2025-05-15,789,411,Churned
15591179,0,2024-02-28,Spain,2024-03-25,2026-05-22,788,39,Active
15576824,1,2022-10-11,Germany,2022-10-29,2024-12-25,788,552,Churned
15711130,0,2024-02-27,France,2024-04-06,2026-06-03,788,27,Active
15639882,0,2024-03-21,France,2024-03-21,2026-05-17,787,44,Active
15607263,1,2023-04-21,France,2023-05-05,2025-06-30,787,365,Churned
15723654,0,2024-03-09,France,2024-03-27,2026-05-22,786,39,Active
15624510,1,2019-07-15,France,2019-07-15,2021-09-08,786,1756,Churned
15697702,0,2024-04-13,Spain,2024-04-13,2026-06-08,786,22,Active
15707596,1,2017-07-06,Germany,2017-07-06,2019-08-30,785,2496,Churned
15752578,0,2024-02-06,France,2024-03-20,2026-05-14,785,47,Active
15666332,0,2024-04-18,Spain,2024-04-19,2026-06-13,785,17,Active
15570145,0,2024-02-06,France,2024-03-13,2026-05-07,785,54,Active
15572762,0,2023-11-18,Germany,2024-04-21,2026-06-14,784,16,Active
15652180,0,2024-02-23,France,2024-04-15,2026-06-08,784,22,Active
15807555,0,2024-03-13,France,2024-03-15,2026-05-08,784,53,Active
15701037,0,2024-01-21,France,2024-04-15,2026-06-07,783,23,Active
15687852,0,2024-02-15,France,2024-04-07,2026-05-30,783,31,Active
15758252,0,2024-03-11,Germany,2024-03-27,2026-05-19,783,42,Active
15719294,0,2023-07-13,France,2024-03-13,2026-05-05,783,56,Active
15571973,0,2024-01-17,France,2024-03-22,2026-05-12,781,49,Active
15699415,1,2019-10-02,France,2019-10-08,2021-11-27,781,1676,Churned
15699634,0,2024-03-19,France,2024-04-01,2026-05-21,780,40,Active
15627220,1,2016-08-07,Germany,2016-08-30,2018-10-19,780,2811,Churned
15799910,1,2024-01-19,France,2024-03-21,2026-05-10,780,51,Churned
15780989,1,2024-01-11,Spain,2024-02-25,2026-04-15,780,76,Churned
15596914,0,2024-03-04,Germany,2024-03-20,2026-05-08,779,53,Active
15610147,0,2024-04-21,France,2024-04-21,2026-06-09,779,21,Active
15743245,1,2023-06-04,France,2023-06-05,2025-07-23,779,342,Churned
15669516,0,2024-03-26,Spain,2024-04-19,2026-06-06,778,24,Active
15586029,0,2024-04-11,Germany,2024-04-17,2026-06-04,778,26,Active
15626042,0,2024-04-09,Spain,2024-04-11,2026-05-29,778,32,Active
15724154,1,2021-12-12,Germany,2022-01-15,2024-03-02,777,850,Churned
15780805,1,2023-09-03,France,2023-09-04,2025-10-19,776,254,Churned
15668575,1,2018-03-06,Spain,2018-03-12,2020-04-25,775,2257,Churned
15781903,0,2023-11-11,Germany,2024-02-19,2026-04-04,775,87,Active
15736816,0,2023-12-26,Germany,2024-04-13,2026-05-27,774,34,Active
15606836,0,2024-04-02,France,2024-04-08,2026-05-22,774,39,Active
15585379,0,2024-03-19,France,2024-04-14,2026-05-28,774,33,Active
15635125,0,2024-04-02,Spain,2024-04-05,2026-05-19,774,42,Active
15772601,0,2023-11-04,Germany,2024-04-13,2026-05-26,773,35,Active
15680399,0,2024-04-23,France,2024-04-27,2026-06-09,773,21,Active
15691457,0,2024-04-11,Spain,2024-04-24,2026-06-06,773,24,Active
15684042,0,2024-04-15,Germany,2024-04-30,2026-06-10,771,20,Active
15697020,0,2024-04-16,France,2024-04-17,2026-05-28,771,33,Active
15662626,0,2023-11-19,France,2023-12-10,2026-01-19,771,162,At risk (inactive 90+ days)
15705009,1,2018-06-05,France,2018-06-09,2020-07-19,771,2172,Churned
15712608,0,2024-04-23,Germany,2024-04-30,2026-06-10,771,20,Active
15570859,0,2024-04-01,Germany,2024-04-11,2026-05-21,770,40,Active
15713463,1,2023-07-31,Germany,2023-11-23,2026-01-01,770,180,Churned
15762172,0,2024-03-09,France,2024-04-19,2026-05-29,770,32,Active
15778155,1,2022-10-13,Germany,2022-10-26,2024-12-03,769,574,Churned
15644174,1,2022-04-28,Germany,2022-04-29,2024-06-06,769,754,Churned
15567557,0,2024-04-30,France,2024-05-08,2026-06-16,769,14,Active
15640953,0,2024-02-15,France,2024-04-09,2026-05-17,768,44,Active
15675185,0,2024-04-17,Germany,2024-05-04,2026-06-11,768,19,Active
15709604,0,2024-02-04,France,2024-03-31,2026-05-08,768,53,Active
15577313,1,2023-04-27,France,2023-04-29,2025-06-05,768,390,Churned
15712199,0,2024-04-26,Germany,2024-04-26,2026-06-03,768,27,Active
15736254,0,2024-03-23,France,2024-05-10,2026-06-16,767,14,Active
15720968,0,2024-01-17,Germany,2024-03-14,2026-04-20,767,71,Active
15708693,0,2024-04-22,France,2024-05-08,2026-06-14,767,16,Active
15711218,0,2024-04-27,Germany,2024-04-27,2026-06-02,766,28,Active
15685920,0,2024-04-08,Spain,2024-04-18,2026-05-24,766,37,Active
15742504,0,2024-03-23,France,2024-04-28,2026-06-03,766,27,Active
15675380,1,2022-08-04,Spain,2022-08-11,2024-09-15,766,653,Churned
15653784,0,2024-03-31,France,2024-05-16,2026-06-21,766,9,Active
15765287,0,2024-01-06,France,2024-02-26,2026-04-02,766,89,Active
15714260,0,2024-04-19,France,2024-05-01,2026-06-06,766,24,Active
15760849,0,2024-04-22,France,2024-04-24,2026-05-29,765,32,Active
15666297,1,2023-01-26,Spain,2023-02-01,2025-03-07,765,480,Churned
15668669,1,2020-12-12,France,2020-12-19,2023-01-22,764,1255,Churned
15655648,0,2023-12-13,France,2024-02-27,2026-04-01,764,90,Active
15743040,0,2024-03-10,Germany,2024-03-30,2026-05-02,763,59,Active
15814536,0,2024-02-26,France,2024-03-14,2026-04-16,763,75,Active
15650086,0,2024-02-29,France,2024-04-03,2026-05-06,763,55,Active
15815364,0,2024-04-21,Spain,2024-05-05,2026-06-06,762,24,Active
15650670,0,2024-04-28,Germany,2024-05-15,2026-06-16,762,14,Active
15814004,0,2024-04-17,France,2024-04-30,2026-06-01,762,29,Active
15699492,0,2023-12-23,Germany,2024-05-02,2026-06-03,762,27,Active
15685314,0,2024-04-26,France,2024-05-04,2026-06-05,762,25,Active
15657535,1,2016-05-31,Spain,2016-06-13,2018-07-15,762,2907,Churned
15682914,0,2024-04-17,France,2024-04-21,2026-05-23,762,38,Active
15646969,0,2024-04-21,Spain,2024-05-07,2026-06-08,762,22,Active
15724296,0,2024-01-16,Spain,2024-02-04,2026-03-06,761,116,At risk (inactive 90+ days)
15575883,0,2024-04-18,France,2024-04-27,2026-05-28,761,33,Active
15790846,0,2024-04-15,Germany,2024-05-08,2026-06-08,761,22,Active
15796074,1,2024-02-12,France,2024-02-27,2026-03-29,761,93,Churned
15610416,1,2016-09-15,France,2016-09-29,2018-10-30,761,2800,Churned
15655658,0,2024-04-12,France,2024-04-12,2026-05-13,761,48,Active
15636756,0,2024-03-05,France,2024-03-27,2026-04-26,760,65,Active
15576928,0,2024-03-15,France,2024-03-26,2026-04-25,760,66,Active
15661162,1,2023-11-06,Spain,2023-11-22,2025-12-21,760,191,Churned
15602812,0,2024-04-23,Germany,2024-04-30,2026-05-29,759,32,Active
15794101,0,2024-03-03,France,2024-04-27,2026-05-26,759,35,Active
15692416,1,2018-05-12,Spain,2018-07-24,2020-08-20,758,2140,Churned
15738605,1,2021-05-10,Germany,2021-06-04,2023-07-02,758,1094,Churned
15812982,0,2024-04-05,Spain,2024-04-21,2026-05-19,758,42,Active
15763579,0,2024-04-19,Germany,2024-05-03,2026-05-31,758,30,Active
15784280,0,2024-03-08,Germany,2024-04-04,2026-05-01,757,60,Active
15602034,0,2024-04-17,France,2024-04-29,2026-05-26,757,35,Active
15580134,0,2024-03-07,Spain,2024-03-30,2026-04-25,756,66,Active
15674110,0,2024-04-14,France,2024-04-25,2026-05-21,756,40,Active
15808621,0,2024-04-12,Germany,2024-04-17,2026-05-12,755,49,Active
15648933,1,2023-03-19,Germany,2023-03-19,2025-04-12,755,444,Churned
15687162,1,2017-07-02,France,2017-07-15,2019-08-08,754,2518,Churned
15743498,1,2017-02-23,Germany,2017-03-12,2019-04-05,754,2643,Churned
15638487,0,2024-05-30,Germany,2024-05-30,2026-06-23,754,7,Active
15632272,0,2024-03-20,France,2024-04-03,2026-04-26,753,65,Active
15809227,0,2024-05-21,France,2024-05-22,2026-06-14,753,16,Active
15802869,0,2024-04-03,Germany,2024-04-25,2026-05-18,753,43,Active
15569451,0,2024-04-01,France,2024-04-26,2026-05-16,750,45,Active
15574283,0,2024-03-30,France,2024-05-14,2026-06-03,750,27,Active
15603764,1,2022-01-22,France,2022-01-27,2024-02-16,750,865,Churned
15669946,0,2024-04-26,Germany,2024-04-26,2026-05-16,750,45,Active
15757535,1,2021-04-08,Spain,2021-05-01,2023-05-20,749,1137,Churned
15716000,0,2024-04-07,Spain,2024-05-09,2026-05-28,749,33,Active
15729201,1,2017-04-28,France,2017-05-29,2019-06-17,749,2570,Churned
15688157,0,2024-04-09,Germany,2024-05-02,2026-05-21,749,40,Active
15788291,1,2019-05-23,Germany,2019-06-19,2021-07-06,748,1820,Churned
15778154,1,2021-08-14,Germany,2021-08-18,2023-09-05,748,1029,Churned
15587690,0,2024-03-03,France,2024-05-11,2026-05-29,748,32,Active
15582033,1,2022-08-01,Germany,2022-08-05,2024-08-22,748,677,Churned
15726179,1,2021-04-05,Germany,2021-04-24,2023-05-12,748,1145,Churned
15667215,0,2024-04-07,France,2024-04-09,2026-04-26,747,65,Active
15797910,0,2024-04-09,Germany,2024-04-15,2026-05-02,747,59,Active
15569274,1,2024-01-03,Germany,2024-01-04,2026-01-20,747,161,Churned
15622729,0,2024-04-17,France,2024-05-21,2026-06-07,747,23,Active
15615473,0,2024-04-25,France,2024-04-27,2026-05-13,746,48,Active
15793042,0,2024-03-09,France,2024-04-13,2026-04-28,745,63,Active
15788536,0,2024-01-05,Germany,2024-04-09,2026-04-24,745,67,Active
15786463,1,2017-09-10,Germany,2017-11-03,2019-11-18,745,2416,Churned
15795488,0,2024-02-29,Spain,2024-03-06,2026-03-21,745,101,At risk (inactive 90+ days)
15641122,0,2024-03-12,France,2024-04-18,2026-05-02,744,59,Active
15791111,0,2024-05-17,France,2024-05-27,2026-06-10,744,20,Active
15813660,0,2024-04-20,Spain,2024-04-21,2026-05-05,744,56,Active
15641389,1,2021-09-25,Germany,2021-11-01,2023-11-15,744,958,Churned
15631868,0,2024-05-24,Spain,2024-06-01,2026-06-14,743,16,Active
15654851,0,2024-04-19,France,2024-04-23,2026-05-06,743,55,Active
15716276,0,2024-02-20,France,2024-06-02,2026-06-15,743,15,Active
15570002,1,2018-03-20,Germany,2018-04-04,2020-04-16,743,2266,Churned
15583668,0,2024-04-12,France,2024-05-02,2026-05-14,742,47,Active
15786249,0,2024-04-25,Spain,2024-04-30,2026-05-12,742,49,Active
15742297,0,2024-05-23,France,2024-05-27,2026-06-08,742,22,Active
15804235,0,2024-03-10,France,2024-03-10,2026-03-22,742,100,At risk (inactive 90+ days)
15647259,0,2024-02-02,Spain,2024-04-05,2026-04-17,742,74,Active
15735687,0,2024-03-08,Spain,2024-04-04,2026-04-15,741,76,Active
15804064,0,2024-03-30,France,2024-06-07,2026-06-18,741,12,Active
15594041,0,2024-05-10,Spain,2024-05-16,2026-05-26,740,35,Active
15753343,0,2024-03-16,France,2024-04-16,2026-04-26,740,65,Active
15611157,0,2024-04-10,France,2024-04-22,2026-05-02,740,59,Active
15611318,1,2022-04-12,Spain,2022-04-15,2024-04-24,740,797,Churned
15671249,0,2024-03-06,France,2024-04-06,2026-04-15,739,76,Active
15714610,0,2024-04-29,Spain,2024-05-10,2026-05-19,739,42,Active
15723851,0,2023-11-23,Spain,2024-05-31,2026-06-09,739,21,Active
15692977,0,2024-03-22,Germany,2024-06-03,2026-06-12,739,18,Active
15763704,0,2023-11-11,Germany,2023-11-29,2025-12-06,738,206,At risk (inactive 90+ days)
15573284,0,2024-04-10,France,2024-05-14,2026-05-22,738,39,Active
15765173,1,2022-07-20,France,2022-09-04,2024-09-11,738,657,Churned
15652981,0,2024-05-15,Germany,2024-05-16,2026-05-24,738,37,Active
15672374,1,2017-11-20,France,2017-12-23,2019-12-30,737,2374,Churned
15627328,0,2024-05-09,Spain,2024-05-17,2026-05-24,737,37,Active
15781586,0,2024-04-26,Germany,2024-05-13,2026-05-19,736,42,Active
15605327,0,2024-05-25,France,2024-06-07,2026-06-13,736,17,Active
15658577,1,2015-08-12,France,2015-08-22,2017-08-27,736,3229,Churned
15798200,0,2024-04-12,France,2024-05-25,2026-05-31,736,30,Active
15757759,1,2018-07-24,Spain,2018-07-29,2020-08-03,736,2157,Churned
15574142,0,2024-04-28,Germany,2024-06-15,2026-06-21,736,9,Active
15797822,0,2024-05-02,France,2024-05-06,2026-05-12,736,49,Active
15798310,0,2024-05-24,France,2024-06-12,2026-06-17,735,13,Active
15813095,0,2024-02-17,France,2024-02-19,2026-02-23,735,127,At risk (inactive 90+ days)
15723216,0,2024-05-05,Germany,2024-05-20,2026-05-25,735,36,Active
15661629,1,2016-10-12,Spain,2016-10-28,2018-11-01,734,2798,Churned
15759284,1,2020-01-25,France,2020-02-11,2022-02-14,734,1597,Churned
15715988,0,2024-04-22,France,2024-05-10,2026-05-14,734,47,Active
15616365,0,2024-05-28,France,2024-06-06,2026-06-10,734,20,Active
15574910,0,2024-05-04,France,2024-05-21,2026-05-24,733,37,Active
15638269,0,2024-05-30,France,2024-06-06,2026-06-09,733,21,Active
15759034,0,2024-04-14,France,2024-05-14,2026-05-17,733,44,Active
15668774,1,2020-09-19,Germany,2020-12-10,2022-12-13,733,1295,Churned
15715951,0,2024-04-14,France,2024-05-30,2026-06-01,732,29,Active
15581748,0,2024-05-14,Germany,2024-05-26,2026-05-28,732,33,Active
15647725,1,2020-11-11,France,2020-12-04,2022-12-06,732,1302,Churned
15796313,1,2022-06-25,France,2022-07-14,2024-07-14,731,716,Churned
15729065,0,2024-05-20,Germany,2024-06-01,2026-06-02,731,28,Active
15700657,0,2024-03-01,Germany,2024-03-28,2026-03-28,730,94,At risk (inactive 90+ days)
15702631,0,2024-04-21,France,2024-06-05,2026-06-05,730,25,Active
15745433,0,2024-04-23,Germany,2024-05-30,2026-05-30,730,31,Active
15812422,0,2024-04-30,France,2024-06-05,2026-06-05,730,25,Active
15750728,0,2024-05-12,Spain,2024-06-06,2026-06-06,730,24,Active
15771742,1,2017-05-23,Germany,2017-08-10,2019-08-09,729,2517,Churned
15766205,0,2024-04-13,Germany,2024-05-06,2026-05-04,728,57,Active
15692744,1,2021-09-12,France,2021-11-02,2023-10-31,728,973,Churned
15801441,0,2024-05-03,Germany,2024-05-28,2026-05-26,728,35,Active
15679818,1,2019-03-09,Germany,2019-03-09,2021-03-06,728,1942,Churned
15673180,0,2023-11-11,Germany,2024-06-01,2026-05-30,728,31,Active
15602797,1,2021-01-02,Spain,2021-01-19,2023-01-16,727,1261,Churned
15635143,0,2024-05-31,France,2024-06-15,2026-06-12,727,18,Active
15766887,0,2024-03-09,Spain,2024-05-18,2026-05-14,726,47,Active
15682955,0,2024-05-27,France,2024-06-03,2026-05-30,726,31,Active
15671934,0,2024-05-07,Germany,2024-05-14,2026-05-10,726,51,Active
15653455,0,2024-05-14,France,2024-06-07,2026-06-01,724,29,Active
15810898,0,2024-05-14,France,2024-05-31,2026-05-25,724,36,Active
15780966,0,2024-04-28,France,2024-04-30,2026-04-24,724,67,Active
15635367,0,2024-04-16,France,2024-04-24,2026-04-17,723,74,Active
15779947,1,2020-06-11,Spain,2020-07-26,2022-07-19,723,1442,Churned
15779064,0,2024-05-04,France,2024-05-27,2026-05-20,723,41,Active
15756150,0,2024-05-24,France,2024-06-14,2026-06-07,723,23,Active
15763171,0,2024-05-04,Germany,2024-05-28,2026-05-20,722,41,Active
15761168,1,2022-03-16,France,2022-04-10,2024-04-01,722,820,Churned
15626143,0,2024-06-24,France,2024-06-24,2026-06-16,722,14,Active
15629128,0,2024-05-05,Germany,2024-05-17,2026-05-09,722,52,Active
15742820,0,2024-05-13,France,2024-05-22,2026-05-13,721,48,Active
15759066,1,2020-08-18,France,2020-09-23,2022-09-14,721,1385,Churned
15739357,0,2024-02-10,Spain,2024-04-24,2026-04-14,720,77,Active
15631709,0,2024-05-16,Spain,2024-06-01,2026-05-22,720,39,Active
15705458,0,2024-06-12,Spain,2024-06-16,2026-06-06,720,24,Active
15795458,0,2024-06-10,Spain,2024-06-10,2026-05-31,720,30,Active
15658211,0,2024-05-27,Spain,2024-06-17,2026-06-07,720,23,Active
15682048,1,2023-06-02,France,2023-06-08,2025-05-27,719,399,Churned
15763431,0,2024-06-30,France,2024-07-03,2026-06-22,719,8,Active
15748718,0,2024-02-06,France,2024-03-22,2026-03-11,719,111,At risk (inactive 90+ days)
15793890,1,2021-12-11,France,2022-01-15,2024-01-04,719,908,Churned
15578251,0,2024-05-07,France,2024-05-24,2026-05-13,719,48,Active
15740072,0,2024-05-14,France,2024-05-20,2026-05-09,719,52,Active
15813871,0,2024-04-23,France,2024-04-26,2026-04-15,719,76,Active
15580213,0,2024-04-28,France,2024-06-21,2026-06-10,719,20,Active
15581370,0,2024-04-01,Spain,2024-04-18,2026-04-06,718,85,Active
15731026,0,2024-04-02,Germany,2024-04-25,2026-04-13,718,78,Active
15713483,1,2023-11-22,Spain,2024-01-24,2026-01-09,716,172,Churned
15710315,1,2022-06-21,Germany,2022-06-28,2024-06-13,716,747,Churned
15625824,1,2020-02-18,Spain,2020-03-09,2022-02-22,715,1589,Churned
15661974,0,2024-04-02,France,2024-05-26,2026-05-11,715,50,Active
15658339,0,2024-04-18,Germany,2024-05-08,2026-04-23,715,68,Active
15742971,0,2024-06-21,France,2024-06-24,2026-06-09,715,21,Active
15589230,0,2024-05-29,France,2024-06-16,2026-06-01,715,29,Active
15725772,0,2024-06-05,Spain,2024-06-06,2026-05-22,715,39,Active
15740175,0,2024-05-23,Germany,2024-07-05,2026-06-19,714,11,Active
15648032,0,2024-05-25,Spain,2024-06-17,2026-05-31,713,30,Active
15574879,0,2024-05-04,Germany,2024-05-17,2026-04-29,712,62,Active
15688691,1,2017-06-19,Germany,2017-06-19,2019-06-01,712,2586,Churned
15697997,1,2020-08-28,France,2020-09-06,2022-08-19,712,1411,Churned
15609676,0,2024-06-17,France,2024-06-29,2026-06-11,712,19,Active
15813681,0,2024-06-08,Germany,2024-06-14,2026-05-27,712,34,Active
15749300,0,2024-06-18,France,2024-06-21,2026-06-03,712,27,Active
15627995,1,2021-02-25,Germany,2021-03-04,2023-02-14,712,1232,Churned
15744553,0,2024-05-06,France,2024-05-28,2026-05-10,712,51,Active
15766183,0,2024-05-29,Germany,2024-06-01,2026-05-14,712,47,Active
15766017,1,2022-10-24,Germany,2022-11-03,2024-10-15,712,623,Churned
15671097,0,2024-05-03,France,2024-05-09,2026-04-20,711,71,Active
15811978,0,2024-06-17,Germany,2024-06-27,2026-06-08,711,22,Active
15585241,0,2024-02-05,Spain,2024-02-20,2026-01-30,710,151,At risk (inactive 90+ days)
15775905,1,2019-09-13,Germany,2019-09-14,2021-08-24,710,1771,Churned
15655590,0,2024-04-27,Spain,2024-07-10,2026-06-20,710,10,Active
15601848,0,2024-06-18,France,2024-06-30,2026-06-09,709,21,Active
15581620,0,2024-05-07,France,2024-06-16,2026-05-26,709,35,Active
15776454,1,2021-05-31,France,2021-06-09,2023-05-19,709,1138,Churned
15605375,0,2024-06-16,France,2024-07-03,2026-06-12,709,18,Active
15756655,0,2024-04-27,France,2024-07-05,2026-06-14,709,16,Active
15719541,0,2024-04-06,Spain,2024-04-19,2026-03-29,709,93,At risk (inactive 90+ days)
15633112,1,2022-08-31,Germany,2022-09-26,2024-09-03,708,665,Churned
15664083,0,2024-06-11,Germany,2024-06-16,2026-05-25,708,36,Active
15807305,0,2024-04-26,France,2024-04-28,2026-04-06,708,85,Active
15690670,0,2024-05-05,France,2024-05-19,2026-04-27,708,64,Active
15614635,0,2024-03-28,France,2024-04-03,2026-03-11,707,111,At risk (inactive 90+ days)
15778089,0,2024-06-27,Spain,2024-07-16,2026-06-23,707,7,Active
15680666,0,2024-04-28,Spain,2024-07-16,2026-06-23,707,7,Active
15616172,0,2023-11-13,France,2024-06-24,2026-06-01,707,29,Active
15751158,1,2021-07-17,France,2021-10-05,2023-09-11,706,1023,Churned
15707114,0,2024-06-10,France,2024-06-26,2026-06-02,706,28,Active
15796480,0,2024-06-16,France,2024-06-28,2026-06-04,706,26,Active
15693752,0,2024-06-17,France,2024-07-04,2026-06-10,706,20,Active
15699257,0,2024-06-22,Spain,2024-06-28,2026-06-04,706,26,Active
15592091,0,2024-06-14,Spain,2024-06-20,2026-05-26,705,35,Active
15751549,0,2024-06-04,Germany,2024-06-06,2026-05-12,705,49,Active
15599329,1,2018-12-08,France,2019-01-11,2020-12-16,705,2022,Churned
15700394,1,2022-03-17,Spain,2022-03-30,2024-03-04,705,848,Churned
15624715,0,2024-06-14,Spain,2024-06-28,2026-06-03,705,27,Active
15623595,0,2024-05-28,Spain,2024-07-09,2026-06-13,704,17,Active
15715142,1,2019-03-04,Germany,2019-04-08,2021-03-12,704,1936,Churned
15713843,0,2024-06-02,Spain,2024-06-06,2026-05-11,704,50,Active
15716186,0,2024-05-08,France,2024-05-15,2026-04-18,703,73,Active
15652400,0,2024-05-14,Spain,2024-05-23,2026-04-26,703,65,Active
15729083,0,2024-06-04,France,2024-06-10,2026-05-14,703,47,Active
15693902,0,2024-05-20,France,2024-06-29,2026-06-02,703,28,Active
15573077,1,2018-01-09,Germany,2018-01-15,2019-12-19,703,2385,Churned
15593834,1,2018-12-21,Spain,2019-01-12,2020-12-15,703,2023,Churned
15607560,0,2024-06-06,France,2024-06-08,2026-05-12,703,49,Active
15732943,1,2022-01-31,Spain,2022-02-23,2024-01-26,702,886,Churned
15795149,0,2024-06-13,France,2024-06-18,2026-05-20,701,41,Active
15720463,0,2024-05-31,France,2024-06-24,2026-05-26,701,35,Active
15664339,1,2021-08-31,Spain,2021-11-03,2023-10-05,701,999,Churned
15810227,0,2024-05-23,France,2024-06-14,2026-05-16,701,45,Active
15760662,0,2024-06-25,Germany,2024-07-07,2026-06-08,701,22,Active
15784010,0,2024-02-29,Germany,2024-03-22,2026-02-21,701,129,At risk (inactive 90+ days)
15619857,0,2024-06-04,France,2024-06-06,2026-05-07,700,54,Active
15704144,0,2024-06-15,Germany,2024-07-03,2026-06-03,700,27,Active
15796617,0,2024-04-16,France,2024-07-04,2026-06-04,700,26,Active
15653849,1,2023-04-07,Germany,2023-04-13,2025-03-12,699,475,Churned
15707042,0,2024-06-11,France,2024-06-29,2026-05-29,699,32,Active
15744127,0,2024-05-22,France,2024-06-29,2026-05-29,699,32,Active
15724466,0,2024-06-15,Germany,2024-06-23,2026-05-22,698,39,Active
15582762,0,2024-06-09,Spain,2024-06-16,2026-05-15,698,46,Active
15778830,0,2024-04-08,France,2024-05-01,2026-03-29,697,93,At risk (inactive 90+ days)
15595160,0,2024-06-09,Spain,2024-06-17,2026-05-15,697,46,Active
15788634,0,2024-06-03,Spain,2024-06-18,2026-05-16,697,45,Active
15672091,0,2023-11-26,Germany,2023-12-21,2025-11-16,696,226,At risk (inactive 90+ days)
15576745,0,2024-06-20,France,2024-07-07,2026-06-03,696,27,Active
15662232,0,2024-06-14,Germany,2024-06-14,2026-05-11,696,50,Active
15690526,0,2024-01-19,Germany,2024-03-08,2026-02-02,696,148,At risk (inactive 90+ days)
15590201,1,2021-04-13,Spain,2021-05-08,2023-04-04,696,1183,Churned
15779862,1,2023-06-17,Germany,2023-07-11,2025-06-05,695,390,Churned
15593976,1,2021-02-12,Germany,2021-03-06,2023-01-30,695,1247,Churned
15748936,0,2024-06-14,Spain,2024-06-24,2026-05-19,694,42,Active
15658032,0,2024-06-09,France,2024-06-25,2026-05-20,694,41,Active
15662245,0,2024-07-09,France,2024-07-09,2026-06-03,694,27,Active
15810891,0,2024-04-05,France,2024-06-27,2026-05-22,694,39,Active
15743828,1,2023-11-05,France,2023-11-07,2025-09-30,693,273,Churned
15784180,1,2019-03-06,France,2019-03-27,2021-02-17,693,1959,Churned
15786539,0,2024-07-04,France,2024-07-04,2026-05-28,693,33,Active
15757821,0,2024-07-17,Spain,2024-07-21,2026-06-13,692,17,Active
15695168,0,2024-03-07,France,2024-03-13,2026-02-03,692,147,At risk (inactive 90+ days)
15681007,1,2024-05-29,France,2024-06-24,2026-05-17,692,44,Churned
15783615,1,2023-02-22,Germany,2023-03-15,2025-02-03,691,512,Churned
15750839,0,2024-06-06,Spain,2024-06-30,2026-05-22,691,39,Active
15798439,0,2024-06-18,Spain,2024-07-12,2026-06-03,691,27,Active
15690744,0,2024-06-07,France,2024-06-25,2026-05-17,691,44,Active
15801277,0,2024-06-09,France,2024-07-04,2026-05-25,690,36,Active
15612524,0,2024-04-03,Germany,2024-05-03,2026-03-24,690,98,At risk (inactive 90+ days)
15697129,0,2024-07-02,Spain,2024-07-05,2026-05-26,690,35,Active
15670702,0,2024-06-12,France,2024-06-29,2026-05-19,689,42,Active
15706163,1,2021-07-08,Germany,2021-07-10,2023-05-30,689,1127,Churned
15752026,1,2023-04-19,France,2023-04-28,2025-03-17,689,470,Churned
15724858,1,2017-04-28,France,2017-05-15,2019-04-04,689,2644,Churned
15689633,0,2024-06-26,Spain,2024-07-29,2026-06-18,689,12,Active
15589017,1,2021-11-29,Germany,2021-11-30,2023-10-20,689,984,Churned
15779581,1,2023-06-21,Spain,2023-09-29,2025-08-16,687,318,Churned
15756071,0,2024-07-11,France,2024-07-12,2026-05-30,687,31,Active
15733602,0,2024-06-16,Spain,2024-07-02,2026-05-20,687,41,Active
15781975,1,2023-06-16,France,2023-07-07,2025-05-24,687,402,Churned
15582116,1,2018-08-21,Germany,2018-08-28,2020-07-15,687,2176,Churned
15737404,0,2024-07-09,France,2024-07-15,2026-06-02,687,28,Active
15786196,1,2023-02-21,France,2023-03-10,2025-01-24,686,522,Churned
15634606,0,2024-07-16,Spain,2024-07-24,2026-06-10,686,20,Active
15651264,1,2022-05-16,Germany,2022-05-23,2024-04-07,685,814,Churned
15651144,0,2024-05-28,Germany,2024-07-18,2026-06-03,685,27,Active
15765014,0,2024-07-27,France,2024-07-30,2026-06-14,684,16,Active
15792607,0,2024-04-01,France,2024-04-13,2026-02-26,684,124,At risk (inactive 90+ days)
15641782,1,2019-03-19,France,2019-03-28,2021-02-09,684,1967,Churned
15778142,0,2024-07-08,Germany,2024-07-11,2026-05-26,684,35,Active
15808868,1,2022-09-03,France,2022-09-14,2024-07-29,684,701,Churned
15703117,0,2024-07-12,France,2024-07-23,2026-06-06,683,24,Active
15699963,0,2024-07-12,France,2024-07-20,2026-06-03,683,27,Active
15807563,1,2020-10-05,France,2020-11-14,2022-09-26,681,1373,Churned
15726791,1,2023-09-20,Spain,2023-10-05,2025-08-15,680,319,Churned
15733964,0,2024-07-12,Spain,2024-07-23,2026-06-03,680,27,Active
15743673,1,2023-08-13,Spain,2023-08-30,2025-07-10,680,355,Churned
15720725,0,2024-06-15,France,2024-07-31,2026-06-11,680,19,Active
15786042,0,2024-05-08,Germany,2024-05-28,2026-04-08,680,83,Active
15752915,0,2024-06-03,France,2024-06-26,2026-05-07,680,54,Active
15674880,0,2024-04-29,Spain,2024-05-15,2026-03-25,679,97,At risk (inactive 90+ days)
15713596,0,2024-07-31,France,2024-08-08,2026-06-18,679,12,Active
15736327,0,2024-07-04,Germany,2024-07-11,2026-05-21,679,40,Active
15752047,0,2024-03-13,Germany,2024-04-07,2026-02-14,678,136,At risk (inactive 90+ days)
15593782,1,2021-01-30,Germany,2021-02-12,2022-12-22,678,1286,Churned
15771417,1,2018-10-17,France,2018-10-18,2020-08-26,678,2134,Churned
15806230,1,2024-05-28,Germany,2024-06-02,2026-04-11,678,80,Churned
15674433,0,2024-05-08,Germany,2024-05-19,2026-03-28,678,94,At risk (inactive 90+ days)
15728564,1,2020-06-16,France,2020-06-20,2022-04-29,678,1523,Churned
15730590,0,2024-07-14,Germany,2024-07-18,2026-05-27,678,34,Active
15639117,1,2020-06-25,Spain,2020-08-25,2022-07-03,677,1458,Churned
15768072,1,2023-11-01,Spain,2023-11-10,2025-09-16,676,287,Churned
15584477,0,2024-07-16,Spain,2024-07-23,2026-05-30,676,31,Active
15624781,0,2024-07-28,France,2024-08-01,2026-06-07,675,23,Active
15569764,0,2024-06-24,Germany,2024-06-28,2026-05-04,675,57,Active
15589948,0,2024-07-11,Spain,2024-07-23,2026-05-29,675,32,Active
15750970,0,2024-07-04,Spain,2024-07-04,2026-05-10,675,51,Active
15681671,0,2024-05-02,Germany,2024-06-19,2026-04-25,675,66,Active
15799641,0,2024-04-16,Spain,2024-07-10,2026-05-16,675,45,Active
15695679,0,2024-05-19,Spain,2024-07-21,2026-05-26,674,35,Active
15574795,0,2024-05-05,France,2024-07-22,2026-05-27,674,34,Active
15607690,0,2024-04-09,Germany,2024-04-14,2026-02-17,674,133,At risk (inactive 90+ days)
15678916,0,2024-06-18,France,2024-07-31,2026-06-04,673,26,Active
15664214,0,2024-06-29,France,2024-07-12,2026-05-16,673,45,Active
15681075,0,2024-07-25,France,2024-08-10,2026-06-14,673,16,Active
15643671,1,2020-11-13,Germany,2020-11-26,2022-09-30,673,1369,Churned
15777586,0,2024-06-21,Spain,2024-07-09,2026-05-13,673,48,Active
15791743,0,2024-07-30,France,2024-07-31,2026-06-03,672,27,Active
15636673,0,2024-07-15,France,2024-08-04,2026-06-06,671,24,Active
15679410,1,2022-02-20,France,2022-03-29,2024-01-29,671,883,Churned
15621520,0,2024-06-19,Germany,2024-07-31,2026-06-02,671,28,Active
15625584,0,2024-06-07,France,2024-07-19,2026-05-21,671,40,Active
15592751,1,2023-02-11,Germany,2023-05-13,2025-03-14,671,473,Churned
15632143,0,2024-06-13,France,2024-07-05,2026-05-07,671,54,Active
15787619,0,2024-01-08,France,2024-03-10,2026-01-09,670,172,At risk (inactive 90+ days)
15674671,0,2024-06-29,Spain,2024-08-15,2026-06-16,670,14,Active
15629150,0,2024-07-23,France,2024-08-01,2026-05-31,668,30,Active
15623082,0,2024-05-05,France,2024-07-23,2026-05-22,668,39,Active
15654457,1,2024-05-27,Spain,2024-06-16,2026-04-15,668,76,Churned
15753462,0,2024-06-25,Germany,2024-08-09,2026-06-08,668,22,Active
15720050,0,2024-06-04,France,2024-06-27,2026-04-26,668,65,Active
15812534,0,2024-07-27,France,2024-08-05,2026-06-04,668,26,Active
15574692,1,2023-07-14,Spain,2023-08-06,2025-06-03,667,392,Churned
15584364,1,2021-11-01,France,2022-01-15,2023-11-13,667,960,Churned
15672330,0,2024-07-25,France,2024-08-08,2026-06-06,667,24,Active
15807473,0,2024-07-22,France,2024-08-03,2026-06-01,667,29,Active
15664610,1,2021-07-08,Germany,2021-07-12,2023-05-09,666,1148,Churned
15716328,0,2024-03-17,France,2024-04-23,2026-02-18,666,132,At risk (inactive 90+ days)
15757911,0,2024-05-04,Spain,2024-07-08,2026-05-04,665,57,Active
15725945,1,2024-01-05,Spain,2024-01-31,2025-11-26,665,216,Churned
15602845,0,2024-02-16,Germany,2024-05-27,2026-03-23,665,99,At risk (inactive 90+ days)
15800961,0,2024-07-31,Germany,2024-08-15,2026-06-11,665,19,Active
15780846,0,2024-07-05,France,2024-07-11,2026-05-05,663,56,Active
15749130,0,2024-07-08,Germany,2024-07-23,2026-05-17,663,44,Active
15710366,1,2024-07-22,Spain,2024-07-24,2026-05-17,662,44,Churned
15581295,0,2024-07-11,Spain,2024-07-19,2026-05-12,662,49,Active
15632185,0,2024-08-13,France,2024-08-16,2026-06-09,662,21,Active
15636521,0,2024-08-11,Spain,2024-08-14,2026-06-07,662,23,Active
15718893,1,2022-04-06,Germany,2022-04-08,2024-01-29,661,883,Churned
15735270,1,2023-11-19,Spain,2023-12-05,2025-09-26,661,277,Churned
15655389,0,2024-07-13,France,2024-08-02,2026-05-25,661,36,Active
15791040,0,2024-07-31,Spain,2024-08-04,2026-05-27,661,34,Active
15568876,0,2024-07-08,France,2024-07-22,2026-05-14,661,47,Active
15753847,1,2022-03-08,Spain,2022-03-15,2024-01-04,660,908,Churned
15582519,1,2020-04-05,France,2020-04-09,2022-01-29,660,1613,Churned
15815490,1,2023-12-06,Germany,2023-12-13,2025-10-02,659,271,Churned
15622494,0,2024-05-26,France,2024-07-02,2026-04-22,659,69,Active
15575676,0,2024-07-31,France,2024-08-23,2026-06-12,658,18,Active
15726466,0,2024-07-13,France,2024-07-16,2026-05-04,657,57,Active
15747014,0,2024-08-10,France,2024-08-14,2026-06-01,656,29,Active
15722845,0,2024-08-29,Spain,2024-09-04,2026-06-22,656,8,Active
15804610,0,2024-08-15,France,2024-08-22,2026-06-08,655,22,Active
15756926,0,2024-08-20,Germany,2024-08-23,2026-06-09,655,21,Active
15760641,0,2024-08-28,Germany,2024-08-31,2026-06-17,655,13,Active
15628059,0,2024-08-31,France,2024-09-02,2026-06-19,655,11,Active
15811327,0,2024-07-20,Spain,2024-08-15,2026-05-31,654,30,Active
15762277,1,2021-01-22,France,2021-01-28,2022-11-13,654,1325,Churned
15704651,0,2024-08-01,France,2024-08-12,2026-05-28,654,33,Active
15680278,1,2016-10-02,Spain,2017-02-21,2018-12-06,653,2763,Churned
15601594,1,2020-06-15,France,2020-08-10,2022-05-25,653,1497,Churned
15762605,0,2024-08-15,France,2024-08-23,2026-06-06,652,24,Active
15727489,0,2024-08-02,Spain,2024-08-12,2026-05-26,652,35,Active
15655632,0,2024-03-14,France,2024-06-06,2026-03-20,652,102,At risk (inactive 90+ days)
15677382,0,2024-07-16,Spain,2024-08-17,2026-05-30,651,31,Active
15664204,0,2024-06-21,Spain,2024-07-15,2026-04-27,651,64,Active
15796343,0,2023-12-07,France,2024-07-07,2026-04-19,651,72,Active
15672053,0,2024-03-25,Spain,2024-05-20,2026-03-02,651,120,At risk (inactive 90+ days)
15790455,1,2024-02-15,France,2024-02-19,2025-12-01,651,211,Churned
15620981,1,2022-12-19,France,2023-01-20,2024-10-31,650,607,Churned
15633930,1,2020-01-21,Spain,2020-01-24,2021-11-04,650,1699,Churned
15620030,0,2024-07-31,France,2024-09-12,2026-06-24,650,6,Active
15756894,0,2024-07-17,France,2024-07-17,2026-04-28,650,63,Active
15677550,0,2024-08-14,France,2024-08-23,2026-06-04,650,26,Active
15626475,0,2024-06-22,France,2024-08-15,2026-05-27,650,34,Active
15794580,1,2022-04-17,France,2022-05-04,2024-02-12,649,869,Churned
15709928,0,2024-08-27,Spain,2024-09-05,2026-06-16,649,14,Active
15791131,0,2024-05-02,Germany,2024-07-16,2026-04-26,649,65,Active
15600651,0,2024-08-16,France,2024-08-23,2026-06-02,648,28,Active
15807663,1,2018-04-05,France,2018-07-13,2020-04-21,648,2261,Churned
15583597,0,2024-08-07,Spain,2024-08-20,2026-05-30,648,31,Active
15593943,0,2024-08-01,France,2024-08-02,2026-05-12,648,49,Active
15789158,1,2020-02-25,Germany,2020-03-16,2021-12-22,646,1651,Churned
15739858,1,2018-11-26,France,2018-12-23,2020-09-29,646,2100,Churned
15774727,0,2024-07-02,Germany,2024-07-02,2026-04-09,646,82,Active
15567114,0,2024-07-12,France,2024-08-23,2026-05-31,646,30,Active
15713949,0,2024-08-26,France,2024-09-04,2026-06-12,646,18,Active
15680234,0,2024-06-18,Germany,2024-06-28,2026-04-05,646,86,Active
15734626,0,2024-07-13,Spain,2024-08-19,2026-05-27,646,34,Active
15763029,1,2016-10-06,Germany,2016-10-14,2018-07-22,646,2900,Churned
15781347,0,2024-08-05,France,2024-08-05,2026-05-13,646,48,Active
15737741,1,2024-06-30,Spain,2024-07-04,2026-04-10,645,81,Churned
15743532,1,2020-09-12,Germany,2020-09-14,2022-06-20,644,1471,Churned
15731586,0,2023-12-21,Spain,2024-05-18,2026-02-21,644,129,At risk (inactive 90+ days)
15785490,1,2022-08-18,France,2022-08-31,2024-06-05,644,755,Churned
15704629,0,2024-07-12,France,2024-08-08,2026-05-13,643,48,Active
15680449,1,2023-10-30,Germany,2023-12-31,2025-10-04,643,269,Churned
15731507,0,2024-07-04,France,2024-07-24,2026-04-27,642,64,Active
15715512,0,2024-08-06,Germany,2024-08-29,2026-06-02,642,28,Active
15777614,0,2024-08-03,Spain,2024-08-24,2026-05-28,642,33,Active
15756954,0,2024-06-06,France,2024-08-12,2026-05-16,642,45,Active
15663706,1,2024-05-16,France,2024-05-18,2026-02-18,641,132,Churned
15570087,1,2018-05-05,France,2018-05-20,2020-02-20,641,2322,Churned
15679048,0,2024-05-16,Germany,2024-08-20,2026-05-23,641,38,Active
15615430,1,2021-07-06,Germany,2021-07-28,2023-04-30,641,1157,Churned
15807923,1,2016-02-14,Germany,2016-02-17,2017-11-18,640,3146,Churned
15598086,1,2022-10-19,France,2022-12-03,2024-09-03,640,665,Churned
15765812,0,2024-08-03,Spain,2024-08-16,2026-05-18,640,43,Active
15787597,0,2024-08-22,Germany,2024-09-13,2026-06-15,640,15,Active
15709142,0,2024-06-15,Germany,2024-08-02,2026-05-04,640,57,Active
15584785,0,2024-06-20,France,2024-08-04,2026-05-06,640,55,Active
15809515,0,2024-08-11,Germany,2024-08-26,2026-05-28,640,33,Active
15755262,1,2022-09-20,Spain,2022-10-07,2024-07-06,638,724,Churned
15603156,0,2024-07-10,France,2024-07-12,2026-04-11,638,80,Active
15753591,0,2024-06-14,France,2024-08-03,2026-05-03,638,58,Active
15801473,0,2024-02-04,Germany,2024-03-11,2025-12-09,638,203,At risk (inactive 90+ days)
15778345,0,2024-08-25,France,2024-09-04,2026-06-04,638,26,Active
15657105,0,2024-05-17,Spain,2024-07-27,2026-04-26,638,65,Active
15654372,0,2024-08-05,Germany,2024-08-30,2026-05-29,637,32,Active
15611189,0,2024-07-24,Spain,2024-08-13,2026-05-12,637,49,Active
15724444,0,2024-07-23,France,2024-09-07,2026-06-06,637,24,Active
15713673,0,2024-08-25,France,2024-09-18,2026-06-16,636,14,Active
15572356,0,2024-08-11,Spain,2024-08-13,2026-05-11,636,50,Active
15596212,0,2024-08-02,Spain,2024-08-07,2026-05-05,636,56,Active
15783349,0,2024-08-29,Spain,2024-09-07,2026-06-04,635,26,Active
15720511,1,2022-12-31,Germany,2023-05-01,2025-01-25,635,521,Churned
15675749,0,2024-08-11,France,2024-08-20,2026-05-17,635,44,Active
15740428,0,2024-08-23,France,2024-09-18,2026-06-15,635,15,Active
15750258,0,2024-05-04,France,2024-07-20,2026-04-15,634,76,Active
15727384,1,2015-07-16,Germany,2015-08-01,2017-04-26,634,3352,Churned
15768471,1,2019-10-15,Germany,2019-10-23,2021-07-18,634,1808,Churned
15580872,0,2024-07-17,Germany,2024-08-28,2026-05-24,634,37,Active
15727361,0,2024-08-29,France,2024-09-09,2026-06-05,634,25,Active
15666856,0,2024-08-26,France,2024-09-09,2026-06-04,633,26,Active
15801336,1,2017-11-15,Germany,2017-12-06,2019-08-29,631,2497,Churned
15686835,1,2017-01-21,Germany,2017-01-21,2018-10-14,631,2816,Churned
15593510,1,2020-09-26,Germany,2020-10-29,2022-07-22,631,1439,Churned
15601324,0,2024-08-14,France,2024-08-21,2026-05-14,631,47,Active
15736778,0,2024-08-31,Germany,2024-09-22,2026-06-15,631,15,Active
15766163,0,2024-08-29,France,2024-09-07,2026-05-30,630,31,Active
15575243,0,2024-09-04,France,2024-09-05,2026-05-28,630,33,Active
15695475,0,2024-08-06,France,2024-08-16,2026-05-07,629,54,Active
15623647,0,2024-07-15,Spain,2024-07-20,2026-04-10,629,81,Active
15606849,0,2024-07-03,France,2024-08-24,2026-05-15,629,46,Active
15699753,0,2024-09-10,France,2024-09-10,2026-06-01,629,29,Active
15732778,0,2024-08-07,Germany,2024-08-18,2026-05-08,628,53,Active
15600337,1,2024-01-13,Spain,2024-04-19,2026-01-07,628,174,Churned
15690440,0,2024-09-14,Spain,2024-09-19,2026-06-09,628,21,Active
15757425,0,2024-09-29,France,2024-10-03,2026-06-23,628,7,Active
15580462,0,2024-07-06,Spain,2024-07-24,2026-04-13,628,78,Active
15745324,1,2021-11-01,Spain,2021-11-23,2023-08-12,627,1053,Churned
15575119,1,2023-06-13,France,2023-07-02,2025-03-20,627,467,Churned
15599410,0,2024-05-03,France,2024-05-07,2026-01-24,627,157,At risk (inactive 90+ days)
15775108,0,2024-08-02,France,2024-08-13,2026-05-02,627,59,Active
15598838,0,2024-09-13,France,2024-09-13,2026-06-01,626,29,Active
15681342,0,2024-09-26,France,2024-10-03,2026-06-21,626,9,Active
15809736,1,2024-02-09,France,2024-02-13,2025-10-31,626,242,Churned
15601026,0,2024-09-23,Germany,2024-09-24,2026-06-11,625,19,Active
15578603,1,2024-07-28,Germany,2024-08-06,2026-04-23,625,68,Churned
15720943,1,2024-07-01,France,2024-08-04,2026-04-21,625,70,Churned
15621440,0,2024-09-18,France,2024-09-27,2026-06-14,625,16,Active
15723064,0,2024-08-18,Spain,2024-09-06,2026-05-24,625,37,Active
15718057,1,2023-11-17,France,2023-12-22,2025-09-06,624,297,Churned
15603323,0,2024-08-19,Spain,2024-09-03,2026-05-20,624,41,Active
15704770,0,2024-08-27,France,2024-09-18,2026-06-04,624,26,Active
15801125,0,2024-07-07,France,2024-09-17,2026-06-03,624,27,Active
15723484,0,2024-07-13,Germany,2024-09-17,2026-06-03,624,27,Active
15705765,0,2024-08-31,Spain,2024-09-05,2026-05-21,623,40,Active
15730759,1,2016-10-18,France,2016-11-27,2018-08-12,623,2879,Churned
15661275,1,2023-06-27,Germany,2023-06-29,2025-03-13,623,474,Churned
15599272,0,2024-08-20,France,2024-09-06,2026-05-22,623,39,Active
15672016,0,2024-09-29,France,2024-10-05,2026-06-19,622,11,Active
15609058,0,2024-09-23,France,2024-09-27,2026-06-11,622,19,Active
15702656,0,2024-08-20,France,2024-08-25,2026-05-09,622,52,Active
15666767,0,2024-07-09,France,2024-07-11,2026-03-25,622,97,At risk (inactive 90+ days)
15772896,1,2019-10-24,Germany,2019-12-13,2021-08-25,621,1770,Churned
15666173,0,2024-07-03,Germany,2024-09-03,2026-05-17,621,44,Active
15602500,0,2024-09-23,Spain,2024-09-28,2026-06-11,621,19,Active
15644856,0,2024-05-10,Spain,2024-05-16,2026-01-27,621,154,At risk (inactive 90+ days)
15665129,0,2024-09-16,Germany,2024-09-16,2026-05-30,621,31,Active
15628007,0,2024-08-04,France,2024-08-30,2026-05-12,620,49,Active
15632118,1,2020-11-08,Spain,2020-11-15,2022-07-28,620,1433,Churned
15649359,0,2024-09-27,France,2024-10-02,2026-06-14,620,16,Active
15638329,0,2024-09-19,Germany,2024-09-27,2026-06-09,620,21,Active
15779620,0,2024-08-19,France,2024-08-21,2026-05-03,620,58,Active
15689168,0,2024-08-07,Spain,2024-09-08,2026-05-19,618,42,Active
15800814,0,2024-06-07,France,2024-08-07,2026-04-17,618,74,Active
15712877,0,2024-07-09,Spain,2024-09-05,2026-05-16,618,45,Active
15651823,1,2020-03-17,France,2020-03-21,2021-11-27,616,1676,Churned
15806438,1,2024-01-30,Germany,2024-02-17,2025-10-24,615,249,Churned
15701602,1,2021-01-05,Germany,2021-03-17,2022-11-22,615,1316,Churned
15814846,1,2022-12-19,France,2023-03-04,2024-11-08,615,599,Churned
15694765,1,2019-08-27,Germany,2019-09-06,2021-05-13,615,1874,Churned
15803750,1,2023-03-09,Spain,2023-03-19,2024-11-23,615,584,Churned
15769955,0,2024-08-30,France,2024-09-14,2026-05-22,615,39,Active
15576683,1,2017-05-30,Spain,2017-06-15,2019-02-19,614,2688,Churned
15609160,0,2024-07-02,France,2024-08-19,2026-04-25,614,66,Active
15729377,0,2024-09-04,France,2024-09-12,2026-05-19,614,42,Active
15587443,0,2024-08-05,France,2024-09-22,2026-05-29,614,32,Active
15751032,0,2024-07-03,Germany,2024-07-18,2026-03-24,614,98,At risk (inactive 90+ days)
15799435,0,2024-09-18,Spain,2024-09-28,2026-06-04,614,26,Active
15657342,1,2022-05-14,Germany,2022-06-23,2024-02-26,613,855,Churned
15641822,0,2024-08-27,France,2024-09-10,2026-05-16,613,45,Active
15766458,0,2024-07-07,France,2024-09-24,2026-05-30,613,31,Active
15737627,0,2024-06-01,Germany,2024-09-03,2026-05-09,613,52,Active
15775104,0,2024-07-12,France,2024-09-16,2026-05-22,613,39,Active
15756992,0,2024-08-15,France,2024-10-04,2026-06-09,613,21,Active
15701555,0,2024-09-29,Spain,2024-10-13,2026-06-17,612,13,Active
15694510,0,2024-09-03,France,2024-09-11,2026-05-15,611,46,Active
15707674,1,2024-05-03,France,2024-06-11,2026-02-12,611,138,Churned
15622985,1,2022-04-06,France,2022-05-22,2024-01-23,611,889,Churned
15719377,1,2022-05-25,France,2022-08-01,2024-04-01,609,820,Churned
15769917,0,2024-09-30,Germany,2024-10-04,2026-06-04,608,26,Active
15727696,0,2024-08-09,France,2024-09-10,2026-05-11,608,50,Active
15715877,0,2024-06-01,France,2024-08-05,2026-04-05,608,86,Active
15667633,0,2024-09-05,France,2024-09-08,2026-05-09,608,52,Active
15763065,0,2024-03-17,Spain,2024-07-25,2026-03-25,608,97,At risk (inactive 90+ days)
15814209,0,2024-07-18,France,2024-08-26,2026-04-25,607,66,Active
15631603,0,2024-08-11,France,2024-09-30,2026-05-30,607,31,Active
15785654,1,2019-11-11,Germany,2019-11-30,2021-07-29,607,1797,Churned
15701280,1,2022-07-24,France,2022-09-10,2024-05-08,606,783,Churned
15693996,0,2024-09-18,France,2024-09-29,2026-05-27,605,34,Active
15743617,0,2024-08-08,Germany,2024-08-18,2026-04-14,604,77,Active
15803078,0,2024-09-07,Spain,2024-09-21,2026-05-17,603,44,Active
15708139,0,2024-08-23,France,2024-09-23,2026-05-19,603,42,Active
15812351,0,2024-06-30,Spain,2024-09-23,2026-05-17,601,44,Active
15784097,0,2024-08-01,Germany,2024-09-13,2026-05-07,601,54,Active
15671630,0,2024-09-24,Germany,2024-10-08,2026-06-01,601,29,Active
15794297,0,2024-09-02,France,2024-09-21,2026-05-15,601,46,Active
15580493,0,2024-08-04,France,2024-08-25,2026-04-18,601,73,Active
15727944,0,2024-09-05,Germany,2024-09-27,2026-05-20,600,41,Active
15665062,0,2024-09-12,France,2024-10-04,2026-05-27,600,34,Active
15746662,0,2024-10-06,Spain,2024-10-08,2026-05-31,600,30,Active
15581332,0,2024-10-01,Germany,2024-10-02,2026-05-25,600,36,Active
15716023,0,2024-10-03,France,2024-10-05,2026-05-27,599,34,Active
15679760,0,2024-10-04,France,2024-10-08,2026-05-30,599,31,Active
15577988,0,2024-09-03,France,2024-09-04,2026-04-26,599,65,Active
15811690,1,2024-06-23,Germany,2024-07-31,2026-03-22,599,100,Churned
15792868,0,2024-09-21,France,2024-09-30,2026-05-22,599,39,Active
15632882,1,2024-07-07,Germany,2024-08-16,2026-04-07,599,84,Churned
15744983,0,2024-10-10,Spain,2024-10-12,2026-06-02,598,28,Active
15567980,1,2021-05-18,Germany,2021-05-18,2023-01-06,598,1271,Churned
15759436,1,2023-12-09,France,2023-12-09,2025-07-29,598,336,Churned
15668521,0,2024-10-14,France,2024-10-17,2026-06-07,598,23,Active
15626507,0,2024-09-03,France,2024-09-30,2026-05-21,598,40,Active
15776558,0,2024-10-24,France,2024-10-24,2026-06-14,598,16,Active
15725835,1,2023-06-22,Germany,2023-07-12,2025-02-28,597,487,Churned
15765257,1,2020-09-22,Spain,2020-09-23,2022-05-13,597,1509,Churned
15609562,0,2024-09-25,Spain,2024-10-02,2026-05-21,596,40,Active
15794661,0,2024-06-21,Spain,2024-08-01,2026-03-20,596,102,At risk (inactive 90+ days)
15596710,0,2024-08-08,France,2024-10-13,2026-06-01,596,29,Active
15745452,0,2024-08-10,Germany,2024-10-15,2026-06-03,596,27,Active
15804962,1,2024-07-01,France,2024-07-21,2026-03-09,596,113,Churned
15703793,1,2023-10-21,Germany,2023-11-09,2025-06-26,595,369,Churned
15629338,1,2024-02-02,Spain,2024-02-12,2025-09-28,594,275,Churned
15808334,0,2024-09-27,Germany,2024-10-21,2026-06-07,594,23,Active
15593900,0,2024-09-01,France,2024-10-02,2026-05-18,593,43,Active
15693205,1,2017-10-08,Germany,2017-10-08,2019-05-24,593,2594,Churned
15727857,0,2024-09-21,Spain,2024-10-16,2026-06-01,593,29,Active
15635240,0,2024-07-05,France,2024-09-06,2026-04-21,592,70,Active
15565714,0,2024-10-16,France,2024-10-23,2026-06-07,592,23,Active
15795527,0,2024-06-21,Spain,2024-07-29,2026-03-13,592,109,At risk (inactive 90+ days)
15587038,1,2023-09-16,Spain,2023-09-23,2025-05-07,592,419,Churned
15760450,0,2024-10-18,France,2024-10-22,2026-06-06,592,24,Active
15594917,0,2024-10-05,France,2024-10-05,2026-05-19,591,42,Active
15757559,1,2019-02-22,France,2019-05-01,2020-12-12,591,2026,Churned
15693381,0,2024-10-18,Spain,2024-10-25,2026-06-07,590,23,Active
15783958,0,2024-09-14,Spain,2024-10-09,2026-05-22,590,39,Active
15740345,1,2021-04-04,Spain,2021-05-16,2022-12-27,590,1281,Churned
15731865,0,2024-07-13,France,2024-10-21,2026-06-03,590,27,Active
15645353,0,2024-08-31,France,2024-10-07,2026-05-20,590,41,Active
15633950,0,2024-10-04,France,2024-10-06,2026-05-18,589,43,Active
15747591,0,2024-10-10,Spain,2024-10-11,2026-05-23,589,38,Active
15752342,1,2020-01-23,Germany,2020-02-28,2021-10-08,588,1726,Churned
15630709,0,2024-06-21,Germany,2024-10-10,2026-05-21,588,40,Active
15728505,0,2024-09-09,France,2024-10-02,2026-05-12,587,49,Active
15646490,0,2024-10-10,Spain,2024-10-18,2026-05-28,587,33,Active
15624993,1,2018-10-31,France,2018-11-23,2020-07-02,587,2189,Churned
15601787,1,2024-02-15,Germany,2024-02-19,2025-09-28,587,275,Churned
15622750,0,2024-07-28,Germany,2024-10-15,2026-05-23,585,38,Active
15655961,0,2024-10-22,Germany,2024-10-30,2026-06-07,585,23,Active
15724620,0,2024-09-21,France,2024-09-28,2026-05-06,585,55,Active
15625706,1,2023-10-08,Germany,2023-12-14,2025-07-21,585,344,Churned
15650034,0,2024-09-04,France,2024-09-07,2026-04-14,584,77,Active
15689201,0,2024-10-30,France,2024-11-05,2026-06-12,584,18,Active
15608528,1,2016-07-18,France,2016-08-12,2018-03-19,584,3025,Churned
15787222,0,2024-10-27,Germany,2024-10-30,2026-06-06,584,24,Active
15741403,0,2024-07-27,Spain,2024-09-07,2026-04-14,584,77,Active
15780835,0,2024-10-24,Germany,2024-10-26,2026-06-01,583,29,Active
15737605,0,2024-10-29,Spain,2024-11-18,2026-06-24,583,6,Active
15692106,1,2022-09-08,Spain,2022-09-15,2024-04-20,583,801,Churned
15796351,0,2024-09-18,Germany,2024-10-25,2026-05-30,582,31,Active
15581968,0,2024-10-09,France,2024-10-19,2026-05-24,582,37,Active
15731890,0,2024-08-11,France,2024-10-24,2026-05-28,581,33,Active
15616676,1,2022-09-09,Germany,2022-10-30,2024-06-02,581,758,Churned
15743538,0,2024-08-26,France,2024-09-30,2026-05-03,580,58,Active
15783526,0,2024-10-18,France,2024-10-28,2026-05-31,580,30,Active
15574523,0,2024-08-28,France,2024-10-04,2026-05-06,579,55,Active
15764021,0,2024-08-12,France,2024-08-21,2026-03-22,578,100,At risk (inactive 90+ days)
15594576,0,2024-10-14,France,2024-10-25,2026-05-26,578,35,Active
15691906,1,2020-10-28,Germany,2020-10-31,2022-05-31,577,1491,Churned
15615797,1,2020-11-20,Germany,2020-12-13,2022-07-12,576,1449,Churned
15592104,1,2020-08-03,France,2020-09-20,2022-04-19,576,1533,Churned
15621021,0,2024-08-25,Spain,2024-09-26,2026-04-25,576,66,Active
15621075,0,2024-09-12,Germany,2024-10-09,2026-05-07,575,54,Active
15807728,1,2024-08-26,France,2024-09-14,2026-04-12,575,79,Churned
15602010,1,2020-12-01,Germany,2021-01-04,2022-08-01,574,1429,Churned
15589221,0,2024-10-22,Germany,2024-10-31,2026-05-28,574,33,Active
15735522,0,2024-01-09,Germany,2024-03-19,2025-10-14,574,259,At risk (inactive 90+ days)
15665460,0,2024-10-27,Spain,2024-11-15,2026-06-12,574,18,Active
15589924,0,2024-09-29,Spain,2024-10-25,2026-05-22,574,39,Active
15793455,1,2020-03-04,Spain,2020-03-16,2021-10-11,574,1723,Churned
15631685,0,2024-10-02,Germany,2024-10-26,2026-05-23,574,38,Active
15585855,0,2024-10-25,France,2024-11-08,2026-06-05,574,25,Active
15576124,0,2024-09-20,France,2024-11-03,2026-05-31,574,30,Active
15652469,0,2024-08-12,France,2024-08-31,2026-03-27,573,95,At risk (inactive 90+ days)
15589431,0,2024-09-29,Germany,2024-10-24,2026-05-20,573,41,Active
15683053,1,2024-01-03,Spain,2024-02-20,2025-09-14,572,289,Churned
15574012,1,2018-02-24,Spain,2018-03-08,2019-09-30,571,2465,Churned
15575759,1,2022-10-26,Spain,2022-11-06,2024-05-30,571,761,Churned
15795640,0,2024-10-20,Germany,2024-11-12,2026-06-06,571,24,Active
15681174,0,2024-09-13,France,2024-09-21,2026-04-14,570,77,Active
15684316,1,2017-05-12,France,2017-05-24,2018-12-15,570,2754,Churned
15722010,1,2017-03-29,Spain,2017-04-19,2018-11-09,569,2790,Churned
15581811,0,2024-09-21,Germany,2024-10-02,2026-04-24,569,67,Active
15760521,0,2024-10-08,France,2024-10-28,2026-05-20,569,41,Active
15698184,0,2024-06-03,France,2024-06-29,2026-01-19,569,162,At risk (inactive 90+ days)
15733888,1,2023-05-20,Spain,2023-08-25,2025-03-16,569,471,Churned
15726776,0,2024-10-12,Spain,2024-11-13,2026-06-05,569,25,Active
15651052,1,2023-09-04,Germany,2023-09-10,2025-03-31,568,456,Churned
15677764,0,2024-10-04,Germany,2024-11-04,2026-05-26,568,35,Active
15585282,0,2024-10-27,France,2024-11-28,2026-06-18,567,12,Active
15617197,1,2021-08-08,France,2021-08-09,2023-02-27,567,1219,Churned
15682547,0,2024-11-15,France,2024-11-19,2026-06-09,567,21,Active
15805523,0,2024-11-21,France,2024-11-27,2026-06-17,567,13,Active
15702095,1,2024-07-22,Spain,2024-07-23,2026-02-10,567,140,Churned
15680643,0,2024-11-29,Spain,2024-12-04,2026-06-23,566,7,Active
15801414,0,2024-04-18,France,2024-08-19,2026-03-07,565,115,At risk (inactive 90+ days)
15800031,1,2022-11-22,France,2022-12-06,2024-06-23,565,737,Churned
15657163,0,2024-11-12,Germany,2024-11-16,2026-06-03,564,27,Active
15762351,0,2024-10-10,Spain,2024-11-05,2026-05-23,564,38,Active
15572374,0,2024-10-18,Spain,2024-10-22,2026-05-09,564,52,Active
15648794,1,2022-05-06,Spain,2022-05-12,2023-11-26,563,947,Churned
15669589,1,2024-09-16,Germany,2024-09-25,2026-04-11,563,80,Churned
15574119,0,2024-11-02,Spain,2024-11-06,2026-05-23,563,38,Active
15706764,0,2024-11-08,France,2024-11-15,2026-06-01,563,29,Active
15655368,0,2024-09-13,France,2024-10-21,2026-05-07,563,54,Active
15698474,0,2024-11-16,Germany,2024-11-24,2026-06-09,562,21,Active
15806284,0,2024-10-11,Spain,2024-11-04,2026-05-20,562,41,Active
15695872,0,2024-09-23,France,2024-11-10,2026-05-26,562,35,Active
15571843,0,2024-10-02,Spain,2024-10-14,2026-04-29,562,62,Active
15595391,0,2024-10-31,France,2024-12-03,2026-06-17,561,13,Active
15750731,1,2017-04-12,Germany,2017-05-18,2018-11-30,561,2769,Churned
15692258,0,2024-10-28,Spain,2024-12-07,2026-06-21,561,9,Active
15645404,1,2022-05-27,France,2022-08-08,2024-02-20,561,861,Churned
15814032,0,2024-10-29,Germany,2024-11-06,2026-05-20,560,41,Active
15595592,1,2023-09-04,France,2023-09-10,2025-03-23,560,464,Churned
15801293,0,2024-11-09,Germany,2024-11-22,2026-06-05,560,25,Active
15722701,0,2024-09-04,Germany,2024-10-07,2026-04-20,560,71,Active
15809838,0,2024-10-05,Spain,2024-10-28,2026-05-10,559,51,Active
15777893,0,2024-09-12,France,2024-10-01,2026-04-13,559,78,Active
15646558,0,2024-10-01,Spain,2024-10-24,2026-05-05,558,56,Active
15633260,0,2024-11-05,France,2024-11-08,2026-05-20,558,41,Active
15667190,0,2024-10-16,Spain,2024-10-30,2026-05-11,558,50,Active
15654519,0,2024-09-23,France,2024-10-02,2026-04-13,558,78,Active
15694805,0,2024-10-16,Spain,2024-10-25,2026-05-06,558,55,Active
15781272,1,2021-08-03,France,2021-09-05,2023-03-17,558,1201,Churned
15735439,0,2024-10-16,Spain,2024-11-26,2026-06-07,558,23,Active
15576935,1,2023-10-15,Spain,2023-10-15,2025-04-25,558,431,Churned
15700801,1,2020-06-02,Germany,2020-06-14,2021-12-24,558,1649,Churned
15600106,0,2024-07-10,France,2024-08-10,2026-02-19,558,131,At risk (inactive 90+ days)
15636935,0,2024-10-11,France,2024-10-27,2026-05-07,557,54,Active
15603914,1,2020-03-02,France,2020-04-19,2021-10-28,557,1706,Churned
15663294,0,2024-11-28,France,2024-12-13,2026-06-23,557,7,Active
15585451,0,2024-08-25,Germany,2024-09-17,2026-03-27,556,95,At risk (inactive 90+ days)
15595937,0,2024-08-31,Germany,2024-12-09,2026-06-18,556,12,Active
15672437,0,2024-11-23,France,2024-11-23,2026-06-02,556,28,Active
15678497,1,2024-06-25,Spain,2024-07-12,2026-01-19,556,162,Churned
15568032,0,2024-09-15,Germany,2024-10-23,2026-05-02,556,59,Active
15694860,1,2019-11-02,France,2019-11-11,2021-05-19,555,1868,Churned
15585595,0,2024-11-26,France,2024-12-02,2026-06-10,555,20,Active
15610930,0,2024-10-03,Germany,2024-10-27,2026-05-05,555,56,Active
15608408,0,2024-11-27,Spain,2024-12-13,2026-06-21,555,9,Active
15783463,0,2024-09-12,France,2024-09-25,2026-04-03,555,88,Active
15772216,0,2024-10-16,France,2024-11-27,2026-06-05,555,25,Active
15672237,0,2024-11-06,France,2024-11-10,2026-05-19,555,42,Active
15791102,1,2017-06-01,Germany,2017-06-18,2018-12-24,554,2745,Churned
15698294,0,2024-10-20,Spain,2024-12-09,2026-06-16,554,14,Active
15796612,0,2024-11-21,France,2024-12-04,2026-06-11,554,19,Active
15664270,1,2019-12-16,Germany,2020-02-24,2021-08-31,554,1764,Churned
15744914,0,2024-11-15,Germany,2024-11-27,2026-06-04,554,26,Active
15807221,0,2024-07-24,Spain,2024-08-15,2026-02-19,553,131,At risk (inactive 90+ days)
15626474,0,2024-08-28,France,2024-10-04,2026-04-09,552,82,Active
15737080,0,2024-11-13,France,2024-11-26,2026-06-01,552,29,Active
15645184,0,2024-05-31,France,2024-12-09,2026-06-14,552,16,Active
15652069,0,2024-08-30,France,2024-11-05,2026-05-11,552,50,Active
15615477,0,2024-11-14,Spain,2024-11-22,2026-05-28,552,33,Active
15706021,0,2024-10-30,France,2024-11-14,2026-05-19,551,42,Active
15581479,0,2024-10-21,France,2024-11-08,2026-05-13,551,48,Active
15729956,0,2024-11-14,Spain,2024-11-25,2026-05-30,551,31,Active
15680597,0,2024-11-29,Germany,2024-12-14,2026-06-18,551,12,Active
15615004,0,2024-11-03,France,2024-11-13,2026-05-18,551,43,Active
15610355,0,2024-10-25,France,2024-12-18,2026-06-21,550,9,Active
15624388,1,2021-01-21,Germany,2021-01-23,2022-07-27,550,1434,Churned
15736397,0,2024-11-27,France,2024-12-17,2026-06-20,550,10,Active
15581237,0,2024-11-02,Spain,2024-11-12,2026-05-16,550,45,Active
15725882,0,2024-09-26,Germany,2024-10-12,2026-04-15,550,76,Active
15701265,0,2024-11-29,Germany,2024-12-12,2026-06-14,549,16,Active
15578835,0,2024-11-09,Spain,2024-11-24,2026-05-27,549,34,Active
15624437,0,2024-11-01,Spain,2024-11-25,2026-05-27,548,34,Active
15708867,1,2022-09-04,Spain,2022-10-16,2024-04-16,548,805,Churned
15706128,0,2024-07-04,France,2024-11-05,2026-05-07,548,54,Active
15668009,0,2024-11-06,Spain,2024-11-28,2026-05-30,548,31,Active
15784124,1,2023-09-19,Germany,2023-10-31,2025-05-01,548,425,Churned
15714689,0,2024-10-30,Spain,2024-12-23,2026-06-23,547,7,Active
15760861,0,2024-10-17,France,2024-10-23,2026-04-22,546,69,Active
15628205,0,2024-11-19,Germany,2024-12-08,2026-06-07,546,23,Active
15642579,0,2024-11-02,Spain,2024-11-25,2026-05-25,546,36,Active
15774630,0,2024-10-19,Germany,2024-12-02,2026-06-01,546,29,Active
15660768,0,2024-09-02,France,2024-09-28,2026-03-28,546,94,At risk (inactive 90+ days)
15688644,0,2024-08-02,France,2024-11-16,2026-05-16,546,45,Active
15645355,1,2023-06-05,Germany,2023-06-05,2024-12-02,546,575,Churned
15709920,1,2023-10-30,France,2024-02-15,2025-08-14,546,320,Churned
15726046,0,2024-05-22,France,2024-09-02,2026-03-02,546,120,At risk (inactive 90+ days)
15764170,1,2021-09-23,Germany,2021-09-24,2023-03-23,545,1195,Churned
15613656,0,2024-11-17,France,2024-12-03,2026-06-01,545,29,Active
15674368,0,2024-10-23,France,2024-12-08,2026-06-05,544,25,Active
15711251,0,2024-11-25,France,2024-12-10,2026-06-06,543,24,Active
15648067,0,2024-08-17,France,2024-09-01,2026-02-25,542,125,At risk (inactive 90+ days)
15692235,0,2024-10-19,France,2024-12-09,2026-06-04,542,26,Active
15665158,0,2024-09-08,Spain,2024-09-15,2026-03-10,541,112,At risk (inactive 90+ days)
15649853,1,2023-04-10,France,2023-05-11,2024-11-01,540,606,Churned
15566030,1,2020-08-12,Germany,2020-08-22,2022-02-13,540,1598,Churned
15591107,1,2023-06-26,Germany,2023-07-19,2025-01-09,540,537,Churned
15608381,1,2024-04-04,Germany,2024-04-05,2025-09-27,540,276,Churned
15677522,0,2024-11-18,France,2024-12-11,2026-06-04,540,26,Active
15764105,0,2024-09-20,France,2024-11-04,2026-04-27,539,64,Active
15734850,0,2024-11-02,Spain,2024-11-18,2026-05-11,539,50,Active
15605113,0,2024-10-04,France,2024-11-24,2026-05-16,538,45,Active
15755241,1,2023-09-18,France,2023-10-01,2025-03-22,538,465,Churned
15734578,0,2024-12-16,France,2024-12-21,2026-06-12,538,18,Active
15656417,0,2024-09-26,France,2024-10-23,2026-04-14,538,77,Active
15727490,1,2021-02-28,France,2021-03-01,2022-08-20,537,1410,Churned
15724200,0,2024-11-21,France,2024-11-26,2026-05-17,537,44,Active
15780961,0,2024-11-24,France,2024-12-12,2026-06-01,536,29,Active
15757408,1,2022-09-03,Spain,2022-09-08,2024-02-26,536,855,Churned
15646609,0,2024-10-13,France,2024-11-13,2026-05-02,535,59,Active
15707078,0,2024-10-01,France,2024-10-23,2026-04-10,534,81,Active
15573888,1,2024-08-01,Germany,2024-10-08,2026-03-26,534,96,Churned
15783007,1,2024-09-08,Germany,2024-09-14,2026-03-02,534,120,Churned
15747974,0,2024-10-17,France,2024-11-19,2026-05-07,534,54,Active
15787835,1,2021-08-02,Germany,2021-09-07,2023-02-22,533,1224,Churned
15750396,0,2024-12-02,France,2024-12-10,2026-05-27,533,34,Active
15672754,1,2022-07-23,Germany,2022-09-03,2024-02-18,533,863,Churned
15618018,0,2024-12-04,France,2024-12-09,2026-05-25,532,36,Active
15638646,0,2024-11-07,France,2024-12-08,2026-05-24,532,37,Active
15744200,0,2024-12-03,France,2024-12-08,2026-05-24,532,37,Active
15787229,0,2024-06-01,Spain,2024-09-25,2026-03-11,532,111,At risk (inactive 90+ days)
15683503,1,2017-07-08,France,2017-07-27,2019-01-09,531,2729,Churned
15605698,1,2022-07-31,France,2022-08-13,2024-01-26,531,886,Churned
15810978,0,2024-12-26,Spain,2025-01-08,2026-06-22,530,8,Active
15653315,0,2024-12-02,Spain,2024-12-10,2026-05-24,530,37,Active
15600357,0,2024-09-16,France,2024-10-18,2026-04-01,530,90,Active
15787204,0,2024-12-05,Spain,2024-12-11,2026-05-25,530,36,Active
15647008,1,2023-05-09,Germany,2023-11-12,2025-04-24,529,432,Churned
15776850,0,2024-11-02,Spain,2024-11-26,2026-05-09,529,52,Active
15600027,0,2024-12-05,Spain,2024-12-12,2026-05-25,529,36,Active
15756850,0,2024-12-18,France,2024-12-21,2026-06-02,528,28,Active
15573456,1,2017-06-19,Spain,2017-07-05,2018-12-15,528,2754,Churned
15729763,0,2024-12-17,Spain,2024-12-30,2026-06-11,528,19,Active
15613017,0,2024-08-11,Germany,2024-10-18,2026-03-30,528,92,At risk (inactive 90+ days)
15730397,0,2024-11-17,Spain,2024-12-24,2026-06-04,527,26,Active
15667751,0,2024-08-24,Spain,2024-11-08,2026-04-18,526,73,Active
15603942,1,2023-03-16,Germany,2023-04-01,2024-09-07,525,661,Churned
15765457,0,2024-11-30,Spain,2024-12-18,2026-05-27,525,34,Active
15784687,0,2024-12-31,France,2025-01-14,2026-06-23,525,7,Active
15731751,0,2024-11-13,France,2024-11-27,2026-05-06,525,55,Active
15768574,0,2024-12-17,Spain,2024-12-24,2026-06-02,525,28,Active
15777907,1,2023-05-11,France,2023-05-25,2024-10-31,525,607,Churned
15805212,0,2024-12-26,France,2025-01-13,2026-06-21,524,9,Active
15575430,0,2024-12-16,France,2024-12-30,2026-06-07,524,23,Active
15586264,1,2023-08-16,France,2023-09-04,2025-02-08,523,507,Churned
15577806,0,2024-11-12,Germany,2024-12-18,2026-05-25,523,36,Active
15643575,0,2024-08-31,Germany,2024-12-19,2026-05-26,523,35,Active
15753754,0,2024-12-08,Spain,2024-12-11,2026-05-17,522,44,Active
15633419,0,2024-08-31,Germany,2024-10-26,2026-04-01,522,90,Active
15594827,0,2024-12-26,France,2025-01-14,2026-06-20,522,10,Active
15719778,0,2024-10-07,France,2024-11-16,2026-04-22,522,69,Active
15792453,0,2024-12-05,Spain,2024-12-24,2026-05-30,522,31,Active
15718245,0,2024-12-01,France,2024-12-12,2026-05-17,521,44,Active
15807269,1,2024-01-02,Germany,2024-02-02,2025-07-07,521,358,Churned
15702377,0,2024-11-11,Spain,2024-11-16,2026-04-21,521,70,Active
15752588,0,2024-12-23,France,2025-01-01,2026-06-05,520,25,Active
15679551,1,2024-01-05,Spain,2024-01-15,2025-06-18,520,377,Churned
15755196,1,2023-07-21,France,2023-08-09,2025-01-09,519,537,Churned
15595842,1,2023-09-09,Germany,2023-12-30,2025-06-01,519,394,Churned
15753895,0,2024-09-11,Spain,2024-10-28,2026-03-31,519,91,At risk (inactive 90+ days)
15744327,1,2021-07-08,France,2021-07-15,2022-12-15,518,1293,Churned
15666633,0,2024-11-06,Spain,2024-11-30,2026-05-01,517,60,Active
15742879,0,2024-12-18,Spain,2024-12-29,2026-05-30,517,31,Active
15798605,0,2024-11-02,Germany,2024-12-21,2026-05-22,517,39,Active
15641175,1,2023-05-09,Germany,2023-05-15,2024-10-13,517,625,Churned
15766869,0,2024-12-09,Germany,2024-12-19,2026-05-19,516,42,Active
15568006,1,2023-12-15,France,2024-02-22,2025-07-22,516,343,Churned
15666163,0,2024-10-29,France,2025-01-22,2026-06-20,514,10,Active
15590199,0,2024-12-27,Spain,2025-01-01,2026-05-30,514,31,Active
15609356,0,2024-12-20,France,2025-01-02,2026-05-31,514,30,Active
15634602,1,2024-05-29,France,2024-06-22,2025-11-17,513,225,Churned
15605950,0,2024-11-18,Germany,2024-12-11,2026-05-08,513,53,Active
15753332,1,2017-10-21,Germany,2017-11-12,2019-04-09,513,2639,Churned
15641416,1,2016-09-15,Germany,2016-09-27,2018-02-22,513,3050,Churned
15812262,1,2023-12-01,Germany,2024-01-22,2025-06-18,513,377,Churned
15648967,1,2024-09-23,Germany,2024-11-11,2026-04-08,513,83,Churned
15718843,0,2024-12-25,Spain,2024-12-31,2026-05-28,513,33,Active
15775678,0,2024-12-22,France,2025-01-16,2026-06-13,513,17,Active
15634891,1,2018-12-28,Germany,2019-01-07,2020-06-02,512,2219,Churned
15649487,1,2022-01-25,Germany,2022-03-27,2023-08-21,512,1044,Churned
15741094,0,2024-12-12,France,2025-01-07,2026-06-03,512,27,Active
15654211,0,2024-12-19,Spain,2025-01-19,2026-06-14,511,16,Active
15595917,0,2024-11-05,France,2024-11-21,2026-04-16,511,75,Active
15654760,0,2024-12-03,France,2024-12-12,2026-05-07,511,54,Active
15659327,1,2020-11-14,France,2020-12-30,2022-05-25,511,1497,Churned
15631054,0,2024-12-10,France,2024-12-31,2026-05-25,510,36,Active
15641629,0,2025-01-30,Spain,2025-01-31,2026-06-25,510,5,Active
15654346,0,2025-01-07,Germany,2025-01-07,2026-06-01,510,29,Active
15772604,0,2024-12-21,Spain,2025-01-15,2026-06-09,510,21,Active
15760431,0,2024-12-07,France,2024-12-28,2026-05-21,509,40,Active
15757632,0,2024-10-23,France,2024-12-17,2026-05-10,509,51,Active
15694395,0,2024-10-20,France,2025-01-23,2026-06-15,508,15,Active
15711028,1,2024-08-03,France,2024-10-22,2026-03-14,508,108,Churned
15619801,0,2024-12-26,France,2025-01-09,2026-06-01,508,29,Active
15731951,1,2020-07-22,Spain,2020-07-29,2021-12-19,508,1654,Churned
15790683,0,2024-12-12,France,2024-12-21,2026-05-12,507,49,Active
15808526,1,2022-07-25,Germany,2022-07-30,2023-12-19,507,924,Churned
15575619,0,2024-12-15,Spain,2025-01-02,2026-05-24,507,37,Active
15674833,0,2024-10-14,France,2024-12-29,2026-05-20,507,41,Active
15645316,0,2024-12-27,Germany,2025-01-14,2026-06-04,506,26,Active
15790254,0,2024-12-10,Spain,2024-12-20,2026-05-10,506,51,Active
15618647,0,2024-09-08,France,2024-12-04,2026-04-24,506,67,Active
15694272,0,2024-12-31,France,2025-01-13,2026-06-02,505,28,Active
15792525,1,2024-07-05,Germany,2024-07-19,2025-12-06,505,206,Churned
15771942,1,2017-04-05,Germany,2017-04-19,2018-09-05,504,2855,Churned
15613014,0,2025-01-27,Germany,2025-01-31,2026-06-19,504,11,Active
15736154,0,2025-01-05,France,2025-01-08,2026-05-27,504,34,Active
15749345,0,2024-12-19,France,2024-12-23,2026-05-11,504,50,Active
15779423,0,2024-12-02,France,2024-12-22,2026-05-10,504,51,Active
15698758,0,2024-12-01,Spain,2025-01-01,2026-05-19,503,42,Active
15569945,0,2024-10-19,Spain,2025-01-26,2026-06-13,503,17,Active
15603674,0,2025-01-16,France,2025-01-23,2026-06-10,503,20,Active
15596797,0,2025-01-19,Spain,2025-01-25,2026-06-11,502,19,Active
15737795,1,2024-08-10,Spain,2024-09-21,2026-02-03,500,147,Churned
15707189,0,2024-12-08,Germany,2024-12-18,2026-05-02,500,59,Active
15629519,0,2025-01-04,France,2025-01-10,2026-05-25,500,36,Active
15807245,0,2025-01-30,Germany,2025-02-04,2026-06-19,500,11,Active
15654229,0,2024-12-27,Spain,2025-01-27,2026-06-10,499,20,Active
15769586,0,2025-01-16,France,2025-01-23,2026-06-06,499,24,Active
15709451,0,2024-12-05,Germany,2024-12-06,2026-04-19,499,72,Active
15617029,0,2025-01-02,Spain,2025-01-04,2026-05-18,499,43,Active
15781598,1,2019-11-05,Germany,2019-11-13,2021-03-25,498,1923,Churned
15763613,0,2024-11-03,France,2025-01-05,2026-05-18,498,43,Active
15583353,1,2023-01-04,Spain,2023-02-13,2024-06-25,498,735,Churned
15694556,1,2023-10-15,France,2023-11-01,2025-03-13,498,474,Churned
15648858,0,2024-12-09,France,2025-01-01,2026-05-14,498,47,Active
15813168,1,2022-11-30,Germany,2022-12-14,2024-04-24,497,797,Churned
15769346,0,2024-11-15,France,2024-12-25,2026-05-06,497,55,Active
15607314,1,2024-06-12,Spain,2024-06-13,2025-10-22,496,251,Churned
15793307,1,2021-11-03,Spain,2021-11-28,2023-04-08,496,1179,Churned
15666032,0,2025-01-09,Spain,2025-01-21,2026-06-01,496,29,Active
15797329,1,2022-03-13,France,2022-03-28,2023-08-06,496,1059,Churned
15771409,1,2019-03-20,France,2019-03-24,2020-08-01,496,2159,Churned
15777873,1,2020-11-21,France,2020-11-22,2022-04-01,495,1551,Churned
15571148,0,2024-12-27,Spain,2025-01-20,2026-05-29,494,32,Active
15661591,0,2024-12-02,Germany,2025-01-08,2026-05-17,494,44,Active
15587066,1,2024-06-25,France,2024-07-28,2025-12-04,494,208,Churned
15599004,0,2025-01-27,Spain,2025-01-27,2026-06-04,493,26,Active
15762392,0,2025-01-29,Spain,2025-02-08,2026-06-16,493,14,Active
15689147,0,2024-11-02,France,2024-11-15,2026-03-22,492,100,At risk (inactive 90+ days)
15789974,1,2019-08-25,France,2019-09-09,2021-01-13,492,1994,Churned
15792064,1,2021-03-11,Germany,2021-04-14,2022-08-19,492,1411,Churned
15706810,0,2025-01-26,Germany,2025-02-03,2026-06-10,492,20,Active
15612103,1,2024-05-30,Germany,2024-06-21,2025-10-26,492,247,Churned
15689492,0,2024-12-30,Germany,2025-02-18,2026-06-24,491,6,Active
15634628,0,2024-11-25,France,2024-12-11,2026-04-16,491,75,Active
15575486,0,2025-01-01,France,2025-01-06,2026-05-12,491,49,Active
15585888,1,2022-07-11,Spain,2022-09-01,2024-01-04,490,908,Churned
15581229,0,2025-01-27,Germany,2025-02-10,2026-06-15,490,15,Active
15809826,1,2024-04-30,France,2024-06-12,2025-10-15,490,258,Churned
15604314,0,2024-12-20,Germany,2025-01-27,2026-06-01,490,29,Active
15684548,1,2017-09-23,Spain,2017-11-02,2019-03-06,489,2673,Churned
15724536,0,2024-11-30,Spain,2025-02-11,2026-06-15,489,15,Active
15626141,0,2025-01-23,France,2025-01-24,2026-05-28,489,33,Active
15676810,0,2025-01-09,France,2025-01-30,2026-06-03,489,27,Active
15779744,0,2025-01-16,Spain,2025-01-22,2026-05-25,488,36,Active
15737047,1,2020-02-22,France,2020-03-11,2021-07-12,488,1814,Churned
15774258,0,2024-12-14,France,2025-01-31,2026-06-03,488,27,Active
15758056,0,2024-11-06,France,2024-11-10,2026-03-12,487,110,At risk (inactive 90+ days)
15753861,0,2024-09-16,Germany,2024-12-11,2026-04-12,487,79,Active
15662578,0,2025-01-15,Germany,2025-01-23,2026-05-25,487,36,Active
15626628,0,2024-06-06,Spain,2025-01-07,2026-05-09,487,52,Active
15762332,0,2025-01-22,Germany,2025-02-08,2026-06-09,486,21,Active
15777922,0,2025-01-30,Spain,2025-02-17,2026-06-18,486,12,Active
15779738,0,2025-01-08,France,2025-01-28,2026-05-29,486,32,Active
15641411,0,2025-01-08,France,2025-01-09,2026-05-10,486,51,Active
15626900,0,2024-08-23,France,2024-09-16,2026-01-14,485,167,At risk (inactive 90+ days)
15746970,0,2025-01-24,Spain,2025-02-01,2026-06-01,485,29,Active
15736413,0,2025-01-05,France,2025-01-14,2026-05-14,485,47,Active
15706005,1,2023-09-26,France,2023-10-05,2025-01-31,484,515,Churned
15761018,1,2024-06-11,Germany,2024-06-20,2025-10-17,484,256,Churned
15696061,0,2024-12-23,Germany,2025-02-06,2026-06-04,483,26,Active
15769504,0,2025-01-26,Germany,2025-02-06,2026-06-04,483,26,Active
15771299,1,2024-09-12,France,2024-09-25,2026-01-21,483,160,Churned
15668594,0,2025-01-29,Germany,2025-02-02,2026-05-31,483,30,Active
15638621,0,2024-08-01,Spain,2024-11-17,2026-03-15,483,107,At risk (inactive 90+ days)
15716491,1,2021-11-12,Spain,2021-12-05,2023-04-01,482,1186,Churned
15721307,0,2024-08-27,Germany,2024-12-10,2026-04-06,482,85,Active
15602282,1,2018-01-11,Germany,2018-01-17,2019-05-14,482,2604,Churned
15614168,1,2022-04-02,Germany,2022-05-28,2023-09-22,482,1012,Churned
15593778,1,2022-09-17,France,2022-09-19,2024-01-13,481,899,Churned
15669899,1,2019-02-23,Germany,2019-02-23,2020-06-17,480,2204,Churned
15644833,1,2024-01-16,France,2024-03-13,2025-07-06,480,359,Churned
15578297,1,2024-08-21,Germany,2024-10-21,2026-02-13,480,137,Churned
15692819,0,2025-02-17,Germany,2025-02-18,2026-06-13,480,17,Active
15729515,0,2025-01-19,France,2025-02-13,2026-06-08,480,22,Active
15774328,0,2025-02-06,Germany,2025-02-07,2026-06-02,480,28,Active
15647311,0,2025-01-01,Spain,2025-01-22,2026-05-14,477,47,Active
15774696,0,2025-02-20,Germany,2025-02-21,2026-06-13,477,17,Active
15640521,1,2023-04-02,Germany,2023-04-02,2024-07-22,477,708,Churned
15702801,1,2022-09-24,France,2022-10-28,2024-02-17,477,864,Churned
15727291,0,2024-12-20,France,2025-01-28,2026-05-20,477,41,Active
15782939,1,2022-02-11,France,2022-03-02,2023-06-22,477,1104,Churned
15721460,1,2017-08-18,France,2017-08-22,2018-12-11,476,2758,Churned
15569247,0,2025-01-07,Spain,2025-01-26,2026-05-16,475,45,Active
15791342,0,2025-01-15,Spain,2025-02-20,2026-06-10,475,20,Active
15701301,1,2022-10-27,France,2022-12-21,2024-04-08,474,813,Churned
15789097,1,2018-01-23,France,2018-01-27,2019-05-16,474,2602,Churned
15616922,0,2025-01-22,France,2025-02-09,2026-05-29,474,32,Active
15636330,1,2024-11-07,Germany,2024-11-30,2026-03-19,474,103,Churned
15764072,0,2025-01-20,France,2025-02-13,2026-06-02,474,28,Active
15752857,0,2025-02-14,Germany,2025-02-19,2026-06-08,474,22,Active
15690372,0,2025-01-27,Spain,2025-02-01,2026-05-21,474,40,Active
15599195,0,2025-01-04,Germany,2025-02-04,2026-05-23,473,38,Active
15612966,1,2018-10-20,Germany,2018-11-05,2020-02-21,473,2321,Churned
15781619,1,2024-07-29,France,2024-08-04,2025-11-20,473,222,Churned
15684516,0,2025-02-14,Spain,2025-02-18,2026-06-05,472,25,Active
15633866,0,2025-01-24,Germany,2025-01-24,2026-05-11,472,50,Active
15697597,0,2025-02-22,France,2025-02-23,2026-06-09,471,21,Active
15671172,0,2025-01-15,France,2025-02-03,2026-05-20,471,41,Active
15709478,0,2024-12-25,Germany,2025-03-08,2026-06-21,470,9,Active
15796218,0,2025-02-01,Germany,2025-02-05,2026-05-21,470,40,Active
15782360,1,2023-10-22,Germany,2023-10-26,2025-02-06,469,509,Churned
15806256,1,2024-02-16,France,2024-02-28,2025-06-11,469,384,Churned
15614054,0,2025-02-17,France,2025-02-23,2026-06-07,469,23,Active
15742269,0,2024-11-13,France,2025-01-19,2026-05-02,468,59,Active
15746422,0,2024-11-13,France,2025-02-27,2026-06-09,467,21,Active
15708513,0,2024-12-14,France,2025-02-27,2026-06-09,467,21,Active
15573171,1,2025-01-15,Spain,2025-01-27,2026-05-09,467,52,Churned
15793803,0,2024-12-21,France,2025-03-06,2026-06-16,467,14,Active
15609804,0,2025-02-27,France,2025-03-12,2026-06-22,467,8,Active
15644692,1,2018-03-21,France,2018-03-21,2019-06-30,466,2557,Churned
15794941,0,2025-01-05,Germany,2025-01-19,2026-04-30,466,61,Active
15793311,1,2017-12-17,Germany,2017-12-22,2019-04-02,466,2646,Churned
15676242,1,2023-06-26,Spain,2023-11-09,2025-02-16,465,499,Churned
15663441,1,2021-07-31,Germany,2021-08-07,2022-11-15,465,1323,Churned
15689614,0,2025-01-16,Spain,2025-02-25,2026-06-04,464,26,Active
15642004,0,2025-02-07,France,2025-02-24,2026-06-02,463,28,Active
15797964,0,2025-02-19,Germany,2025-03-02,2026-06-08,463,22,Active
15630913,0,2025-01-03,Spain,2025-02-03,2026-05-12,463,49,Active
15613216,0,2025-01-22,Spain,2025-02-25,2026-06-03,463,27,Active
15692664,0,2025-01-26,France,2025-02-07,2026-05-16,463,45,Active
15791452,0,2025-02-17,France,2025-02-23,2026-05-31,462,30,Active
15597109,0,2025-02-02,France,2025-02-11,2026-05-19,462,42,Active
15775192,1,2021-07-14,Germany,2021-07-24,2022-10-29,462,1340,Churned
15802071,1,2025-01-29,Germany,2025-02-16,2026-05-23,461,38,Churned
15736578,0,2024-12-30,France,2025-03-01,2026-06-05,461,25,Active
15740160,0,2025-02-05,France,2025-02-11,2026-05-18,461,43,Active
15631072,0,2025-02-17,France,2025-03-09,2026-06-12,460,18,Active
15681196,0,2025-02-27,France,2025-03-19,2026-06-22,460,8,Active
15645200,1,2024-04-08,Germany,2024-04-24,2025-07-28,460,337,Churned
15704763,1,2024-07-23,Germany,2024-07-23,2025-10-25,459,248,Churned
15710105,1,2023-04-17,Germany,2023-05-05,2024-08-06,459,693,Churned
15681402,0,2025-02-17,Germany,2025-03-02,2026-06-03,458,27,Active
15771509,0,2025-02-25,Germany,2025-03-19,2026-06-20,458,10,Active
15791172,0,2025-01-05,Germany,2025-01-14,2026-04-17,458,74,Active
15798888,0,2025-02-17,Germany,2025-03-06,2026-06-06,457,24,Active
15600583,0,2024-09-12,France,2024-11-19,2026-02-19,457,131,At risk (inactive 90+ days)
15568953,0,2025-02-05,France,2025-02-13,2026-05-16,457,45,Active
15789611,1,2018-01-01,Germany,2018-01-19,2019-04-21,457,2627,Churned
15775912,1,2022-01-01,France,2022-01-13,2023-04-14,456,1173,Churned
15720071,1,2023-02-13,France,2023-04-15,2024-07-14,456,716,Churned
15720353,0,2025-01-24,France,2025-02-18,2026-05-20,456,41,Active
15702571,1,2024-10-26,Germany,2024-11-21,2026-02-20,456,130,Churned
15666200,0,2025-01-24,France,2025-02-03,2026-05-05,456,56,Active
15750778,1,2024-06-03,France,2024-06-20,2025-09-18,455,285,Churned
15664907,1,2024-08-16,France,2024-10-10,2026-01-07,454,174,Churned
15660878,0,2025-02-23,France,2025-03-17,2026-06-14,454,16,Active
15701238,0,2024-11-01,France,2025-02-14,2026-05-14,454,47,Active
15702014,0,2025-02-13,Spain,2025-02-27,2026-05-26,453,35,Active
15596175,1,2019-12-06,Germany,2019-12-12,2021-03-09,453,1939,Churned
15735203,0,2025-03-19,Germany,2025-03-19,2026-06-15,453,15,Active
15651533,1,2020-08-09,Germany,2020-09-20,2021-12-16,452,1657,Churned
15611551,0,2025-02-04,Spain,2025-03-04,2026-05-30,452,31,Active
15688849,1,2024-10-21,France,2024-10-31,2026-01-26,452,155,Churned
15701354,0,2025-02-15,France,2025-02-25,2026-05-22,451,39,Active
15608230,0,2024-12-20,France,2025-01-20,2026-04-16,451,75,Active
15626135,0,2024-11-25,France,2024-12-08,2026-03-04,451,118,At risk (inactive 90+ days)
15617454,0,2025-02-17,France,2025-03-10,2026-06-04,451,26,Active
15726403,1,2024-12-24,Germany,2024-12-26,2026-03-21,450,101,Churned
15643630,1,2016-11-21,Spain,2016-11-25,2018-02-17,449,3055,Churned
15742834,0,2025-02-15,France,2025-03-08,2026-05-31,449,30,Active
15566292,0,2025-03-02,Spain,2025-03-04,2026-05-26,448,35,Active
15792222,0,2025-01-21,France,2025-02-06,2026-04-30,448,61,Active
15723864,1,2024-07-23,Spain,2024-09-14,2025-12-06,448,206,Churned
15685872,0,2025-03-17,France,2025-03-22,2026-06-13,448,17,Active
15800554,0,2025-01-19,France,2025-02-02,2026-04-26,448,65,Active
15733768,0,2025-02-01,France,2025-02-17,2026-05-10,447,51,Active
15684461,1,2020-07-01,Spain,2020-10-06,2021-12-27,447,1646,Churned
15710012,1,2023-09-19,Spain,2023-10-09,2024-12-29,447,548,Churned
15799600,0,2025-02-28,Germany,2025-03-19,2026-06-08,446,22,Active
15813022,0,2025-02-09,Spain,2025-03-12,2026-05-31,445,30,Active
15576360,0,2025-02-26,France,2025-03-20,2026-06-08,445,22,Active
15755863,0,2025-01-14,Spain,2025-03-13,2026-06-01,445,29,Active
15607746,0,2025-01-27,France,2025-03-20,2026-06-08,445,22,Active
15692291,1,2019-11-25,Spain,2019-12-04,2021-02-21,445,1955,Churned
15753110,1,2022-08-26,Spain,2022-09-21,2023-12-10,445,933,Churned
15594898,1,2024-06-14,France,2024-08-08,2025-10-26,444,247,Churned
15566708,1,2022-03-15,France,2022-04-29,2023-07-17,444,1079,Churned
15759751,0,2025-02-13,France,2025-03-17,2026-06-04,444,26,Active
15653037,0,2025-02-01,France,2025-03-06,2026-05-24,444,37,Active
15725660,0,2025-03-30,France,2025-04-01,2026-06-18,443,12,Active
15609011,1,2018-05-20,Spain,2018-06-04,2019-08-21,443,2505,Churned
15796505,0,2025-02-19,Germany,2025-03-08,2026-05-24,442,37,Active
15803406,0,2025-02-12,France,2025-02-28,2026-05-16,442,45,Active
15686936,1,2020-09-05,France,2020-09-11,2021-11-27,442,1676,Churned
15657812,0,2025-03-28,France,2025-04-07,2026-06-23,442,7,Active
15651093,0,2025-03-22,France,2025-03-24,2026-06-09,442,21,Active
15593959,0,2025-02-26,France,2025-03-10,2026-05-26,442,35,Active
15775082,0,2025-02-13,France,2025-03-16,2026-05-31,441,30,Active
15792989,0,2025-03-20,France,2025-03-25,2026-06-09,441,21,Active
15724691,0,2025-03-15,France,2025-03-24,2026-06-08,441,22,Active
15734005,0,2024-10-13,France,2025-02-14,2026-04-30,440,61,Active
15601274,0,2025-03-21,Spain,2025-03-27,2026-06-09,439,21,Active
15585367,1,2022-02-09,Germany,2022-03-12,2023-05-25,439,1132,Churned
15590146,1,2025-01-19,France,2025-01-23,2026-04-07,439,84,Churned
15766776,0,2025-03-18,France,2025-03-21,2026-06-03,439,27,Active
15636428,1,2024-08-19,Spain,2024-08-29,2025-11-11,439,231,Churned
15602979,0,2025-01-29,France,2025-01-29,2026-04-13,439,78,Active
15809663,0,2025-03-28,France,2025-03-31,2026-06-12,438,18,Active
15803479,0,2025-03-21,France,2025-03-24,2026-06-05,438,25,Active
15648225,0,2025-03-17,Spain,2025-03-18,2026-05-29,437,32,Active
15649150,1,2021-04-21,France,2021-06-02,2022-08-13,437,1417,Churned
15643056,0,2025-03-25,Germany,2025-04-06,2026-06-17,437,13,Active
15808017,0,2025-03-13,France,2025-03-23,2026-06-02,436,28,Active
15677217,0,2025-01-09,France,2025-03-12,2026-05-22,436,39,Active
15705034,0,2025-02-15,Spain,2025-03-02,2026-05-12,436,49,Active
15814033,0,2025-03-12,Spain,2025-03-29,2026-06-08,436,22,Active
15588419,1,2015-10-17,Germany,2015-10-22,2016-12-31,436,3468,Churned
15720083,0,2025-03-20,Spain,2025-03-26,2026-06-05,436,25,Active
15813916,0,2025-03-28,France,2025-04-10,2026-06-19,435,11,Active
15628767,1,2022-11-02,Spain,2022-11-20,2024-01-29,435,883,Churned
15618243,0,2025-03-14,Spain,2025-03-17,2026-05-25,434,36,Active
15752312,0,2025-02-10,Spain,2025-02-25,2026-05-05,434,56,Active
15768163,1,2019-05-20,Germany,2019-06-03,2020-08-10,434,2150,Churned
15718779,0,2025-03-20,France,2025-04-05,2026-06-12,433,18,Active
15627630,0,2025-03-30,France,2025-04-05,2026-06-12,433,18,Active
15591512,1,2024-02-05,Germany,2024-02-19,2025-04-27,433,429,Churned
15566531,1,2021-07-09,Germany,2021-07-09,2022-09-15,433,1384,Churned
15607713,0,2025-03-17,Spain,2025-04-02,2026-06-07,431,23,Active
15760294,1,2017-11-11,France,2017-12-22,2019-02-26,431,2681,Churned
15762543,0,2024-12-03,France,2025-02-12,2026-04-19,431,72,Active
15794895,0,2025-03-27,Spain,2025-04-08,2026-06-13,431,17,Active
15799924,0,2025-01-07,Spain,2025-01-16,2026-03-23,431,99,At risk (inactive 90+ days)
15814465,0,2025-02-15,France,2025-02-27,2026-05-03,430,58,Active
15768451,1,2021-03-27,Germany,2021-04-14,2022-06-18,430,1473,Churned
15581440,1,2020-03-13,Germany,2020-03-25,2021-05-28,429,1859,Churned
15772632,0,2025-03-12,France,2025-03-16,2026-05-19,429,42,Active
15719779,0,2024-12-15,Germany,2025-03-21,2026-05-24,429,37,Active
15669011,1,2017-01-21,France,2017-02-11,2018-04-16,429,2997,Churned
15658364,0,2025-03-27,Germany,2025-03-28,2026-05-31,429,30,Active
15669064,0,2025-02-05,Germany,2025-02-13,2026-04-17,428,74,Active
15665438,0,2025-03-08,France,2025-03-16,2026-05-18,428,43,Active
15582849,1,2024-09-20,France,2024-10-03,2025-12-05,428,207,Churned
15625675,0,2025-03-16,France,2025-03-20,2026-05-22,428,39,Active
15723950,1,2023-07-29,Spain,2023-09-01,2024-11-02,428,605,Churned
15752507,1,2017-06-07,Germany,2017-07-02,2018-09-03,428,2857,Churned
15656937,0,2025-01-10,Spain,2025-02-03,2026-04-06,427,85,Active
15693259,0,2025-03-17,France,2025-04-02,2026-06-02,426,28,Active
15706170,0,2025-02-25,France,2025-04-12,2026-06-12,426,18,Active
15763980,0,2025-03-03,Germany,2025-03-23,2026-05-23,426,38,Active
15648489,1,2021-10-22,France,2021-11-16,2023-01-15,425,1262,Churned
15625175,1,2020-04-12,Germany,2020-04-18,2021-06-17,425,1839,Churned
15715597,0,2025-01-12,France,2025-02-22,2026-04-23,425,68,Active
15733447,1,2024-08-28,France,2024-09-03,2025-11-02,425,240,Churned
15784445,0,2025-03-14,Spain,2025-03-28,2026-05-27,425,34,Active
15701605,0,2025-03-19,France,2025-04-08,2026-06-07,425,23,Active
15807457,0,2025-03-13,Spain,2025-03-21,2026-05-20,425,41,Active
15713505,0,2025-03-16,France,2025-04-04,2026-06-02,424,28,Active
15644796,1,2017-07-28,Spain,2017-08-15,2018-10-12,423,2818,Churned
15729117,0,2025-02-20,France,2025-03-30,2026-05-27,423,34,Active
15754569,0,2025-03-18,France,2025-04-09,2026-06-06,423,24,Active
15657386,0,2025-03-10,Germany,2025-03-21,2026-05-17,422,44,Active
15687648,0,2024-11-03,France,2025-02-08,2026-04-06,422,85,Active
15634295,0,2025-01-09,France,2025-04-02,2026-05-29,422,32,Active
15632472,0,2025-03-07,Spain,2025-03-24,2026-05-20,422,41,Active
15589493,0,2024-11-08,Germany,2024-12-31,2026-02-25,421,125,At risk (inactive 90+ days)
15603880,1,2024-08-27,Germany,2025-01-13,2026-03-10,421,112,Churned
15570073,0,2025-03-12,Spain,2025-03-20,2026-05-15,421,46,Active
15589660,0,2025-04-05,Germany,2025-04-06,2026-05-31,420,30,Active
15603743,0,2025-02-08,France,2025-04-04,2026-05-29,420,32,Active
15702149,0,2025-03-10,Germany,2025-03-28,2026-05-22,420,39,Active
15682523,0,2025-03-07,France,2025-03-27,2026-05-21,420,40,Active
15726589,0,2024-09-20,Germany,2024-12-20,2026-02-12,419,138,At risk (inactive 90+ days)
15810485,0,2025-02-16,Germany,2025-03-18,2026-05-11,419,50,Active
15635116,1,2024-05-25,Spain,2024-05-26,2025-07-18,418,347,Churned
15682268,1,2024-09-17,Germany,2024-11-30,2026-01-21,417,160,Churned
15609070,1,2019-05-22,Germany,2019-06-11,2020-08-01,417,2159,Churned
15763218,0,2025-02-03,France,2025-03-03,2026-04-23,416,68,Active
15651352,1,2024-06-05,France,2024-06-17,2025-08-07,416,327,Churned
15795759,1,2025-03-17,Germany,2025-03-23,2026-05-13,416,48,Churned
15712536,1,2023-06-23,France,2023-09-30,2024-11-19,416,588,Churned
15772423,1,2018-02-18,Germany,2018-02-22,2019-04-13,415,2635,Churned
15646810,1,2019-12-03,Germany,2020-02-09,2021-03-30,415,1918,Churned
15760825,0,2025-03-27,France,2025-04-03,2026-05-23,415,38,Active
15616380,0,2025-01-24,Spain,2025-02-16,2026-04-06,414,85,Active
15645136,0,2025-01-04,Spain,2025-02-08,2026-03-28,413,94,At risk (inactive 90+ days)
15721047,0,2025-04-25,Germany,2025-05-01,2026-06-18,413,12,Active
15722479,0,2025-04-02,France,2025-04-11,2026-05-29,413,32,Active
15606554,0,2025-03-23,France,2025-03-29,2026-05-16,413,45,Active
15776936,1,2019-04-22,France,2019-05-10,2020-06-25,412,2196,Churned
15571059,1,2022-10-01,France,2022-12-02,2024-01-17,411,895,Churned
15575247,0,2025-04-17,France,2025-04-25,2026-06-10,411,20,Active
15624975,0,2025-04-22,Spain,2025-04-28,2026-06-13,411,17,Active
15591986,1,2019-07-17,Germany,2019-08-04,2020-09-17,410,2112,Churned
15596870,1,2023-04-07,Germany,2023-06-19,2024-08-02,410,697,Churned
15770539,0,2025-04-05,France,2025-04-17,2026-06-01,410,29,Active
15594762,0,2025-03-03,Spain,2025-03-20,2026-05-03,409,58,Active
15751227,0,2025-02-01,France,2025-02-11,2026-03-27,409,95,At risk (inactive 90+ days)
15604355,0,2025-03-30,France,2025-04-02,2026-05-15,408,46,Active
15599869,0,2025-04-14,Spain,2025-04-25,2026-06-07,408,23,Active
15636520,0,2025-04-06,France,2025-04-09,2026-05-22,408,39,Active
15694677,0,2025-02-01,France,2025-04-06,2026-05-19,408,42,Active
15659949,0,2025-03-08,France,2025-03-20,2026-05-02,408,59,Active
15594305,0,2024-12-22,France,2025-04-05,2026-05-17,407,44,Active
15652658,0,2025-04-05,France,2025-04-18,2026-05-30,407,31,Active
15807167,0,2025-02-03,France,2025-03-14,2026-04-24,406,67,Active
15784594,0,2025-04-19,Germany,2025-04-29,2026-06-09,406,21,Active
15665283,1,2018-07-06,France,2018-07-10,2019-08-20,406,2506,Churned
15806467,1,2024-07-12,Germany,2024-09-14,2025-10-24,405,249,Churned
15592583,1,2024-12-01,France,2024-12-02,2026-01-11,405,170,Churned
15725665,1,2016-03-18,France,2016-03-21,2017-04-30,405,3348,Churned
15675337,1,2020-07-09,Germany,2020-07-20,2021-08-29,405,1766,Churned
15662337,1,2024-11-25,Germany,2024-12-04,2026-01-13,405,168,Churned
15787174,0,2025-04-04,France,2025-04-20,2026-05-29,404,32,Active
15765266,0,2025-02-13,France,2025-03-15,2026-04-23,404,68,Active
15792646,0,2025-04-28,Spain,2025-05-08,2026-06-16,404,14,Active
15739692,0,2025-02-24,France,2025-03-24,2026-05-02,404,59,Active
15682355,1,2023-06-09,Germany,2023-09-15,2024-10-23,404,615,Churned
15581036,1,2023-02-14,Germany,2023-03-21,2024-04-27,403,794,Churned
15651943,0,2025-04-15,Spain,2025-04-26,2026-06-03,403,27,Active
15709846,0,2025-02-28,France,2025-04-07,2026-05-14,402,47,Active
15769064,1,2023-04-29,Germany,2023-06-15,2024-07-21,402,709,Churned
15594409,0,2025-04-18,France,2025-05-04,2026-06-10,402,20,Active
15683363,0,2025-04-02,Spain,2025-04-20,2026-05-27,402,34,Active
15574783,0,2025-04-27,France,2025-05-14,2026-06-19,401,11,Active
15570681,0,2025-02-26,France,2025-04-27,2026-06-02,401,28,Active
15765518,1,2023-09-24,France,2023-11-15,2024-12-19,400,558,Churned
15637138,0,2025-01-29,France,2025-04-29,2026-06-03,400,27,Active
15619340,0,2024-11-19,Spain,2025-03-08,2026-04-12,400,79,Active
15762682,0,2025-01-19,Spain,2025-05-03,2026-06-07,400,23,Active
15613630,1,2017-07-09,France,2017-07-30,2018-09-02,399,2858,Churned
15597901,0,2025-04-24,France,2025-04-29,2026-06-02,399,28,Active
15619087,0,2025-02-04,France,2025-03-01,2026-04-04,399,87,Active
15595136,0,2025-04-24,France,2025-04-30,2026-06-03,399,27,Active
15803633,0,2025-04-01,France,2025-04-10,2026-05-14,399,47,Active
15788776,1,2020-02-28,Germany,2020-07-14,2021-08-17,399,1778,Churned
15594391,1,2024-04-04,France,2024-05-17,2025-06-20,399,375,Churned
15778481,0,2025-04-01,France,2025-04-02,2026-05-06,399,55,Active
15800440,0,2025-04-17,Spain,2025-05-05,2026-06-07,398,23,Active
15708162,0,2025-04-12,Germany,2025-05-03,2026-06-05,398,25,Active
15570060,1,2017-09-02,France,2017-10-07,2018-11-08,397,2791,Churned
15796334,1,2015-08-17,Germany,2015-10-06,2016-11-06,397,3523,Churned
15736963,0,2025-03-07,France,2025-03-17,2026-04-18,397,73,Active
15795586,0,2025-04-29,France,2025-05-09,2026-06-10,397,20,Active
15609653,1,2019-07-22,Germany,2019-08-12,2020-09-11,396,2118,Churned
15791216,1,2017-11-09,Germany,2017-11-10,2018-12-11,396,2758,Churned
15605293,0,2025-04-27,France,2025-05-16,2026-06-16,396,14,Active
15579617,1,2023-06-14,France,2023-07-01,2024-07-31,396,699,Churned
15706268,0,2025-04-25,Germany,2025-05-20,2026-06-20,396,10,Active
15713426,1,2024-09-09,Germany,2024-09-17,2025-10-18,396,255,Churned
15766066,0,2025-02-18,Germany,2025-04-27,2026-05-28,396,33,Active
15593014,0,2025-04-10,France,2025-04-23,2026-05-23,395,38,Active
15785815,0,2025-04-09,Germany,2025-05-03,2026-06-02,395,28,Active
15754084,0,2025-04-12,Spain,2025-04-21,2026-05-20,394,41,Active
15786469,0,2025-04-26,France,2025-05-01,2026-05-30,394,31,Active
15775433,0,2025-04-04,Germany,2025-04-18,2026-05-17,394,44,Active
15711825,0,2025-02-23,Spain,2025-04-07,2026-05-05,393,56,Active
15666270,1,2024-06-28,France,2024-08-08,2025-09-05,393,298,Churned
15801152,0,2025-03-18,Spain,2025-04-12,2026-05-10,393,51,Active
15786717,0,2025-03-04,France,2025-03-11,2026-04-08,393,83,Active
15574068,1,2016-10-14,Germany,2016-12-28,2018-01-24,392,3079,Churned
15714431,0,2025-04-09,France,2025-05-09,2026-06-04,391,26,Active
15796230,1,2024-03-09,Germany,2024-05-06,2025-06-01,391,394,Churned
15649523,0,2025-03-26,France,2025-04-11,2026-05-06,390,55,Active
15780038,1,2019-11-02,Spain,2020-01-18,2021-02-11,390,1965,Churned
15686463,1,2018-08-31,France,2018-09-18,2019-10-13,390,2452,Churned
15750156,1,2023-10-03,Germany,2023-11-05,2024-11-28,389,579,Churned
15686780,0,2025-05-01,Spain,2025-05-04,2026-05-28,389,33,Active
15682211,0,2025-04-10,France,2025-04-13,2026-05-07,389,54,Active
15804002,0,2025-04-23,France,2025-05-09,2026-06-01,388,29,Active
15736124,0,2025-04-06,France,2025-04-18,2026-05-11,388,50,Active
15663933,1,2020-10-15,Germany,2021-01-05,2022-01-28,388,1614,Churned
15814040,0,2025-02-17,France,2025-03-30,2026-04-22,388,69,Active
15652999,0,2025-05-25,Germany,2025-05-25,2026-06-17,388,13,Active
15670584,1,2023-07-23,Spain,2023-07-25,2024-08-15,387,684,Churned
15663917,0,2025-04-25,France,2025-04-29,2026-05-21,387,40,Active
15673591,1,2023-02-19,France,2023-03-05,2024-03-26,387,826,Churned
15579183,0,2025-05-22,France,2025-05-23,2026-06-14,387,16,Active
15791174,0,2025-05-09,Spain,2025-05-09,2026-05-30,386,31,Active
15801218,1,2018-04-13,France,2018-04-13,2019-05-04,386,2614,Churned
15788183,0,2025-01-29,Germany,2025-04-02,2026-04-23,386,68,Active
15662865,0,2025-03-31,Spain,2025-06-03,2026-06-23,385,7,Active
15808930,0,2025-03-31,France,2025-05-24,2026-06-13,385,17,Active
15745266,1,2020-02-23,Spain,2020-02-25,2021-03-16,385,1932,Churned
15646615,0,2025-02-08,Germany,2025-05-12,2026-05-31,384,30,Active
15750466,0,2025-04-24,Germany,2025-05-02,2026-05-20,383,41,Active
15684269,1,2023-04-08,Spain,2023-05-08,2024-05-25,383,766,Churned
15807768,0,2025-05-21,Germany,2025-05-26,2026-06-13,383,17,Active
15786739,0,2025-05-28,France,2025-05-29,2026-06-16,383,14,Active
15663770,0,2025-05-03,France,2025-05-07,2026-05-25,383,36,Active
15622370,0,2025-04-30,Germany,2025-05-14,2026-06-01,383,29,Active
15804586,1,2020-01-09,France,2020-03-02,2021-03-19,382,1929,Churned
15575399,0,2024-11-26,France,2024-12-09,2025-12-26,382,186,At risk (inactive 90+ days)
15579526,0,2025-04-25,France,2025-05-30,2026-06-16,382,14,Active
15687527,0,2025-05-08,Spain,2025-05-10,2026-05-27,382,34,Active
15586848,0,2025-04-14,France,2025-04-22,2026-05-09,382,52,Active
15738267,1,2023-02-17,France,2023-02-26,2024-03-13,381,839,Churned
15785782,1,2024-01-15,Spain,2024-01-31,2025-02-15,381,500,Churned
15720305,1,2025-02-11,Spain,2025-04-04,2026-04-20,381,71,Churned
15663410,1,2020-10-19,Spain,2020-10-19,2021-11-04,381,1699,Churned
15709199,0,2025-05-17,Spain,2025-05-21,2026-06-06,381,24,Active
15590676,0,2025-04-09,France,2025-04-13,2026-04-29,381,62,Active
15712930,0,2025-03-09,France,2025-04-25,2026-05-10,380,51,Active
15583764,0,2025-01-12,Germany,2025-02-14,2026-03-01,380,121,At risk (inactive 90+ days)
15643378,0,2025-05-30,France,2025-06-02,2026-06-17,380,13,Active
15682467,0,2025-04-24,France,2025-06-02,2026-06-17,380,13,Active
15735078,0,2025-05-22,Germany,2025-05-26,2026-06-10,380,20,Active
15681206,1,2022-12-03,France,2022-12-09,2023-12-23,379,920,Churned
15813504,0,2025-05-26,Germany,2025-06-08,2026-06-22,379,8,Active
15618245,0,2025-04-13,Germany,2025-05-20,2026-06-03,379,27,Active
15732061,1,2024-09-11,Germany,2024-12-11,2025-12-25,379,187,Churned
15581736,0,2025-04-24,Germany,2025-05-21,2026-06-04,379,26,Active
15730433,1,2024-09-10,Germany,2024-10-14,2025-10-27,378,246,Churned
15748595,0,2025-05-08,France,2025-05-09,2026-05-22,378,39,Active
15729958,0,2025-04-19,France,2025-05-23,2026-06-04,377,26,Active
15584536,1,2023-03-09,Germany,2023-03-14,2024-03-25,377,827,Churned
15588219,0,2025-02-22,France,2025-04-29,2026-05-10,376,51,Active
15689351,1,2021-11-18,Germany,2021-12-26,2023-01-06,376,1271,Churned
15734711,1,2018-10-01,France,2018-11-01,2019-11-12,376,2422,Churned
15636238,0,2025-05-26,France,2025-06-06,2026-06-16,375,14,Active
15613326,0,2025-02-21,France,2025-05-02,2026-05-12,375,49,Active
15729836,0,2025-05-16,Spain,2025-05-27,2026-06-06,375,24,Active
15740283,0,2025-03-22,France,2025-04-07,2026-04-17,375,74,Active
15617252,0,2025-04-09,France,2025-05-02,2026-05-12,375,49,Active
15661626,1,2020-05-10,Germany,2020-06-19,2021-06-29,375,1827,Churned
15735330,0,2025-04-22,France,2025-06-02,2026-06-12,375,18,Active
15778694,0,2025-04-11,Germany,2025-05-20,2026-05-30,375,31,Active
15750549,0,2025-05-15,Germany,2025-06-01,2026-06-11,375,19,Active
15629448,0,2025-03-14,Spain,2025-04-21,2026-04-30,374,61,Active
15796231,0,2025-04-18,France,2025-05-27,2026-06-05,374,25,Active
15597602,1,2023-03-28,Germany,2023-03-28,2024-04-04,373,817,Churned
15669887,1,2023-01-13,France,2023-01-26,2024-02-03,373,878,Churned
15707322,1,2024-03-13,France,2024-03-13,2025-03-21,373,466,Churned
15796813,1,2022-11-16,France,2022-12-04,2023-12-12,373,931,Churned
15776807,0,2024-11-13,France,2025-04-19,2026-04-26,372,65,Active
15646764,1,2023-01-15,Germany,2023-02-17,2024-02-24,372,857,Churned
15807481,0,2025-03-11,France,2025-04-15,2026-04-22,372,69,Active
15754012,0,2025-04-21,France,2025-06-07,2026-06-14,372,16,Active
15731166,0,2025-05-17,France,2025-06-01,2026-06-08,372,22,Active
15644179,1,2023-03-10,France,2023-03-16,2024-03-22,372,830,Churned
15749265,0,2025-05-22,Germany,2025-06-04,2026-06-10,371,20,Active
15745083,1,2017-10-19,Germany,2017-11-03,2018-11-08,370,2791,Churned
15797787,0,2025-05-16,France,2025-05-31,2026-06-05,370,25,Active
15757933,0,2025-02-09,Germany,2025-03-08,2026-03-13,370,109,At risk (inactive 90+ days)
15590234,1,2024-08-26,France,2024-08-29,2025-09-03,370,300,Churned
15810444,1,2020-03-20,Germany,2020-04-20,2021-04-25,370,1892,Churned
15814092,1,2023-11-10,France,2023-11-25,2024-11-28,369,579,Churned
15635703,0,2025-05-28,Germany,2025-05-28,2026-06-01,369,29,Active
15814816,1,2022-03-15,France,2022-03-28,2023-03-31,368,1187,Churned
15642515,0,2025-05-08,France,2025-05-09,2026-05-12,368,49,Active
15767064,0,2025-05-16,Spain,2025-05-25,2026-05-28,368,33,Active
15699294,0,2025-05-14,France,2025-05-22,2026-05-24,367,37,Active
15616280,0,2025-03-08,France,2025-04-12,2026-04-13,366,78,Active
15719309,0,2025-04-03,France,2025-04-09,2026-04-10,366,81,Active
15695129,0,2025-05-19,France,2025-06-04,2026-06-05,366,25,Active
15633516,0,2025-05-28,France,2025-06-06,2026-06-07,366,23,Active
15738220,0,2025-04-07,Spain,2025-05-13,2026-05-14,366,47,Active
15814236,0,2025-05-05,Spain,2025-05-06,2026-05-07,366,54,Active
15723028,0,2025-05-24,France,2025-06-17,2026-06-16,364,14,Active
15783691,0,2025-04-08,Spain,2025-05-03,2026-05-02,364,59,Active
15700601,0,2025-05-02,France,2025-05-10,2026-05-09,364,52,Active
15641158,1,2022-11-06,Germany,2022-11-18,2023-11-17,364,956,Churned
15610165,0,2025-05-09,France,2025-05-13,2026-05-11,363,50,Active
15779985,0,2025-03-20,Germany,2025-06-07,2026-06-05,363,25,Active
15764293,0,2025-05-21,France,2025-06-15,2026-06-12,362,18,Active
15714981,1,2021-11-23,France,2021-12-08,2022-12-04,361,1304,Churned
15768945,0,2025-06-11,France,2025-06-11,2026-06-07,361,23,Active
15712849,1,2023-05-10,Germany,2023-05-10,2024-05-04,360,787,Churned
15684908,0,2025-04-22,Germany,2025-05-11,2026-05-06,360,55,Active
15809302,0,2025-04-07,France,2025-04-17,2026-04-12,360,79,Active
15768233,1,2018-04-26,Germany,2018-05-10,2019-05-05,360,2613,Churned
15614782,0,2025-04-27,France,2025-06-13,2026-06-07,359,23,Active
15686164,0,2025-04-26,Germany,2025-06-06,2026-05-31,359,30,Active
15742886,0,2025-05-30,France,2025-06-11,2026-06-05,359,25,Active
15815660,0,2025-06-06,France,2025-06-06,2026-05-30,358,31,Active
15621432,0,2025-02-18,Spain,2025-05-26,2026-05-19,358,42,Active
15650488,1,2020-03-12,France,2020-03-18,2021-03-11,358,1937,Churned
15771856,0,2025-02-19,Spain,2025-03-12,2026-03-05,358,117,At risk (inactive 90+ days)
15651674,1,2024-04-06,Spain,2024-04-27,2025-04-19,357,437,Churned
15677052,1,2023-11-11,France,2023-11-15,2024-11-06,357,601,Churned
15670889,0,2025-05-06,France,2025-05-27,2026-05-19,357,42,Active
15682576,0,2025-05-09,France,2025-05-18,2026-05-10,357,51,Active
15613854,1,2021-11-11,Spain,2021-11-27,2022-11-18,356,1320,Churned
15706602,0,2025-05-19,Spain,2025-06-10,2026-06-01,356,29,Active
15721507,1,2024-09-24,France,2024-12-24,2025-12-14,355,198,Churned
15732438,1,2022-03-19,France,2022-03-21,2023-03-11,355,1207,Churned
15720662,0,2025-05-21,France,2025-06-17,2026-06-06,354,24,Active
15745030,0,2025-05-02,Germany,2025-05-03,2026-04-22,354,69,Active
15673084,0,2025-05-09,Spain,2025-05-13,2026-05-02,354,59,Active
15698028,0,2025-06-27,France,2025-06-27,2026-06-15,353,15,Active
15724848,1,2024-07-21,France,2024-08-09,2025-07-28,353,337,Churned
15809906,0,2025-05-03,Germany,2025-05-30,2026-05-18,353,43,Active
15572182,1,2023-01-09,Germany,2023-02-11,2024-01-30,353,882,Churned
15685372,1,2025-01-01,Spain,2025-02-05,2026-01-23,352,158,Churned
15694890,0,2025-04-10,France,2025-05-05,2026-04-22,352,69,Active
15637411,0,2025-05-19,France,2025-05-22,2026-05-09,352,52,Active
15748691,0,2025-06-04,Spain,2025-06-08,2026-05-26,352,35,Active
15808223,0,2025-06-07,Spain,2025-06-13,2026-05-31,352,30,Active
15572114,0,2025-05-02,Spain,2025-05-22,2026-05-09,352,52,Active
15765806,0,2025-06-28,France,2025-07-05,2026-06-21,351,9,Active
15610765,0,2025-04-07,France,2025-05-28,2026-05-14,351,47,Active
15770995,0,2025-04-22,Germany,2025-05-01,2026-04-17,351,74,Active
15732644,1,2021-06-12,Spain,2021-06-14,2022-05-31,351,1491,Churned
15785920,0,2025-05-28,Germany,2025-07-02,2026-06-18,351,12,Active
15676835,0,2025-03-21,Spain,2025-05-27,2026-05-12,350,49,Active
15721303,0,2025-06-04,Spain,2025-06-10,2026-05-25,349,36,Active
15627002,0,2025-03-06,France,2025-04-23,2026-04-07,349,84,Active
15778897,0,2025-06-07,France,2025-06-07,2026-05-22,349,39,Active
15709643,0,2025-01-02,France,2025-03-07,2026-02-19,349,131,At risk (inactive 90+ days)
15618936,1,2021-01-24,France,2021-02-03,2022-01-17,348,1625,Churned
15812324,0,2025-03-13,France,2025-05-03,2026-04-16,348,75,Active
15616152,0,2025-03-17,France,2025-05-24,2026-05-07,348,54,Active
15748752,0,2025-06-16,Germany,2025-06-29,2026-06-12,348,18,Active
15701738,1,2024-05-21,Germany,2024-06-16,2025-05-30,348,396,Churned
15754940,1,2023-08-29,Spain,2023-08-30,2024-08-12,348,687,Churned
15599792,0,2025-06-19,France,2025-06-26,2026-06-07,346,23,Active
15778975,1,2025-01-30,Germany,2025-04-26,2026-04-07,346,84,Churned
15603247,0,2025-04-08,Germany,2025-04-17,2026-03-29,346,93,At risk (inactive 90+ days)
15583725,0,2025-06-12,France,2025-06-16,2026-05-27,345,34,Active
15789955,1,2024-10-27,Germany,2025-04-06,2026-03-17,345,105,Churned
15801821,0,2025-06-29,France,2025-07-07,2026-06-17,345,13,Active
15698572,0,2025-06-04,Spain,2025-06-09,2026-05-20,345,41,Active
15769451,0,2025-05-16,France,2025-06-20,2026-05-31,345,30,Active
15624424,0,2025-05-04,Spain,2025-05-04,2026-04-14,345,77,Active
15812184,0,2025-04-15,France,2025-06-24,2026-06-03,344,27,Active
15605284,0,2025-05-08,France,2025-05-14,2026-04-22,343,69,Active
15572265,0,2025-05-01,Germany,2025-06-04,2026-05-13,343,48,Active
15690540,0,2025-02-26,Spain,2025-03-15,2026-02-21,343,129,At risk (inactive 90+ days)
15662426,1,2025-05-31,Spain,2025-06-04,2026-05-13,343,48,Churned
15727868,1,2023-11-02,France,2023-11-13,2024-10-20,342,618,Churned
15766575,1,2018-04-25,Germany,2018-08-13,2019-07-21,342,2536,Churned
15645511,1,2024-03-31,Spain,2024-04-04,2025-03-12,342,475,Churned
15696989,1,2017-11-04,Germany,2017-11-18,2018-10-26,342,2804,Churned
15636590,0,2025-06-15,France,2025-06-17,2026-05-25,342,36,Active
15779492,1,2019-09-18,Spain,2019-09-18,2020-08-25,342,2135,Churned
15757306,1,2022-08-06,Spain,2022-08-15,2023-07-23,342,1073,Churned
15625761,1,2017-11-09,Germany,2017-11-28,2018-11-04,341,2795,Churned
15774882,1,2022-08-28,France,2022-09-09,2023-08-15,340,1050,Churned
15723008,1,2024-12-28,France,2024-12-28,2025-12-03,340,209,Churned
15646521,0,2025-05-03,Spain,2025-05-05,2026-04-10,340,81,Active
15594408,1,2023-12-02,Spain,2024-01-19,2024-12-23,339,554,Churned
15747168,1,2023-11-23,Germany,2024-01-07,2024-12-11,339,566,Churned
15811970,0,2025-05-02,France,2025-05-05,2026-04-09,339,82,Active
15628600,0,2025-06-03,Germany,2025-06-07,2026-05-12,339,49,Active
15669664,1,2025-01-18,Germany,2025-02-13,2026-01-18,339,163,Churned
15571995,0,2025-06-25,Germany,2025-06-29,2026-06-03,339,27,Active
15574480,0,2025-06-21,Spain,2025-07-04,2026-06-08,339,22,Active
15580560,0,2025-06-03,France,2025-06-14,2026-05-18,338,43,Active
15753549,1,2024-09-06,France,2024-12-31,2025-12-03,337,209,Churned
15613189,1,2023-09-04,France,2023-12-08,2024-11-09,337,598,Churned
15638003,0,2025-05-18,Spain,2025-05-24,2026-04-26,337,65,Active
15588587,0,2025-06-26,France,2025-07-20,2026-06-22,337,8,Active
15679307,0,2025-06-07,France,2025-06-30,2026-06-02,337,28,Active
15788224,0,2025-06-07,Germany,2025-06-24,2026-05-27,337,34,Active
15567855,0,2025-03-07,France,2025-06-27,2026-05-30,337,31,Active
15808473,0,2025-06-25,France,2025-07-04,2026-06-05,336,25,Active
15651737,0,2025-06-08,Spain,2025-07-01,2026-06-02,336,28,Active
15760774,0,2025-06-20,France,2025-06-26,2026-05-27,335,34,Active
15740104,1,2018-11-24,Spain,2018-12-29,2019-11-29,335,2405,Churned
15752885,0,2025-05-25,France,2025-05-26,2026-04-26,335,65,Active
15766686,0,2025-05-03,Germany,2025-05-09,2026-04-08,334,83,Active
15617348,0,2025-06-28,France,2025-07-07,2026-06-06,334,24,Active
15633897,0,2025-04-04,Germany,2025-04-23,2026-03-22,333,100,At risk (inactive 90+ days)
15646227,0,2025-01-04,France,2025-02-25,2026-01-24,333,157,At risk (inactive 90+ days)
15626612,1,2021-11-17,Spain,2022-01-05,2022-12-04,333,1304,Churned
15621435,0,2025-04-12,France,2025-05-29,2026-04-27,333,64,Active
15745533,1,2024-07-29,France,2024-08-05,2025-07-04,333,361,Churned
15668889,1,2023-07-29,Germany,2023-08-10,2024-07-08,333,722,Churned
15743236,1,2019-04-24,France,2019-04-30,2020-03-28,333,2285,Churned
15608886,0,2024-11-02,France,2024-11-07,2025-10-05,332,268,At risk (inactive 90+ days)
15569571,1,2020-06-30,Germany,2020-07-14,2021-06-11,332,1845,Churned
15661532,0,2025-06-13,France,2025-07-10,2026-06-07,332,23,Active
15671137,1,2025-04-07,France,2025-04-08,2026-03-05,331,117,Churned
15660316,1,2024-09-10,Germany,2024-09-14,2025-08-11,331,323,Churned
15719170,0,2025-06-05,France,2025-06-16,2026-05-13,331,48,Active
15603328,0,2025-05-01,France,2025-06-08,2026-05-05,331,56,Active
15775826,0,2025-06-29,France,2025-07-15,2026-06-11,331,19,Active
15648577,1,2023-05-20,France,2023-06-15,2024-05-10,330,781,Churned
15643048,0,2025-07-14,France,2025-07-14,2026-06-09,330,21,Active
15772421,0,2025-05-21,Germany,2025-05-28,2026-04-23,330,68,Active
15637753,1,2024-01-03,Germany,2024-01-12,2024-12-05,328,572,Churned
15775803,0,2025-05-17,Spain,2025-06-03,2026-04-27,328,64,Active
15690546,1,2023-09-27,France,2023-11-14,2024-10-07,328,631,Churned
15716609,1,2022-10-12,Germany,2022-11-25,2023-10-18,327,986,Churned
15633352,1,2019-11-04,France,2019-11-19,2020-10-11,327,2088,Churned
15780925,0,2025-04-03,France,2025-06-16,2026-05-09,327,52,Active
15727317,1,2024-08-13,Germany,2024-08-13,2025-07-06,327,359,Churned
15744295,0,2025-05-15,France,2025-06-18,2026-05-11,327,50,Active
15589030,0,2025-06-14,France,2025-07-01,2026-05-23,326,38,Active
15693199,1,2018-03-17,France,2018-03-18,2019-02-07,326,2700,Churned
15578809,1,2024-07-30,Germany,2024-08-01,2025-06-23,326,372,Churned
15702912,1,2023-12-13,Spain,2024-01-07,2024-11-28,326,579,Churned
15661473,1,2021-12-23,Germany,2022-01-11,2022-12-03,326,1305,Churned
15627195,0,2025-06-12,Germany,2025-06-20,2026-05-12,326,49,Active
15762110,0,2025-07-18,France,2025-07-20,2026-06-10,325,20,Active
15759874,1,2022-09-11,France,2022-09-12,2023-08-03,325,1062,Churned
15791867,1,2023-08-24,Germany,2023-09-17,2024-08-07,325,692,Churned
15769522,0,2025-06-30,France,2025-07-15,2026-06-04,324,26,Active
15628972,1,2025-03-01,Germany,2025-04-06,2026-02-24,324,126,Churned
15770345,0,2025-06-06,Spain,2025-07-01,2026-05-21,324,40,Active
15805704,1,2023-12-12,France,2023-12-31,2024-11-19,324,588,Churned
15733842,0,2025-06-20,France,2025-06-27,2026-05-17,324,44,Active
15664897,1,2024-04-28,France,2024-05-21,2025-04-10,324,446,Churned
15644994,1,2022-05-06,Germany,2022-05-26,2023-04-15,324,1172,Churned
15771977,0,2025-05-24,France,2025-05-26,2026-04-14,323,77,Active
15770525,0,2025-05-17,Spain,2025-06-20,2026-05-09,323,52,Active
15578783,0,2025-07-23,Germany,2025-07-28,2026-06-16,323,14,Active
15651369,0,2025-01-12,France,2025-06-18,2026-05-06,322,55,Active
15606641,1,2016-02-04,Germany,2016-02-13,2016-12-31,322,3468,Churned
15795571,0,2025-07-16,Spain,2025-07-21,2026-06-08,322,22,Active
15591010,1,2018-01-23,Germany,2018-03-02,2019-01-18,322,2720,Churned
15623712,1,2021-06-13,Spain,2021-09-07,2022-07-25,321,1436,Churned
15805260,1,2024-06-13,Germany,2024-06-17,2025-05-02,319,424,Churned
15610403,0,2025-06-10,France,2025-07-18,2026-06-02,319,28,Active
15761497,1,2024-08-12,Spain,2024-11-03,2025-09-18,319,285,Churned
15657778,0,2025-06-17,France,2025-07-12,2026-05-27,319,34,Active
15636731,0,2025-06-14,Germany,2025-06-27,2026-05-11,318,50,Active
15791700,1,2023-07-23,Germany,2023-08-03,2024-06-16,318,744,Churned
15724834,0,2025-06-25,France,2025-07-17,2026-05-31,318,30,Active
15591286,1,2022-04-09,Germany,2022-04-15,2023-02-27,318,1219,Churned
15700826,0,2025-06-27,Germany,2025-07-14,2026-05-28,318,33,Active
15671293,1,2023-12-21,Germany,2024-01-02,2024-11-15,318,592,Churned
15697441,1,2018-12-13,France,2018-12-25,2019-11-07,317,2427,Churned
15802741,1,2019-05-07,France,2019-05-15,2020-03-27,317,2286,Churned
15620204,1,2024-09-14,Germany,2024-09-27,2025-08-10,317,324,Churned
15605037,1,2024-02-26,France,2024-06-09,2025-04-22,317,434,Churned
15668385,0,2025-06-15,France,2025-07-22,2026-06-04,317,26,Active
15578141,1,2022-12-30,Spain,2023-02-26,2024-01-09,317,903,Churned
15625461,0,2025-06-18,France,2025-07-21,2026-06-02,316,28,Active
15655192,0,2025-06-20,Spain,2025-07-24,2026-06-05,316,25,Active
15782550,0,2025-07-24,Germany,2025-07-28,2026-06-09,316,21,Active
15736879,0,2025-05-08,France,2025-07-05,2026-05-16,315,45,Active
15674922,1,2020-04-10,France,2020-04-28,2021-03-09,315,1939,Churned
15609998,1,2020-07-29,Germany,2020-09-03,2021-07-15,315,1811,Churned
15743871,1,2023-04-09,France,2023-05-18,2024-03-28,315,824,Churned
15655339,0,2025-04-16,France,2025-05-17,2026-03-27,314,95,At risk (inactive 90+ days)
15567063,1,2020-04-13,Germany,2020-04-28,2021-03-08,314,1940,Churned
15611171,0,2025-06-09,France,2025-06-30,2026-05-10,314,51,Active
15744607,1,2017-01-05,Germany,2017-01-05,2017-11-14,313,3150,Churned
15570417,0,2025-06-01,France,2025-06-18,2026-04-27,313,64,Active
15771543,1,2024-02-15,Germany,2024-03-03,2025-01-10,313,536,Churned
15608956,0,2024-12-26,France,2025-08-10,2026-06-19,313,11,Active
15598840,0,2025-03-12,France,2025-04-23,2026-03-01,312,121,At risk (inactive 90+ days)
15696564,0,2025-07-24,France,2025-07-26,2026-06-03,312,27,Active
15811261,0,2025-07-31,Spain,2025-08-07,2026-06-14,311,16,Active
15773242,0,2025-06-02,France,2025-07-22,2026-05-29,311,32,Active
15599152,0,2025-05-19,France,2025-06-04,2026-04-11,311,80,Active
15641366,1,2025-03-18,Germany,2025-03-19,2026-01-24,311,157,Churned
15751748,1,2024-06-13,France,2024-09-09,2025-07-16,310,349,Churned
15763544,0,2025-04-16,France,2025-07-17,2026-05-22,309,39,Active
15696826,0,2025-06-13,France,2025-06-13,2026-04-18,309,73,Active
15737792,0,2025-04-28,France,2025-05-08,2026-03-12,308,110,At risk (inactive 90+ days)
15681506,0,2025-06-29,Spain,2025-08-15,2026-06-18,307,12,Active
15811290,0,2025-07-11,Germany,2025-07-11,2026-05-14,307,47,Active
15801832,1,2025-01-03,Germany,2025-01-04,2025-11-07,307,235,Churned
15696371,0,2025-02-06,Spain,2025-02-25,2025-12-29,307,183,At risk (inactive 90+ days)
15576945,0,2025-07-25,France,2025-07-25,2026-05-27,306,34,Active
15660200,0,2025-06-10,France,2025-06-18,2026-04-20,306,71,Active
15610105,0,2025-05-05,Germany,2025-05-24,2026-03-26,306,96,At risk (inactive 90+ days)
15762123,0,2025-01-30,Spain,2025-04-12,2026-02-12,306,138,At risk (inactive 90+ days)
15688074,0,2025-04-09,Germany,2025-05-03,2026-03-04,305,118,At risk (inactive 90+ days)
15787026,0,2025-07-18,Germany,2025-07-23,2026-05-24,305,37,Active
15623730,0,2025-06-22,France,2025-08-04,2026-06-05,305,25,Active
15772996,0,2025-07-18,Germany,2025-08-10,2026-06-10,304,20,Active
15793070,1,2024-04-15,Spain,2024-05-21,2025-03-21,304,466,Churned
15600992,0,2025-06-14,France,2025-07-07,2026-05-06,303,55,Active
15718231,0,2025-07-03,France,2025-07-09,2026-05-08,303,53,Active
15697801,1,2025-03-16,Germany,2025-03-25,2026-01-22,303,159,Churned
15590177,0,2025-05-30,France,2025-08-16,2026-06-15,303,15,Active
15787772,0,2025-03-08,France,2025-07-27,2026-05-25,302,36,Active
15679651,0,2025-04-30,Spain,2025-08-06,2026-06-03,301,27,Active
15714391,1,2024-05-01,France,2024-05-05,2025-03-02,301,485,Churned
15664895,0,2025-07-12,France,2025-07-19,2026-05-16,301,45,Active
15606841,0,2025-06-25,France,2025-07-18,2026-05-14,300,47,Active
15782468,1,2022-10-22,Spain,2022-11-17,2023-09-13,300,1021,Churned
15571305,1,2025-02-18,Germany,2025-05-13,2026-03-08,299,114,Churned
15766272,0,2025-07-15,Germany,2025-07-31,2026-05-26,299,35,Active
15662574,0,2025-06-16,Spain,2025-07-22,2026-05-17,299,44,Active
15666166,0,2025-07-04,France,2025-07-15,2026-05-10,299,51,Active
15578671,1,2024-11-02,Spain,2024-11-18,2025-09-13,299,290,Churned
15726490,1,2022-06-01,Spain,2022-06-21,2023-04-15,298,1172,Churned
15788151,0,2025-06-28,Spain,2025-07-25,2026-05-19,298,42,Active
15791114,0,2025-04-19,France,2025-05-29,2026-03-23,298,99,At risk (inactive 90+ days)
15730488,0,2025-06-18,Spain,2025-07-25,2026-05-19,298,42,Active
15803749,1,2022-04-16,Germany,2022-04-17,2023-02-08,297,1238,Churned
15661903,1,2023-06-25,France,2023-07-14,2024-05-06,297,785,Churned
15596013,1,2025-02-08,Germany,2025-02-10,2025-12-04,297,208,Churned
15769915,0,2025-07-19,Spain,2025-08-08,2026-06-01,297,29,Active
15617482,1,2024-10-21,Germany,2024-10-21,2025-08-12,295,322,Churned
15669253,1,2019-03-18,Spain,2019-04-05,2020-01-25,295,2348,Churned
15642787,0,2025-05-25,France,2025-08-17,2026-06-07,294,23,Active
15795895,0,2025-06-26,Germany,2025-07-02,2026-04-22,294,69,Active
15653275,1,2024-08-06,Spain,2024-08-23,2025-06-13,294,382,Churned
15670823,1,2025-06-11,Germany,2025-07-03,2026-04-22,293,69,Churned
15632848,0,2025-06-15,France,2025-06-17,2026-04-06,293,85,Active
15593283,1,2025-03-29,Germany,2025-03-31,2026-01-18,293,163,Churned
15709338,0,2025-06-14,France,2025-06-16,2026-04-04,292,87,Active
15601796,0,2025-06-15,France,2025-07-02,2026-04-20,292,71,Active
15783338,0,2025-08-28,Spain,2025-08-30,2026-06-18,292,12,Active
15758750,0,2025-08-28,France,2025-09-02,2026-06-21,292,9,Active
15720924,0,2025-06-07,France,2025-08-10,2026-05-29,292,32,Active
15804919,1,2025-01-26,Spain,2025-02-11,2025-11-29,291,213,Churned
15655335,0,2025-05-21,France,2025-08-26,2026-06-13,291,17,Active
15664772,0,2025-05-18,Germany,2025-08-10,2026-05-27,290,34,Active
15699772,1,2023-04-28,Germany,2023-05-03,2024-02-17,290,864,Churned
15658052,1,2015-10-16,France,2015-10-21,2016-08-05,289,3616,Churned
15635078,0,2025-08-24,Spain,2025-09-04,2026-06-18,287,12,Active
15628886,1,2021-01-16,Spain,2021-01-21,2021-11-04,287,1699,Churned
15634501,0,2025-06-22,France,2025-06-26,2026-04-09,287,82,Active
15637947,0,2025-06-04,Spain,2025-06-29,2026-04-12,287,79,Active
15756804,1,2024-10-20,France,2024-10-26,2025-08-08,286,326,Churned
15621687,0,2025-08-04,France,2025-08-05,2026-05-18,286,43,Active
15565706,1,2025-06-28,Spain,2025-07-12,2026-04-24,286,67,Churned
15611644,0,2025-08-27,France,2025-08-30,2026-06-12,286,18,Active
15581626,1,2018-05-09,France,2018-05-26,2019-03-07,285,2672,Churned
15568748,1,2019-11-01,Germany,2019-11-07,2020-08-17,284,2143,Churned
15799626,1,2021-11-17,Germany,2021-12-31,2022-10-11,284,1358,Churned
15748597,1,2021-01-03,Spain,2021-01-12,2021-10-22,283,1712,Churned
15782096,1,2019-08-30,Spain,2019-09-08,2020-06-17,283,2204,Churned
15585066,1,2025-04-19,France,2025-05-23,2026-03-02,283,120,Churned
15736534,0,2025-08-10,Germany,2025-08-19,2026-05-28,282,33,Active
15694376,1,2022-07-16,Germany,2022-09-01,2023-06-10,282,1116,Churned
15673877,1,2025-04-18,France,2025-04-29,2026-02-05,282,145,Churned
15803689,1,2024-12-22,Germany,2025-01-28,2025-11-05,281,237,Churned
15812198,1,2024-08-28,Germany,2024-08-28,2025-06-05,281,390,Churned
15815626,1,2024-04-17,France,2024-06-04,2025-03-12,281,475,Churned
15580249,0,2025-07-01,France,2025-07-17,2026-04-24,281,67,Active
15715750,1,2024-01-15,Germany,2024-03-30,2025-01-05,281,541,Churned
15799859,1,2021-09-11,France,2021-09-12,2022-06-20,281,1471,Churned
15710034,1,2025-04-21,Germany,2025-05-12,2026-02-17,281,133,Churned
15810390,1,2025-01-05,France,2025-02-01,2025-11-09,281,233,Churned
15778395,1,2021-12-15,Germany,2021-12-16,2022-09-22,280,1377,Churned
15641994,1,2025-06-15,Germany,2025-07-04,2026-04-10,280,81,Churned
15569098,1,2020-03-06,France,2020-06-10,2021-03-17,280,1931,Churned
15679429,0,2025-08-15,France,2025-08-20,2026-05-27,280,34,Active
15573851,1,2024-08-20,France,2024-10-01,2025-07-07,279,358,Churned
15759387,1,2025-01-18,Germany,2025-01-19,2025-10-25,279,248,Churned
15806389,1,2025-04-26,Germany,2025-06-12,2026-03-18,279,104,Churned
15570835,1,2021-11-12,Germany,2021-12-02,2022-09-06,278,1393,Churned
15670416,0,2025-08-30,France,2025-09-01,2026-06-06,278,24,Active
15748660,1,2025-04-27,Germany,2025-07-04,2026-04-08,278,83,Churned
15671256,1,2024-10-27,France,2024-11-03,2025-08-06,276,328,Churned
15805671,0,2025-08-02,France,2025-08-10,2026-05-13,276,48,Active
15751177,1,2023-07-28,Germany,2023-08-11,2024-05-13,276,778,Churned
15769246,1,2024-02-03,Germany,2024-05-27,2025-02-27,276,488,Churned
15601569,1,2023-12-10,France,2023-12-21,2024-09-21,275,647,Churned
15728838,1,2024-12-30,France,2025-01-22,2025-10-24,275,249,Churned
15619653,1,2024-05-16,France,2024-07-26,2025-04-26,274,430,Churned
15810800,0,2025-08-13,Spain,2025-09-03,2026-06-04,274,26,Active
15616859,1,2024-06-09,Germany,2024-06-15,2025-03-16,274,471,Churned
15625092,1,2023-06-25,Germany,2023-08-31,2024-05-31,274,760,Churned
15682995,0,2025-06-17,France,2025-09-07,2026-06-08,274,22,Active
15785373,1,2020-11-27,Spain,2020-12-16,2021-09-16,274,1748,Churned
15609704,1,2022-04-18,France,2022-05-07,2023-02-04,273,1242,Churned
15679813,0,2025-04-06,Spain,2025-04-16,2026-01-14,273,167,At risk (inactive 90+ days)
15580579,1,2024-09-17,France,2024-12-05,2025-09-04,273,299,Churned
15718769,0,2025-04-24,Spain,2025-09-19,2026-06-19,273,11,Active
15805062,0,2025-06-08,Spain,2025-08-30,2026-05-29,272,32,Active
15790596,0,2025-08-12,Spain,2025-08-28,2026-05-27,272,34,Active
15803538,1,2025-04-22,Spain,2025-05-19,2026-02-15,272,135,Churned
15687626,1,2021-12-10,France,2022-01-15,2022-10-14,272,1355,Churned
15806964,0,2025-07-11,France,2025-07-16,2026-04-13,271,78,Active
15640409,1,2025-07-31,Germany,2025-08-27,2026-05-25,271,36,Churned
15605020,1,2024-02-08,France,2024-03-05,2024-12-01,271,576,Churned
15784320,1,2023-03-10,France,2023-05-03,2024-01-28,270,884,Churned
15676571,1,2020-04-01,France,2020-09-12,2021-06-09,270,1847,Churned
15662736,1,2024-02-29,France,2024-03-17,2024-12-11,269,566,Churned
15580701,1,2022-12-16,France,2023-03-13,2023-12-07,269,936,Churned
15698953,1,2025-01-26,Spain,2025-02-21,2025-11-17,269,225,Churned
15691817,1,2021-06-08,Spain,2021-07-28,2022-04-22,268,1530,Churned
15774401,1,2022-03-02,Spain,2022-03-09,2022-12-02,268,1306,Churned
15662884,1,2025-03-28,Germany,2025-04-17,2026-01-09,267,172,Churned
15793726,0,2025-07-02,France,2025-08-09,2026-05-02,266,59,Active
15622454,0,2025-09-22,Spain,2025-09-24,2026-06-16,265,14,Active
15806486,0,2025-08-09,France,2025-09-02,2026-05-25,265,36,Active
15677955,0,2025-06-27,Germany,2025-09-21,2026-06-13,265,17,Active
15737025,1,2024-11-19,France,2024-12-04,2025-08-26,265,308,Churned
15624068,0,2025-08-15,France,2025-09-05,2026-05-27,264,34,Active
15568573,1,2019-06-10,Germany,2019-06-25,2020-03-15,264,2298,Churned
15718039,0,2025-08-03,Germany,2025-09-07,2026-05-29,264,32,Active
15797081,1,2016-12-07,Germany,2016-12-25,2017-09-15,264,3210,Churned
15592716,1,2023-12-11,France,2024-03-02,2024-11-21,264,586,Churned
15641312,1,2019-08-05,France,2019-08-27,2020-05-16,263,2236,Churned
15613886,1,2024-07-17,Spain,2024-09-04,2025-05-25,263,401,Churned
15717328,1,2022-02-11,France,2022-02-13,2022-11-03,263,1335,Churned
15787255,1,2023-08-11,Germany,2023-09-01,2024-05-20,262,771,Churned
15607526,1,2024-07-23,Germany,2024-08-24,2025-05-13,262,413,Churned
15694408,1,2025-05-26,France,2025-05-29,2026-02-14,261,136,Churned
15584090,1,2018-07-23,Spain,2018-07-31,2019-04-18,261,2630,Churned
15681316,0,2025-08-29,France,2025-10-04,2026-06-22,261,8,Active
15716085,1,2018-03-31,Spain,2018-05-19,2019-02-04,261,2703,Churned
15707362,1,2025-05-06,Germany,2025-05-17,2026-02-01,260,149,Churned
15592994,0,2025-09-25,France,2025-10-03,2026-06-20,260,10,Active
15586133,1,2023-09-28,Germany,2023-10-08,2024-06-24,260,736,Churned
15676404,1,2025-06-11,France,2025-06-16,2026-03-02,259,120,Churned
15767264,1,2025-03-03,Germany,2025-03-09,2025-11-23,259,219,Churned
15722632,1,2024-03-30,Germany,2024-04-24,2025-01-08,259,538,Churned
15754537,0,2025-07-26,France,2025-09-14,2026-05-30,258,31,Active
15697424,1,2023-08-22,Spain,2023-08-25,2024-05-09,258,782,Churned
15645248,0,2025-09-12,France,2025-09-23,2026-06-07,257,23,Active
15779182,1,2018-05-25,Spain,2018-07-05,2019-03-19,257,2660,Churned
15813113,1,2020-11-25,Spain,2021-02-21,2021-11-05,257,1698,Churned
15665579,0,2025-09-01,France,2025-09-01,2026-05-16,257,45,Active
15790322,0,2025-08-18,France,2025-09-21,2026-06-05,257,25,Active
15588944,1,2024-12-28,France,2025-02-09,2025-10-23,256,250,Churned
15778005,1,2024-08-10,France,2024-09-20,2025-06-03,256,392,Churned
15613102,1,2023-10-25,France,2023-11-03,2024-07-15,255,715,Churned
15700460,1,2021-11-26,France,2021-11-27,2022-08-09,255,1421,Churned
15656822,1,2020-07-18,Germany,2020-07-31,2021-04-12,255,1905,Churned
15586069,0,2025-07-18,France,2025-08-01,2026-04-13,255,78,Active
15639077,1,2024-01-24,France,2024-02-07,2024-10-18,254,620,Churned
15758726,0,2025-08-19,France,2025-08-20,2026-04-30,253,61,Active
15614420,0,2025-09-07,Germany,2025-09-08,2026-05-19,253,42,Active
15586479,1,2021-08-26,France,2021-09-09,2022-05-20,253,1502,Churned
15760456,1,2015-09-02,France,2015-09-08,2016-05-18,253,3695,Churned
15574213,1,2025-06-23,France,2025-07-01,2026-03-10,252,112,Churned
15711314,1,2025-03-06,Spain,2025-03-30,2025-12-07,252,205,Churned
15669994,0,2025-05-31,Germany,2025-06-08,2026-02-15,252,135,At risk (inactive 90+ days)
15732202,1,2025-06-21,France,2025-06-28,2026-03-07,252,115,Churned
15613712,0,2025-03-23,Spain,2025-07-05,2026-03-13,251,109,At risk (inactive 90+ days)
15666548,1,2023-07-19,Germany,2023-08-03,2024-04-10,251,811,Churned
15719991,1,2024-07-29,Spain,2024-09-06,2025-05-15,251,411,Churned
15656286,0,2025-09-22,France,2025-10-07,2026-06-15,251,15,Active
15809100,1,2024-04-21,France,2024-07-30,2025-04-06,250,450,Churned
15771580,0,2025-08-25,France,2025-09-19,2026-05-27,250,34,Active
15622774,0,2025-09-02,France,2025-09-12,2026-05-20,250,41,Active
15794056,1,2023-07-02,France,2023-08-08,2024-04-12,248,809,Churned
15669987,1,2018-05-02,Germany,2018-06-08,2019-02-11,248,2696,Churned
15643903,0,2025-05-13,France,2025-08-28,2026-05-03,248,58,Active
15592229,1,2025-07-28,France,2025-09-20,2026-05-25,247,36,Churned
15735636,1,2024-02-05,France,2024-02-17,2024-10-21,247,617,Churned
15742091,1,2020-01-25,Germany,2020-01-30,2020-10-03,247,2096,Churned
15731478,0,2025-05-06,France,2025-07-17,2026-03-20,246,102,At risk (inactive 90+ days)
15725811,0,2025-08-27,France,2025-10-14,2026-06-16,245,14,Active
15618765,0,2025-09-15,Germany,2025-10-01,2026-06-03,245,27,Active
15812888,1,2023-05-14,France,2023-05-20,2024-01-20,245,892,Churned
15762729,1,2024-12-23,Germany,2024-12-30,2025-08-31,244,303,Churned
15715939,0,2025-08-02,France,2025-08-14,2026-04-15,244,76,Active
15625247,0,2025-06-07,France,2025-08-29,2026-04-30,244,61,Active
15681878,1,2022-08-08,Germany,2022-09-27,2023-05-29,244,1128,Churned
15696287,1,2024-12-03,Germany,2024-12-06,2025-08-07,244,327,Churned
15667934,0,2025-09-13,France,2025-10-06,2026-06-07,244,23,Active
15661409,1,2025-04-16,France,2025-05-04,2026-01-03,244,178,Churned
15769948,0,2025-09-05,Germany,2025-09-25,2026-05-26,243,35,Active
15642655,0,2025-06-22,Spain,2025-08-15,2026-04-15,243,76,Active
15605134,0,2025-08-08,France,2025-08-20,2026-04-20,243,71,Active
15767358,0,2025-06-27,Germany,2025-08-09,2026-04-09,243,82,Active
15756751,1,2025-07-30,Spain,2025-09-15,2026-05-15,242,46,Churned
15634551,1,2023-06-18,Germany,2023-08-23,2024-04-21,242,800,Churned
15722991,1,2017-02-11,France,2017-04-15,2017-12-11,240,3123,Churned
15603846,1,2024-02-11,Spain,2024-02-15,2024-10-11,239,627,Churned
15710164,1,2019-01-11,France,2019-01-21,2019-09-16,238,2479,Churned
15745399,1,2024-04-29,Spain,2024-05-17,2025-01-10,238,536,Churned
15581893,1,2024-09-07,France,2024-10-04,2025-05-30,238,396,Churned
15769216,1,2023-10-20,France,2023-10-27,2024-06-20,237,740,Churned
15623525,0,2025-08-26,Spain,2025-09-01,2026-04-26,237,65,Active
15656683,1,2025-04-13,France,2025-05-06,2025-12-27,235,185,Churned
15653347,1,2025-03-15,Spain,2025-04-01,2025-11-22,235,220,Churned
15571586,1,2022-10-17,Spain,2022-11-12,2023-07-05,235,1091,Churned
15774155,0,2025-10-16,Germany,2025-10-20,2026-06-11,234,19,Active
15659651,1,2018-12-28,Germany,2019-02-15,2019-10-07,234,2458,Churned
15737961,0,2025-10-15,Germany,2025-10-20,2026-06-11,234,19,Active
15651627,1,2025-02-08,Germany,2025-03-05,2025-10-25,234,248,Churned
15629299,1,2025-01-11,Germany,2025-02-11,2025-10-02,233,271,Churned
15686670,1,2024-06-21,France,2024-09-16,2025-05-07,233,419,Churned
15688251,0,2025-05-18,France,2025-07-13,2026-03-02,232,120,At risk (inactive 90+ days)
15809847,0,2025-07-15,France,2025-09-10,2026-04-30,232,61,Active
15603749,1,2023-09-04,France,2023-09-05,2024-04-24,232,797,Churned
15607537,1,2016-08-11,Germany,2016-09-28,2017-05-17,231,3331,Churned
15636089,1,2024-12-13,Germany,2024-12-19,2025-08-06,230,328,Churned
15605000,1,2016-09-08,France,2016-10-10,2017-05-28,230,3320,Churned
15708046,0,2025-08-13,Spain,2025-09-28,2026-05-16,230,45,Active
15639368,0,2025-10-17,France,2025-10-19,2026-06-06,230,24,Active
15765297,0,2025-09-25,Spain,2025-10-08,2026-05-25,229,36,Active
15629575,1,2023-12-30,France,2023-12-31,2024-08-16,229,683,Churned
15654673,1,2020-02-01,France,2020-06-06,2021-01-20,228,1987,Churned
15757952,1,2023-09-24,France,2023-10-05,2024-05-20,228,771,Churned
15711843,1,2025-02-11,Germany,2025-02-17,2025-10-02,227,271,Churned
15645847,1,2024-03-17,Germany,2024-05-24,2025-01-06,227,540,Churned
15768816,0,2025-10-05,Germany,2025-10-16,2026-05-30,226,31,Active
15604706,1,2024-10-19,Germany,2024-12-07,2025-07-21,226,344,Churned
15574830,1,2024-05-25,Germany,2024-08-12,2025-03-26,226,461,Churned
15585901,1,2024-12-28,Spain,2025-01-02,2025-08-14,224,320,Churned
15727311,0,2025-09-20,France,2025-11-02,2026-06-14,224,16,Active
15654975,0,2025-10-31,France,2025-11-11,2026-06-23,224,7,Active
15592773,1,2025-07-25,Germany,2025-09-07,2026-04-19,224,72,Churned
15607330,0,2025-10-14,Spain,2025-10-21,2026-06-02,224,28,Active
15643024,1,2021-08-18,Germany,2021-08-24,2022-04-03,222,1549,Churned
15645271,1,2017-10-05,Germany,2017-12-12,2018-07-22,222,2900,Churned
15583580,1,2025-03-28,Germany,2025-04-02,2025-11-10,222,232,Churned
15813645,0,2025-09-25,France,2025-11-03,2026-06-13,222,17,Active
15714466,1,2021-02-11,France,2021-03-01,2021-10-08,221,1726,Churned
15697100,1,2019-12-07,Germany,2019-12-11,2020-07-18,220,2173,Churned
15566495,1,2023-11-06,Spain,2023-11-10,2024-06-17,220,743,Churned
15806318,1,2024-01-23,Germany,2024-03-08,2024-10-14,220,624,Churned
15596455,1,2023-10-21,Spain,2023-10-28,2024-06-03,219,757,Churned
15621004,1,2019-04-02,France,2019-05-07,2019-12-12,219,2392,Churned
15735428,0,2025-10-04,Spain,2025-10-05,2026-05-11,218,50,Active
15744942,1,2023-10-02,Spain,2023-10-08,2024-05-13,218,778,Churned
15734588,0,2025-10-01,France,2025-10-01,2026-05-07,218,54,Active
15807609,1,2023-06-05,Spain,2023-06-07,2024-01-10,217,902,Churned
15635435,1,2017-02-21,France,2017-04-26,2017-11-29,217,3135,Churned
15655436,1,2024-06-30,Germany,2024-06-30,2025-02-02,217,513,Churned
15686236,1,2024-12-31,Germany,2025-03-19,2025-10-22,217,251,Churned
15605072,1,2023-03-03,France,2023-03-08,2023-10-11,217,993,Churned
15797065,0,2025-10-02,Spain,2025-10-05,2026-05-10,217,51,Active
15656300,0,2025-09-03,France,2025-10-16,2026-05-20,216,41,Active
15800287,1,2024-01-31,Spain,2024-04-07,2024-11-09,216,598,Churned
15701524,0,2025-09-14,France,2025-11-05,2026-06-09,216,21,Active
15711446,1,2022-10-10,Spain,2022-10-25,2023-05-29,216,1128,Churned
15620832,0,2025-09-05,France,2025-10-15,2026-05-19,216,42,Active
15807993,1,2025-07-04,Germany,2025-07-29,2026-03-01,215,121,Churned
15644200,1,2025-02-16,Spain,2025-03-03,2025-10-03,214,270,Churned
15629078,1,2020-09-05,Germany,2020-09-22,2021-04-24,214,1893,Churned
15571928,1,2022-05-30,France,2022-06-13,2023-01-12,213,1265,Churned
15718242,1,2025-02-11,Germany,2025-02-22,2025-09-23,213,280,Churned
15582892,1,2023-10-10,France,2023-10-24,2024-05-24,213,767,Churned
15678944,1,2019-10-14,Germany,2019-12-02,2020-07-01,212,2190,Churned
15602811,0,2025-08-20,Germany,2025-10-03,2026-05-03,212,58,Active
15651664,1,2024-10-29,France,2025-02-14,2025-09-14,212,289,Churned
15662488,1,2020-12-21,France,2021-02-11,2021-09-11,212,1753,Churned
15610383,1,2024-07-15,France,2024-07-15,2025-02-11,211,504,Churned
15700174,0,2025-10-15,Spain,2025-11-08,2026-06-07,211,23,Active
15603565,1,2020-09-11,Spain,2020-09-17,2021-04-16,211,1901,Churned
15641110,0,2025-07-12,France,2025-09-03,2026-04-02,211,89,Active
15792176,0,2025-10-29,Spain,2025-11-18,2026-06-16,210,14,Active
15757140,0,2025-10-07,France,2025-10-23,2026-05-21,210,40,Active
15729238,1,2025-03-04,Germany,2025-03-17,2025-10-13,210,260,Churned
15773751,0,2025-03-04,France,2025-07-25,2026-02-19,209,131,At risk (inactive 90+ days)
15640905,1,2025-06-03,Spain,2025-07-03,2026-01-27,208,154,Churned
15690452,0,2025-06-08,France,2025-10-16,2026-05-12,208,49,Active
15625501,1,2025-06-14,Germany,2025-07-03,2026-01-27,208,154,Churned
15811389,0,2025-10-25,Germany,2025-11-19,2026-06-15,208,15,Active
15721937,0,2025-10-09,France,2025-10-28,2026-05-22,206,39,Active
15581526,0,2025-04-10,France,2025-06-19,2026-01-10,205,171,At risk (inactive 90+ days)
15746333,1,2023-04-15,France,2023-05-18,2023-12-09,205,934,Churned
15751561,1,2019-06-26,Germany,2019-10-18,2020-05-09,204,2243,Churned
15604093,1,2022-06-07,France,2022-07-14,2023-02-03,204,1243,Churned
15647306,1,2016-10-23,France,2016-10-28,2017-05-19,203,3329,Churned
15774250,1,2025-05-30,France,2025-07-27,2026-02-15,203,135,Churned
15719302,1,2017-06-02,France,2017-06-16,2018-01-04,202,3099,Churned
15605916,1,2023-04-20,France,2023-06-27,2024-01-15,202,897,Churned
15794048,1,2024-10-10,Germany,2024-10-11,2025-04-30,201,426,Churned
15755678,1,2023-12-24,France,2024-01-25,2024-08-13,201,686,Churned
15669805,0,2025-04-22,Germany,2025-04-22,2025-11-09,201,233,At risk (inactive 90+ days)
15672397,0,2025-08-16,France,2025-11-22,2026-06-10,200,20,Active
15584338,0,2025-10-31,France,2025-11-14,2026-06-02,200,28,Active
15736126,1,2025-08-22,Germany,2025-08-24,2026-03-12,200,110,Churned
15669414,1,2017-03-30,Germany,2017-04-02,2017-10-19,200,3176,Churned
15625426,1,2023-05-19,Germany,2023-05-24,2023-12-09,199,934,Churned
15704442,1,2017-02-11,France,2017-03-06,2017-09-21,199,3204,Churned
15673372,1,2025-04-14,France,2025-04-14,2025-10-29,198,244,Churned
15754113,0,2025-11-17,France,2025-11-21,2026-06-07,198,23,Active
15726634,0,2025-03-13,France,2025-11-03,2026-05-20,198,41,Active
15677804,1,2025-03-21,Spain,2025-04-11,2025-10-25,197,248,Churned
15724632,0,2025-11-08,France,2025-11-13,2026-05-29,197,32,Active
15681887,0,2025-11-13,Germany,2025-11-17,2026-06-02,197,28,Active
15670898,1,2021-04-06,France,2021-04-19,2021-11-02,197,1701,Churned
15572428,0,2025-10-18,Germany,2025-11-02,2026-05-18,197,43,Active
15799635,1,2024-03-15,Spain,2024-03-17,2024-09-30,197,638,Churned
15659736,1,2020-10-14,Germany,2020-10-17,2021-05-01,196,1886,Churned
15659800,1,2025-01-03,Spain,2025-01-22,2025-08-06,196,328,Churned
15637522,0,2025-10-20,France,2025-10-23,2026-05-07,196,54,Active
15810418,1,2023-05-23,Germany,2023-06-08,2023-12-20,195,923,Churned
15657107,1,2017-12-17,Spain,2017-12-30,2018-07-12,194,2910,Churned
15630363,0,2025-10-31,France,2025-12-02,2026-06-14,194,16,Active
15652030,1,2024-04-05,Germany,2024-05-20,2024-11-30,194,577,Churned
15740630,0,2025-06-19,Spain,2025-11-25,2026-06-06,193,24,Active
15611729,1,2025-01-07,Germany,2025-01-07,2025-07-18,192,347,Churned
15663134,1,2025-05-28,Spain,2025-06-15,2025-12-24,192,188,Churned
15651900,1,2025-06-08,Germany,2025-07-05,2026-01-13,192,168,Churned
15668853,0,2025-11-14,Spain,2025-11-26,2026-06-05,191,25,Active
15699225,0,2025-09-27,France,2025-10-09,2026-04-18,191,73,Active
15766288,1,2020-12-08,Germany,2021-01-19,2021-07-28,190,1798,Churned
15634143,0,2025-09-26,Spain,2025-11-26,2026-06-01,187,29,Active
15730137,0,2025-11-28,France,2025-11-28,2026-06-03,187,27,Active
15751455,1,2021-06-11,France,2021-10-07,2022-04-12,187,1540,Churned
15668679,0,2025-07-08,France,2025-09-23,2026-03-29,187,93,At risk (inactive 90+ days)
15763907,1,2025-03-19,France,2025-04-12,2025-10-16,187,257,Churned
15764153,0,2025-11-22,France,2025-12-08,2026-06-12,186,18,Active
15663650,1,2015-10-02,Germany,2016-01-19,2016-07-23,186,3629,Churned
15807525,1,2024-01-29,France,2024-03-22,2024-09-23,185,645,Churned
15677336,1,2025-04-18,Germany,2025-05-24,2025-11-25,185,217,Churned
15791877,0,2025-11-21,Germany,2025-11-28,2026-06-01,185,29,Active
15810839,0,2025-08-02,France,2025-10-18,2026-04-21,185,70,Active
15758482,0,2025-08-06,France,2025-09-13,2026-03-16,184,106,At risk (inactive 90+ days)
15623536,0,2025-11-11,Germany,2025-12-02,2026-06-04,184,26,Active
15763415,0,2025-09-04,Germany,2025-10-19,2026-04-21,184,70,Active
15704954,0,2025-10-29,France,2025-12-19,2026-06-20,183,10,Active
15617331,1,2023-03-30,Germany,2023-04-13,2023-10-13,183,991,Churned
15773972,1,2022-03-11,France,2022-04-25,2022-10-24,182,1345,Churned
15804142,1,2022-07-22,Spain,2022-07-24,2023-01-22,182,1255,Churned
15713354,1,2019-09-11,Germany,2019-10-18,2020-04-16,181,2266,Churned
15604138,1,2023-12-22,Spain,2024-03-15,2024-09-12,181,656,Churned
15762238,0,2025-11-10,Germany,2025-11-24,2026-05-23,180,38,Active
15671139,0,2025-11-19,Spain,2025-12-10,2026-06-08,180,22,Active
15706729,0,2025-11-06,France,2025-11-26,2026-05-24,179,37,Active
15707602,1,2023-11-05,France,2023-11-22,2024-05-19,179,772,Churned
15798824,0,2025-10-07,Spain,2025-11-17,2026-05-14,178,47,Active
15693337,0,2025-11-04,Spain,2025-11-21,2026-05-18,178,43,Active
15808544,1,2022-10-22,France,2022-11-10,2023-05-07,178,1150,Churned
15766427,1,2020-07-05,Germany,2020-07-07,2020-12-31,177,2007,Churned
15743293,1,2024-07-29,Germany,2024-07-31,2025-01-24,177,522,Churned
15606755,1,2022-06-09,Spain,2022-09-29,2023-03-24,176,1194,Churned
15615126,1,2022-11-28,France,2022-12-19,2023-06-13,176,1113,Churned
15794273,0,2025-11-22,France,2025-12-09,2026-06-03,176,27,Active
15632344,0,2025-11-07,France,2025-11-23,2026-05-18,176,43,Active
15622033,1,2022-08-21,Germany,2023-02-14,2023-08-09,176,1056,Churned
15717489,1,2016-11-13,France,2016-12-25,2017-06-18,175,3299,Churned
15686242,1,2022-01-03,France,2022-02-04,2022-07-29,175,1432,Churned
15745295,1,2025-11-08,Spain,2025-11-11,2026-05-04,174,57,Churned
15746708,1,2019-06-07,Germany,2019-06-09,2019-11-30,174,2404,Churned
15640034,1,2024-05-02,France,2024-10-05,2025-03-28,174,459,Churned
15570857,0,2025-11-09,Germany,2025-11-20,2026-05-13,174,48,Active
15623989,1,2023-03-09,France,2023-03-24,2023-09-13,173,1021,Churned
15794413,0,2025-11-04,France,2025-12-06,2026-05-27,172,34,Active
15784844,1,2021-02-07,Spain,2021-04-21,2021-10-10,172,1724,Churned
15813412,1,2023-06-14,France,2023-06-26,2023-12-14,171,929,Churned
15729954,1,2020-07-16,France,2021-02-02,2021-07-23,171,1803,Churned
15686913,0,2025-11-04,France,2025-11-27,2026-05-17,171,44,Active
15772482,1,2023-04-02,Germany,2023-05-09,2023-10-27,171,977,Churned
15605059,1,2023-06-16,Germany,2023-06-21,2023-12-08,170,935,Churned
15750684,1,2021-09-21,France,2022-01-30,2022-07-18,169,1443,Churned
15675585,0,2025-12-02,Germany,2025-12-05,2026-05-23,169,38,Active
15753092,1,2021-01-22,Germany,2021-01-28,2021-07-16,169,1810,Churned
15617657,0,2025-12-22,France,2026-01-01,2026-06-18,168,12,Active
15788025,0,2025-11-06,France,2025-11-19,2026-05-06,168,55,Active
15768219,0,2025-09-16,Spain,2025-10-24,2026-04-09,167,82,Active
15750765,0,2025-12-02,Spain,2025-12-07,2026-05-20,164,41,Active
15701765,0,2025-10-18,Spain,2025-12-09,2026-05-22,164,39,Active
15761023,1,2024-06-07,Germany,2024-06-19,2024-11-30,164,577,Churned
15657529,1,2024-12-03,Germany,2024-12-07,2025-05-20,164,406,Churned
15698528,1,2023-01-22,Spain,2023-02-28,2023-08-11,164,1054,Churned
15620505,0,2025-11-27,Spain,2026-01-07,2026-06-19,163,11,Active
15711789,1,2022-08-07,Spain,2022-09-14,2023-02-24,163,1222,Churned
15696674,1,2023-12-24,Germany,2024-01-15,2024-06-25,162,735,Churned
15642041,1,2024-07-05,Germany,2024-08-13,2025-01-22,162,524,Churned
15658716,1,2020-10-03,Germany,2020-11-18,2021-04-29,162,1888,Churned
15754578,0,2025-12-24,France,2026-01-06,2026-06-17,162,13,Active
15658929,1,2025-11-20,Spain,2025-12-04,2026-05-14,161,47,Churned
15612525,1,2025-06-02,France,2025-06-07,2025-11-15,161,227,Churned
15799652,0,2025-11-13,France,2025-12-21,2026-05-31,161,30,Active
15709523,0,2025-11-13,Germany,2025-12-07,2026-05-17,161,44,Active
15787470,1,2023-01-03,Spain,2023-04-13,2023-09-20,160,1014,Churned
15732266,1,2020-10-29,Germany,2020-12-18,2021-05-26,159,1861,Churned
15673693,0,2025-12-24,France,2025-12-28,2026-06-04,158,26,Active
15648075,1,2020-10-05,Germany,2020-10-07,2021-03-14,158,1934,Churned
15809286,1,2018-03-11,Germany,2018-03-14,2018-08-19,158,2872,Churned
15706232,1,2016-09-25,France,2016-10-31,2017-04-07,158,3371,Churned
15690169,1,2018-10-09,France,2018-10-10,2019-03-17,158,2662,Churned
15582129,1,2025-04-17,France,2025-05-09,2025-10-12,156,261,Churned
15773709,0,2025-12-21,Spain,2026-01-07,2026-06-11,155,19,Active
15671769,1,2021-07-20,France,2021-08-13,2022-01-15,155,1627,Churned
15675926,1,2019-02-08,Germany,2019-02-27,2019-08-01,155,2525,Churned
15791268,0,2025-12-31,Spain,2026-01-03,2026-06-06,154,24,Active
15695792,0,2025-12-22,France,2026-01-12,2026-06-15,154,15,Active
15814468,1,2024-07-02,Germany,2024-07-07,2024-12-08,154,569,Churned
15575955,0,2025-11-09,France,2025-11-16,2026-04-17,152,74,Active
15582910,1,2022-01-21,France,2022-02-04,2022-07-05,151,1456,Churned
15667944,0,2025-11-28,France,2025-12-01,2026-05-01,151,60,Active
15584812,0,2025-11-07,Spain,2025-12-23,2026-05-23,151,38,Active
15578908,0,2025-11-20,Spain,2025-12-12,2026-05-11,150,50,Active
15716608,1,2023-07-28,Spain,2023-09-23,2024-02-20,150,861,Churned
15584091,1,2023-08-31,Germany,2023-09-24,2024-02-20,149,861,Churned
15644361,1,2024-09-16,France,2024-10-07,2025-03-05,149,482,Churned
15618239,0,2025-11-28,France,2026-01-14,2026-06-12,149,18,Active
15710543,1,2025-04-10,France,2025-04-29,2025-09-24,148,279,Churned
15783883,1,2025-02-06,Germany,2025-02-10,2025-07-08,148,357,Churned
15701537,1,2023-11-03,France,2023-11-26,2024-04-21,147,800,Churned
15732235,0,2025-11-09,France,2025-12-19,2026-05-15,147,46,Active
15612139,1,2025-10-28,France,2025-11-16,2026-04-11,146,80,Churned
15611331,1,2025-04-28,France,2025-06-01,2025-10-25,146,248,Churned
15640133,0,2025-12-12,France,2026-01-04,2026-05-30,146,31,Active
15626040,0,2025-11-28,Spain,2026-01-24,2026-06-18,145,12,Active
15736420,1,2021-10-07,France,2021-10-09,2022-03-03,145,1580,Churned
15619514,1,2023-04-09,Germany,2023-06-11,2023-11-03,145,970,Churned
15749004,0,2025-10-18,France,2025-10-25,2026-03-18,144,104,At risk (inactive 90+ days)
15615456,1,2016-02-24,France,2016-04-04,2016-08-26,144,3595,Churned
15737814,1,2023-10-27,France,2024-01-01,2024-05-23,143,768,Churned
15639665,0,2025-12-10,Spain,2025-12-27,2026-05-19,143,42,Active
15812518,0,2025-12-27,Spain,2026-01-13,2026-06-04,142,26,Active
15782454,1,2022-04-21,France,2022-05-26,2022-10-15,142,1354,Churned
15806956,1,2024-10-29,Spain,2024-12-11,2025-05-02,142,424,Churned
15690231,0,2026-01-23,Spain,2026-01-27,2026-06-17,141,13,Active
15809320,1,2025-11-08,Spain,2025-11-30,2026-04-20,141,71,Churned
15582325,1,2024-03-16,France,2024-05-26,2024-10-13,140,625,Churned
15775886,1,2022-12-12,France,2023-01-17,2023-06-06,140,1120,Churned
15567778,1,2025-06-07,Germany,2025-08-13,2025-12-31,140,181,Churned
15776780,1,2025-01-10,France,2025-01-16,2025-06-04,139,391,Churned
15722965,1,2022-08-14,France,2022-08-15,2022-12-31,138,1277,Churned
15710365,1,2025-07-01,France,2025-09-09,2026-01-25,138,156,Churned
15694666,1,2017-11-22,Spain,2018-01-15,2018-06-02,138,2950,Churned
15813946,1,2024-09-30,Germany,2024-10-09,2025-02-24,138,491,Churned
15610755,0,2026-01-20,France,2026-01-30,2026-06-16,137,14,Active
15815271,1,2020-06-01,Germany,2020-06-06,2020-10-21,137,2078,Churned
15734762,1,2022-10-23,France,2023-02-25,2023-07-11,136,1085,Churned
15792986,1,2025-04-04,Germany,2025-04-13,2025-08-27,136,307,Churned
15626795,1,2023-06-25,France,2023-08-07,2023-12-21,136,922,Churned
15650026,1,2025-04-14,France,2025-05-06,2025-09-19,136,284,Churned
15700263,1,2023-07-10,France,2023-07-17,2023-11-30,136,943,Churned
15627365,0,2026-01-18,France,2026-01-27,2026-06-11,135,19,Active
15675518,1,2025-04-21,Spain,2025-08-03,2025-12-16,135,196,Churned
15790314,0,2026-01-29,France,2026-02-10,2026-06-24,134,6,Active
15605286,1,2022-05-26,France,2022-07-04,2022-11-15,134,1323,Churned
15653776,1,2025-05-29,Germany,2025-07-02,2025-11-13,134,229,Churned
15681332,1,2019-08-23,France,2019-09-04,2020-01-16,134,2357,Churned
15699095,1,2022-08-13,France,2022-08-24,2023-01-05,134,1272,Churned
15694506,0,2025-12-06,Germany,2026-01-01,2026-05-14,133,47,Active
15591915,1,2024-02-01,France,2024-02-13,2024-06-25,133,735,Churned
15796993,1,2024-12-18,France,2024-12-19,2025-04-30,132,426,Churned
15791030,0,2025-09-26,France,2025-11-26,2026-04-06,131,85,Active
15582847,0,2025-12-18,France,2026-01-01,2026-05-12,131,49,Active
15590241,1,2017-06-24,Spain,2017-07-12,2017-11-18,129,3146,Churned
15629677,1,2024-06-14,Spain,2024-07-03,2024-11-09,129,598,Churned
15786800,1,2020-08-26,Germany,2020-09-05,2021-01-12,129,1995,Churned
15764841,0,2025-12-02,France,2026-01-19,2026-05-28,129,33,Active
15739438,0,2025-12-29,France,2026-02-01,2026-06-09,128,21,Active
15733361,1,2020-07-01,Germany,2020-08-18,2020-12-24,128,2014,Churned
15732437,1,2025-08-03,Germany,2025-08-07,2025-12-13,128,199,Churned
15684196,1,2024-02-26,France,2024-03-24,2024-07-29,127,701,Churned
15700212,1,2016-02-19,France,2016-03-15,2016-07-20,127,3632,Churned
15700627,1,2024-06-28,Germany,2024-07-12,2024-11-16,127,591,Churned
15734649,1,2025-08-25,Spain,2025-08-31,2026-01-05,127,176,Churned
15782736,1,2021-08-09,Germany,2021-08-13,2021-12-17,126,1656,Churned
15730793,1,2022-09-30,Germany,2022-10-22,2023-02-25,126,1221,Churned
15634719,0,2026-01-20,France,2026-01-31,2026-06-04,124,26,Active
15611186,1,2025-02-26,France,2025-03-07,2025-07-09,124,356,Churned
15642162,1,2025-06-21,Germany,2025-06-24,2025-10-25,123,248,Churned
15663489,0,2025-11-24,Germany,2026-01-07,2026-05-09,122,52,Active
15678201,1,2025-06-10,France,2025-07-07,2025-11-05,121,237,Churned
15601410,1,2024-12-17,Spain,2024-12-25,2025-04-25,121,431,Churned
15663987,1,2025-02-20,Spain,2025-04-22,2025-08-21,121,313,Churned
15607133,1,2025-03-10,Spain,2025-03-12,2025-07-10,120,355,Churned
15780432,1,2022-12-24,France,2023-01-02,2023-05-02,120,1155,Churned
15728683,0,2026-01-10,France,2026-01-18,2026-05-18,120,43,Active
15753337,1,2021-04-18,France,2021-05-08,2021-09-03,118,1761,Churned
15703544,0,2025-12-03,Spain,2025-12-21,2026-04-18,118,73,Active
15764033,1,2025-06-28,Germany,2025-06-29,2025-10-25,118,248,Churned
15575935,1,2025-10-18,France,2025-10-31,2026-02-25,117,125,Churned
15804721,0,2025-12-22,France,2026-02-14,2026-06-11,117,19,Active
15717191,1,2024-08-03,France,2024-08-26,2024-12-21,117,556,Churned
15686099,1,2025-05-18,Spain,2025-05-19,2025-09-13,117,290,Churned
15785559,1,2024-12-20,France,2024-12-21,2025-04-16,116,440,Churned
15791513,1,2022-03-23,France,2022-03-26,2022-07-20,116,1441,Churned
15583371,1,2025-04-25,Spain,2025-05-27,2025-09-19,115,284,Churned
15592999,0,2026-01-21,France,2026-02-06,2026-06-01,115,29,Active
15798424,1,2025-02-17,Germany,2025-04-05,2025-07-28,114,337,Churned
15634772,0,2026-01-14,Spain,2026-02-01,2026-05-26,114,35,Active
15726931,1,2017-10-23,France,2017-11-11,2018-03-04,113,3040,Churned
15727299,1,2024-12-09,Spain,2024-12-09,2025-04-01,113,455,Churned
15690175,0,2025-11-28,Spain,2025-12-01,2026-03-24,113,98,At risk (inactive 90+ days)
15708710,0,2026-02-09,Spain,2026-02-13,2026-06-05,112,25,Active
15801265,1,2025-08-25,Spain,2025-09-08,2025-12-29,112,183,Churned
15709016,1,2025-01-08,Germany,2025-01-10,2025-05-02,112,424,Churned
15721658,1,2024-02-16,Spain,2024-02-26,2024-06-16,111,744,Churned
15633840,0,2026-01-25,France,2026-02-13,2026-06-04,111,26,Active
15580148,1,2020-08-25,Germany,2020-10-28,2021-02-15,110,1961,Churned
15581198,1,2025-10-20,Germany,2025-10-24,2026-02-11,110,139,Churned
15782210,1,2025-04-19,France,2025-04-28,2025-08-15,109,319,Churned
15637876,1,2019-07-26,Germany,2019-08-06,2019-11-22,108,2412,Churned
15595728,1,2025-07-24,Germany,2025-08-03,2025-11-19,108,223,Churned
15648362,1,2023-06-06,Germany,2023-06-14,2023-09-30,108,1004,Churned
15594456,1,2021-07-31,Spain,2021-08-03,2021-11-19,108,1684,Churned
15571065,0,2025-11-12,Spain,2025-11-19,2026-03-07,108,115,At risk (inactive 90+ days)
15777797,1,2020-10-02,Spain,2020-10-13,2021-01-28,107,1979,Churned
15746203,1,2022-06-29,Germany,2022-06-29,2022-10-14,107,1355,Churned
15702541,1,2023-10-31,France,2023-11-11,2024-02-26,107,855,Churned
15689886,1,2015-12-03,Germany,2016-02-03,2016-05-19,106,3694,Churned
15664001,1,2018-06-16,Germany,2018-06-24,2018-10-08,106,2822,Churned
15670528,1,2025-07-26,Germany,2025-09-20,2026-01-03,105,178,Churned
15698117,0,2026-02-06,Germany,2026-02-11,2026-05-26,104,35,Active
15655082,1,2022-01-22,France,2022-01-31,2022-05-15,104,1507,Churned
15770474,1,2025-02-27,France,2025-03-07,2025-06-18,103,377,Churned
15592816,1,2025-06-27,Germany,2025-06-29,2025-10-09,102,264,Churned
15585985,1,2021-04-09,France,2021-08-25,2021-12-05,102,1668,Churned
15658067,1,2022-07-12,Germany,2022-09-04,2022-12-14,101,1294,Churned
15764866,1,2023-06-22,Germany,2023-07-01,2023-10-09,100,995,Churned
15576065,1,2020-09-24,Spain,2020-10-11,2021-01-19,100,1988,Churned
15811588,1,2019-02-04,Spain,2019-03-11,2019-06-18,99,2569,Churned
15718281,1,2025-02-05,Germany,2025-02-14,2025-05-24,99,402,Churned
15668309,1,2025-12-02,France,2026-01-09,2026-04-18,99,73,Churned
15717560,1,2025-09-28,France,2025-09-28,2026-01-04,98,177,Churned
15603665,0,2026-01-29,Germany,2026-03-08,2026-06-14,98,16,Active
15758901,1,2025-05-23,Spain,2025-06-06,2025-09-12,98,291,Churned
15673439,1,2021-06-29,Spain,2021-07-14,2021-10-20,98,1714,Churned
15596800,1,2025-04-28,Germany,2025-05-29,2025-09-03,97,300,Churned
15580914,1,2025-12-13,Spain,2025-12-18,2026-03-25,97,97,Churned
15787907,1,2021-01-16,Germany,2021-01-26,2021-05-02,96,1885,Churned
15705521,0,2026-02-06,Germany,2026-02-06,2026-05-12,95,49,Active
15614929,0,2026-02-16,Germany,2026-02-19,2026-05-25,95,36,Active
15747649,0,2026-02-01,Germany,2026-02-08,2026-05-14,95,47,Active
15614716,0,2026-02-27,France,2026-03-06,2026-06-09,95,21,Active
15779627,0,2026-01-10,Germany,2026-02-26,2026-06-01,95,29,Active
15762799,0,2026-02-21,Germany,2026-03-05,2026-06-08,95,22,Active
15646372,1,2025-02-16,France,2025-02-27,2025-06-01,94,394,Churned
15622532,1,2025-11-20,France,2025-12-10,2026-03-14,94,108,Churned
15701687,1,2019-04-15,Spain,2019-05-21,2019-08-22,93,2504,Churned
15687130,0,2026-02-10,France,2026-02-11,2026-05-14,92,47,Active
15597394,0,2026-02-10,Spain,2026-02-28,2026-05-31,92,30,Active
15697028,0,2026-02-08,Spain,2026-02-09,2026-05-12,92,49,Active
15616367,1,2025-02-18,Germany,2025-04-07,2025-07-08,92,357,Churned
15633233,1,2025-04-24,France,2025-05-30,2025-08-29,91,305,Churned
15708422,0,2026-02-07,Spain,2026-03-04,2026-06-03,91,27,Active
15792650,1,2026-01-11,Spain,2026-02-06,2026-05-08,91,53,Churned
15593969,1,2019-05-21,Spain,2019-07-15,2019-10-13,90,2452,Churned
15722765,0,2026-02-26,Spain,2026-03-02,2026-05-31,90,30,Active
15662098,1,2023-03-09,Spain,2023-03-30,2023-06-28,90,1098,Churned
15567630,1,2019-09-27,Germany,2019-10-09,2020-01-07,90,2366,Churned
15649616,1,2018-07-18,Spain,2018-09-12,2018-12-11,90,2758,Churned
15681476,1,2024-12-28,France,2025-01-20,2025-04-20,90,436,Churned
15697311,1,2021-03-07,Spain,2021-03-20,2021-06-16,88,1840,Churned
15757867,1,2015-10-06,France,2015-10-16,2016-01-12,88,3822,Churned
15689781,1,2025-12-07,France,2025-12-17,2026-03-15,88,107,Churned
15755405,1,2017-04-04,France,2017-04-16,2017-07-13,88,3274,Churned
15592925,1,2023-06-23,Spain,2023-07-01,2023-09-27,88,1007,Churned
15613319,0,2026-02-08,France,2026-02-18,2026-05-16,87,45,Active
15706534,1,2025-05-17,France,2025-05-27,2025-08-21,86,313,Churned
15566211,1,2025-05-14,Germany,2025-06-10,2025-09-04,86,299,Churned
15689786,1,2024-12-27,Germany,2025-01-06,2025-04-01,85,455,Churned
15713655,1,2015-10-23,France,2015-10-25,2016-01-17,84,3817,Churned
15712403,1,2025-04-23,France,2025-07-29,2025-10-20,83,253,Churned
15773013,1,2026-02-25,France,2026-02-25,2026-05-19,83,42,Churned
15771442,1,2021-11-15,France,2021-12-08,2022-03-01,83,1582,Churned
15617065,1,2021-07-03,Spain,2021-07-28,2021-10-19,83,1715,Churned
15674583,0,2026-02-22,France,2026-03-27,2026-06-18,83,12,Active
15713440,1,2024-08-22,Germany,2024-08-24,2024-11-15,83,592,Churned
15669783,1,2023-05-14,France,2023-06-05,2023-08-26,82,1039,Churned
15629244,1,2019-05-27,Spain,2019-05-29,2019-08-18,81,2508,Churned
15649738,0,2026-01-06,France,2026-02-11,2026-05-03,81,58,Active
15663194,1,2023-02-20,Germany,2023-02-21,2023-05-13,81,1144,Churned
15632503,1,2025-08-30,France,2025-08-31,2025-11-20,81,222,Churned
15756026,1,2016-12-08,Spain,2016-12-09,2017-02-27,80,3410,Churned
15599126,1,2026-02-06,France,2026-02-10,2026-05-01,80,60,Churned
15739578,1,2020-01-04,France,2020-01-06,2020-03-26,80,2287,Churned
15598536,0,2026-03-27,Germany,2026-04-01,2026-06-20,80,10,Active
15804853,1,2025-10-17,France,2025-12-01,2026-02-19,80,131,Churned
15654733,1,2022-07-05,Germany,2022-08-25,2022-11-12,79,1326,Churned
15771087,0,2026-03-24,France,2026-03-30,2026-06-16,78,14,Active
15717984,1,2017-06-25,France,2017-07-01,2017-09-17,78,3208,Churned
15697510,1,2019-06-14,Spain,2019-06-20,2019-09-06,78,2489,Churned
15652674,0,2026-03-14,France,2026-03-19,2026-06-05,78,25,Active
15785358,1,2018-06-14,Germany,2018-08-01,2018-10-18,78,2812,Churned
15730076,1,2024-10-27,France,2024-12-19,2025-03-06,77,481,Churned
15772337,1,2026-01-12,Germany,2026-01-14,2026-04-01,77,90,Churned
15743411,1,2024-11-11,Spain,2024-11-17,2025-02-01,76,514,Churned
15663161,1,2021-02-19,Germany,2021-02-19,2021-05-06,76,1881,Churned
15648881,1,2025-10-31,Germany,2025-11-26,2026-02-10,76,140,Churned
15731148,1,2025-10-27,France,2025-11-08,2026-01-23,76,158,Churned
15757912,0,2025-12-29,Germany,2026-01-30,2026-04-16,76,75,Active
15778304,0,2026-03-02,Germany,2026-03-02,2026-05-17,76,44,Active
15772781,1,2023-05-25,France,2023-06-17,2023-08-31,75,1034,Churned
15576550,1,2025-02-21,Spain,2025-03-08,2025-05-22,75,404,Churned
15693526,0,2025-12-12,France,2026-03-18,2026-06-01,75,29,Active
15715673,1,2022-03-24,Spain,2022-04-02,2022-06-15,74,1476,Churned
15638257,0,2026-03-16,Spain,2026-03-27,2026-06-09,74,21,Active
15710743,1,2025-10-27,France,2025-12-10,2026-02-21,73,129,Churned
15739194,0,2026-02-18,Spain,2026-02-19,2026-05-03,73,58,Active
15689328,1,2017-05-21,Germany,2017-05-28,2017-08-09,73,3247,Churned
15748352,0,2026-02-26,Spain,2026-03-11,2026-05-23,73,38,Active
15658100,0,2026-02-06,France,2026-02-24,2026-05-08,73,53,Active
15737452,1,2025-01-05,Germany,2025-01-11,2025-03-24,72,463,Churned
15659366,1,2024-09-23,France,2024-10-14,2024-12-25,72,552,Churned
15685329,1,2024-12-12,France,2025-01-06,2025-03-19,72,468,Churned
15794137,0,2026-02-21,Germany,2026-03-15,2026-05-26,72,35,Active
15591169,1,2022-04-15,Germany,2022-07-07,2022-09-17,72,1382,Churned
15621550,1,2024-12-19,Spain,2025-01-11,2025-03-23,71,464,Churned
15657306,1,2024-06-07,France,2024-06-14,2024-08-24,71,675,Churned
15587640,0,2026-02-11,France,2026-03-19,2026-05-29,71,32,Active
15750776,0,2026-02-15,France,2026-03-11,2026-05-20,70,41,Active
15628219,1,2022-09-16,Germany,2022-09-30,2022-12-09,70,1299,Churned
15577515,1,2025-10-25,Germany,2025-10-27,2026-01-05,70,176,Churned
15715622,1,2022-11-02,France,2022-11-05,2023-01-13,69,1264,Churned
15606397,1,2025-06-29,Germany,2025-07-03,2025-09-10,69,293,Churned
15789313,1,2021-09-06,Germany,2021-09-08,2021-11-16,69,1687,Churned
15779496,0,2026-02-10,France,2026-02-11,2026-04-21,69,70,Active
15702298,1,2017-09-21,Germany,2017-10-25,2018-01-01,68,3102,Churned
15588670,1,2021-03-09,Spain,2021-03-14,2021-05-21,68,1866,Churned
15745605,1,2024-02-17,France,2024-02-24,2024-05-02,68,789,Churned
15810829,1,2018-07-29,France,2018-09-05,2018-11-12,68,2787,Churned
15720687,1,2022-04-17,France,2022-06-10,2022-08-17,68,1413,Churned
15773260,0,2026-01-18,France,2026-03-02,2026-05-09,68,52,Active
15707637,1,2025-02-26,France,2025-02-26,2025-05-05,68,421,Churned
15784042,1,2019-02-15,France,2019-02-17,2019-04-26,68,2622,Churned
15699309,1,2022-02-23,Spain,2022-02-27,2022-05-05,67,1517,Churned
15585198,1,2021-08-31,France,2021-09-18,2021-11-24,67,1679,Churned
15665956,1,2025-05-19,France,2025-08-31,2025-11-05,66,237,Churned
15721116,0,2026-03-01,Spain,2026-03-07,2026-05-12,66,49,Active
15647838,1,2024-06-13,Germany,2024-09-03,2024-11-08,66,599,Churned
15621834,0,2025-12-26,Spain,2026-02-28,2026-05-03,64,58,Active
15799966,1,2016-09-25,Germany,2016-12-06,2017-02-06,62,3431,Churned
15728917,1,2019-09-10,France,2019-10-28,2019-12-29,62,2375,Churned
15697360,1,2024-01-31,France,2024-05-22,2024-07-23,62,707,Churned
15599211,1,2025-03-15,France,2025-04-07,2025-06-08,62,387,Churned
15600710,0,2026-03-08,France,2026-03-15,2026-05-15,61,46,Active
15668270,1,2021-01-07,Germany,2021-01-12,2021-03-14,61,1934,Churned
15588955,1,2021-01-03,Germany,2021-03-22,2021-05-21,60,1866,Churned
15726289,0,2026-03-10,France,2026-04-05,2026-06-03,59,27,Active
15591985,1,2018-05-19,France,2018-06-07,2018-08-05,59,2886,Churned
15704284,1,2016-09-28,Germany,2016-11-13,2017-01-10,58,3458,Churned
15797475,1,2022-07-25,France,2022-10-13,2022-12-10,58,1298,Churned
15731815,1,2022-04-18,Spain,2022-06-03,2022-07-30,57,1431,Churned
15769596,1,2024-05-15,Germany,2024-06-05,2024-08-01,57,698,Churned
15593795,1,2024-11-12,Germany,2024-11-12,2025-01-08,57,538,Churned
15675794,1,2016-11-24,Germany,2016-11-24,2017-01-20,57,3448,Churned
15705899,0,2026-04-13,Spain,2026-04-14,2026-06-09,56,21,Active
15691287,1,2025-07-06,Germany,2025-07-16,2025-09-09,55,294,Churned
15611409,0,2026-02-01,Spain,2026-02-07,2026-04-03,55,88,Active
15656330,0,2026-03-09,Spain,2026-03-31,2026-05-25,55,36,Active
15728885,0,2025-12-15,France,2026-03-24,2026-05-18,55,43,Active
15632521,0,2026-03-20,Germany,2026-03-24,2026-05-17,54,44,Active
15781553,1,2017-01-14,Germany,2017-01-25,2017-03-19,53,3390,Churned
15725794,1,2025-06-18,France,2025-09-10,2025-11-02,53,240,Churned
15678727,1,2021-11-11,Germany,2021-11-30,2022-01-21,52,1621,Churned
15723717,1,2025-05-12,Germany,2025-05-17,2025-07-08,52,357,Churned
15647091,0,2026-01-15,Germany,2026-01-18,2026-03-10,51,112,At risk (inactive 90+ days)
15809087,1,2025-02-24,France,2025-03-13,2025-05-03,51,423,Churned
15805303,1,2025-03-28,Germany,2025-03-30,2025-05-20,51,406,Churned
15806822,0,2026-01-27,France,2026-04-18,2026-06-08,51,22,Active
15596303,1,2025-11-29,France,2025-11-30,2026-01-19,50,162,Churned
15652955,0,2026-02-03,Spain,2026-03-17,2026-05-05,49,56,Active
15737104,1,2025-09-19,Germany,2025-09-26,2025-11-14,49,228,Churned
15744873,1,2020-08-17,Germany,2020-10-14,2020-12-02,49,2036,Churned
15574169,0,2026-02-14,Germany,2026-02-18,2026-04-08,49,83,Active
15586523,1,2019-01-31,Germany,2019-02-21,2019-04-11,49,2637,Churned
15672012,1,2020-08-18,Spain,2020-10-23,2020-12-09,47,2029,Churned
15718465,1,2023-04-29,Germany,2023-05-08,2023-06-24,47,1102,Churned
15772363,0,2025-11-08,Germany,2026-04-08,2026-05-25,47,36,Active
15717398,1,2019-02-11,Spain,2019-02-19,2019-04-05,45,2643,Churned
15617486,1,2024-10-23,France,2024-11-30,2025-01-14,45,532,Churned
15698902,1,2025-05-11,Germany,2025-09-21,2025-11-05,45,237,Churned
15584363,0,2026-03-27,France,2026-04-14,2026-05-28,44,33,Active
15768763,1,2024-05-13,France,2024-05-23,2024-07-06,44,724,Churned
15706071,1,2026-03-16,Germany,2026-03-25,2026-05-07,43,54,Churned
15740527,1,2018-10-27,Germany,2018-12-09,2019-01-21,43,2717,Churned
15730150,0,2025-10-12,Spain,2026-01-13,2026-02-25,43,125,At risk (inactive 90+ days)
15782688,1,2026-01-27,Germany,2026-02-07,2026-03-21,42,101,Churned
15653306,0,2026-03-12,Germany,2026-04-02,2026-05-14,42,47,Active
15717995,0,2026-03-05,France,2026-04-10,2026-05-22,42,39,Active
15691004,1,2025-05-01,Spain,2025-05-27,2025-07-08,42,357,Churned
15679663,0,2025-11-21,France,2026-04-11,2026-05-22,41,39,Active
15757607,1,2025-07-30,France,2025-08-16,2025-09-26,41,277,Churned
15740223,1,2024-12-20,Germany,2025-02-11,2025-03-24,41,463,Churned
15583026,0,2026-04-26,France,2026-05-07,2026-06-17,41,13,Active
15687001,1,2025-01-22,Germany,2025-01-28,2025-03-10,41,477,Churned
15732643,1,2024-08-24,Spain,2024-09-04,2024-10-14,40,624,Churned
15587647,1,2026-02-15,Germany,2026-02-24,2026-04-05,40,86,Churned
15708063,1,2023-12-09,France,2023-12-12,2024-01-20,39,892,Churned
15698167,0,2026-02-10,France,2026-03-13,2026-04-21,39,70,Active
15755178,1,2024-11-20,France,2024-12-04,2025-01-11,38,535,Churned
15659931,1,2024-10-10,Germany,2024-10-14,2024-11-20,37,587,Churned
15625942,0,2026-03-14,Spain,2026-04-03,2026-05-10,37,51,Active
15585865,1,2023-07-25,France,2023-07-31,2023-09-05,36,1029,Churned
15766355,1,2025-10-28,Germany,2025-12-09,2026-01-14,36,167,Churned
15722548,0,2026-04-02,France,2026-04-20,2026-05-25,35,36,Active
15755077,1,2026-03-26,Germany,2026-04-14,2026-05-19,35,42,Churned
15667438,1,2024-12-22,France,2025-01-04,2025-02-08,35,507,Churned
15704053,1,2022-10-20,Spain,2022-10-28,2022-12-02,35,1306,Churned
15707199,0,2026-04-10,France,2026-05-01,2026-06-04,34,26,Active
15694518,0,2026-04-24,Spain,2026-05-12,2026-06-15,34,15,Active
15653937,1,2025-03-05,Germany,2025-05-25,2025-06-28,34,367,Churned
15693771,1,2018-02-09,Spain,2018-02-21,2018-03-27,34,3017,Churned
15625905,0,2025-11-01,Spain,2025-12-07,2026-01-09,33,172,At risk (inactive 90+ days)
15609824,1,2018-09-19,France,2018-10-03,2018-11-04,32,2795,Churned
15641850,0,2026-02-28,France,2026-05-07,2026-06-08,32,22,Active
15720371,1,2022-09-21,France,2022-11-22,2022-12-24,32,1284,Churned
15746012,1,2025-09-05,Spain,2025-09-06,2025-10-08,32,265,Churned
15762793,0,2026-04-28,Germany,2026-04-29,2026-05-31,32,30,Active
15805162,0,2026-04-09,France,2026-04-23,2026-05-25,32,36,Active
15708916,0,2026-02-01,France,2026-04-11,2026-05-12,31,49,Active
15638607,1,2023-11-02,France,2023-12-13,2024-01-13,31,899,Churned
15799480,0,2026-04-13,France,2026-05-08,2026-06-08,31,22,Active
15749328,1,2025-04-11,France,2025-04-28,2025-05-29,31,397,Churned
15603851,1,2019-03-24,France,2019-05-02,2019-06-01,30,2586,Churned
15617877,0,2026-04-01,France,2026-04-14,2026-05-13,29,48,Active
15763381,0,2026-04-02,France,2026-04-10,2026-05-09,29,52,Active
15705298,0,2026-03-10,Germany,2026-03-25,2026-04-22,28,69,Active
15566467,0,2026-04-08,Germany,2026-04-22,2026-05-20,28,41,Active
15788480,1,2025-08-20,Germany,2025-10-09,2025-11-06,28,236,Churned
15583840,1,2021-06-27,Germany,2021-07-17,2021-08-12,26,1783,Churned
15593425,1,2024-09-17,Spain,2025-01-26,2025-02-21,26,494,Churned
15571284,0,2026-04-26,Germany,2026-05-19,2026-06-14,26,16,Active
15709117,1,2023-04-04,Spain,2023-04-06,2023-05-01,25,1156,Churned
15600934,1,2019-03-06,France,2019-05-31,2019-06-25,25,2562,Churned
15661548,0,2026-04-29,France,2026-04-29,2026-05-24,25,37,Active
15798256,1,2025-03-31,France,2025-11-21,2025-12-16,25,196,Churned
15806447,0,2026-03-07,Germany,2026-04-17,2026-05-11,24,50,Active
15677435,0,2026-02-01,France,2026-02-15,2026-03-11,24,111,At risk (inactive 90+ days)
15608338,1,2016-12-09,Spain,2016-12-19,2017-01-12,24,3456,Churned
15612667,0,2026-02-28,Spain,2026-03-11,2026-04-03,23,88,Active
15672056,1,2024-01-30,Germany,2024-02-16,2024-03-09,22,843,Churned
15678626,0,2026-01-22,Spain,2026-01-25,2026-02-16,22,134,At risk (inactive 90+ days)
15597914,1,2023-09-21,Germany,2023-09-21,2023-10-13,22,991,Churned
15593499,1,2020-04-08,Spain,2020-04-10,2020-05-01,21,2251,Churned
15687329,1,2024-11-14,Germany,2024-11-17,2024-12-08,21,569,Churned
15631681,0,2026-05-31,Spain,2026-06-05,2026-06-24,19,6,Active
15801904,1,2025-08-01,Germany,2025-09-02,2025-09-21,19,282,Churned
15651883,1,2020-05-20,Germany,2020-05-23,2020-06-11,19,2210,Churned
15691785,1,2025-01-06,France,2025-01-14,2025-02-01,18,514,Churned
15669782,1,2017-06-17,Germany,2017-06-22,2017-07-10,18,3277,Churned
15608588,1,2024-04-17,Germany,2024-05-14,2024-06-01,18,759,Churned
15627360,1,2016-12-19,France,2017-03-18,2017-04-04,17,3374,Churned
15758813,1,2026-05-05,Germany,2026-05-05,2026-05-22,17,39,Churned
15693764,1,2026-04-08,Spain,2026-04-17,2026-05-04,17,57,Churned
15606386,1,2022-08-06,Germany,2022-08-08,2022-08-24,16,1406,Churned
15632665,1,2024-05-09,France,2024-05-20,2024-06-05,16,755,Churned
15660403,0,2026-05-18,Spain,2026-05-29,2026-06-14,16,16,Active
15636592,1,2026-04-22,France,2026-05-03,2026-05-19,16,42,Churned
15741336,1,2020-09-15,France,2020-09-21,2020-10-06,15,2093,Churned
15776545,1,2015-08-06,France,2015-08-06,2015-08-21,15,3966,Churned
15647572,0,2026-05-15,Spain,2026-05-22,2026-06-06,15,24,Active
15751185,0,2026-02-05,Spain,2026-04-06,2026-04-20,14,71,Active
15714970,0,2026-04-10,Germany,2026-05-05,2026-05-19,14,42,Active
15798470,1,2024-12-31,Spain,2025-03-04,2025-03-17,13,470,Churned
15664555,1,2024-06-22,France,2024-06-24,2024-07-07,13,723,Churned
15779176,1,2023-06-19,Germany,2023-09-11,2023-09-23,12,1011,Churned
15799300,1,2026-01-30,Germany,2026-02-08,2026-02-20,12,130,Churned
15603554,1,2026-01-24,France,2026-03-23,2026-04-04,12,87,Churned
15761554,1,2021-09-25,France,2021-09-28,2021-10-10,12,1724,Churned
15689514,1,2018-04-20,France,2018-05-27,2018-06-07,11,2945,Churned
15800514,1,2024-06-30,Germany,2024-07-11,2024-07-22,11,708,Churned
15777901,1,2017-03-02,Germany,2017-04-26,2017-05-07,11,3341,Churned
15579647,0,2026-05-30,France,2026-05-30,2026-06-09,10,21,Active
15724251,1,2020-02-09,Germany,2020-02-19,2020-02-29,10,2313,Churned
15583850,0,2026-05-26,Germany,2026-05-26,2026-06-05,10,25,Active
15689096,0,2026-05-15,France,2026-05-22,2026-06-01,10,29,Active
15814690,1,2023-12-18,Germany,2024-01-01,2024-01-11,10,901,Churned
15672594,1,2026-04-06,France,2026-04-24,2026-05-03,9,58,Churned
15734610,1,2022-06-25,France,2022-07-06,2022-07-15,9,1446,Churned
15727811,1,2025-12-24,Germany,2026-01-05,2026-01-14,9,167,Churned
15801605,0,2026-05-06,France,2026-05-13,2026-05-22,9,39,Active
15600739,0,2026-03-16,Spain,2026-06-01,2026-06-09,8,21,Active
15662758,0,2026-05-11,France,2026-05-20,2026-05-28,8,33,Active
15694160,0,2026-05-27,France,2026-06-01,2026-06-09,8,21,Active
15567506,1,2019-11-27,Germany,2019-12-03,2019-12-11,8,2393,Churned
15658768,1,2024-04-30,France,2024-05-07,2024-05-15,8,776,Churned
15683625,1,2024-12-11,France,2025-02-18,2025-02-25,7,490,Churned
15755638,1,2021-01-24,France,2021-02-03,2021-02-10,7,1966,Churned
15695339,1,2025-11-05,Germany,2025-11-09,2025-11-16,7,226,Churned
15642098,1,2025-10-28,Spain,2025-11-22,2025-11-29,7,213,Churned
15695097,0,2026-01-14,Germany,2026-04-01,2026-04-08,7,83,Active
15636736,1,2018-10-10,France,2018-10-24,2018-10-31,7,2799,Churned
15569976,1,2024-11-10,Germany,2024-11-21,2024-11-28,7,579,Churned
15579345,0,2026-04-24,Germany,2026-05-18,2026-05-25,7,36,Active
15694821,1,2022-01-04,Germany,2022-01-20,2022-01-26,6,1616,Churned
15681843,0,2026-06-06,Germany,2026-06-11,2026-06-17,6,13,Active
15629094,1,2025-01-18,France,2025-02-01,2025-02-07,6,508,Churned
15784218,0,2026-05-09,Spain,2026-05-14,2026-05-20,6,41,Active
15792668,1,2018-09-06,Germany,2018-12-12,2018-12-18,6,2751,Churned
15623489,0,2026-05-26,France,2026-06-02,2026-06-08,6,22,Active
15654700,1,2023-09-23,France,2023-10-02,2023-10-07,5,997,Churned
15615207,1,2026-02-12,Spain,2026-02-23,2026-02-28,5,122,Churned
15715796,0,2026-05-12,France,2026-05-25,2026-05-30,5,31,Active
15784000,1,2017-03-03,Germany,2017-03-03,2017-03-08,5,3401,Churned
15670646,1,2025-11-22,Spain,2025-12-09,2025-12-14,5,198,Churned
15701439,1,2025-02-21,Spain,2025-03-05,2025-03-10,5,477,Churned
15811947,0,2026-05-16,France,2026-06-05,2026-06-09,4,21,Active
15673971,1,2020-01-12,Germany,2020-02-04,2020-02-08,4,2334,Churned
15665159,1,2026-01-08,France,2026-02-24,2026-02-28,4,122,Churned
15736250,1,2024-06-29,France,2024-07-18,2024-07-22,4,708,Churned
15598751,1,2019-07-09,France,2019-08-25,2019-08-28,3,2498,Churned
15799350,0,2026-05-13,France,2026-06-04,2026-06-07,3,23,Active
15674868,0,2026-05-26,Spain,2026-05-28,2026-05-31,3,30,Active
15613749,1,2025-07-28,Spain,2025-10-12,2025-10-14,2,259,Churned
15803121,1,2021-04-02,France,2021-05-19,2021-05-21,2,1866,Churned
15692443,1,2021-05-20,Spain,2021-06-23,2021-06-25,2,1831,Churned
15648479,0,2026-04-27,France,2026-05-03,2026-05-05,2,56,Active
15814430,1,2017-05-26,Spain,2017-07-14,2017-07-16,2,3271,Churned
15737267,1,2024-10-31,France,2024-11-06,2024-11-08,2,599,Churned
15688264,0,2026-05-16,France,2026-06-07,2026-06-09,2,21,Active
15646190,1,2026-01-07,France,2026-01-19,2026-01-21,2,160,Churned
15618562,1,2025-08-04,Germany,2025-08-05,2025-08-07,2,327,Churned
15766044,1,2022-05-12,Germany,2022-05-30,2022-06-01,2,1490,Churned
15624729,0,2026-06-15,France,2026-06-15,2026-06-16,1,14,Active
15813590,1,2020-04-19,Spain,2020-05-21,2020-05-22,1,2230,Churned
15684951,1,2023-11-16,France,2023-12-17,2023-12-18,1,925,Churned
15588859,1,2025-10-31,Spain,2025-11-26,2025-11-27,1,215,Churned
15794171,1,2026-03-15,France,2026-03-30,2026-03-30,0,92,Churned
15627000,0,2026-04-28,France,2026-06-03,2026-06-03,0,27,Active
15650068,0,2026-06-07,France,2026-06-26,2026-06-26,0,4,Active
15705953,1,2025-07-17,Spain,2025-09-21,2025-09-21,0,282,Churned
15641675,1,2023-07-08,France,2023-08-30,2023-08-30,0,1035,Churned
15693864,1,2020-12-25,Germany,2021-01-14,2021-01-14,0,1993,Churned
15566156,0,2026-06-05,Germany,2026-06-15,2026-06-15,0,15,Active
15807008,1,2020-05-14,Germany,2020-09-09,2020-09-09,0,2120,Churned
15663438,1,2026-04-11,Spain,2026-04-29,2026-04-29,0,62,Churned
15640454,1,2026-06-09,Germany,2026-06-14,2026-06-14,0,16,Churned
15775295,1,2026-04-14,France,2026-05-01,2026-05-01,0,60,Churned
15670374,1,2025-03-07,Germany,2025-03-27,2025-03-27,0,460,Churned
15798975,1,2021-10-17,Germany,2021-10-19,2021-10-19,0,1715,Churned
15706815,1,2023-12-05,Germany,2024-01-16,2024-01-16,0,896,Churned
15671032,0,2026-06-11,Germany,2026-06-29,2026-06-29,0,1,Active
15649121,1,2022-08-13,France,2022-09-06,2022-09-06,0,1393,Churned
15588248,1,2026-03-31,France,2026-05-13,2026-05-13,0,48,Churned
15579706,1,2020-09-04,France,2020-11-12,2020-11-12,0,2056,Churned
15765694,1,2025-03-29,Spain,2025-04-12,2025-04-12,0,444,Churned
15610446,1,2022-01-30,France,2022-02-03,2022-02-03,0,1608,Churned
15758845,1,2026-06-07,Spain,2026-06-17,2026-06-17,0,13,Churned
15690925,1,2023-11-15,Spain,2023-11-21,2023-11-21,0,952,Churned
15812945,0,2026-06-09,France,2026-06-15,2026-06-15,0,15,Active
15761348,0,2026-06-14,France,2026-06-28,2026-06-28,0,2,Active
15747503,1,2026-03-31,Spain,2026-04-23,2026-04-23,0,68,Churned
15597930,1,2017-12-11,France,2018-01-07,2018-01-07,0,3096,Churned
15813067,1,2022-08-19,Germany,2022-08-19,2022-08-19,0,1411,Churned
15671591,1,2022-11-21,Spain,2023-02-05,2023-02-05,0,1241,Churned
15704583,1,2023-12-06,France,2024-01-10,2024-01-10,0,902,Churned
15776348,1,2021-12-29,Germany,2022-03-17,2022-03-17,0,1566,Churned
15744919,0,2026-05-02,Spain,2026-05-10,2026-05-10,0,51,Active
15680752,1,2025-09-19,France,2025-09-24,2025-09-24,0,279,Churned
15750335,1,2026-03-19,Germany,2026-04-01,2026-04-01,0,90,Churned
15767722,0,2026-05-06,France,2026-06-02,2026-06-02,0,28,Active
15700864,0,2026-04-17,France,2026-06-13,2026-06-13,0,17,Active
15627840,1,2026-03-14,France,2026-05-01,2026-05-01,0,60,Churned
15711618,1,2025-01-19,Germany,2025-02-13,2025-02-13,0,502,Churned
15744240,0,2026-05-15,Germany,2026-05-21,2026-05-21,0,40,Active
15577999,1,2025-04-17,France,2025-04-29,2025-04-29,0,427,Churned
15666181,0,2026-04-22,France,2026-05-08,2026-05-08,0,53,Active
15626985,0,2026-04-26,France,2026-04-29,2026-04-29,0,62,Active
15640258,1,2019-07-17,France,2019-07-24,2019-07-24,0,2533,Churned
15732334,0,2026-03-09,France,2026-03-12,2026-03-12,0,110,At risk (inactive 90+ days)
15754342,0,2026-06-11,Germany,2026-06-26,2026-06-26,0,4,Active
15616811,0,2026-06-14,France,2026-06-18,2026-06-18,0,12,Active
15627665,1,2022-04-18,France,2022-05-20,2022-05-20,0,1502,Churned
15693376,1,2025-07-04,Spain,2025-07-29,2025-07-29,0,336,Churned
15802362,0,2026-05-14,Spain,2026-06-04,2026-06-04,0,26,Active
15690021,1,2026-04-04,Germany,2026-04-04,2026-04-04,0,87,Churned
15775294,1,2024-01-17,France,2024-03-11,2024-03-11,0,841,Churned
15734524,1,2022-07-03,France,2022-07-07,2022-07-07,0,1454,Churned
15699467,0,2026-06-14,Spain,2026-06-25,2026-06-25,0,5,Active
15661007,0,2026-05-22,France,2026-06-03,2026-06-03,0,27,Active
15614213,0,2026-05-06,France,2026-05-28,2026-05-28,0,33,Active
15720583,1,2026-05-10,Germany,2026-05-13,2026-05-13,0,48,Churned
15668323,1,2025-02-06,France,2025-02-27,2025-02-27,0,488,Churned
15668283,1,2017-02-18,France,2017-05-31,2017-05-31,0,3317,Churned
15583073,1,2024-04-26,Spain,2024-05-11,2024-05-11,0,780,Churned
15571476,0,2026-06-10,Spain,2026-06-25,2026-06-25,0,5,Active
15791851,0,2026-05-13,France,2026-05-31,2026-05-31,0,30,Active
15611612,0,2026-04-26,France,2026-06-04,2026-06-04,0,26,Active
15640377,0,2026-05-12,France,2026-05-25,2026-05-25,0,36,Active
15797627,0,2026-06-11,Spain,2026-06-22,2026-06-22,0,8,Active
15608541,1,2025-06-01,France,2025-07-07,2025-07-07,0,358,Churned
15643158,1,2016-12-14,France,2017-03-13,2017-03-13,0,3396,Churned
15567991,0,2026-06-11,Spain,2026-06-20,2026-06-20,0,10,Active
15644212,0,2026-05-27,Spain,2026-06-15,2026-06-15,0,15,Active
15626457,0,2026-05-15,France,2026-06-08,2026-06-08,0,22,Active
15612207,1,2024-12-27,Germany,2025-02-01,2025-02-01,0,514,Churned
15809837,1,2019-12-10,Germany,2019-12-19,2019-12-19,0,2385,Churned
15654859,1,2023-09-15,Spain,2023-09-29,2023-09-29,0,1005,Churned
15621244,0,2026-06-02,France,2026-06-05,2026-06-05,0,25,Active
15614813,0,2026-05-16,Germany,2026-05-22,2026-05-22,0,39,Active
15568469,0,2026-06-20,France,2026-06-24,2026-06-24,0,6,Active
15577771,1,2025-06-20,Germany,2025-08-05,2025-08-05,0,329,Churned
15569917,1,2019-09-22,Spain,2019-10-12,2019-10-12,0,2453,Churned
15638730,0,2026-05-15,France,2026-05-17,2026-05-17,0,44,Active
15644699,0,2026-04-20,France,2026-05-12,2026-05-12,0,49,Active
15708504,1,2018-06-08,Germany,2018-06-30,2018-06-30,0,2922,Churned
15685947,1,2026-06-19,Germany,2026-06-26,2026-06-26,0,4,Churned
15733597,0,2026-01-23,France,2026-02-14,2026-02-14,0,136,At risk (inactive 90+ days)
15607874,0,2026-05-03,France,2026-05-22,2026-05-22,0,39,Active
15792862,1,2024-07-16,Germany,2024-08-09,2024-08-09,0,690,Churned
15802809,0,2026-06-17,Spain,2026-06-19,2026-06-19,0,11,Active
15693926,0,2026-05-16,Spain,2026-06-01,2026-06-01,0,29,Active
15709447,0,2026-03-13,France,2026-04-22,2026-04-22,0,69,Active
15710687,0,2026-04-03,France,2026-05-11,2026-05-11,0,50,Active
15780909,1,2018-12-21,Germany,2018-12-21,2018-12-21,0,2748,Churned
15640407,0,2026-05-22,Germany,2026-06-18,2026-06-18,0,12,Active
15798084,0,2026-04-04,France,2026-04-04,2026-04-04,0,87,Active
